Phase,ID,Time_uS,Delta_uS,SCH_Deg_s_X,SCH_Deg_s_Y,SCH_Deg_s_Z,SCH_m_s2_X,SCH_m_s2_Y,SCH_m_s2_Z,ADXL_m_s2_X,ADXL_m_s2_Y,ADXL_m_s2_Z,BNO_m_s2_X,BNO_m_s2_Y,BNO_m_s2_Z,BNO_Deg_s_X,BNO_Deg_s_Y,BNO_Deg_s_Z,BNO_Mag_X,BNO_Mag_Y,BNO_Mag_Z
1,S,3781763,0,1.120,2.400,1.120,-9.947,-0.403,0.598,,,,,,,,,,,,
1,A,3785661,3898,,,,,,,10.758,-0.704,0.660,,,,,,,,,
1,B,3782133,370,,,,,,,,,,-10.285,-0.383,0.238,,,,,,
1,S,3782133,5417,0.800,2.400,-0.160,-9.928,-0.453,0.512,,,,,,,,,,,,
1,A,3786658,997,,,,,,,10.744,-0.721,0.659,,,,,,,,,
1,S,3788227,677,-0.160,1.760,-0.160,-9.922,-0.458,0.502,,,,,,,,,,,,
1,A,3790645,3987,,,,,,,10.746,-0.696,0.619,,,,,,,,,
1,B,3791613,9480,,,,,,,,,,,,,,,,70.875,-44.125,8.938
1,S,3791613,3386,-0.160,1.120,0.480,-9.883,-0.477,0.472,,,,,,,,,,,,
1,A,3792638,1993,,,,,,,10.732,-0.695,0.612,,,,,,,,,
1,B,3793644,2031,,,,,,,,,,-10.258,-0.449,0.133,,,,,,
1,S,3793644,2031,0.160,1.120,1.440,-9.863,-0.472,0.458,,,,,,,,,,,,
1,A,3795628,2990,,,,,,,10.709,-0.662,0.594,,,,,,,,,
1,B,3796352,2708,,,,,,,,,,-10.203,-0.430,0.059,,,,,,
1,S,3796352,2708,0.480,1.440,2.080,-9.838,-0.463,0.443,,,,,,,,,,,,
1,A,3797621,1993,,,,,,,10.714,-0.659,0.548,,,,,,,,,
1,B,3799060,2708,,,,,,,,,,,,,,,,68.562,-45.438,12.938
1,S,3799060,2708,0.800,1.760,2.080,-9.828,-0.448,0.412,,,,,,,,,,,,
1,A,3804598,6977,,,,,,,10.722,-0.644,0.477,,,,,,,,,
1,B,3805154,6094,,,,,,,,,,-10.195,-0.395,-0.008,,,,,,
1,S,3805154,6094,1.120,1.440,1.760,-9.822,-0.407,0.352,,,,,,,,,,,,
1,A,3806591,1993,,,,,,,10.721,-0.649,0.442,,,,,,,,,
1,B,3807864,2710,,,,,,,,,,-10.172,-0.402,-0.105,,,,,,
1,S,3807864,2710,0.480,0.800,1.760,-9.822,-0.398,0.323,,,,,,,,,,,,
1,A,3814564,7973,,,,,,,10.707,-0.684,0.381,,,,,,,,,
1,B,3815292,7428,,,,,,,,,,-10.180,-0.488,-0.133,,,,,,
1,S,3815292,7428,0.160,2.080,1.760,-9.803,-0.438,0.242,,,,,,,,,,,,
1,A,3821541,6977,,,,,,,10.716,-0.747,0.423,,,,,,,,,
1,S,3822082,6790,0.800,1.440,1.440,-9.812,-0.512,0.223,,,,,,,,,,,,
1,A,3823534,1993,,,,,,,10.725,-0.778,0.418,,,,,,,,,
1,B,3824791,9499,,,,,,,,,,,,,,,,69.188,-44.688,11.000
1,S,3824791,2709,1.120,1.440,1.440,-9.832,-0.527,0.237,,,,,,,,,,,,
1,A,3826524,2990,,,,,,,10.751,-0.733,0.463,,,,,,,,,
1,B,3827499,2708,,,,,,,,,,-10.227,-0.496,-0.125,,,,,,
1,S,3827499,2708,0.800,0.800,1.120,-9.842,-0.527,0.253,,,,,,,,,,,,
1,A,3829514,2990,,,,,,,10.738,-0.752,0.481,,,,,,,,,
1,S,3830885,3386,0.480,-0.160,1.440,-9.842,-0.522,0.278,,,,,,,,,,,,
1,A,3835493,5979,,,,,,,10.751,-0.732,0.504,,,,,,,,,
1,B,3836301,8802,,,,,,,,,,,,,-0.224,0.000,0.000,,,
1,S,3836301,5416,0.480,0.160,2.400,-9.848,-0.522,0.302,,,,,,,,,,,,
1,A,3837487,1994,,,,,,,10.755,-0.693,0.572,,,,,,,,,
1,B,3838333,2032,,,,,,,,,,-10.273,-0.488,-0.047,,,,,,
1,S,3838333,2032,0.160,0.800,2.400,-9.852,-0.507,0.312,,,,,,,,,,,,
1,A,3842470,4983,,,,,,,10.709,-0.738,0.592,,,,,,,,,
1,B,3843072,4739,,,,,,,,,,,,,,,,69.125,-46.312,12.812
1,S,3843072,4739,0.160,0.800,2.400,-9.848,-0.468,0.357,,,,,,,,,,,,
1,A,3844463,1993,,,,,,,10.707,-0.708,0.572,,,,,,,,,
1,B,3845103,2031,,,,,,,,,,,,,-0.112,-0.224,0.000,,,
1,S,3845103,2031,0.800,0.480,2.400,-9.832,-0.468,0.378,,,,,,,,,,,,
1,A,3847453,2990,,,,,,,10.684,-0.705,0.547,,,,,,,,,
1,B,3847813,2710,,,,,,,,,,-10.207,-0.461,0.027,,,,,,
1,S,3847813,2710,1.120,0.480,2.400,-9.812,-0.477,0.388,,,,,,,,,,,,
1,A,3849446,1993,,,,,,,10.681,-0.702,0.565,,,,,,,,,
1,B,3850521,2708,,,,,,,,,,,,,-0.112,-0.448,0.112,,,
1,S,3850521,2708,1.120,0.160,1.760,-9.793,-0.482,0.393,,,,,,,,,,,,
1,A,3853433,3987,,,,,,,10.748,-0.696,0.613,,,,,,,,,
1,B,3854583,4062,,,,,,,,,,,,,,,,68.375,-46.188,13.000
1,S,3854583,4062,1.440,-0.160,1.440,-9.797,-0.463,0.393,,,,,,,,,,,,
1,A,3856423,2990,,,,,,,10.784,-0.644,0.614,,,,,,,,,
1,B,3857292,2709,,,,,,,,,,-10.156,-0.480,0.047,,,,,,
1,S,3857292,2709,1.440,0.480,1.760,-9.828,-0.448,0.398,,,,,,,,,,,,
1,A,3858416,1993,,,,,,,10.824,-0.630,0.622,,,,,,,,,
1,B,3859981,2689,,,,,,,,,,,,,0.000,-0.448,0.112,,,
1,S,3859981,2689,0.800,0.800,2.400,-9.852,-0.432,0.407,,,,,,,,,,,,
1,A,3863399,4983,,,,,,,10.804,-0.654,0.702,,,,,,,,,
1,B,3864062,4081,,,,,,,,,,-10.223,-0.410,0.059,,,,,,
1,S,3864062,6113,-0.160,0.800,2.400,-9.928,-0.388,0.472,,,,,,,,,,,,
1,A,3865392,1993,,,,,,,10.770,-0.728,0.751,,,,,,,,,
1,B,3866772,2710,,,,,,,,,,,,,,,,68.438,-45.562,13.312
1,S,3866772,678,1.120,1.120,2.400,-9.928,-0.393,0.482,,,,,,,,,,,,
1,A,3868382,2990,,,,,,,10.830,-0.662,0.763,,,,,,,,,
1,B,3868803,2031,,,,,,,,,,-10.309,-0.395,0.105,,,,,,
1,S,3868803,2031,1.440,1.120,2.400,-9.928,-0.422,0.512,,,,,,,,,,,,
1,A,3871372,2990,,,,,,,10.863,-0.737,0.753,,,,,,,,,
1,B,3872188,3385,,,,,,,,,,,,,0.000,-0.336,-0.112,,,
1,S,3872188,3385,1.760,1.120,1.760,-9.928,-0.458,0.552,,,,,,,,,,,,
1,A,3874362,2990,,,,,,,10.896,-0.756,0.779,,,,,,,,,
1,B,3874897,2709,,,,,,,,,,,,,,,,67.688,-44.062,12.875
1,S,3874897,2709,1.760,1.440,1.440,-9.947,-0.463,0.568,,,,,,,,,,,,
1,A,3877352,2990,,,,,,,10.868,-0.818,0.741,,,,,,,,,
1,B,3878282,3385,,,,,,,,,,-10.324,-0.441,0.191,,,,,,
1,S,3878282,3385,1.440,2.080,1.440,-9.982,-0.487,0.568,,,,,,,,,,,,
1,A,3879345,1993,,,,,,,10.862,-0.816,0.747,,,,,,,,,
1,B,3880991,2709,,,,,,,,,,,,,-0.112,-0.112,-0.336,,,
1,S,3880991,2709,1.440,2.080,1.440,-10.002,-0.532,0.562,,,,,,,,,,,,
1,A,3884328,4983,,,,,,,10.840,-0.800,0.690,,,,,,,,,
1,B,3885053,4062,,,,,,,,,,,,,,,,68.375,-46.125,13.688
1,S,3885053,4062,1.120,1.440,1.760,-9.998,-0.603,0.552,,,,,,,,,,,,
1,A,3886321,1993,,,,,,,10.853,-0.841,0.672,,,,,,,,,
1,B,3887762,2709,,,,,,,,,,-10.383,-0.566,0.172,,,,,,
1,S,3887762,2709,0.800,1.440,1.760,-9.982,-0.608,0.537,,,,,,,,,,,,
1,A,3889311,2990,,,,,,,10.809,-0.819,0.570,,,,,,,,,
1,B,3889793,2031,,,,,,,,,,,,,-0.112,0.224,-0.560,,,
1,S,3889793,2031,0.800,1.760,1.760,-9.967,-0.603,0.512,,,,,,,,,,,,
1,A,3893298,3987,,,,,,,10.798,-0.848,0.503,,,,,,,,,
1,B,3894533,4740,,,,,,,,,,-10.332,-0.574,0.125,,,,,,
1,S,3894533,4740,0.480,1.760,1.760,-9.928,-0.593,0.422,,,,,,,,,,,,
1,A,3896288,2990,,,,,,,10.767,-0.907,0.509,,,,,,,,,
1,B,3896564,2031,,,,,,,,,,,,,,,,66.875,-45.438,13.938
1,S,3896564,2031,0.800,1.760,1.760,-9.918,-0.603,0.378,,,,,,,,,,,,
1,A,3898281,1993,,,,,,,10.730,-0.893,0.450,,,,,,,,,
1,B,3899272,2708,,,,,,,,,,,,,-0.112,0.560,-0.448,,,
1,S,3899272,2708,1.120,2.080,2.080,-9.908,-0.637,0.328,,,,,,,,,,,,
1,A,3903265,4984,,,,,,,10.827,-0.819,0.339,,,,,,,,,
1,B,3904011,4739,,,,,,,,,,-10.277,-0.613,-0.059,,,,,,
1,S,3904011,4739,1.440,1.760,2.720,-9.852,-0.698,0.278,,,,,,,,,,,,
1,A,3905258,1993,,,,,,,10.866,-0.869,0.359,,,,,,,,,
1,B,3906043,2032,,,,,,,,,,-10.223,-0.633,-0.125,,,,,,
1,S,3906043,2032,1.440,1.440,2.720,-9.832,-0.698,0.253,,,,,,,,,,,,
1,A,3908248,2990,,,,,,,10.639,-0.988,0.336,,,,,,,,,
1,B,3909429,3386,,,,,,,,,,,,,,,,68.000,-45.062,13.250
1,S,3909429,3386,1.120,1.440,3.040,-9.838,-0.672,0.233,,,,,,,,,,,,
1,A,3911238,2990,,,,,,,10.654,-0.905,0.376,,,,,,,,,
1,B,3912137,2708,,,,,,,,,,,,,0.000,0.448,-0.112,,,
1,S,3912137,2708,1.120,1.440,3.040,-9.838,-0.682,0.223,,,,,,,,,,,,
1,A,3914228,2990,,,,,,,10.613,-0.916,0.335,,,,,,,,,
1,B,3915523,3386,,,,,,,,,,,,,,,,68.562,-46.562,12.812
1,S,3915523,3386,1.120,1.440,3.360,-9.812,-0.713,0.188,,,,,,,,,,,,
1,A,3918214,3986,,,,,,,10.567,-0.841,0.334,,,,,,,,,
1,B,3918909,3386,,,,,,,,,,-10.199,-0.652,-0.172,,,,,,
1,S,3918909,3386,1.440,1.120,3.360,-9.752,-0.713,0.158,,,,,,,,,,,,
1,A,3920207,1993,,,,,,,10.598,-0.779,0.325,,,,,,,,,
1,B,3920940,2031,,,,,,,,,,,,,0.112,0.112,0.336,,,
1,S,3920940,2031,2.080,0.480,3.680,-9.717,-0.688,0.152,,,,,,,,,,,,
1,A,3923197,2990,,,,,,,10.647,-0.667,0.260,,,,,,,,,
1,B,3924325,3385,,,,,,,,,,-10.090,-0.613,-0.191,,,,,,
1,S,3924325,3385,1.760,-0.480,3.680,-9.697,-0.608,0.163,,,,,,,,,,,,
1,A,3927184,3987,,,,,,,10.671,-0.614,0.357,,,,,,,,,
1,B,3927711,3386,,,,,,,,,,,,,,,,67.938,-44.688,13.438
1,S,3927711,3386,0.800,-0.480,3.680,-9.732,-0.492,0.158,,,,,,,,,,,,
1,A,3929177,1993,,,,,,,10.706,-0.630,0.350,,,,,,,,,
1,B,3930419,2708,,,,,,,,,,,,,0.112,-0.448,1.007,,,
1,S,3930419,2708,0.160,0.160,3.680,-9.773,-0.422,0.158,,,,,,,,,,,,
1,A,3934160,4983,,,,,,,10.746,-0.533,0.421,,,,,,,,,
1,B,3934482,4063,,,,,,,,,,-10.152,-0.402,-0.230,,,,,,
1,S,3934482,4063,0.480,0.480,3.680,-9.807,-0.378,0.188,,,,,,,,,,,,
1,A,3936154,1994,,,,,,,10.739,-0.494,0.470,,,,,,,,,
1,B,3937190,2708,,,,,,,,,,-10.227,-0.277,-0.152,,,,,,
1,S,3937190,2708,0.800,0.480,4.000,-9.812,-0.352,0.212,,,,,,,,,,,,
1,A,3940140,3986,,,,,,,10.742,-0.479,0.559,,,,,,,,,
1,B,3940576,3386,,,,,,,,,,,,,,,,68.125,-45.500,13.375
1,S,3940576,3386,0.800,0.160,4.320,-9.818,-0.307,0.268,,,,,,,,,,,,
1,A,3942133,1993,,,,,,,10.754,-0.483,0.604,,,,,,,,,
1,B,3943284,2708,,,,,,,,,,,,,0.000,-1.119,1.343,,,
1,S,3943284,2708,0.480,-0.480,3.680,-9.818,-0.278,0.338,,,,,,,,,,,,
1,A,3945123,2990,,,,,,,10.750,-0.486,0.742,,,,,,,,,
1,B,3946670,3386,,,,,,,,,,,,,,,,68.375,-45.125,13.188
1,S,3946670,3386,0.480,-1.120,3.680,-9.828,-0.253,0.432,,,,,,,,,,,,
1,A,3949110,3987,,,,,,,10.755,-0.504,0.812,,,,,,,,,
1,B,3950035,3365,,,,,,,,,,-10.219,-0.199,0.020,,,,,,
1,S,3950035,3365,1.120,-1.760,3.680,-9.842,-0.237,0.507,,,,,,,,,,,,
1,A,3952100,2990,,,,,,,10.817,-0.520,0.885,,,,,,,,,
1,B,3952764,2729,,,,,,,,,,,,,0.112,-1.567,1.455,,,
1,S,3952764,2729,1.120,-1.440,3.360,-9.867,-0.237,0.583,,,,,,,,,,,,
1,A,3955090,2990,,,,,,,10.857,-0.449,0.952,,,,,,,,,
1,B,3956149,3385,,,,,,,,,,-10.258,-0.184,0.219,,,,,,
1,S,3956149,3385,0.800,-0.160,3.360,-9.902,-0.247,0.647,,,,,,,,,,,,
1,A,3959077,3987,,,,,,,10.873,-0.455,1.014,,,,,,,,,
1,B,3959535,3386,,,,,,,,,,,,,,,,68.125,-44.875,13.625
1,S,3959535,3386,0.800,0.480,3.680,-9.947,-0.228,0.713,,,,,,,,,,,,
1,A,3961070,1993,,,,,,,10.827,-0.433,1.095,,,,,,,,,
1,B,3962243,2708,,,,,,,,,,,,,0.336,-1.790,1.231,,,
1,S,3962243,2708,1.440,0.800,3.680,-9.973,-0.198,0.772,,,,,,,,,,,,
1,A,3965057,3987,,,,,,,10.876,-0.402,1.082,,,,,,,,,
1,B,3965629,3386,,,,,,,,,,-10.352,-0.105,0.402,,,,,,
1,S,3965629,3386,1.440,0.480,3.040,-9.967,-0.168,0.843,,,,,,,,,,,,
1,A,3968047,2990,,,,,,,10.876,-0.361,1.103,,,,,,,,,
1,B,3969014,3385,,,,,,,,,,,,,,,,67.750,-44.438,13.625
1,S,3969014,3385,1.120,0.480,2.400,-9.953,-0.142,0.877,,,,,,,,,,,,
1,A,3971037,2990,,,,,,,10.870,-0.316,1.098,,,,,,,,,
1,B,3971723,2709,,,,,,,,,,,,,0.336,-1.455,1.007,,,
1,S,3971723,2709,1.440,0.800,2.080,-9.957,-0.117,0.887,,,,,,,,,,,,
1,A,3974027,2990,,,,,,,10.903,-0.286,1.127,,,,,,,,,
1,B,3974431,2708,,,,,,,,,,-10.328,-0.098,0.496,,,,,,
1,S,3974431,2708,1.440,1.120,1.760,-9.967,-0.087,0.887,,,,,,,,,,,,
1,A,3977017,2990,,,,,,,10.892,-0.301,1.089,,,,,,,,,
1,B,3977817,3386,,,,,,,,,,,,,,,,67.875,-43.750,12.938
1,S,3977817,3386,0.800,1.440,1.440,-9.973,-0.052,0.907,,,,,,,,,,,,
1,A,3980006,2989,,,,,,,10.886,-0.324,1.127,,,,,,,,,
1,B,3980525,2708,,,,,,,,,,,,,0.112,-0.671,0.448,,,
1,S,3980525,2708,0.480,1.760,1.440,-9.982,-0.058,0.922,,,,,,,,,,,,
1,A,3983994,3988,,,,,,,10.922,-0.323,1.043,,,,,,,,,
1,B,3984588,4063,,,,,,,,,,-10.391,0.000,0.527,,,,,,
1,S,3984588,4063,0.800,2.080,1.440,-9.988,-0.077,0.902,,,,,,,,,,,,
1,A,3986984,2990,,,,,,,10.947,-0.366,1.000,,,,,,,,,
1,B,3987974,3386,,,,,,,,,,,,,,,,69.000,-45.875,13.688
1,S,3987974,3386,1.120,2.720,1.120,-9.998,-0.068,0.853,,,,,,,,,,,,
1,A,3989974,2990,,,,,,,10.949,-0.402,0.943,,,,,,,,,
1,B,3990682,2708,,,,,,,,,,,,,0.000,0.224,-0.336,,,
1,S,3990682,2708,1.120,3.040,0.800,-10.018,-0.068,0.812,,,,,,,,,,,,
1,A,3993961,3987,,,,,,,10.928,-0.470,0.757,,,,,,,,,
1,B,3995402,4720,,,,,,,,,,-10.328,0.000,0.555,,,,,,
1,S,3995402,4720,0.800,3.360,0.480,-10.037,-0.128,0.752,,,,,,,,,,,,
1,A,3996951,2990,,,,,,,10.691,-0.636,0.616,,,,,,,,,
1,B,3997453,2051,,,,,,,,,,,,,,,,68.375,-46.125,13.688
1,S,3997453,2051,1.120,3.360,0.480,-10.023,-0.203,0.672,,,,,,,,,,,,
1,A,3998944,1993,,,,,,,10.729,-0.642,0.700,,,,,,,,,
1,B,4000161,2708,,,,,,,,,,,,,0.000,1.231,-1.007,,,
1,S,4000161,2708,1.120,3.360,0.160,-9.953,-0.297,0.547,,,,,,,,,,,,
1,A,4003927,4983,,,,,,,10.774,-0.766,0.678,,,,,,,,,
1,B,4004223,4062,,,,,,,,,,-10.301,-0.277,0.145,,,,,,
1,S,4004223,4062,1.120,3.680,-0.480,-9.848,-0.417,0.448,,,,,,,,,,,,
1,A,4006917,2990,,,,,,,10.762,-0.854,0.636,,,,,,,,,
1,B,4007609,3386,,,,,,,,,,,,,,,,68.750,-46.188,13.625
1,S,4007609,3386,1.120,3.680,-0.160,-9.828,-0.497,0.468,,,,,,,,,,,,
1,A,4009907,2990,,,,,,,10.803,-0.890,0.633,,,,,,,,,
1,B,4010317,2708,,,,,,,,,,-10.258,-0.496,0.113,,,,,,
1,S,4010317,2708,0.800,3.360,0.160,-9.857,-0.568,0.482,,,,,,,,,,,,
1,A,4012897,2990,,,,,,,10.761,-0.950,0.595,,,,,,,,,
1,B,4013703,3386,,,,,,,,,,,,,0.000,1.902,-1.679,,,
1,S,4013703,3386,0.800,3.040,0.480,-9.908,-0.652,0.463,,,,,,,,,,,,
1,A,4014890,1993,,,,,,,10.731,-0.922,0.587,,,,,,,,,
1,B,4016411,2708,,,,,,,,,,,,,,,,68.500,-44.000,13.062
1,S,4016411,2708,1.120,3.040,0.800,-9.922,-0.703,0.443,,,,,,,,,,,,
1,A,4018877,3987,,,,,,,10.778,-0.916,0.576,,,,,,,,,
1,B,4019107,2696,,,,,,,,,,-10.312,-0.641,0.059,,,,,,
1,S,4019107,2696,1.120,2.720,0.480,-9.908,-0.728,0.417,,,,,,,,,,,,
1,A,4021867,2990,,,,,,,10.714,-0.882,0.587,,,,,,,,,
1,B,4022506,3399,,,,,,,,,,,,,-0.112,2.126,-1.790,,,
1,S,4022506,3399,0.800,2.080,0.480,-9.877,-0.718,0.403,,,,,,,,,,,,
1,A,4024857,2990,,,,,,,10.735,-0.868,0.548,,,,,,,,,
1,B,4025214,2708,,,,,,,,,,-10.270,-0.660,0.039,,,,,,
1,S,4025214,2708,0.800,2.080,1.120,-9.863,-0.693,0.398,,,,,,,,,,,,
1,A,4027846,2989,,,,,,,10.710,-0.861,0.518,,,,,,,,,
1,B,4028600,3386,,,,,,,,,,,,,,,,69.375,-45.938,13.625
1,S,4028600,3386,1.120,3.040,2.080,-9.848,-0.662,0.398,,,,,,,,,,,,
1,A,4029840,1994,,,,,,,10.733,-0.854,0.447,,,,,,,,,
1,B,4031308,2708,,,,,,,,,,,,,-0.112,2.014,-1.455,,,
1,S,4031308,2708,0.800,3.360,2.080,-9.838,-0.647,0.378,,,,,,,,,,,,
1,A,4034823,4983,,,,,,,10.735,-0.871,0.265,,,,,,,,,
1,B,4035364,4056,,,,,,,,,,,,,,,,69.250,-44.562,12.312
1,S,4035364,4056,0.800,2.720,1.760,-9.838,-0.642,0.287,,,,,,,,,,,,
1,A,4036816,1993,,,,,,,10.678,-0.944,0.207,,,,,,,,,
1,B,4038078,2714,,,,,,,,,,-10.203,-0.621,0.008,,,,,,
1,S,4038078,2714,0.480,1.760,1.120,-9.848,-0.647,0.203,,,,,,,,,,,,
1,A,4039806,2990,,,,,,,10.706,-0.889,0.219,,,,,,,,,
1,B,4040103,2025,,,,,,,,,,-10.223,-0.621,-0.211,,,,,,
1,S,4040103,2025,0.480,1.440,1.120,-9.852,-0.657,0.133,,,,,,,,,,,,
1,A,4042796,2990,,,,,,,10.531,-0.547,0.178,,,,,,,,,
1,B,4043496,3393,,,,,,,,,,,,,-0.224,1.679,-0.895,,,
1,S,4043496,3393,0.480,2.080,1.760,-9.842,-0.672,0.052,,,,,,,,,,,,
1,A,4045786,2990,,,,,,,10.937,-0.944,0.448,,,,,,,,,
1,B,4046204,2708,,,,,,,,,,,,,,,,67.750,-44.438,13.625
1,S,4046204,2708,0.480,2.080,2.080,-9.818,-0.603,0.048,,,,,,,,,,,,
1,A,4048776,2990,,,,,,,10.577,-0.574,0.372,,,,,,,,,
1,B,4049590,3386,,,,,,,,,,-10.203,-0.527,-0.305,,,,,,
1,S,4049590,3386,0.800,1.440,2.080,-9.812,-0.507,0.117,,,,,,,,,,,,
1,A,4051766,2990,,,,,,,10.716,-0.856,0.534,,,,,,,,,
1,B,4052976,3386,,,,,,,,,,,,,-0.112,1.231,-0.336,,,
1,S,4052976,3386,1.120,1.440,2.080,-9.818,-0.502,0.233,,,,,,,,,,,,
1,A,4054756,2990,,,,,,,10.782,-0.853,0.303,,,,,,,,,
1,B,4055669,2693,,,,,,,,,,,,,,,,68.438,-45.562,13.312
1,S,4055669,2693,1.440,1.760,2.080,-9.812,-0.542,0.297,,,,,,,,,,,,
1,A,4057745,2989,,,,,,,10.774,-0.850,0.379,,,,,,,,,
1,B,4059069,3400,,,,,,,,,,-10.188,-0.480,-0.078,,,,,,
1,S,4059069,3400,1.440,1.440,2.080,-9.842,-0.598,0.268,,,,,,,,,,,,
1,A,4060735,2990,,,,,,,10.808,-0.844,0.415,,,,,,,,,
1,B,4061100,2031,,,,,,,,,,,,,0.000,0.560,0.112,,,
1,S,4061100,2031,1.120,1.120,2.080,-9.867,-0.618,0.217,,,,,,,,,,,,
1,A,4064722,3987,,,,,,,10.808,-0.601,0.551,,,,,,,,,
1,B,4065841,4741,,,,,,,,,,,,,,,,68.188,-45.938,13.500
1,S,4065841,4741,1.120,0.480,2.400,-9.918,-0.593,0.237,,,,,,,,,,,,
1,A,4067712,2990,,,,,,,10.808,-0.744,0.545,,,,,,,,,
1,B,4067872,2031,,,,,,,,,,-10.285,-0.566,-0.164,,,,,,
1,S,4067872,2031,1.120,0.480,2.400,-9.928,-0.547,0.307,,,,,,,,,,,,
1,A,4069705,1993,,,,,,,10.779,-0.659,0.514,,,,,,,,,
1,B,4070580,2708,,,,,,,,,,,,,0.112,0.000,0.336,,,
1,S,4070580,2708,0.800,0.480,2.080,-9.922,-0.487,0.378,,,,,,,,,,,,
1,A,4073692,3987,,,,,,,10.797,-0.597,0.495,,,,,,,,,
1,B,4074643,4063,,,,,,,,,,-10.305,-0.469,-0.008,,,,,,
1,S,4074643,4063,0.800,1.120,2.400,-9.898,-0.453,0.372,,,,,,,,,,,,
1,A,4076682,2990,,,,,,,10.796,-0.614,0.548,,,,,,,,,
1,B,4077346,2703,,,,,,,,,,-10.246,-0.410,-0.020,,,,,,
1,S,4077346,2703,1.440,1.120,2.720,-9.893,-0.453,0.347,,,,,,,,,,,,
1,A,4079672,2990,,,,,,,10.778,-0.620,0.578,,,,,,,,,
1,B,4080737,3391,,,,,,,,,,,,,,,,67.812,-45.938,13.562
1,S,4080737,3391,1.760,1.120,3.040,-9.883,-0.417,0.352,,,,,,,,,,,,
1,A,4082662,2990,,,,,,,10.720,-0.511,0.541,,,,,,,,,
1,B,4083445,2708,,,,,,,,,,,,,0.112,-0.224,0.560,,,
1,S,4083445,2708,1.440,0.800,2.400,-9.873,-0.378,0.367,,,,,,,,,,,,
1,A,4085651,2989,,,,,,,10.714,-0.477,0.525,,,,,,,,,
1,B,4086831,3386,,,,,,,,,,,,,,,,67.812,-45.938,13.562
1,S,4086831,6094,1.120,0.800,2.400,-9.822,-0.292,0.362,,,,,,,,,,,,
1,A,4088641,2990,,,,,,,10.674,-0.489,0.555,,,,,,,,,
1,B,4090216,3385,,,,,,,,,,-10.234,-0.289,-0.008,,,,,,
1,S,4090216,677,1.440,1.120,2.720,-9.812,-0.282,0.362,,,,,,,,,,,,
1,A,4092628,3987,,,,,,,10.698,-0.482,0.566,,,,,,,,,
1,B,4093602,3386,,,,,,,,,,,,,0.112,-0.336,0.448,,,
1,S,4093602,3386,1.440,1.440,2.720,-9.762,-0.247,0.362,,,,,,,,,,,,
1,A,4095618,2990,,,,,,,10.734,-0.430,0.529,,,,,,,,,
1,B,4096310,2708,,,,,,,,,,-10.156,-0.184,-0.020,,,,,,
1,S,4096310,2708,0.800,1.120,2.400,-9.758,-0.233,0.378,,,,,,,,,,,,
1,A,4099605,3987,,,,,,,10.740,-0.451,0.488,,,,,,,,,
1,B,4099696,3386,,,,,,,,,,,,,,,,68.125,-45.500,13.375
1,S,4099696,3386,0.160,1.120,2.080,-9.787,-0.217,0.372,,,,,,,,,,,,
1,A,4101598,1993,,,,,,,10.769,-0.517,0.494,,,,,,,,,
1,B,4102404,2708,,,,,,,,,,,,,0.112,-0.112,0.112,,,
1,S,4102404,2708,-0.480,1.120,1.440,-9.822,-0.203,0.347,,,,,,,,,,,,
1,A,4104588,2990,,,,,,,10.742,-0.564,0.499,,,,,,,,,
1,B,4105790,3386,,,,,,,,,,-10.188,-0.164,-0.047,,,,,,
1,S,4105790,3386,-0.160,1.440,0.800,-9.852,-0.228,0.328,,,,,,,,,,,,
1,A,4108575,3987,,,,,,,10.801,-0.636,0.415,,,,,,,,,
1,B,4109175,3385,,,,,,,,,,,,,,,,68.375,-45.688,13.562
1,S,4109175,3385,0.480,1.440,0.160,-9.863,-0.297,0.302,,,,,,,,,,,,
1,A,4110568,1993,,,,,,,10.769,-0.641,0.353,,,,,,,,,
1,B,4111884,2709,,,,,,,,,,,,,0.000,0.000,-0.336,,,
1,S,4111884,2709,0.800,1.440,0.160,-9.863,-0.352,0.268,,,,,,,,,,,,
1,A,4114555,3987,,,,,,,10.769,-0.701,0.234,,,,,,,,,
1,B,4115269,3385,,,,,,,,,,-10.238,-0.250,-0.078,,,,,,
1,S,4115269,3385,0.800,0.800,0.800,-9.848,-0.407,0.193,,,,,,,,,,,,
1,A,4117545,2990,,,,,,,10.793,-0.775,0.210,,,,,,,,,
1,B,4118636,3367,,,,,,,,,,,,,,,,68.375,-44.625,13.062
1,S,4118636,3367,0.480,0.160,1.120,-9.848,-0.453,0.122,,,,,,,,,,,,
1,A,4119538,1993,,,,,,,10.720,-0.914,0.270,,,,,,,,,
1,B,4120686,2050,,,,,,,,,,,,,-0.112,0.000,-0.783,,,
1,S,4120686,6113,0.800,0.160,0.800,-9.852,-0.652,0.092,,,,,,,,,,,,
1,A,4124521,4983,,,,,,,10.684,-1.039,0.395,,,,,,,,,
1,B,4125426,4740,,,,,,,,,,-10.238,-0.410,-0.238,,,,,,
1,S,4125426,677,0.800,-0.160,0.800,-9.848,-0.672,0.102,,,,,,,,,,,,
1,A,4126515,1994,,,,,,,10.688,-1.107,0.424,,,,,,,,,
1,B,4127457,2031,,,,,,,,,,,,,,,,68.375,-44.625,13.062
1,S,4127457,2031,0.480,-0.160,0.480,-9.828,-0.748,0.152,,,,,,,,,,,,
1,A,4129504,2989,,,,,,,10.673,-1.151,0.523,,,,,,,,,
1,B,4130165,2708,,,,,,,,,,-10.270,-0.621,-0.270,,,,,,
1,S,4130165,2708,0.480,-0.480,0.800,-9.818,-0.828,0.228,,,,,,,,,,,,
1,A,4132494,2990,,,,,,,10.743,-0.956,0.522,,,,,,,,,
1,B,4133551,3386,,,,,,,,,,,,,-0.224,-0.224,-1.007,,,
1,S,4133551,5418,0.480,-0.480,1.760,-9.832,-0.932,0.347,,,,,,,,,,,,
1,A,4135484,2990,,,,,,,10.822,-1.375,0.586,,,,,,,,,
1,B,4136259,2708,,,,,,,,,,-10.234,-0.832,-0.059,,,,,,
1,S,4136259,676,0.800,0.160,1.760,-9.832,-0.938,0.357,,,,,,,,,,,,
1,A,4138474,2990,,,,,,,10.742,-1.169,0.595,,,,,,,,,
1,B,4139645,3386,,,,,,,,,,,,,,,,68.625,-44.312,12.188
1,S,4139645,3386,0.800,0.480,2.400,-9.867,-0.953,0.388,,,,,,,,,,,,
1,A,4141464,2990,,,,,,,10.825,-1.113,0.645,,,,,,,,,
1,B,4142353,2708,,,,,,,,,,,,,-0.112,-0.783,-0.783,,,
1,S,4142353,2708,0.480,0.160,2.720,-9.902,-0.968,0.412,,,,,,,,,,,,
1,A,4144454,2990,,,,,,,10.765,-1.149,0.755,,,,,,,,,
1,B,4145061,2708,,,,,,,,,,-10.301,-0.844,0.039,,,,,,
1,S,4145061,2708,0.480,-1.120,3.040,-9.918,-0.968,0.443,,,,,,,,,,,,
1,A,4147443,2989,,,,,,,10.757,-1.149,0.802,,,,,,,,,
1,B,4148447,3386,,,,,,,,,,,,,,,,68.938,-46.562,13.438
1,S,4148447,3386,0.800,-1.760,3.360,-9.918,-0.938,0.507,,,,,,,,,,,,
1,A,4150433,2990,,,,,,,10.745,-1.032,0.832,,,,,,,,,
1,B,4151155,2708,,,,,,,,,,-10.328,-0.832,0.152,,,,,,
1,S,4151155,2708,1.120,-1.120,3.680,-9.898,-0.897,0.578,,,,,,,,,,,,
1,A,4153423,2990,,,,,,,10.874,-0.894,0.829,,,,,,,,,
1,B,4154541,3386,,,,,,,,,,,,,0.000,-1.231,0.112,,,
1,S,4154541,3386,1.120,-0.480,4.320,-9.887,-0.848,0.642,,,,,,,,,,,,
1,A,4156413,2990,,,,,,,10.752,-0.817,0.887,,,,,,,,,
1,B,4156573,2032,,,,,,,,,,,,,,,,68.375,-46.750,13.438
1,S,4156573,2032,1.120,-0.160,4.640,-9.912,-0.792,0.652,,,,,,,,,,,,
1,A,4159403,2990,,,,,,,10.695,-0.853,1.012,,,,,,,,,
1,B,4159959,3386,,,,,,,,,,-10.301,-0.719,0.277,,,,,,
1,S,4159959,3386,1.440,-0.160,4.960,-9.953,-0.662,0.667,,,,,,,,,,,,
1,A,4162393,2990,,,,,,,10.675,-0.550,0.968,,,,,,,,,
1,B,4163344,3385,,,,,,,,,,,,,0.112,-1.343,1.231,,,
1,S,4163344,3385,1.120,0.480,4.320,-9.898,-0.568,0.713,,,,,,,,,,,,
1,A,4165383,2990,,,,,,,10.785,-0.299,1.051,,,,,,,,,
1,B,4166052,2708,,,,,,,,,,-10.273,-0.496,0.375,,,,,,
1,S,4166052,2708,1.120,0.800,4.320,-9.838,-0.463,0.772,,,,,,,,,,,,
1,A,4168373,2990,,,,,,,10.869,-0.205,1.053,,,,,,,,,
1,B,4169438,3386,,,,,,,,,,,,,,,,68.500,-45.562,13.250
1,S,4169438,3386,1.120,0.800,4.640,-9.812,-0.223,0.838,,,,,,,,,,,,
1,A,4171362,2989,,,,,,,10.905,0.018,1.010,,,,,,,,,
1,B,4172146,2708,,,,,,,,,,,,,0.112,-1.231,2.014,,,
1,S,4172146,2708,1.120,1.120,4.960,-9.848,-0.013,0.858,,,,,,,,,,,,
1,A,4174352,2990,,,,,,,10.918,0.092,0.958,,,,,,,,,
1,B,4174855,2709,,,,,,,,,,-10.270,0.039,0.527,,,,,,
1,S,4174855,2709,0.800,1.760,4.640,-9.908,0.177,0.848,,,,,,,,,,,,
1,A,4177342,2990,,,,,,,10.928,0.112,0.909,,,,,,,,,
1,B,4178240,3385,,,,,,,,,,,,,,,,68.688,-46.938,13.625
1,S,4178240,3385,1.120,1.760,3.680,-9.967,0.333,0.792,,,,,,,,,,,,
1,A,4180332,2990,,,,,,,10.962,0.108,0.898,,,,,,,,,
1,B,4180949,2709,,,,,,,,,,-10.348,0.410,0.410,,,,,,
1,S,4180949,2709,1.120,1.120,3.040,-9.992,0.393,0.738,,,,,,,,,,,,
1,A,4183322,2990,,,,,,,11.071,0.031,0.987,,,,,,,,,
1,B,4184334,3385,,,,,,,,,,,,,0.000,-0.671,2.126,,,
1,S,4184334,3385,1.120,0.480,2.400,-10.033,0.422,0.677,,,,,,,,,,,,
1,A,4186312,2990,,,,,,,10.811,-0.105,0.827,,,,,,,,,
1,B,4187042,2708,,,,,,,,,,,,,,,,68.875,-45.062,12.812
1,S,4187042,2708,1.120,0.800,1.760,-10.062,0.412,0.657,,,,,,,,,,,,
1,A,4189302,2990,,,,,,,10.651,-0.127,0.934,,,,,,,,,
1,B,4190428,3386,,,,,,,,,,-10.441,0.449,0.270,,,,,,
1,S,4190428,3386,1.120,2.080,0.800,-9.943,0.282,0.677,,,,,,,,,,,,
1,A,4192292,2990,,,,,,,10.815,-0.205,0.913,,,,,,,,,
1,B,4193814,3386,,,,,,,,,,,,,0.000,0.000,1.231,,,
1,S,4193814,3386,1.120,2.720,0.800,-9.773,0.107,0.703,,,,,,,,,,,,
1,A,4196278,3986,,,,,,,10.907,-0.335,0.786,,,,,,,,,
1,B,4197180,3366,,,,,,,,,,-10.109,0.133,0.316,,,,,,
1,S,4197180,3366,0.800,2.720,0.800,-9.762,0.028,0.682,,,,,,,,,,,,
1,A,4199268,2990,,,,,,,10.876,-0.657,0.636,,,,,,,,,
1,B,4199908,2728,,,,,,,,,,,,,,,,69.000,-45.875,13.688
1,S,4199908,2728,0.800,2.720,0.160,-9.883,-0.072,0.623,,,,,,,,,,,,
1,A,4202277,3009,,,,,,,10.893,-0.641,0.555,,,,,,,,,
1,B,4202616,2708,,,,,,,,,,,,,0.000,0.560,-0.224,,,
1,S,4202616,2708,0.800,2.720,-0.160,-9.988,-0.182,0.537,,,,,,,,,,,,
1,A,4205248,2971,,,,,,,10.829,-0.935,0.535,,,,,,,,,
1,B,4206001,3385,,,,,,,,,,-10.391,-0.199,0.145,,,,,,
1,S,4206001,3385,1.120,3.040,-0.480,-10.043,-0.352,0.427,,,,,,,,,,,,
1,A,4208238,2990,,,,,,,10.824,-0.924,0.514,,,,,,,,,
1,B,4209387,3386,,,,,,,,,,,,,,,,68.938,-45.438,13.562
1,S,4209387,3386,1.120,3.040,-0.480,-9.988,-0.583,0.367,,,,,,,,,,,,
1,A,4211228,2990,,,,,,,10.790,-1.085,0.411,,,,,,,,,
1,B,4212095,2708,,,,,,,,,,,,,0.000,1.119,-1.343,,,
1,S,4212095,2708,0.800,3.040,0.160,-9.928,-0.738,0.343,,,,,,,,,,,,
1,A,4214217,2989,,,,,,,10.727,-1.130,0.360,,,,,,,,,
1,B,4215481,3386,,,,,,,,,,-10.355,-0.652,-0.027,,,,,,
1,S,4215481,3386,0.800,2.400,0.800,-9.898,-0.863,0.287,,,,,,,,,,,,
1,A,4218204,3987,,,,,,,10.723,-1.237,0.331,,,,,,,,,
1,B,4218867,3386,,,,,,,,,,,,,,,,67.500,-45.750,13.375
1,S,4218867,3386,1.120,1.760,1.760,-9.898,-0.927,0.212,,,,,,,,,,,,
1,A,4220197,1993,,,,,,,10.718,-1.214,0.297,,,,,,,,,
1,B,4220899,2032,,,,,,,,,,,,,0.000,1.231,-1.679,,,
1,S,4220899,2032,1.120,1.760,2.080,-9.887,-0.948,0.182,,,,,,,,,,,,
1,A,4224184,3987,,,,,,,10.702,-1.184,0.247,,,,,,,,,
1,B,4225638,4739,,,,,,,,,,-10.297,-0.844,-0.172,,,,,,
1,S,4225638,4739,1.120,1.760,2.080,-9.877,-0.998,0.138,,,,,,,,,,,,
1,A,4227173,2989,,,,,,,10.728,-1.052,0.228,,,,,,,,,
1,B,4227669,2031,,,,,,,,,,,,,,,,67.500,-45.750,13.375
1,S,4227669,2031,1.440,1.440,2.080,-9.867,-0.988,0.107,,,,,,,,,,,,
1,A,4229167,1994,,,,,,,10.694,-0.967,0.220,,,,,,,,,
1,B,4230377,2708,,,,,,,,,,-10.266,-0.852,-0.230,,,,,,
1,S,4230377,2708,1.440,0.800,2.400,-9.848,-0.932,0.072,,,,,,,,,,,,
1,A,4233153,3986,,,,,,,10.629,-0.840,0.259,,,,,,,,,
1,B,4233764,3387,,,,,,,,,,,,,0.000,0.895,-0.895,,,
1,S,4233764,3387,1.120,0.800,3.360,-9.822,-0.807,0.048,,,,,,,,,,,,
1,A,4236143,2990,,,,,,,10.662,-0.774,0.313,,,,,,,,,
1,B,4237148,3384,,,,,,,,,,-10.199,-0.758,-0.289,,,,,,
1,S,4237148,3384,1.120,1.120,4.000,-9.797,-0.693,0.052,,,,,,,,,,,,
1,A,4239133,2990,,,,,,,10.667,-0.714,0.378,,,,,,,,,
1,B,4240534,3386,,,,,,,,,,,,,,,,68.812,-47.188,14.125
1,S,4240534,3386,1.440,1.120,4.320,-9.777,-0.578,0.107,,,,,,,,,,,,
1,A,4243120,3987,,,,,,,10.635,-0.643,0.444,,,,,,,,,
1,B,4243920,3386,,,,,,,,,,,,,0.000,0.336,0.112,,,
1,S,4243920,3386,1.440,-0.160,3.680,-9.762,-0.482,0.182,,,,,,,,,,,,
1,A,4245113,1993,,,,,,,10.661,-0.574,0.474,,,,,,,,,
1,B,4245952,2032,,,,,,,,,,-10.152,-0.496,-0.219,,,,,,
1,S,4245952,2032,1.440,-0.480,3.360,-9.762,-0.438,0.228,,,,,,,,,,,,
1,A,4249099,3986,,,,,,,10.707,-0.500,0.626,,,,,,,,,
1,B,4249336,3384,,,,,,,,,,,,,,,,68.562,-46.000,13.375
1,S,4249336,3384,1.120,-0.480,3.680,-9.777,-0.367,0.307,,,,,,,,,,,,
1,A,4251093,1994,,,,,,,10.709,-0.506,0.649,,,,,,,,,
1,B,4252045,2709,,,,,,,,,,,,,0.000,-0.336,1.007,,,
1,S,4252045,2709,1.440,-0.480,4.000,-9.797,-0.328,0.372,,,,,,,,,,,,
1,A,4254082,2989,,,,,,,10.723,-0.489,0.698,,,,,,,,,
1,B,4255431,3386,,,,,,,,,,-10.184,-0.297,-0.078,,,,,,
1,S,4255431,3386,1.760,-0.480,4.000,-9.807,-0.282,0.453,,,,,,,,,,,,
1,A,4258069,3987,,,,,,,10.765,-0.481,0.759,,,,,,,,,
1,B,4258817,3386,,,,,,,,,,,,,,,,69.688,-46.062,12.812
1,S,4258817,5417,1.440,-0.160,3.360,-9.838,-0.242,0.537,,,,,,,,,,,,
1,A,4260062,1993,,,,,,,10.796,-0.491,0.751,,,,,,,,,
1,B,4261525,2708,,,,,,,,,,,,,0.000,-0.895,1.231,,,
1,S,4261525,677,0.800,0.160,2.400,-9.842,-0.242,0.537,,,,,,,,,,,,
1,A,4265045,4983,,,,,,,10.815,-0.510,0.746,,,,,,,,,
1,B,4265587,4062,,,,,,,,,,-10.207,-0.230,0.113,,,,,,
1,S,4265587,4062,0.800,0.800,2.080,-9.893,-0.242,0.557,,,,,,,,,,,,
1,A,4267039,1994,,,,,,,10.797,-0.531,0.730,,,,,,,,,
1,B,4268295,2708,,,,,,,,,,,,,,,,69.688,-46.062,12.812
1,S,4268295,2708,0.160,1.440,2.080,-9.908,-0.247,0.562,,,,,,,,,,,,
1,A,4270028,2989,,,,,,,10.781,-0.591,0.707,,,,,,,,,
1,B,4270327,2032,,,,,,,,,,-10.246,-0.199,0.184,,,,,,
1,S,4270327,2032,-0.160,1.440,2.080,-9.902,-0.268,0.557,,,,,,,,,,,,
1,A,4273018,2990,,,,,,,10.759,-0.683,0.678,,,,,,,,,
1,B,4273713,3386,,,,,,,,,,,,,0.000,-0.895,0.783,,,
1,S,4273713,3386,0.480,1.120,1.760,-9.873,-0.323,0.532,,,,,,,,,,,,
1,A,4276008,2990,,,,,,,10.756,-0.684,0.670,,,,,,,,,
1,B,4276421,2708,,,,,,,,,,-10.270,-0.258,0.133,,,,,,
1,S,4276421,2708,1.760,0.800,1.760,-9.863,-0.372,0.507,,,,,,,,,,,,
1,A,4278999,2991,,,,,,,10.767,-0.758,0.714,,,,,,,,,
1,B,4279807,3386,,,,,,,,,,,,,,,,67.125,-46.188,14.500
1,S,4279807,3386,2.400,0.800,2.080,-9.873,-0.453,0.497,,,,,,,,,,,,
1,A,4281989,2990,,,,,,,10.775,-0.789,0.723,,,,,,,,,
1,B,4283192,3385,,,,,,,,,,,,,0.112,-0.671,0.112,,,
1,S,4283192,3385,1.760,0.800,1.760,-9.883,-0.517,0.512,,,,,,,,,,,,
1,A,4284979,2990,,,,,,,10.815,-0.710,0.717,,,,,,,,,
1,B,4285901,2709,,,,,,,,,,-10.262,-0.430,0.125,,,,,,
1,S,4285901,2709,0.800,1.440,2.080,-9.887,-0.547,0.532,,,,,,,,,,,,
1,A,4287969,2990,,,,,,,10.842,-0.693,0.740,,,,,,,,,
1,B,4288609,2708,,,,,,,,,,,,,,,,68.750,-46.812,13.312
1,S,4288609,2708,0.800,1.440,2.080,-9.902,-0.537,0.542,,,,,,,,,,,,
1,A,4290959,2990,,,,,,,10.902,-0.658,0.663,,,,,,,,,
1,B,4291306,2697,,,,,,,,,,-10.324,-0.480,0.164,,,,,,
1,S,4291306,2697,1.120,1.120,1.760,-9.922,-0.492,0.542,,,,,,,,,,,,
1,A,4293949,2990,,,,,,,10.827,-0.682,0.602,,,,,,,,,
1,B,4294703,3397,,,,,,,,,,,,,0.000,-0.224,-0.336,,,
1,S,4294703,3397,1.760,1.120,1.440,-9.953,-0.448,0.522,,,,,,,,,,,,
1,A,4296939,2990,,,,,,,10.834,-0.630,0.633,,,,,,,,,
1,B,4298088,3385,,,,,,,,,,-10.371,-0.410,0.098,,,,,,
1,S,4298088,3385,1.760,2.080,1.760,-9.963,-0.448,0.472,,,,,,,,,,,,
1,A,4300926,3987,,,,,,,10.784,-0.561,0.587,,,,,,,,,
1,B,4301457,3369,,,,,,,,,,,,,,,,67.500,-44.188,13.438
1,S,4301457,3369,0.800,1.760,2.080,-9.938,-0.432,0.432,,,,,,,,,,,,
1,A,4303916,2990,,,,,,,10.804,-0.523,0.568,,,,,,,,,
1,B,4304860,3403,,,,,,,,,,,,,0.000,0.112,-0.560,,,
1,S,4304860,3403,0.160,1.440,2.080,-9.898,-0.383,0.417,,,,,,,,,,,,
1,A,4306906,2990,,,,,,,10.841,-0.484,0.537,,,,,,,,,
1,B,4307568,2708,,,,,,,,,,-10.309,-0.336,0.039,,,,,,
1,S,4307568,2708,0.800,0.800,1.440,-9.883,-0.328,0.412,,,,,,,,,,,,
1,A,4309895,2989,,,,,,,10.795,-0.578,0.476,,,,,,,,,
1,B,4310276,2708,,,,,,,,,,,,,,,,67.938,-44.688,13.438
1,S,4310276,2708,0.480,1.120,1.120,-9.898,-0.268,0.388,,,,,,,,,,,,
1,A,4312885,2990,,,,,,,10.818,-0.589,0.444,,,,,,,,,
1,B,4313662,3386,,,,,,,,,,,,,-0.112,0.448,-0.560,,,
1,S,4313662,3386,0.480,1.760,0.800,-9.918,-0.273,0.323,,,,,,,,,,,,
1,A,4315875,2990,,,,,,,10.765,-0.606,0.469,,,,,,,,,
1,B,4316365,2703,,,,,,,,,,-10.297,-0.238,-0.059,,,,,,
1,S,4316365,2703,0.480,1.760,0.800,-9.912,-0.323,0.273,,,,,,,,,,,,
1,A,4318865,2990,,,,,,,10.764,-0.604,0.428,,,,,,,,,
1,B,4319756,3391,,,,,,,,,,,,,,,,68.750,-45.188,13.062
1,S,4319756,3391,0.480,1.440,1.440,-9.898,-0.378,0.253,,,,,,,,,,,,
1,A,4321855,2990,,,,,,,10.795,-0.692,0.451,,,,,,,,,
1,B,4322465,2709,,,,,,,,,,,,,0.000,0.448,-0.671,,,
1,S,4322465,2709,0.160,1.120,1.760,-9.873,-0.398,0.268,,,,,,,,,,,,
1,A,4324845,2990,,,,,,,10.746,-0.672,0.517,,,,,,,,,
1,B,4325851,3386,,,,,,,,,,-10.277,-0.355,-0.105,,,,,,
1,S,4325851,3386,0.480,0.800,1.760,-9.863,-0.422,0.282,,,,,,,,,,,,
1,A,4327835,2990,,,,,,,10.794,-0.658,0.635,,,,,,,,,
1,B,4329235,3384,,,,,,,,,,,,,,,,69.062,-44.750,12.875
1,S,4329235,3384,0.480,0.160,1.760,-9.877,-0.438,0.312,,,,,,,,,,,,
1,A,4330825,2990,,,,,,,10.767,-0.734,0.678,,,,,,,,,
1,B,4331249,2014,,,,,,,,,,,,,-0.112,0.224,-0.671,,,
1,S,4331249,2014,0.480,0.160,1.760,-9.893,-0.443,0.347,,,,,,,,,,,,
1,A,4334811,3986,,,,,,,10.782,-0.779,0.717,,,,,,,,,
1,B,4336006,4757,,,,,,,,,,-10.273,-0.410,-0.047,,,,,,
1,S,4336006,7466,0.480,0.160,1.440,-9.902,-0.507,0.512,,,,,,,,,,,,
1,A,4337801,2990,,,,,,,10.769,-0.727,0.672,,,,,,,,,
1,B,4339392,3386,,,,,,,,,,,,,,,,68.562,-45.375,13.688
1,S,4339392,677,2.080,0.800,1.760,-9.898,-0.517,0.512,,,,,,,,,,,,
1,A,4340791,2990,,,,,,,10.752,-0.801,0.670,,,,,,,,,
1,B,4341424,2032,,,,,,,,,,,,,-0.224,-0.112,-0.671,,,
1,S,4341424,2032,1.760,0.800,1.440,-9.893,-0.537,0.512,,,,,,,,,,,,
1,A,4344778,3987,,,,,,,10.663,-0.864,0.684,,,,,,,,,
1,B,4346163,4739,,,,,,,,,,-10.305,-0.430,0.105,,,,,,
1,S,4346163,4739,1.120,0.480,1.760,-9.857,-0.573,0.477,,,,,,,,,,,,
1,A,4347768,2990,,,,,,,10.575,-0.872,0.649,,,,,,,,,
1,B,4348176,2013,,,,,,,,,,,,,,,,68.188,-45.375,13.062
1,S,4348176,2013,0.800,0.160,2.080,-9.818,-0.603,0.477,,,,,,,,,,,,
1,A,4349761,1993,,,,,,,10.603,-0.851,0.623,,,,,,,,,
1,B,4350904,2728,,,,,,,,,,-10.297,-0.527,0.105,,,,,,
1,S,4350904,2728,0.800,0.160,2.080,-9.758,-0.642,0.477,,,,,,,,,,,,
1,A,4353748,3987,,,,,,,10.637,-0.914,0.560,,,,,,,,,
1,B,4354288,3384,,,,,,,,,,,,,-0.112,-0.224,-0.336,,,
1,S,4354288,3384,0.800,-0.160,2.720,-9.713,-0.667,0.458,,,,,,,,,,,,
1,A,4355741,1993,,,,,,,10.648,-0.906,0.555,,,,,,,,,
1,B,4356997,2709,,,,,,,,,,-10.180,-0.594,0.145,,,,,,
1,S,4356997,5418,1.120,0.160,2.720,-9.768,-0.682,0.388,,,,,,,,,,,,
1,A,4359728,3987,,,,,,,10.712,-0.790,0.530,,,,,,,,,
1,B,4360383,3386,,,,,,,,,,,,,,,,68.188,-44.375,12.562
1,S,4360383,677,1.440,0.480,2.720,-9.773,-0.677,0.383,,,,,,,,,,,,
1,A,4361721,1993,,,,,,,10.707,-0.802,0.494,,,,,,,,,
1,B,4362414,2031,,,,,,,,,,,,,-0.112,-0.448,0.112,,,
1,S,4362414,2031,1.440,0.480,3.040,-9.793,-0.662,0.362,,,,,,,,,,,,
1,A,4364711,2990,,,,,,,10.716,-0.674,0.447,,,,,,,,,
1,B,4365800,3386,,,,,,,,,,-10.176,-0.672,0.039,,,,,,
1,S,4365800,3386,1.440,0.800,3.680,-9.812,-0.598,0.323,,,,,,,,,,,,
1,A,4368697,3986,,,,,,,10.775,-0.697,0.473,,,,,,,,,
1,B,4369185,3385,,,,,,,,,,,,,,,,68.000,-44.625,13.125
1,S,4369185,3385,1.120,0.480,3.680,-9.828,-0.522,0.292,,,,,,,,,,,,
1,A,4370691,1994,,,,,,,10.772,-0.628,0.499,,,,,,,,,
1,B,4371894,2709,,,,,,,,,,,,,0.000,-0.560,0.671,,,
1,S,4371894,2709,1.120,-0.160,3.360,-9.842,-0.477,0.292,,,,,,,,,,,,
1,A,4375674,4983,,,,,,,10.762,-0.631,0.540,,,,,,,,,
1,B,4375957,4063,,,,,,,,,,-10.219,-0.535,-0.059,,,,,,
1,S,4375957,4063,1.440,-1.120,2.720,-9.867,-0.422,0.312,,,,,,,,,,,,
1,A,4377667,1993,,,,,,,10.805,-0.559,0.519,,,,,,,,,
1,B,4378665,2708,,,,,,,,,,,,,,,,69.125,-46.875,13.250
1,S,4378665,2708,1.440,-1.120,2.720,-9.877,-0.393,0.323,,,,,,,,,,,,
1,A,4380657,2990,,,,,,,10.748,-0.639,0.591,,,,,,,,,
1,B,4381373,2708,,,,,,,,,,,,,0.000,-0.895,1.119,,,
1,S,4381373,2708,0.800,-0.480,2.720,-9.887,-0.367,0.343,,,,,,,,,,,,
1,A,4384644,3987,,,,,,,10.850,-0.547,0.671,,,,,,,,,
1,B,4385436,4063,,,,,,,,,,-10.277,-0.324,-0.008,,,,,,
1,S,4385436,4063,0.160,-0.160,3.040,-9.898,-0.338,0.393,,,,,,,,,,,,
1,A,4386637,2990,,,,,,,10.902,-0.672,0.764,,,,,,,,,
1,B,4388144,2708,,,,,,,,,,,,,,,,68.250,-47.375,14.062
1,S,4388144,2708,0.480,-0.160,2.720,-9.908,-0.328,0.438,,,,,,,,,,,,
1,A,4389627,1993,,,,,,,10.828,-0.638,0.768,,,,,,,,,
1,B,4390175,2031,,,,,,,,,,,,,0.112,-1.231,1.119,,,
1,S,4390175,2031,1.440,-0.480,2.720,-9.932,-0.347,0.477,,,,,,,,,,,,
1,A,4393613,3986,,,,,,,10.905,-0.766,0.788,,,,,,,,,
1,B,4394916,4741,,,,,,,,,,-10.328,-0.336,0.105,,,,,,
1,S,4394916,4741,1.760,-0.160,2.400,-9.973,-0.427,0.583,,,,,,,,,,,,
1,A,4396603,2990,,,,,,,10.947,-0.754,0.766,,,,,,,,,
1,B,4397624,2708,,,,,,,,,,-10.395,-0.441,0.258,,,,,,
1,S,4397624,2708,1.440,-0.160,2.080,-9.992,-0.468,0.608,,,,,,,,,,,,
1,A,4399593,2990,,,,,,,10.839,-0.800,0.765,,,,,,,,,
1,B,4400332,2708,,,,,,,,,,,,,,,,67.500,-44.688,12.875
1,S,4400332,2708,1.120,-0.480,2.080,-10.027,-0.517,0.603,,,,,,,,,,,,
1,A,4402583,2990,,,,,,,10.886,-0.860,0.792,,,,,,,,,
1,B,4403040,2708,,,,,,,,,,,,,0.112,-1.343,0.895,,,
1,S,4403040,2708,1.120,-0.160,2.080,-10.027,-0.562,0.593,,,,,,,,,,,,
1,A,4405573,2990,,,,,,,10.795,-1.033,0.733,,,,,,,,,
1,B,4406426,3386,,,,,,,,,,,,,,,,68.812,-46.188,13.562
1,S,4406426,3386,1.120,-0.160,2.080,-9.982,-0.618,0.608,,,,,,,,,,,,
1,A,4408563,2990,,,,,,,10.751,-1.009,0.707,,,,,,,,,
1,B,4409812,3386,,,,,,,,,,-10.371,-0.574,0.238,,,,,,
1,S,4409812,3386,1.440,0.160,3.040,-9.938,-0.703,0.588,,,,,,,,,,,,
1,A,4412549,3986,,,,,,,10.866,-0.880,0.488,,,,,,,,,
1,B,4413197,3385,,,,,,,,,,,,,0.336,-1.119,0.783,,,
1,S,4413197,3385,1.760,0.480,4.320,-9.902,-0.748,0.507,,,,,,,,,,,,
1,A,4415539,2990,,,,,,,10.707,-0.731,0.414,,,,,,,,,
1,B,4416583,3386,,,,,,,,,,-10.297,-0.699,0.145,,,,,,
1,S,4416583,3386,1.440,0.480,4.640,-9.902,-0.703,0.378,,,,,,,,,,,,
1,A,4418529,2990,,,,,,,10.666,-0.688,0.304,,,,,,,,,
1,B,4419969,3386,,,,,,,,,,,,,,,,68.125,-44.938,12.938
1,S,4419969,3386,1.120,0.160,3.680,-9.883,-0.593,0.253,,,,,,,,,,,,
1,A,4421519,2990,,,,,,,10.663,-0.621,0.315,,,,,,,,,
1,B,4422658,2689,,,,,,,,,,,,,0.336,-0.671,0.783,,,
1,S,4422658,2689,0.800,0.160,3.040,-9.848,-0.522,0.193,,,,,,,,,,,,
1,A,4424509,2990,,,,,,,10.625,-0.596,0.230,,,,,,,,,
1,B,4425385,2727,,,,,,,,,,-10.242,-0.508,-0.164,,,,,,
1,S,4425385,2727,1.120,0.160,2.720,-9.773,-0.438,0.128,,,,,,,,,,,,
1,A,4428495,3986,,,,,,,10.662,-0.622,0.173,,,,,,,,,
1,B,4428771,3386,,,,,,,,,,,,,,,,68.188,-45.938,13.500
1,S,4428771,3386,1.440,-0.160,2.720,-9.732,-0.383,0.083,,,,,,,,,,,,
1,A,4430489,1994,,,,,,,10.733,-0.522,0.110,,,,,,,,,
1,B,4431479,2708,,,,,,,,,,-10.141,-0.344,-0.277,,,,,,
1,S,4431479,2708,1.440,-0.160,3.040,-9.738,-0.357,0.037,,,,,,,,,,,,
1,A,4434475,3986,,,,,,,10.708,-0.522,0.051,,,,,,,,,
1,B,4434865,3386,,,,,,,,,,,,,0.336,-0.560,1.007,,,
1,S,4434865,3386,1.120,0.160,3.040,-9.777,-0.323,-0.033,,,,,,,,,,,,
1,A,4436468,1993,,,,,,,10.737,-0.493,-0.041,,,,,,,,,
1,B,4437573,2708,,,,,,,,,,,,,,,,68.625,-45.938,13.125
1,S,4437573,2708,1.120,0.160,2.720,-9.818,-0.282,-0.087,,,,,,,,,,,,
1,A,4439458,2990,,,,,,,10.744,-0.636,-0.094,,,,,,,,,
1,B,4440959,3386,,,,,,,,,,-10.199,-0.230,-0.461,,,,,,
1,S,4440959,3386,1.120,-0.480,2.720,-9.848,-0.268,-0.163,,,,,,,,,,,,
1,A,4443445,3987,,,,,,,10.748,-0.742,-0.215,,,,,,,,,
1,B,4444325,3366,,,,,,,,,,,,,0.448,-0.895,1.119,,,
1,S,4444325,3366,0.800,-1.760,2.720,-9.867,-0.318,-0.233,,,,,,,,,,,,
1,A,4446435,2990,,,,,,,10.714,-0.821,-0.261,,,,,,,,,
1,B,4447052,2727,,,,,,,,,,-10.242,-0.336,-0.621,,,,,,
1,S,4447052,2727,1.120,-2.400,3.040,-9.877,-0.438,-0.323,,,,,,,,,,,,
1,A,4449425,2990,,,,,,,10.703,-0.885,-0.329,,,,,,,,,
1,B,4450438,3386,,,,,,,,,,,,,,,,68.500,-45.562,13.250
1,S,4450438,3386,1.440,-3.040,3.360,-9.863,-0.562,-0.398,,,,,,,,,,,,
1,A,4452415,2990,,,,,,,10.676,-0.959,-0.275,,,,,,,,,
1,B,4453147,2709,,,,,,,,,,,,,0.448,-1.902,0.895,,,
1,S,4453147,2709,1.760,-3.360,3.680,-9.848,-0.637,-0.438,,,,,,,,,,,,
1,A,4455405,2990,,,,,,,10.753,-0.613,-0.298,,,,,,,,,
1,B,4456532,3385,,,,,,,,,,-10.266,-0.574,-0.824,,,,,,
1,S,4456532,3385,1.760,-4.000,3.680,-9.822,-0.713,-0.463,,,,,,,,,,,,
1,A,4459391,3986,,,,,,,10.636,-0.936,-0.132,,,,,,,,,
1,B,4459919,3387,,,,,,,,,,,,,,,,69.188,-47.250,14.000
1,S,4459919,3387,1.120,-4.640,3.680,-9.797,-0.662,-0.403,,,,,,,,,,,,
1,A,4461385,1994,,,,,,,10.577,-1.105,-0.084,,,,,,,,,
1,B,4462627,2708,,,,,,,,,,,,,0.560,-3.469,1.007,,,
1,S,4462627,2708,2.080,-5.600,3.680,-9.773,-0.642,-0.312,,,,,,,,,,,,
1,A,4464375,3986,,,,,,,10.636,-1.181,0.072,,,,,,,,,
1,B,4466011,3384,,,,,,,,,,-10.199,-0.574,-0.699,,,,,,
1,S,4466011,3384,3.360,-6.560,4.000,-9.742,-0.782,-0.207,,,,,,,,,,,,
1,A,4468361,2990,,,,,,,10.675,-1.218,0.202,,,,,,,,,
1,B,4468721,2710,,,,,,,,,,,,,,,,67.500,-45.750,13.375
1,S,4468721,2710,4.320,-7.200,4.640,-9.748,-0.932,-0.133,,,,,,,,,,,,
1,A,4470354,1993,,,,,,,10.717,-1.239,0.281,,,,,,,,,
1,B,4471429,2708,,,,,,,,,,,,,1.231,-5.148,1.343,,,
1,S,4471429,2708,4.320,-7.200,5.600,-9.777,-1.028,-0.058,,,,,,,,,,,,
1,A,4475338,4984,,,,,,,10.722,-1.240,0.471,,,,,,,,,
1,B,4476168,4739,,,,,,,,,,-10.133,-0.812,-0.496,,,,,,
1,S,4476168,4739,4.000,-7.200,6.240,-9.848,-1.058,0.098,,,,,,,,,,,,
1,A,4477331,1993,,,,,,,10.717,-1.173,0.550,,,,,,,,,
1,B,4478200,2032,,,,,,,,,,,,,,,,67.500,-45.750,13.375
1,S,4478200,2032,3.680,-7.840,5.920,-9.867,-1.042,0.168,,,,,,,,,,,,
1,A,4480321,2990,,,,,,,10.743,-1.104,0.723,,,,,,,,,
1,B,4480909,2709,,,,,,,,,,-10.270,-0.883,-0.258,,,,,,
1,S,4480909,2709,4.000,-8.480,5.600,-9.877,-1.002,0.273,,,,,,,,,,,,
1,A,4483311,2990,,,,,,,10.753,-0.980,0.916,,,,,,,,,
1,B,4484294,3385,,,,,,,,,,,,,2.014,-6.826,2.350,,,
1,S,4484294,3385,4.000,-8.800,6.240,-9.883,-0.917,0.427,,,,,,,,,,,,
1,A,4486301,2990,,,,,,,10.785,-0.818,1.036,,,,,,,,,
1,B,4487002,2708,,,,,,,,,,-10.316,-0.824,0.000,,,,,,
1,S,4487002,2708,3.040,-8.480,7.520,-9.893,-0.818,0.562,,,,,,,,,,,,
1,A,4489291,2990,,,,,,,10.870,-0.568,1.152,,,,,,,,,
1,B,4490369,3367,,,,,,,,,,,,,,,,68.000,-45.625,13.625
1,S,4490369,3367,2.400,-8.480,8.480,-9.908,-0.693,0.693,,,,,,,,,,,,
1,A,4491284,1993,,,,,,,10.915,-0.399,1.209,,,,,,,,,
1,B,4492419,2050,,,,,,,,,,,,,2.014,-8.169,3.581,,,
1,S,4492419,2050,1.760,-8.800,8.480,-9.943,-0.532,0.812,,,,,,,,,,,,
1,A,4495270,3986,,,,,,,10.970,-0.155,1.368,,,,,,,,,
1,B,4495805,3386,,,,,,,,,,-10.344,-0.547,0.375,,,,,,
1,S,4495805,3386,1.440,-9.120,8.160,-9.998,-0.258,0.958,,,,,,,,,,,,
1,A,4498260,2990,,,,,,,10.990,-0.053,1.412,,,,,,,,,
1,B,4499190,3385,,,,,,,,,,,,,,,,68.562,-45.438,13.000
1,S,4499190,3385,1.120,-8.480,7.520,-10.043,0.013,1.087,,,,,,,,,,,,
1,A,4501250,2990,,,,,,,10.993,0.044,1.437,,,,,,,,,
1,B,4501900,2710,,,,,,,,,,,,,1.231,-8.729,4.588,,,
1,S,4501900,2710,0.800,-7.520,7.200,-10.053,0.163,1.167,,,,,,,,,,,,
1,A,4505236,3986,,,,,,,10.999,0.047,1.463,,,,,,,,,
1,B,4505962,4062,,,,,,,,,,-10.430,0.105,0.805,,,,,,
1,S,4505962,4062,1.120,-6.240,6.880,-10.068,0.292,1.228,,,,,,,,,,,,
1,A,4508226,2990,,,,,,,10.919,-0.028,1.411,,,,,,,,,
1,B,4509347,3385,,,,,,,,,,,,,,,,67.875,-46.375,13.688
1,S,4509347,3385,1.120,-6.560,6.240,-10.062,0.318,1.238,,,,,,,,,,,,
1,A,4511216,2990,,,,,,,10.889,-0.041,1.350,,,,,,,,,
1,B,4512055,2708,,,,,,,,,,,,,0.448,-8.393,4.588,,,
1,S,4512055,2708,0.480,-6.560,5.600,-10.037,0.292,1.222,,,,,,,,,,,,
1,A,4515203,3987,,,,,,,10.854,-0.099,1.271,,,,,,,,,
1,B,4516118,4063,,,,,,,,,,-10.445,0.355,0.930,,,,,,
1,S,4516118,4063,0.480,-5.920,4.960,-9.977,0.217,1.143,,,,,,,,,,,,
1,A,4518193,2990,,,,,,,10.762,-0.323,1.251,,,,,,,,,
1,B,4518827,2709,,,,,,,,,,,,,,,,69.062,-44.750,12.875
1,S,4518827,4741,0.800,-5.600,4.320,-9.912,0.113,1.032,,,,,,,,,,,,
1,A,4520186,1993,,,,,,,10.815,-0.184,1.079,,,,,,,,,
1,B,4521535,2708,,,,,,,,,,,,,0.000,-7.274,3.693,,,
1,S,4521535,676,0.480,-4.960,3.360,-9.908,0.098,1.022,,,,,,,,,,,,
1,A,4525170,4984,,,,,,,10.790,-0.399,1.245,,,,,,,,,
1,B,4525598,4063,,,,,,,,,,-10.281,0.133,0.680,,,,,,
1,S,4525598,4063,0.160,-4.640,2.720,-9.883,0.013,0.968,,,,,,,,,,,,
1,A,4527163,1993,,,,,,,10.762,-0.405,1.205,,,,,,,,,
1,B,4528306,2708,,,,,,,,,,,,,,,,67.688,-45.500,12.812
1,S,4528306,2708,0.480,-4.320,2.720,-9.873,-0.062,0.963,,,,,,,,,,,,
1,A,4530170,3007,,,,,,,10.779,-0.448,1.238,,,,,,,,,
1,B,4530337,2031,,,,,,,,,,,,,-0.112,-5.819,2.350,,,
1,S,4530337,2031,1.120,-4.000,3.040,-9.867,-0.128,0.973,,,,,,,,,,,,
1,A,4534139,3969,,,,,,,10.704,-0.551,1.304,,,,,,,,,
1,B,4535077,4740,,,,,,,,,,-10.238,-0.098,0.660,,,,,,
1,S,4535077,4740,1.440,-3.360,3.360,-9.852,-0.233,1.028,,,,,,,,,,,,
1,A,4536132,1993,,,,,,,10.712,-0.477,1.302,,,,,,,,,
1,B,4537102,2025,,,,,,,,,,-10.227,-0.219,0.727,,,,,,
1,S,4537102,2025,1.120,-3.040,3.040,-9.842,-0.268,1.052,,,,,,,,,,,,
1,A,4540119,3987,,,,,,,10.649,-0.558,1.365,,,,,,,,,
1,B,4540494,3392,,,,,,,,,,,,,,,,68.688,-46.938,13.625
1,S,4540494,3392,0.800,-2.080,3.040,-9.807,-0.302,1.087,,,,,,,,,,,,
1,A,4542112,1993,,,,,,,10.605,-0.574,1.368,,,,,,,,,
1,B,4543202,2708,,,,,,,,,,,,,-0.112,-4.476,1.343,,,
1,S,4543202,2708,1.120,-1.440,3.040,-9.773,-0.318,1.117,,,,,,,,,,,,
1,A,4546099,3987,,,,,,,10.646,-0.460,1.460,,,,,,,,,
1,B,4546588,3386,,,,,,,,,,,,,,,,68.375,-45.750,12.875
1,S,4546588,3386,1.440,-0.800,3.040,-9.732,-0.307,1.177,,,,,,,,,,,,
1,A,4549089,2990,,,,,,,10.723,-0.369,1.443,,,,,,,,,
1,B,4549975,3387,,,,,,,,,,-10.141,-0.238,0.844,,,,,,
1,S,4549975,3387,1.120,-0.160,3.040,-9.732,-0.258,1.228,,,,,,,,,,,,
1,A,4552079,2990,,,,,,,10.775,-0.321,1.473,,,,,,,,,
1,B,4553359,3384,,,,,,,,,,,,,-0.112,-2.910,0.671,,,
1,S,4553359,3384,0.800,0.160,3.040,-9.773,-0.152,1.268,,,,,,,,,,,,
1,A,4556065,3986,,,,,,,10.835,-0.207,1.444,,,,,,,,,
1,B,4556745,3386,,,,,,,,,,-10.176,-0.086,0.930,,,,,,
1,S,4556745,3386,1.440,0.800,2.400,-9.828,-0.043,1.282,,,,,,,,,,,,
1,A,4559055,2990,,,,,,,10.834,-0.144,1.417,,,,,,,,,
1,B,4560130,3385,,,,,,,,,,,,,,,,68.500,-47.062,13.188
1,S,4560130,3385,1.760,2.080,2.080,-9.883,0.043,1.278,,,,,,,,,,,,
1,A,4562035,2980,,,,,,,10.848,-0.180,1.390,,,,,,,,,
1,B,4562151,2021,,,,,,,,,,,,,-0.112,-1.231,0.336,,,
1,S,4562151,2021,1.760,2.720,1.440,-9.908,0.077,1.252,,,,,,,,,,,,
1,A,4565035,3000,,,,,,,10.858,-0.073,1.288,,,,,,,,,
1,B,4565548,3397,,,,,,,,,,-10.301,0.133,0.949,,,,,,
1,S,4565548,3397,1.440,3.360,0.480,-9.938,0.117,1.192,,,,,,,,,,,,
1,A,4568025,2990,,,,,,,10.797,-0.073,1.193,,,,,,,,,
1,B,4568934,3386,,,,,,,,,,,,,,,,68.500,-45.562,13.250
1,S,4568934,3386,1.120,4.320,0.480,-9.932,0.147,1.123,,,,,,,,,,,,
1,A,4571015,2990,,,,,,,10.831,-0.127,1.226,,,,,,,,,
1,B,4571642,2708,,,,,,,,,,,,,0.000,0.671,-0.336,,,
1,S,4571642,2708,1.120,4.640,0.800,-9.908,0.182,1.052,,,,,,,,,,,,
1,A,4575001,3986,,,,,,,10.811,-0.212,1.233,,,,,,,,,
1,B,4575705,4063,,,,,,,,,,-10.305,0.238,0.777,,,,,,
1,S,4575705,4063,0.800,4.960,0.160,-9.873,0.163,1.002,,,,,,,,,,,,
1,A,4578000,2999,,,,,,,10.824,-0.286,1.201,,,,,,,,,
1,B,4578407,2702,,,,,,,,,,,,,,,,68.500,-45.562,13.250
1,S,4578407,2702,0.480,5.280,-0.480,-9.867,0.092,1.012,,,,,,,,,,,,
1,A,4579986,1986,,,,,,,10.847,-0.376,1.186,,,,,,,,,
1,B,4581121,2714,,,,,,,,,,-10.258,0.184,0.660,,,,,,
1,S,4581121,2714,0.480,5.920,-0.800,-9.873,0.007,1.022,,,,,,,,,,,,
1,A,4582976,2990,,,,,,,10.852,-0.489,1.144,,,,,,,,,
1,B,4584507,3386,,,,,,,,,,,,,0.000,2.462,-1.343,,,
1,S,4584507,3386,0.480,6.560,-1.440,-9.898,-0.092,1.002,,,,,,,,,,,,
1,A,4585966,2990,,,,,,,10.847,-0.565,1.108,,,,,,,,,
1,B,4586538,2031,,,,,,,,,,-10.309,-0.059,0.672,,,,,,
1,S,4586538,2031,0.480,6.560,-1.440,-9.922,-0.152,0.978,,,,,,,,,,,,
1,A,4588955,2989,,,,,,,10.817,-0.710,1.088,,,,,,,,,
1,B,4589924,3386,,,,,,,,,,,,,,,,68.500,-45.000,12.875
1,S,4589924,3386,0.480,6.880,-1.440,-9.957,-0.273,0.938,,,,,,,,,,,,
1,A,4591945,2990,,,,,,,10.783,-0.796,1.062,,,,,,,,,
1,B,4592632,2708,,,,,,,,,,,,,-0.112,4.029,-2.574,,,
1,S,4592632,2708,0.800,7.520,-1.120,-9.963,-0.383,0.912,,,,,,,,,,,,
1,A,4594935,2990,,,,,,,10.789,-0.833,1.043,,,,,,,,,
1,B,4596017,3385,,,,,,,,,,-10.332,-0.355,0.566,,,,,,
1,S,4596017,3385,1.120,8.160,-1.440,-9.943,-0.512,0.892,,,,,,,,,,,,
1,A,4598922,3987,,,,,,,10.798,-0.920,1.040,,,,,,,,,
1,B,4599403,3386,,,,,,,,,,,,,,,,69.438,-44.875,12.125
1,S,4599403,3386,1.760,8.480,-2.080,-9.912,-0.613,0.868,,,,,,,,,,,,
1,A,4600915,1993,,,,,,,10.821,-0.922,1.040,,,,,,,,,
1,B,4602111,2708,,,,,,,,,,-10.297,-0.613,0.527,,,,,,
1,S,4602111,2708,1.760,8.480,-2.080,-9.908,-0.667,0.843,,,,,,,,,,,,
1,A,4603905,2990,,,,,,,10.805,-0.935,1.007,,,,,,,,,
1,B,4604821,2710,,,,,,,,,,,,,-0.112,5.260,-3.357,,,
1,S,4604821,2710,1.760,8.480,-2.080,-9.912,-0.708,0.828,,,,,,,,,,,,
1,A,4606895,2990,,,,,,,10.822,-0.948,1.046,,,,,,,,,
1,B,4607529,2708,,,,,,,,,,,,,,,,67.750,-46.500,13.938
1,S,4607529,2708,1.120,8.480,-2.080,-9.928,-0.723,0.833,,,,,,,,,,,,
1,A,4609885,2990,,,,,,,10.852,-0.946,1.053,,,,,,,,,
1,B,4610915,3386,,,,,,,,,,-10.320,-0.699,0.527,,,,,,
1,S,4610915,3386,0.480,8.800,-2.080,-9.947,-0.718,0.843,,,,,,,,,,,,
1,A,4613871,3986,,,,,,,10.811,-0.877,1.063,,,,,,,,,
1,B,4614299,3384,,,,,,,,,,,,,0.000,6.267,-3.469,,,
1,S,4614299,3384,0.160,9.120,-1.760,-9.963,-0.703,0.863,,,,,,,,,,,,
1,A,4616861,2990,,,,,,,10.820,-0.817,1.047,,,,,,,,,
1,B,4617686,3387,,,,,,,,,,-10.363,-0.660,0.547,,,,,,
1,S,4617686,3387,0.800,9.440,-1.120,-9.977,-0.667,0.863,,,,,,,,,,,,
1,A,4619851,2990,,,,,,,10.830,-0.669,1.053,,,,,,,,,
1,B,4621070,3384,,,,,,,,,,,,,,,,69.188,-46.250,13.500
1,S,4621070,3384,1.120,10.080,-0.160,-9.973,-0.593,0.858,,,,,,,,,,,,
1,A,4622841,2990,,,,,,,10.750,-0.652,1.059,,,,,,,,,
1,B,4623780,2710,,,,,,,,,,,,,0.000,7.050,-3.133,,,
1,S,4623780,2710,0.800,10.400,0.160,-9.947,-0.507,0.853,,,,,,,,,,,,
1,A,4625831,2990,,,,,,,10.736,-0.557,1.081,,,,,,,,,
1,B,4626488,2708,,,,,,,,,,-10.328,-0.480,0.547,,,,,,
1,S,4626488,2708,1.120,10.080,0.160,-9.893,-0.427,0.853,,,,,,,,,,,,
1,A,4628821,3987,,,,,,,10.732,-0.436,1.128,,,,,,,,,
1,B,4629874,3386,,,,,,,,,,,,,,,,67.688,-45.000,13.375
1,S,4629874,3386,1.120,10.400,-0.800,-9.832,-0.338,0.873,,,,,,,,,,,,
1,A,4631811,1993,,,,,,,10.774,-0.422,1.160,,,,,,,,,
1,B,4632582,2708,,,,,,,,,,,,,0.112,7.722,-2.798,,,
1,S,4632582,2708,0.480,10.720,-1.120,-9.818,-0.253,0.922,,,,,,,,,,,,
1,A,4634801,2990,,,,,,,10.770,-0.409,1.232,,,,,,,,,
1,B,4635968,3386,,,,,,,,,,-10.195,-0.230,0.574,,,,,,
1,S,4635968,3386,0.160,11.360,-1.120,-9.838,-0.182,0.978,,,,,,,,,,,,
1,A,4638788,3987,,,,,,,10.808,-0.413,1.225,,,,,,,,,
1,B,4639353,3385,,,,,,,,,,,,,,,,68.500,-46.625,13.812
1,S,4639353,3385,0.800,12.640,-1.120,-9.867,-0.147,1.002,,,,,,,,,,,,
1,A,4640781,1993,,,,,,,10.801,-0.385,1.184,,,,,,,,,
1,B,4642061,2708,,,,,,,,,,,,,0.448,8.617,-2.686,,,
1,S,4642061,2708,1.760,13.280,-1.440,-9.893,-0.142,1.008,,,,,,,,,,,,
1,A,4645764,4983,,,,,,,10.774,-0.454,1.099,,,,,,,,,
1,B,4646124,4063,,,,,,,,,,-10.273,-0.098,0.633,,,,,,
1,S,4646124,4063,2.720,12.640,-2.080,-9.893,-0.147,0.983,,,,,,,,,,,,
1,A,4647758,1994,,,,,,,10.780,-0.510,1.003,,,,,,,,,
1,B,4648833,2709,,,,,,,,,,,,,,,,68.500,-46.625,13.812
1,S,4648833,2709,2.400,12.320,-2.080,-9.883,-0.163,0.938,,,,,,,,,,,,
1,A,4650748,2990,,,,,,,10.950,-0.605,0.494,,,,,,,,,
1,B,4650864,2031,,,,,,,,,,-10.273,-0.098,0.641,,,,,,
1,S,4650864,2031,1.760,12.640,-1.760,-9.877,-0.188,0.868,,,,,,,,,,,,
1,A,4653737,2989,,,,,,,11.322,-0.599,-0.245,,,,,,,,,
1,B,4654249,3385,,,,,,,,,,,,,0.560,9.512,-3.021,,,
1,S,4654249,3385,1.440,13.600,-2.080,-9.963,-0.263,0.588,,,,,,,,,,,,
1,A,4655731,1994,,,,,,,11.256,-0.743,-0.701,,,,,,,,,
1,B,4656958,2709,,,,,,,,,,-10.438,-0.238,0.113,,,,,,
1,S,4656958,2709,1.440,13.920,-2.400,-10.152,-0.352,0.138,,,,,,,,,,,,
1,A,4659717,3986,,,,,,,10.997,-0.975,-1.397,,,,,,,,,
1,B,4660343,3385,,,,,,,,,,,,,,,,68.812,-47.188,13.438
1,S,4660343,3385,1.760,12.640,-2.400,-10.383,-0.477,-0.618,,,,,,,,,,,,
1,A,4661711,1994,,,,,,,10.543,-1.027,-1.563,,,,,,,,,
1,B,4663051,2708,,,,,,,,,,,,,0.560,10.183,-3.469,,,
1,S,4663051,2708,1.760,11.040,-1.760,-10.332,-0.613,-1.192,,,,,,,,,,,,
1,A,4665697,3986,,,,,,,10.003,-1.336,-1.718,,,,,,,,,
1,B,4666437,3386,,,,,,,,,,-10.680,-0.566,-1.543,,,,,,
1,S,4666437,3386,1.440,9.120,-1.760,-9.898,-0.828,-1.667,,,,,,,,,,,,
1,A,4668687,2990,,,,,,,9.864,-1.380,-1.729,,,,,,,,,
1,B,4669823,3386,,,,,,,,,,,,,,,,68.500,-45.000,12.875
1,S,4669823,3386,0.800,7.520,-1.440,-9.312,-1.048,-1.833,,,,,,,,,,,,
1,A,4670681,2990,,,,,,,9.988,-1.401,-1.670,,,,,,,,,
1,B,4671855,2032,,,,,,,,,,,,,0.336,8.952,-3.469,,,
1,S,4671855,2032,0.480,6.240,-0.480,-9.068,-1.157,-1.847,,,,,,,,,,,,
1,A,4675664,3987,,,,,,,10.489,-1.285,-1.322,,,,,,,,,
1,B,4676594,4739,,,,,,,,,,-9.613,-0.918,-2.203,,,,,,
1,S,4676594,4739,0.800,3.360,1.120,-9.088,-1.268,-1.782,,,,,,,,,,,,
1,A,4677657,1993,,,,,,,10.533,-1.489,-1.167,,,,,,,,,
1,B,4678626,2032,,,,,,,,,,-9.734,-1.004,-2.070,,,,,,
1,S,4678626,2032,1.760,1.760,1.440,-9.283,-1.252,-1.692,,,,,,,,,,,,
1,A,4681644,3987,,,,,,,10.808,-1.430,-0.676,,,,,,,,,
1,B,4682010,3384,,,,,,,,,,,,,,,,68.500,-46.688,13.125
1,S,4682010,3384,1.760,-0.160,1.440,-9.658,-1.222,-1.427,,,,,,,,,,,,
1,A,4684634,2990,,,,,,,10.743,-1.188,-0.321,,,,,,,,,
1,B,4685396,3386,,,,,,,,,,,,,0.112,5.260,-2.574,,,
1,S,4685396,3386,1.120,-1.760,2.080,-9.908,-1.218,-1.032,,,,,,,,,,,,
1,A,4687624,2990,,,,,,,10.619,-1.159,0.087,,,,,,,,,
1,B,4688783,3387,,,,,,,,,,-10.324,-1.023,-1.273,,,,,,
1,S,4688783,3387,0.160,-3.360,3.040,-9.947,-1.117,-0.588,,,,,,,,,,,,
1,A,4692607,4983,,,,,,,10.798,-1.036,0.564,,,,,,,,,
1,B,4693522,4739,,,,,,,,,,,,,,,,68.375,-45.250,13.438
1,S,4693522,4739,0.160,-4.000,4.000,-9.818,-0.938,-0.013,,,,,,,,,,,,
1,A,4694600,1993,,,,,,,11.068,-0.972,0.632,,,,,,,,,
1,B,4695553,2031,,,,,,,,,,,,,0.000,0.671,-0.783,,,
1,S,4695553,2031,0.160,-3.680,4.640,-9.812,-0.902,0.203,,,,,,,,,,,,
1,A,4697590,2990,,,,,,,11.007,-0.703,0.748,,,,,,,,,
1,B,4698262,2709,,,,,,,,,,-10.203,-0.805,-0.336,,,,,,
1,S,4698262,2709,0.160,-4.000,4.640,-9.973,-0.823,0.417,,,,,,,,,,,,
1,A,4700580,2990,,,,,,,10.126,-0.404,1.152,,,,,,,,,
1,B,4701648,3386,,,,,,,,,,,,,,,,68.062,-44.500,12.875
1,S,4701648,3386,0.160,-4.320,4.960,-10.158,-0.578,0.598,,,,,,,,,,,,
1,A,4703570,2990,,,,,,,10.268,-0.272,1.586,,,,,,,,,
1,B,4704356,2708,,,,,,,,,,,,,-0.112,-2.798,1.119,,,
1,S,4704356,2708,0.480,-4.000,5.280,-9.912,-0.333,0.777,,,,,,,,,,,,
1,A,4706560,2990,,,,,,,10.310,-0.102,1.703,,,,,,,,,
1,B,4707064,2708,,,,,,,,,,-10.520,-0.480,0.289,,,,,,
1,S,4707064,2708,0.480,-3.040,5.280,-9.477,-0.133,1.067,,,,,,,,,,,,
1,A,4709550,2990,,,,,,,10.738,-0.226,1.674,,,,,,,,,
1,B,4710450,3386,,,,,,,,,,,,,,,,69.000,-45.438,13.562
1,S,4710450,3386,0.800,-1.760,4.960,-9.197,0.052,1.427,,,,,,,,,,,,
1,A,4712540,2990,,,,,,,11.580,0.304,1.546,,,,,,,,,
1,B,4713158,2708,,,,,,,,,,,,,0.000,-4.141,2.350,,,
1,S,4713158,2708,1.120,-0.800,4.640,-9.453,0.138,1.542,,,,,,,,,,,,
1,A,4715530,2990,,,,,,,11.722,-0.112,1.306,,,,,,,,,
1,B,4716544,3386,,,,,,,,,,-9.680,0.078,1.016,,,,,,
1,S,4716544,3386,1.120,-0.160,4.320,-10.127,0.237,1.438,,,,,,,,,,,,
1,A,4719517,3987,,,,,,,11.958,-0.006,1.266,,,,,,,,,
1,B,4719930,3386,,,,,,,,,,,,,,,,69.375,-48.062,13.250
1,S,4719930,5417,1.440,-0.160,2.400,-11.027,0.427,1.147,,,,,,,,,,,,
1,A,4721510,1993,,,,,,,11.790,-0.060,1.433,,,,,,,,,
1,B,4722638,2708,,,,,,,,,,,,,0.000,-3.133,2.350,,,
1,S,4722638,677,1.440,0.160,2.080,-11.068,0.432,1.137,,,,,,,,,,,,
1,A,4724500,2990,,,,,,,10.962,-0.640,1.625,,,,,,,,,
1,B,4726023,3385,,,,,,,,,,-10.691,0.336,1.055,,,,,,
1,S,4726023,3385,1.440,1.760,1.440,-10.908,0.383,1.198,,,,,,,,,,,,
1,A,4728487,3987,,,,,,,10.178,0.317,1.576,,,,,,,,,
1,B,4728732,2709,,,,,,,,,,,,,,,,68.688,-46.938,13.625
1,S,4728732,2709,1.760,3.360,1.440,-10.352,0.188,1.278,,,,,,,,,,,,
1,A,4730480,1993,,,,,,,10.293,-0.303,1.384,,,,,,,,,
1,B,4731440,2708,,,,,,,,,,,,,-0.112,-1.007,1.119,,,
1,S,4731440,2708,1.760,3.680,1.440,-9.697,0.102,1.308,,,,,,,,,,,,
1,A,4735463,4983,,,,,,,10.694,-0.552,0.982,,,,,,,,,
1,B,4736180,4740,,,,,,,,,,-11.320,0.449,0.824,,,,,,
1,S,4736180,4740,1.120,4.000,-0.160,-9.217,0.128,1.153,,,,,,,,,,,,
1,A,4737457,1994,,,,,,,10.782,-0.710,1.062,,,,,,,,,
1,B,4738211,2031,,,,,,,,,,,,,,,,68.812,-45.688,12.500
1,S,4738211,2031,0.480,4.000,-0.800,-9.357,0.033,1.042,,,,,,,,,,,,
1,A,4740456,2999,,,,,,,10.729,-0.642,0.847,,,,,,,,,
1,B,4740921,2710,,,,,,,,,,,,,0.000,1.231,-0.783,,,
1,S,4740921,2710,0.480,4.320,-1.440,-9.682,-0.212,0.882,,,,,,,,,,,,
1,A,4744433,3977,,,,,,,10.778,-0.947,0.439,,,,,,,,,
1,B,4744983,4062,,,,,,,,,,-10.086,-0.184,0.555,,,,,,
1,S,4744983,4062,1.120,4.640,-1.440,-9.957,-0.552,0.647,,,,,,,,,,,,
1,A,4746427,1994,,,,,,,10.717,-1.023,0.438,,,,,,,,,
1,B,4747691,2708,,,,,,,,,,-10.285,-0.680,0.027,,,,,,
1,S,4747691,2708,2.080,4.960,-0.800,-9.922,-0.682,0.458,,,,,,,,,,,,
1,A,4750414,3987,,,,,,,10.861,-1.235,0.349,,,,,,,,,
1,B,4751076,3385,,,,,,,,,,,,,,,,68.812,-46.188,13.562
1,S,4751076,3385,2.400,5.600,-0.480,-9.842,-0.828,0.247,,,,,,,,,,,,
1,A,4752407,1993,,,,,,,10.720,-1.215,0.325,,,,,,,,,
1,B,4753786,2710,,,,,,,,,,,,,0.000,3.021,-2.350,,,
1,S,4753786,5418,2.080,5.280,-0.480,-9.902,-1.038,0.138,,,,,,,,,,,,
1,A,4756394,3987,,,,,,,10.569,-1.209,0.236,,,,,,,,,
1,B,4757170,3384,,,,,,,,,,,,,,,,67.938,-46.250,15.000
1,S,4757170,676,0.480,4.320,-0.480,-9.902,-1.052,0.133,,,,,,,,,,,,
1,A,4759384,2990,,,,,,,10.557,-1.371,0.232,,,,,,,,,
1,B,4760556,3386,,,,,,,,,,-10.324,-0.891,-0.199,,,,,,
1,S,4760556,3386,0.480,3.360,-0.480,-9.828,-1.103,0.122,,,,,,,,,,,,
1,A,4762373,2989,,,,,,,10.603,-1.268,0.181,,,,,,,,,
1,B,4763265,2709,,,,,,,,,,,,,0.000,3.581,-2.798,,,
1,S,4763265,2709,0.800,3.360,-0.160,-9.742,-1.117,0.083,,,,,,,,,,,,
1,A,4766360,3987,,,,,,,10.634,-1.198,-0.006,,,,,,,,,
1,B,4766651,3386,,,,,,,,,,-10.141,-0.898,-0.297,,,,,,
1,S,4766651,3386,1.120,3.040,0.480,-9.693,-1.097,0.003,,,,,,,,,,,,
1,A,4769350,2990,,,,,,,10.704,-1.062,-0.099,,,,,,,,,
1,B,4770035,3384,,,,,,,,,,,,,,,,68.438,-47.688,14.562
1,S,4770035,3384,0.800,3.040,1.120,-9.732,-1.028,-0.087,,,,,,,,,,,,
1,A,4772340,2990,,,,,,,10.935,-0.991,-0.135,,,,,,,,,
1,B,4772745,2710,,,,,,,,,,,,,-0.112,3.133,-2.014,,,
1,S,4772745,2710,0.480,3.040,1.440,-9.812,-0.953,-0.168,,,,,,,,,,,,
1,A,4775330,2990,,,,,,,10.948,-0.865,-0.148,,,,,,,,,
1,B,4776129,3384,,,,,,,,,,-10.195,-0.844,-0.496,,,,,,
1,S,4776129,3384,0.160,2.720,1.760,-9.967,-0.838,-0.253,,,,,,,,,,,,
1,A,4778320,2990,,,,,,,10.872,-0.717,-0.117,,,,,,,,,
1,B,4779513,3384,,,,,,,,,,,,,,,,68.625,-46.500,13.500
1,S,4779513,3384,0.160,1.760,2.400,-10.072,-0.693,-0.297,,,,,,,,,,,,
1,A,4781310,2990,,,,,,,10.808,-0.593,-0.028,,,,,,,,,
1,B,4782224,2711,,,,,,,,,,-10.473,-0.633,-0.672,,,,,,
1,S,4782224,2711,0.480,1.120,3.040,-10.078,-0.568,-0.297,,,,,,,,,,,,
1,A,4784300,2990,,,,,,,10.578,-0.721,0.142,,,,,,,,,
1,B,4785590,3366,,,,,,,,,,,,,-0.112,2.014,-0.783,,,
1,S,4785590,3366,0.800,-0.160,3.040,-10.008,-0.443,-0.258,,,,,,,,,,,,
1,A,4787290,2990,,,,,,,10.549,-0.581,0.238,,,,,,,,,
1,B,4787641,2051,,,,,,,,,,,,,,,,68.625,-46.500,13.500
1,S,4787641,2051,0.800,-0.480,3.360,-9.873,-0.372,-0.177,,,,,,,,,,,,
1,A,4790280,2990,,,,,,,10.612,-0.560,0.370,,,,,,,,,
1,B,4791026,3385,,,,,,,,,,-10.262,-0.336,-0.535,,,,,,
1,S,4791026,3385,0.800,-0.480,3.680,-9.693,-0.352,-0.018,,,,,,,,,,,,
1,A,4793270,2990,,,,,,,10.633,-0.182,0.688,,,,,,,,,
1,B,4794402,3376,,,,,,,,,,,,,-0.112,0.224,0.224,,,
1,S,4794402,3376,0.800,-0.480,3.360,-9.623,-0.302,0.158,,,,,,,,,,,,
1,A,4796260,2990,,,,,,,10.686,-0.200,0.867,,,,,,,,,
1,B,4797120,2718,,,,,,,,,,-10.035,-0.152,-0.145,,,,,,
1,S,4797120,2718,0.800,-1.440,2.720,-9.652,-0.158,0.318,,,,,,,,,,,,
1,A,4799249,2989,,,,,,,10.791,-0.304,0.835,,,,,,,,,
1,B,4800506,3386,,,,,,,,,,,,,,,,68.375,-45.688,13.562
1,S,4800506,3386,0.800,-1.760,2.080,-9.742,0.043,0.547,,,,,,,,,,,,
1,A,4802239,2990,,,,,,,10.965,-0.417,0.902,,,,,,,,,
1,B,4802538,2032,,,,,,,,,,,,,-0.112,-1.007,0.671,,,
1,S,4802538,2032,0.800,-1.120,2.080,-9.807,0.068,0.647,,,,,,,,,,,,
1,A,4805229,2990,,,,,,,10.846,-0.607,1.121,,,,,,,,,
1,B,4805924,3386,,,,,,,,,,-10.219,0.078,0.316,,,,,,
1,S,4805924,3386,1.120,-0.160,2.400,-9.938,-0.058,0.723,,,,,,,,,,,,
1,A,4808219,2990,,,,,,,10.889,-0.490,1.215,,,,,,,,,
1,B,4809279,3355,,,,,,,,,,,,,,,,69.062,-46.438,13.125
1,S,4809279,3355,1.440,0.480,1.760,-10.043,-0.237,0.807,,,,,,,,,,,,
1,A,4811209,2990,,,,,,,10.771,-0.512,1.129,,,,,,,,,
1,B,4812016,2737,,,,,,,,,,,,,0.000,-1.343,0.560,,,
1,S,4812016,2737,1.440,0.800,1.760,-10.047,-0.297,0.917,,,,,,,,,,,,
1,A,4815196,3987,,,,,,,10.761,-0.401,0.906,,,,,,,,,
1,B,4816079,4063,,,,,,,,,,-10.453,-0.219,0.574,,,,,,
1,S,4816079,4063,1.120,0.800,2.080,-9.953,-0.242,0.953,,,,,,,,,,,,
1,A,4818186,2990,,,,,,,10.797,-0.571,0.883,,,,,,,,,
1,B,4818789,2710,,,,,,,,,,-10.285,-0.152,0.516,,,,,,
1,S,4818789,2710,0.800,1.760,2.400,-9.887,-0.203,0.858,,,,,,,,,,,,
1,A,4821176,2990,,,,,,,10.977,-0.595,0.859,,,,,,,,,
1,B,4822173,3384,,,,,,,,,,,,,,,,68.312,-44.750,13.312
1,S,4822173,3384,1.120,2.400,2.400,-9.877,-0.247,0.723,,,,,,,,,,,,
1,A,4824166,2990,,,,,,,11.110,-0.566,0.721,,,,,,,,,
1,B,4824883,2710,,,,,,,,,,,,,0.000,-0.671,0.224,,,
1,S,4824883,2710,1.440,2.720,2.080,-9.967,-0.328,0.652,,,,,,,,,,,,
1,A,4827156,2990,,,,,,,10.929,-0.532,0.555,,,,,,,,,
1,B,4828268,3385,,,,,,,,,,-10.445,-0.297,0.250,,,,,,
1,S,4828268,3385,1.440,3.040,1.760,-10.133,-0.357,0.552,,,,,,,,,,,,
1,A,4830146,2990,,,,,,,10.669,-0.464,0.581,,,,,,,,,
1,B,4830977,2709,,,,,,,,,,,,,,,,68.562,-46.000,13.375
1,S,4830977,2709,1.120,3.360,1.760,-10.148,-0.323,0.443,,,,,,,,,,,,
1,A,4833136,2990,,,,,,,10.532,-0.519,0.597,,,,,,,,,
1,B,4833685,2708,,,,,,,,,,,,,0.000,0.224,-0.112,,,
1,S,4833685,2708,0.800,3.360,1.760,-10.012,-0.263,0.372,,,,,,,,,,,,
1,A,4836126,2990,,,,,,,10.585,-0.562,0.588,,,,,,,,,
1,B,4837070,3385,,,,,,,,,,-10.301,-0.230,0.008,,,,,,
1,S,4837070,3385,0.800,2.720,2.080,-9.738,-0.233,0.383,,,,,,,,,,,,
1,A,4840112,3986,,,,,,,10.807,-0.681,0.516,,,,,,,,,
1,B,4840456,3386,,,,,,,,,,,,,,,,68.812,-46.188,13.562
1,S,4840456,3386,0.800,2.080,1.760,-9.613,-0.307,0.422,,,,,,,,,,,,
1,A,4842106,1994,,,,,,,10.927,-0.628,0.432,,,,,,,,,
1,B,4843164,2708,,,,,,,,,,,,,0.000,0.895,-0.448,,,
1,S,4843164,2708,1.120,2.400,1.440,-9.713,-0.403,0.398,,,,,,,,,,,,
1,A,4845096,2990,,,,,,,11.009,-0.672,0.379,,,,,,,,,
1,B,4846550,3386,,,,,,,,,,-10.094,-0.324,0.047,,,,,,
1,S,4846550,3386,0.800,2.400,1.120,-9.947,-0.453,0.307,,,,,,,,,,,,
1,A,4849082,3986,,,,,,,10.921,-0.805,0.470,,,,,,,,,
1,B,4849936,3386,,,,,,,,,,,,,,,,69.125,-46.938,14.188
1,S,4849936,3386,0.480,2.400,1.120,-10.123,-0.453,0.223,,,,,,,,,,,,
1,A,4851076,1994,,,,,,,10.726,-0.924,0.465,,,,,,,,,
1,B,4851967,2031,,,,,,,,,,,,,0.000,1.119,-0.895,,,
1,S,4851967,2031,1.440,2.080,1.120,-10.148,-0.477,0.217,,,,,,,,,,,,
1,A,4856059,4983,,,,,,,10.456,-1.027,0.535,,,,,,,,,
1,B,4856707,4740,,,,,,,,,,-10.488,-0.430,-0.113,,,,,,
1,S,4856707,4740,2.080,2.080,1.120,-9.893,-0.657,0.307,,,,,,,,,,,,
1,A,4859049,2990,,,,,,,10.445,-1.077,0.554,,,,,,,,,
1,B,4860092,3385,,,,,,,,,,,,,,,,68.312,-45.812,13.875
1,S,4860092,3385,0.800,2.080,1.120,-9.633,-0.787,0.343,,,,,,,,,,,,
1,A,4861043,1994,,,,,,,10.368,-1.086,0.490,,,,,,,,,
1,B,4862123,2031,,,,,,,,,,-10.199,-0.672,-0.059,,,,,,
1,S,4862123,2031,0.160,1.760,1.120,-9.543,-0.843,0.352,,,,,,,,,,,,
1,A,4865029,3986,,,,,,,10.530,-1.127,0.450,,,,,,,,,
1,B,4865509,3386,,,,,,,,,,,,,0.000,0.783,-1.119,,,
1,S,4865509,3386,0.160,1.440,1.440,-9.543,-0.917,0.357,,,,,,,,,,,,
1,A,4867022,1993,,,,,,,10.943,-1.015,0.432,,,,,,,,,
1,B,4868217,2708,,,,,,,,,,-9.965,-0.824,0.008,,,,,,
1,S,4868217,2708,0.800,1.120,1.760,-9.652,-0.968,0.338,,,,,,,,,,,,
1,A,4871009,3987,,,,,,,10.698,-1.131,0.321,,,,,,,,,
1,B,4871603,3386,,,,,,,,,,,,,,,,68.750,-45.250,13.375
1,S,4871603,3386,1.120,1.120,1.760,-9.842,-0.958,0.273,,,,,,,,,,,,
1,A,4873002,1993,,,,,,,10.814,-1.183,0.330,,,,,,,,,
1,B,4874292,2689,,,,,,,,,,,,,0.000,0.448,-0.895,,,
1,S,4874292,2689,0.800,1.120,1.760,-9.908,-0.948,0.223,,,,,,,,,,,,
1,A,4875994,2992,,,,,,,10.858,-1.206,0.383,,,,,,,,,
1,B,4877020,2728,,,,,,,,,,-10.266,-0.844,-0.105,,,,,,
1,S,4877020,2728,0.480,0.480,2.080,-9.938,-0.943,0.168,,,,,,,,,,,,
1,A,4879980,2990,,,,,,,10.824,-1.124,0.430,,,,,,,,,
1,B,4880406,3386,,,,,,,,,,,,,,,,69.062,-45.938,13.688
1,S,4880406,3386,0.800,0.480,2.720,-9.957,-0.948,0.182,,,,,,,,,,,,
1,A,4881974,1994,,,,,,,10.812,-1.030,0.477,,,,,,,,,
1,B,4883114,2708,,,,,,,,,,,,,-0.112,0.000,-0.224,,,
1,S,4883114,2708,1.440,0.800,3.360,-9.977,-0.922,0.228,,,,,,,,,,,,
1,A,4885960,3986,,,,,,,10.704,-0.837,0.586,,,,,,,,,
1,B,4886500,3386,,,,,,,,,,-10.406,-0.844,-0.191,,,,,,
1,S,4886500,3386,1.760,0.800,3.360,-9.943,-0.843,0.302,,,,,,,,,,,,
1,A,4888950,2990,,,,,,,10.707,-0.770,0.621,,,,,,,,,
1,B,4889886,3386,,,,,,,,,,,,,,,,68.812,-46.250,14.562
1,S,4889886,3386,1.120,0.160,3.360,-9.852,-0.708,0.367,,,,,,,,,,,,
1,A,4891941,2991,,,,,,,10.714,-0.638,0.611,,,,,,,,,
1,B,4892594,2708,,,,,,,,,,,,,-0.112,-0.448,0.671,,,
1,S,4892594,2708,0.160,0.160,3.360,-9.803,-0.593,0.412,,,,,,,,,,,,
1,A,4895927,3986,,,,,,,10.838,-0.414,0.636,,,,,,,,,
1,B,4896657,4063,,,,,,,,,,-10.301,-0.699,-0.020,,,,,,
1,S,4896657,4063,0.480,0.160,3.680,-9.807,-0.417,0.448,,,,,,,,,,,,
1,A,4897920,1993,,,,,,,10.856,-0.382,0.623,,,,,,,,,
1,B,4899365,2708,,,,,,,,,,,,,,,,68.812,-46.250,14.562
1,S,4899365,2708,1.120,0.480,3.040,-9.848,-0.292,0.438,,,,,,,,,,,,
1,A,4900910,2990,,,,,,,10.931,-0.289,0.619,,,,,,,,,
1,B,4901396,2031,,,,,,,,,,-10.223,-0.375,0.059,,,,,,
1,S,4901396,2031,0.800,0.160,2.720,-9.887,-0.193,0.422,,,,,,,,,,,,
1,A,4903900,2990,,,,,,,10.895,-0.147,0.599,,,,,,,,,
1,B,4904782,3386,,,,,,,,,,,,,-0.112,-0.783,1.343,,,
1,S,4904782,3386,0.480,-0.160,2.720,-9.963,-0.052,0.412,,,,,,,,,,,,
1,A,4906890,2990,,,,,,,10.746,-0.206,0.662,,,,,,,,,
1,B,4907490,2708,,,,,,,,,,-10.328,0.008,0.047,,,,,,
1,S,4907490,2708,0.480,-0.480,3.680,-9.988,0.033,0.422,,,,,,,,,,,,
1,A,4909880,2990,,,,,,,10.692,-0.184,0.695,,,,,,,,,
1,B,4910876,3386,,,,,,,,,,,,,,,,69.562,-46.312,13.438
1,S,4910876,3386,1.120,-0.480,4.000,-9.932,0.087,0.432,,,,,,,,,,,,
1,A,4912870,2990,,,,,,,10.691,-0.249,0.775,,,,,,,,,
1,B,4914261,3385,,,,,,,,,,,,,-0.112,-0.895,1.343,,,
1,S,4914261,3385,1.440,-0.160,2.720,-9.818,0.077,0.468,,,,,,,,,,,,
1,A,4915860,2990,,,,,,,10.674,-0.275,0.952,,,,,,,,,
1,B,4916971,2710,,,,,,,,,,-10.234,0.145,0.059,,,,,,
1,S,4916971,2710,1.440,-0.160,1.760,-9.758,0.048,0.537,,,,,,,,,,,,
1,A,4918850,2990,,,,,,,10.683,-0.444,0.991,,,,,,,,,
1,B,4920336,3365,,,,,,,,,,,,,,,,70.375,-46.312,12.938
1,S,4920336,3365,0.800,-0.160,1.120,-9.752,-0.007,0.647,,,,,,,,,,,,
1,A,4921840,2990,,,,,,,10.859,-0.465,0.997,,,,,,,,,
1,B,4922387,2051,,,,,,,,,,,,,0.000,-0.783,0.671,,,
1,S,4922387,2051,-0.480,0.160,0.800,-9.777,-0.087,0.748,,,,,,,,,,,,
1,A,4924830,2990,,,,,,,10.886,-0.554,0.903,,,,,,,,,
1,B,4925773,3386,,,,,,,,,,-10.145,0.039,0.297,,,,,,
1,S,4925773,3386,-0.160,1.120,0.800,-9.842,-0.207,0.792,,,,,,,,,,,,
1,A,4928816,3986,,,,,,,10.962,-0.634,0.844,,,,,,,,,
1,B,4929158,3385,,,,,,,,,,,,,,,,68.312,-46.812,14.375
1,S,4929158,3385,1.120,1.760,0.800,-9.947,-0.307,0.748,,,,,,,,,,,,
1,A,4930810,1994,,,,,,,10.944,-0.660,0.770,,,,,,,,,
1,B,4931867,2709,,,,,,,,,,,,,0.000,-0.224,-0.112,,,
1,S,4931867,2709,1.440,2.080,0.800,-10.033,-0.357,0.677,,,,,,,,,,,,
1,A,4934796,3986,,,,,,,10.896,-0.709,0.780,,,,,,,,,
1,B,4935930,4063,,,,,,,,,,-10.316,-0.219,0.430,,,,,,
1,S,4935930,4063,1.120,1.760,1.120,-10.088,-0.398,0.598,,,,,,,,,,,,
1,A,4937786,2990,,,,,,,10.845,-0.666,0.746,,,,,,,,,
1,B,4938638,2708,,,,,,,,,,,,,,,,68.312,-46.812,14.375
1,S,4938638,2708,0.800,1.440,1.120,-10.068,-0.412,0.562,,,,,,,,,,,,
1,A,4939779,1993,,,,,,,10.764,-0.649,0.775,,,,,,,,,
1,B,4941346,2708,,,,,,,,,,-10.496,-0.344,0.230,,,,,,
1,S,4941346,2708,0.480,1.440,0.800,-9.998,-0.448,0.542,,,,,,,,,,,,
1,A,4943766,3987,,,,,,,10.775,-0.779,0.779,,,,,,,,,
1,B,4944054,2708,,,,,,,,,,,,,0.000,0.448,-0.671,,,
1,S,4944054,2708,1.120,2.080,0.800,-9.932,-0.477,0.552,,,,,,,,,,,,
1,A,4945759,1993,,,,,,,10.771,-0.836,0.643,,,,,,,,,
1,B,4946763,2709,,,,,,,,,,-10.359,-0.422,0.172,,,,,,
1,S,4946763,2709,1.760,2.400,1.120,-9.912,-0.492,0.573,,,,,,,,,,,,
1,A,4949776,4017,,,,,,,10.796,-0.829,0.518,,,,,,,,,
1,B,4950148,3385,,,,,,,,,,,,,,,,69.562,-45.312,12.875
1,S,4950148,3385,2.080,2.400,1.440,-9.922,-0.532,0.547,,,,,,,,,,,,
1,A,4952736,2960,,,,,,,10.866,-0.688,0.446,,,,,,,,,
1,B,4953534,3386,,,,,,,,,,,,,-0.112,1.119,-0.783,,,
1,S,4953534,3386,2.080,2.400,1.760,-9.928,-0.578,0.438,,,,,,,,,,,,
1,A,4954729,1993,,,,,,,10.837,-0.682,0.355,,,,,,,,,
1,B,4956242,2708,,,,,,,,,,-10.332,-0.527,0.145,,,,,,
1,S,4956242,2708,1.440,2.080,1.760,-9.943,-0.557,0.318,,,,,,,,,,,,
1,A,4958716,3987,,,,,,,10.685,-0.688,0.175,,,,,,,,,
1,B,4959629,3387,,,,,,,,,,,,,,,,69.625,-45.750,13.000
1,S,4959629,3387,1.120,1.440,1.760,-9.928,-0.477,0.177,,,,,,,,,,,,
1,A,4960709,1993,,,,,,,10.641,-0.717,0.158,,,,,,,,,
1,B,4961660,2031,,,,,,,,,,-10.324,-0.422,-0.145,,,,,,
1,S,4961660,2031,1.120,1.440,1.440,-9.883,-0.448,0.098,,,,,,,,,,,,
1,A,4964696,3987,,,,,,,10.585,-0.704,0.192,,,,,,,,,
1,B,4965045,3385,,,,,,,,,,,,,0.000,1.231,-0.671,,,
1,S,4965045,3385,1.120,1.120,1.760,-9.783,-0.443,0.003,,,,,,,,,,,,
1,A,4967686,2990,,,,,,,10.612,-0.740,0.189,,,,,,,,,
1,B,4968431,3386,,,,,,,,,,-10.145,-0.422,-0.375,,,,,,
1,S,4968431,3386,0.480,0.480,1.760,-9.713,-0.487,-0.018,,,,,,,,,,,,
1,A,4970676,2990,,,,,,,10.648,-0.751,0.223,,,,,,,,,
1,B,4971817,3386,,,,,,,,,,,,,,,,69.125,-46.375,13.812
1,S,4971817,3386,-0.480,-0.160,2.080,-9.707,-0.527,0.022,,,,,,,,,,,,
1,A,4973666,2990,,,,,,,10.715,-0.818,0.307,,,,,,,,,
1,B,4974525,2708,,,,,,,,,,,,,0.000,0.783,-0.336,,,
1,S,4974525,2708,-0.160,-0.480,2.080,-9.738,-0.547,0.062,,,,,,,,,,,,
1,A,4976656,2990,,,,,,,10.726,-0.851,0.373,,,,,,,,,
1,B,4977911,3386,,,,,,,,,,-10.133,-0.508,-0.297,,,,,,
1,S,4977911,3386,0.480,-0.800,2.400,-9.787,-0.578,0.122,,,,,,,,,,,,
1,A,4980649,3993,,,,,,,10.742,-0.921,0.542,,,,,,,,,
1,B,4981296,3385,,,,,,,,,,,,,,,,69.000,-46.000,13.000
1,S,4981296,3385,1.120,-0.800,2.400,-9.838,-0.613,0.207,,,,,,,,,,,,
1,A,4982635,1986,,,,,,,10.796,-0.948,0.627,,,,,,,,,
1,B,4983327,2031,,,,,,,,,,,,,0.000,0.000,-0.112,,,
1,S,4983327,2031,0.800,-0.480,2.400,-9.857,-0.647,0.268,,,,,,,,,,,,
1,A,4985625,2990,,,,,,,10.803,-0.929,0.711,,,,,,,,,
1,B,4986713,3386,,,,,,,,,,-10.246,-0.602,-0.105,,,,,,
1,S,4986713,3386,0.480,-0.800,2.720,-9.887,-0.703,0.383,,,,,,,,,,,,
1,A,4989612,3987,,,,,,,10.852,-0.952,0.854,,,,,,,,,
1,B,4990098,3385,,,,,,,,,,,,,,,,68.375,-45.250,13.438
1,S,4990098,3385,-0.160,-0.480,3.360,-9.928,-0.718,0.502,,,,,,,,,,,,
1,A,4991605,1993,,,,,,,10.857,-0.862,0.906,,,,,,,,,
1,B,4992807,2709,,,,,,,,,,,,,-0.112,-0.783,0.224,,,
1,S,4992807,2709,-0.480,0.160,3.680,-9.957,-0.703,0.588,,,,,,,,,,,,
1,A,4995592,3987,,,,,,,10.823,-0.819,0.927,,,,,,,,,
1,B,4996192,3385,,,,,,,,,,-10.348,-0.660,0.145,,,,,,
1,S,4996192,3385,0.160,0.800,3.360,-9.982,-0.657,0.672,,,,,,,,,,,,
1,A,4998582,2990,,,,,,,10.775,-0.722,0.956,,,,,,,,,
1,B,4999573,3381,,,,,,,,,,,,,,,,67.312,-46.000,14.875
1,S,4999573,3381,1.120,0.480,3.040,-9.963,-0.608,0.738,,,,,,,,,,,,
1,A,5007552,8970,,,,,,,10.784,-0.428,0.870,,,,,,,,,
1,B,5008381,8808,,,,,,,,,,-10.371,-0.586,0.395,,,,,,
1,S,5008381,0,1.760,0.800,3.360,-9.867,-0.343,0.738,,,,,,,,,,,,
1,A,5009545,1993,,,,,,,10.762,-0.392,0.783,,,,,,,,,
1,B,5010412,2031,,,,,,,,,,,,,0.000,-0.783,1.007,,,
1,S,5010412,2031,1.760,1.440,4.000,-9.863,-0.268,0.708,,,,,,,,,,,,
1,A,5014528,4983,,,,,,,10.756,-0.319,0.698,,,,,,,,,
1,B,5015151,4739,,,,,,,,,,-10.242,-0.105,0.270,,,,,,
1,S,5015151,4739,2.080,1.760,3.040,-9.852,-0.138,0.618,,,,,,,,,,,,
1,A,5017518,2990,,,,,,,10.723,-0.325,0.602,,,,,,,,,
1,B,5018538,3387,,,,,,,,,,,,,,,,68.625,-45.938,13.125
1,S,5018538,3387,1.440,1.120,1.760,-9.822,-0.087,0.542,,,,,,,,,,,,
1,A,5020508,2990,,,,,,,10.712,-0.358,0.516,,,,,,,,,
1,B,5021246,2708,,,,,,,,,,-10.184,-0.027,0.086,,,,,,
1,S,5021246,2708,0.160,0.800,1.440,-9.793,-0.068,0.477,,,,,,,,,,,,
1,A,5023498,2990,,,,,,,10.726,-0.442,0.478,,,,,,,,,
1,B,5024632,3386,,,,,,,,,,,,,0.112,-0.112,0.895,,,
1,S,5024632,3386,0.160,1.120,1.440,-9.783,-0.087,0.393,,,,,,,,,,,,
1,A,5025492,1994,,,,,,,10.756,-0.472,0.441,,,,,,,,,
1,B,5026663,2031,,,,,,,,,,,,,,,,69.000,-46.562,13.375
1,S,5026663,2031,0.480,1.760,1.440,-9.793,-0.122,0.343,,,,,,,,,,,,
1,A,5029478,3986,,,,,,,10.723,-0.622,0.367,,,,,,,,,
1,B,5030048,3385,,,,,,,,,,-10.180,-0.152,-0.086,,,,,,
1,S,5030048,3385,0.800,2.400,1.760,-9.812,-0.207,0.278,,,,,,,,,,,,
1,A,5031472,1994,,,,,,,10.708,-0.669,0.358,,,,,,,,,
1,B,5032079,2031,,,,,,,,,,,,,0.112,0.448,0.224,,,
1,S,5032079,2031,1.120,2.080,1.440,-9.818,-0.268,0.242,,,,,,,,,,,,
1,A,5034462,2990,,,,,,,10.703,-0.791,0.340,,,,,,,,,
1,B,5035465,3386,,,,,,,,,,,,,,,,69.062,-45.938,13.688
1,S,5035465,3386,1.440,1.440,1.120,-9.818,-0.378,0.198,,,,,,,,,,,,
1,A,5038448,3986,,,,,,,10.717,-0.901,0.350,,,,,,,,,
1,B,5038852,3387,,,,,,,,,,-10.230,-0.402,-0.152,,,,,,
1,S,5038852,3387,1.440,0.800,0.800,-9.807,-0.497,0.177,,,,,,,,,,,,
1,A,5040442,1994,,,,,,,10.722,-0.968,0.343,,,,,,,,,
1,B,5040883,2031,,,,,,,,,,,,,0.000,0.560,-0.448,,,
1,S,5040883,2031,1.440,0.480,1.120,-9.807,-0.573,0.177,,,,,,,,,,,,
1,A,5044428,3986,,,,,,,10.769,-1.055,0.395,,,,,,,,,
1,B,5045622,4739,,,,,,,,,,,,,,,,69.625,-46.312,13.375
1,S,5045622,7448,1.120,0.800,1.440,-9.898,-0.807,0.203,,,,,,,,,,,,
1,A,5047418,2990,,,,,,,10.797,-1.088,0.435,,,,,,,,,
1,B,5049007,3385,,,,,,,,,,-10.266,-0.680,-0.152,,,,,,
1,S,5049007,676,0.160,0.800,1.440,-9.908,-0.818,0.207,,,,,,,,,,,,
1,A,5050408,1993,,,,,,,10.798,-1.094,0.473,,,,,,,,,
1,B,5051039,2032,,,,,,,,,,,,,0.000,0.336,-0.783,,,
1,S,5051039,2032,0.160,0.480,2.080,-9.928,-0.853,0.228,,,,,,,,,,,,
1,A,5054395,3987,,,,,,,10.815,-1.052,0.481,,,,,,,,,
1,B,5055101,4062,,,,,,,,,,-10.328,-0.824,-0.113,,,,,,
1,S,5055101,4062,0.160,0.480,2.720,-9.947,-0.877,0.282,,,,,,,,,,,,
1,A,5056388,1993,,,,,,,10.821,-1.014,0.524,,,,,,,,,
1,B,5057811,2710,,,,,,,,,,,,,,,,67.562,-45.125,13.625
1,S,5057811,2710,1.120,0.480,3.040,-9.953,-0.858,0.312,,,,,,,,,,,,
1,A,5059378,2990,,,,,,,10.824,-0.914,0.578,,,,,,,,,
1,B,5059842,2031,,,,,,,,,,-10.348,-0.777,-0.027,,,,,,
1,S,5059842,2031,1.120,0.160,3.040,-9.947,-0.833,0.333,,,,,,,,,,,,
1,A,5062368,2990,,,,,,,10.811,-0.807,0.617,,,,,,,,,
1,B,5063227,3385,,,,,,,,,,,,,0.000,-0.112,-0.336,,,
1,S,5063227,3385,1.120,-0.160,3.360,-9.947,-0.752,0.362,,,,,,,,,,,,
1,A,5065358,2990,,,,,,,10.808,-0.689,0.621,,,,,,,,,
1,B,5065936,2709,,,,,,,,,,,,,,,,69.312,-46.125,13.188
1,S,5065936,2709,0.480,0.160,3.680,-9.932,-0.662,0.393,,,,,,,,,,,,
1,A,5068348,2990,,,,,,,10.789,-0.541,0.612,,,,,,,,,
1,B,5069321,3385,,,,,,,,,,-10.328,-0.516,0.078,,,,,,
1,S,5069321,3385,-0.160,0.800,3.360,-9.912,-0.527,0.432,,,,,,,,,,,,
1,A,5070341,2990,,,,,,,10.775,-0.492,0.351,,,,,,,,,
1,B,5071352,2031,,,,,,,,,,,,,0.000,-0.448,0.448,,,
1,S,5071352,2031,-0.160,1.120,3.360,-9.893,-0.432,0.448,,,,,,,,,,,,
1,A,5075324,3986,,,,,,,10.810,-0.362,0.740,,,,,,,,,
1,B,5076092,4740,,,,,,,,,,,,,,,,68.000,-45.688,13.000
1,S,5076092,4740,0.480,1.120,3.040,-9.842,-0.228,0.487,,,,,,,,,,,,
1,A,5078314,2990,,,,,,,10.816,-0.282,0.742,,,,,,,,,
1,B,5079478,3386,,,,,,,,,,-10.242,-0.145,0.098,,,,,,
1,S,5079478,3386,1.760,0.800,3.040,-9.822,-0.117,0.532,,,,,,,,,,,,
1,A,5081304,2990,,,,,,,10.846,-0.203,0.799,,,,,,,,,
1,B,5082167,2689,,,,,,,,,,,,,0.000,-0.560,1.007,,,
1,S,5082167,2689,1.440,0.480,3.040,-9.832,-0.072,0.552,,,,,,,,,,,,
1,A,5085291,3987,,,,,,,10.840,-0.196,0.839,,,,,,,,,
1,B,5086249,4082,,,,,,,,,,,,,,,,68.250,-44.312,13.250
1,S,5086249,6113,1.120,0.480,2.400,-9.912,0.033,0.618,,,,,,,,,,,,
1,A,5088281,2990,,,,,,,10.823,-0.225,0.879,,,,,,,,,
1,B,5088958,2709,,,,,,,,,,-10.258,0.039,0.199,,,,,,
1,S,5088958,678,1.120,0.480,2.080,-9.912,0.037,0.627,,,,,,,,,,,,
1,A,5090274,1993,,,,,,,10.826,-0.255,0.901,,,,,,,,,
1,B,5090990,2032,,,,,,,,,,,,,0.000,-0.448,0.783,,,
1,S,5090990,2032,1.120,0.480,2.080,-9.918,0.037,0.652,,,,,,,,,,,,
1,A,5094261,3987,,,,,,,10.807,-0.359,0.837,,,,,,,,,
1,B,5095729,4739,,,,,,,,,,-10.309,0.113,0.277,,,,,,
1,S,5095729,4739,1.440,1.440,1.440,-9.902,0.003,0.677,,,,,,,,,,,,
1,A,5097251,2990,,,,,,,10.814,-0.480,0.844,,,,,,,,,
1,B,5097761,2032,,,,,,,,,,-10.301,-0.059,0.297,,,,,,
1,S,5097761,2032,0.800,1.760,1.120,-9.902,-0.043,0.672,,,,,,,,,,,,
1,A,5100241,2990,,,,,,,10.788,-0.571,0.841,,,,,,,,,
1,B,5101145,3384,,,,,,,,,,,,,,,,67.562,-45.125,13.625
1,S,5101145,3384,0.480,2.080,0.800,-9.898,-0.163,0.652,,,,,,,,,,,,
1,A,5103231,2990,,,,,,,10.771,-0.649,0.783,,,,,,,,,
1,B,5103855,2710,,,,,,,,,,,,,0.000,-0.112,0.112,,,
1,S,5103855,2710,0.800,2.080,0.800,-9.893,-0.258,0.632,,,,,,,,,,,,
1,A,5106221,2990,,,,,,,10.787,-0.744,0.771,,,,,,,,,
1,B,5107240,3385,,,,,,,,,,,,,,,,68.000,-45.625,13.625
1,S,5107240,3385,1.760,2.080,0.800,-9.883,-0.367,0.608,,,,,,,,,,,,
1,A,5109211,2990,,,,,,,10.766,-0.808,0.762,,,,,,,,,
1,B,5110626,3386,,,,,,,,,,-10.297,-0.316,0.258,,,,,,
1,S,5110626,3386,1.760,1.760,0.800,-9.873,-0.477,0.578,,,,,,,,,,,,
1,A,5113197,3986,,,,,,,10.779,-0.860,0.659,,,,,,,,,
1,B,5114011,3385,,,,,,,,,,,,,0.112,0.336,-0.671,,,
1,S,5114011,3385,1.440,2.080,0.480,-9.873,-0.578,0.557,,,,,,,,,,,,
1,A,5116187,2990,,,,,,,10.782,-0.874,0.640,,,,,,,,,
1,B,5117397,3386,,,,,,,,,,-10.262,-0.566,0.230,,,,,,
1,S,5117397,3386,1.440,1.760,1.120,-9.893,-0.637,0.522,,,,,,,,,,,,
1,A,5120174,3987,,,,,,,10.756,-0.885,0.529,,,,,,,,,
1,B,5120783,3386,,,,,,,,,,,,,,,,67.812,-45.312,13.188
1,S,5120783,3386,1.120,1.760,1.440,-9.902,-0.667,0.468,,,,,,,,,,,,
1,A,5122167,1993,,,,,,,10.721,-0.907,0.504,,,,,,,,,
1,B,5122814,2031,,,,,,,,,,,,,0.000,0.671,-1.007,,,
1,S,5122814,2031,1.440,1.760,1.440,-9.898,-0.682,0.432,,,,,,,,,,,,
1,A,5125157,2990,,,,,,,10.725,-0.897,0.444,,,,,,,,,
1,B,5126199,3385,,,,,,,,,,-10.285,-0.641,0.098,,,,,,
1,S,5126199,3385,1.440,2.400,2.080,-9.863,-0.688,0.367,,,,,,,,,,,,
1,A,5129144,3987,,,,,,,10.707,-0.851,0.399,,,,,,,,,
1,B,5129585,3386,,,,,,,,,,,,,,,,68.000,-45.188,13.562
1,S,5129585,3386,1.440,2.400,2.720,-9.832,-0.662,0.302,,,,,,,,,,,,
1,A,5131137,1993,,,,,,,10.697,-0.818,0.358,,,,,,,,,
1,B,5132293,2708,,,,,,,,,,,,,0.000,0.783,-0.783,,,
1,S,5132293,2708,1.440,2.080,2.720,-9.822,-0.642,0.253,,,,,,,,,,,,
1,A,5136131,4994,,,,,,,10.748,-0.776,0.343,,,,,,,,,
1,B,5136356,4063,,,,,,,,,,-10.234,-0.621,-0.059,,,,,,
1,S,5136356,4063,1.440,1.120,2.080,-9.818,-0.603,0.193,,,,,,,,,,,,
1,A,5138114,1983,,,,,,,10.770,-0.747,0.334,,,,,,,,,
1,B,5139064,2708,,,,,,,,,,-10.246,-0.535,-0.145,,,,,,
1,S,5139064,2708,1.120,1.120,2.080,-9.832,-0.573,0.168,,,,,,,,,,,,
1,A,5141104,2990,,,,,,,10.769,-0.713,0.317,,,,,,,,,
1,B,5142450,3386,,,,,,,,,,,,,,,,68.875,-46.625,13.688
1,S,5142450,5418,1.440,1.120,3.040,-9.873,-0.517,0.152,,,,,,,,,,,,
1,A,5144094,2990,,,,,,,10.797,-0.721,0.361,,,,,,,,,
1,B,5145158,2708,,,,,,,,,,,,,-0.112,0.671,-0.224,,,
1,S,5145158,676,1.760,0.480,3.040,-9.877,-0.512,0.152,,,,,,,,,,,,
1,A,5147084,2990,,,,,,,10.776,-0.740,0.428,,,,,,,,,
1,B,5148544,3386,,,,,,,,,,-10.281,-0.469,-0.172,,,,,,
1,S,5148544,3386,1.760,0.160,2.720,-9.893,-0.492,0.193,,,,,,,,,,,,
1,A,5151070,3986,,,,,,,10.100,-0.410,0.527,,,,,,,,,
1,B,5151252,2708,,,,,,,,,,,,,,,,68.062,-44.000,12.750
1,S,5151252,2708,2.080,0.480,3.040,-9.863,-0.502,0.233,,,,,,,,,,,,
1,A,5153063,1993,,,,,,,10.354,0.257,0.555,,,,,,,,,
1,B,5153962,2710,,,,,,,,,,,,,-0.112,0.112,0.224,,,
1,S,5153962,2710,2.080,1.120,3.680,-9.703,-0.453,0.292,,,,,,,,,,,,
1,A,5156053,3987,,,,,,,11.484,0.083,0.714,,,,,,,,,
1,B,5157347,3385,,,,,,,,,,-10.074,-0.363,-0.059,,,,,,
1,S,5157347,3385,1.760,0.800,4.320,-9.498,-0.003,0.378,,,,,,,,,,,,
1,A,5160040,2990,,,,,,,11.325,-0.456,0.426,,,,,,,,,
1,B,5160733,3386,,,,,,,,,,,,,,,,68.500,-45.562,13.250
1,S,5160733,3386,1.440,0.160,3.360,-9.793,0.432,0.393,,,,,,,,,,,,
1,A,5162033,1993,,,,,,,11.088,-1.002,0.251,,,,,,,,,
1,B,5163441,2708,,,,,,,,,,,,,0.000,-0.336,0.448,,,
1,S,5163441,2708,1.120,0.160,2.080,-10.242,0.307,0.372,,,,,,,,,,,,
1,A,5166020,3987,,,,,,,10.719,-1.209,0.858,,,,,,,,,
1,B,5166827,3386,,,,,,,,,,-10.383,0.441,-0.020,,,,,,
1,S,5166827,3386,0.800,0.480,0.800,-10.422,-0.393,0.287,,,,,,,,,,,,
1,A,5169010,2990,,,,,,,10.500,-1.277,1.209,,,,,,,,,
1,B,5170212,3385,,,,,,,,,,,,,,,,68.625,-45.375,13.625
1,S,5170212,3385,0.800,0.160,0.800,-10.092,-1.012,0.422,,,,,,,,,,,,
1,A,5172000,2990,,,,,,,10.643,-1.050,1.067,,,,,,,,,
1,B,5172243,2031,,,,,,,,,,,,,-0.112,-0.560,-0.112,,,
1,S,5172243,2031,1.120,0.480,1.440,-9.822,-1.153,0.647,,,,,,,,,,,,
1,A,5175988,3988,,,,,,,10.941,-0.865,0.617,,,,,,,,,
1,B,5176984,4741,,,,,,,,,,-10.527,-0.785,0.047,,,,,,
1,S,5176984,4741,1.120,1.120,2.080,-9.643,-0.922,0.948,,,,,,,,,,,,
1,A,5177981,1993,,,,,,,10.959,-0.776,0.540,,,,,,,,,
1,B,5179014,2030,,,,,,,,,,,,,,,,68.625,-45.375,13.625
1,S,5179014,2030,1.440,1.440,2.400,-9.787,-0.748,0.812,,,,,,,,,,,,
1,A,5180971,2990,,,,,,,10.991,-0.759,0.754,,,,,,,,,
1,B,5181723,2709,,,,,,,,,,-10.148,-0.805,0.574,,,,,,
1,S,5181723,2709,1.120,1.760,2.080,-10.012,-0.583,0.537,,,,,,,,,,,,
1,A,5183961,2990,,,,,,,10.889,-0.645,0.744,,,,,,,,,
1,B,5185108,3385,,,,,,,,,,,,,-0.112,-0.336,-0.224,,,
1,S,5185108,3385,0.800,1.440,1.760,-10.137,-0.497,0.398,,,,,,,,,,,,
1,A,5186951,2990,,,,,,,10.732,-0.640,0.594,,,,,,,,,
1,B,5187818,2710,,,,,,,,,,-10.484,-0.480,0.105,,,,,,
1,S,5187818,2710,0.480,1.440,2.400,-10.082,-0.463,0.468,,,,,,,,,,,,
1,A,5189941,2990,,,,,,,10.575,-0.665,0.506,,,,,,,,,
1,B,5191202,3384,,,,,,,,,,,,,,,,68.250,-44.812,12.688
1,S,5191202,3384,0.800,2.080,2.720,-9.902,-0.417,0.517,,,,,,,,,,,,
1,A,5192931,2990,,,,,,,10.645,-0.623,0.516,,,,,,,,,
1,B,5193234,2032,,,,,,,,,,,,,-0.112,0.112,0.000,,,
1,S,5193234,2032,0.800,2.080,2.400,-9.787,-0.407,0.468,,,,,,,,,,,,
1,A,5195921,2990,,,,,,,10.670,-0.616,0.548,,,,,,,,,
1,B,5196620,3386,,,,,,,,,,-10.191,-0.363,0.059,,,,,,
1,S,5196620,3386,0.800,2.080,1.760,-9.678,-0.398,0.352,,,,,,,,,,,,
1,A,5198911,2990,,,,,,,10.721,-0.674,0.510,,,,,,,,,
1,B,5200005,3385,,,,,,,,,,,,,,,,68.250,-45.312,13.750
1,S,5200005,3385,1.120,1.440,2.080,-9.703,-0.403,0.323,,,,,,,,,,,,
1,A,5201901,2990,,,,,,,10.725,-0.656,0.380,,,,,,,,,
1,B,5202714,2709,,,,,,,,,,,,,-0.112,0.560,0.000,,,
1,S,5202714,2709,0.800,1.440,2.400,-9.783,-0.417,0.323,,,,,,,,,,,,
1,A,5205888,3987,,,,,,,10.694,-0.651,0.379,,,,,,,,,
1,B,5206777,4063,,,,,,,,,,-10.148,-0.375,-0.008,,,,,,
1,S,5206777,4063,0.800,1.440,1.760,-9.857,-0.432,0.268,,,,,,,,,,,,
1,A,5208878,2990,,,,,,,10.778,-0.720,0.458,,,,,,,,,
1,B,5209483,2706,,,,,,,,,,,,,,,,68.250,-45.312,13.750
1,S,5209483,4739,1.120,1.120,1.440,-9.822,-0.427,0.198,,,,,,,,,,,,
1,A,5210871,1993,,,,,,,10.709,-0.764,0.444,,,,,,,,,
1,B,5212193,2710,,,,,,,,,,,,,0.000,0.671,0.000,,,
1,S,5212193,677,1.120,1.120,1.760,-9.818,-0.432,0.198,,,,,,,,,,,,
1,A,5215854,4983,,,,,,,10.770,-0.801,0.344,,,,,,,,,
1,B,5216256,4063,,,,,,,,,,-10.219,-0.375,-0.125,,,,,,
1,S,5216256,4063,1.120,1.120,2.400,-9.838,-0.497,0.237,,,,,,,,,,,,
1,A,5217848,1994,,,,,,,10.785,-0.747,0.418,,,,,,,,,
1,B,5218965,2709,,,,,,,,,,,,,,,,68.250,-45.312,13.750
1,S,5218965,2709,0.800,1.120,2.080,-9.863,-0.532,0.242,,,,,,,,,,,,
1,A,5220841,2993,,,,,,,10.778,-0.838,0.421,,,,,,,,,
1,B,5220997,2032,,,,,,,,,,-10.238,-0.461,-0.105,,,,,,
1,S,5220997,2032,0.480,0.800,1.440,-9.883,-0.542,0.233,,,,,,,,,,,,
1,A,5223828,2987,,,,,,,10.781,-0.788,0.442,,,,,,,,,
1,B,5224381,3384,,,,,,,,,,,,,0.112,0.448,-0.112,,,
1,S,5224381,3384,0.160,0.480,1.120,-9.893,-0.542,0.217,,,,,,,,,,,,
1,A,5225821,1993,,,,,,,10.812,-0.821,0.433,,,,,,,,,
1,B,5227089,2708,,,,,,,,,,-10.301,-0.527,-0.125,,,,,,
1,S,5227089,2708,0.800,0.480,1.760,-9.898,-0.547,0.217,,,,,,,,,,,,
1,A,5229807,3986,,,,,,,10.711,-0.844,0.490,,,,,,,,,
1,B,5230465,3376,,,,,,,,,,,,,,,,68.125,-46.562,13.875
1,S,5230465,3376,0.800,0.800,2.720,-9.902,-0.583,0.233,,,,,,,,,,,,
1,A,5232797,2990,,,,,,,10.776,-0.862,0.623,,,,,,,,,
1,B,5233862,3397,,,,,,,,,,,,,0.000,-0.112,-0.112,,,
1,S,5233862,3397,0.800,0.160,2.720,-9.887,-0.627,0.287,,,,,,,,,,,,
1,A,5235787,2990,,,,,,,10.788,-0.871,0.731,,,,,,,,,
1,B,5236570,2708,,,,,,,,,,-10.285,-0.566,-0.086,,,,,,
1,S,5236570,2708,1.440,-0.160,2.400,-9.883,-0.637,0.367,,,,,,,,,,,,
1,A,5238777,2990,,,,,,,10.791,-0.861,0.780,,,,,,,,,
1,B,5239278,2708,,,,,,,,,,,,,,,,68.188,-45.438,14.000
1,S,5239278,2708,1.440,-0.160,2.400,-9.887,-0.632,0.463,,,,,,,,,,,,
1,A,5240770,1993,,,,,,,10.834,-0.811,0.790,,,,,,,,,
1,B,5241987,2709,,,,,,,,,,-10.277,-0.613,0.133,,,,,,
1,S,5241987,2709,0.800,0.160,3.040,-9.898,-0.632,0.552,,,,,,,,,,,,
1,A,5244757,3987,,,,,,,10.831,-0.698,0.766,,,,,,,,,
1,B,5245367,3380,,,,,,,,,,,,,-0.112,-0.560,0.112,,,
1,S,5245367,3380,0.800,0.480,3.360,-9.922,-0.608,0.613,,,,,,,,,,,,
1,A,5246750,1993,,,,,,,10.801,-0.707,0.821,,,,,,,,,
1,B,5248080,2713,,,,,,,,,,,,,,,,67.750,-45.438,13.438
1,S,5248080,2713,0.480,0.800,3.360,-9.938,-0.547,0.623,,,,,,,,,,,,
1,A,5250737,3987,,,,,,,10.805,-0.568,0.765,,,,,,,,,
1,B,5251466,3386,,,,,,,,,,-10.352,-0.547,0.250,,,,,,
1,S,5251466,3386,0.480,1.120,3.040,-9.932,-0.448,0.603,,,,,,,,,,,,
1,A,5253727,2990,,,,,,,10.791,-0.545,0.752,,,,,,,,,
1,B,5254852,3386,,,,,,,,,,,,,-0.112,-0.671,0.448,,,
1,S,5254852,3386,0.160,0.800,2.400,-9.918,-0.343,0.588,,,,,,,,,,,,
1,A,5256717,2990,,,,,,,10.750,-0.457,0.750,,,,,,,,,
1,B,5256884,2032,,,,,,,,,,-10.328,-0.316,0.219,,,,,,
1,S,5256884,2032,0.160,1.120,2.400,-9.908,-0.297,0.573,,,,,,,,,,,,
1,A,5259707,2990,,,,,,,10.758,-0.404,0.729,,,,,,,,,
1,B,5260246,3362,,,,,,,,,,,,,,,,68.625,-44.875,12.562
1,S,5260246,3362,0.480,1.440,2.400,-9.873,-0.258,0.547,,,,,,,,,,,,
1,A,5261700,1993,,,,,,,10.760,-0.381,0.706,,,,,,,,,
1,B,5262978,2732,,,,,,,,,,,,,0.000,-0.560,0.895,,,
1,S,5262978,2732,0.480,1.120,3.040,-9.842,-0.228,0.542,,,,,,,,,,,,
1,A,5265687,3987,,,,,,,10.743,-0.399,0.684,,,,,,,,,
1,B,5266363,3385,,,,,,,,,,-10.242,-0.145,0.164,,,,,,
1,S,5266363,3385,0.480,0.800,3.360,-9.822,-0.177,0.532,,,,,,,,,,,,
1,A,5268677,2990,,,,,,,10.754,-0.408,0.628,,,,,,,,,
1,B,5269749,3386,,,,,,,,,,,,,,,,68.625,-44.875,12.562
1,S,5269749,3386,1.120,0.800,2.400,-9.822,-0.138,0.502,,,,,,,,,,,,
1,A,5271694,3017,,,,,,,10.799,-0.369,0.601,,,,,,,,,
1,B,5272438,2689,,,,,,,,,,,,,0.000,-0.224,0.895,,,
1,S,5272438,2689,1.120,1.120,2.080,-9.832,-0.128,0.472,,,,,,,,,,,,
1,A,5275653,3959,,,,,,,10.812,-0.394,0.678,,,,,,,,,
1,B,5276491,4053,,,,,,,,,,-10.230,-0.059,0.105,,,,,,
1,S,5276491,6113,1.440,1.120,2.400,-9.887,-0.128,0.422,,,,,,,,,,,,
1,A,5277646,1993,,,,,,,10.834,-0.424,0.682,,,,,,,,,
1,B,5279228,2737,,,,,,,,,,-10.266,-0.047,0.078,,,,,,
1,S,5279228,677,1.440,1.120,2.400,-9.893,-0.133,0.422,,,,,,,,,,,,
1,A,5281633,3987,,,,,,,10.824,-0.529,0.692,,,,,,,,,
1,B,5282614,3386,,,,,,,,,,,,,,,,69.312,-46.125,13.188
1,S,5282614,3386,1.440,0.800,2.080,-9.918,-0.172,0.458,,,,,,,,,,,,
1,A,5283626,1993,,,,,,,10.821,-0.563,0.720,,,,,,,,,
1,B,5284645,2031,,,,,,,,,,,,,0.000,0.000,0.448,,,
1,S,5284645,2031,1.120,0.480,1.440,-9.928,-0.212,0.482,,,,,,,,,,,,
1,A,5287613,3987,,,,,,,10.802,-0.669,0.722,,,,,,,,,
1,B,5288030,3385,,,,,,,,,,-10.324,-0.211,0.113,,,,,,
1,S,5288030,3385,0.800,0.800,1.440,-9.918,-0.302,0.522,,,,,,,,,,,,
1,A,5290603,2990,,,,,,,10.775,-0.688,0.717,,,,,,,,,
1,B,5291416,3386,,,,,,,,,,,,,,,,68.875,-45.625,13.188
1,S,5291416,3386,0.800,1.120,1.440,-9.893,-0.383,0.547,,,,,,,,,,,,
1,A,5293593,2990,,,,,,,10.768,-0.729,0.727,,,,,,,,,
1,B,5294124,2708,,,,,,,,,,,,,-0.112,0.112,-0.112,,,
1,S,5294124,2708,1.120,1.440,1.440,-9.887,-0.432,0.562,,,,,,,,,,,,
1,A,5296583,2990,,,,,,,10.790,-0.760,0.740,,,,,,,,,
1,B,5297510,3386,,,,,,,,,,-10.273,-0.395,0.199,,,,,,
1,S,5297510,3386,0.800,1.760,1.120,-9.898,-0.482,0.562,,,,,,,,,,,,
1,A,5299573,2990,,,,,,,10.769,-0.757,0.667,,,,,,,,,
1,B,5300896,3386,,,,,,,,,,,,,,,,69.125,-46.875,13.250
1,S,5300896,3386,-0.160,2.080,1.120,-9.902,-0.522,0.537,,,,,,,,,,,,
1,A,5302563,2990,,,,,,,10.745,-0.782,0.627,,,,,,,,,
1,B,5302928,2032,,,,,,,,,,,,,-0.112,0.224,-0.448,,,
1,S,5302928,2032,-0.480,1.760,1.440,-9.898,-0.532,0.517,,,,,,,,,,,,
1,A,5305553,2990,,,,,,,10.736,-0.718,0.585,,,,,,,,,
1,B,5306313,3385,,,,,,,,,,-10.301,-0.488,0.172,,,,,,
1,S,5306313,3385,-0.480,1.440,2.400,-9.887,-0.537,0.477,,,,,,,,,,,,
1,A,5308543,2990,,,,,,,10.713,-0.681,0.530,,,,,,,,,
1,B,5309699,3386,,,,,,,,,,,,,,,,68.938,-46.062,13.312
1,S,5309699,3386,-0.160,1.760,2.080,-9.857,-0.522,0.422,,,,,,,,,,,,
1,A,5311533,2990,,,,,,,10.707,-0.616,0.493,,,,,,,,,
1,B,5312407,2708,,,,,,,,,,,,,-0.112,0.448,-0.448,,,
1,S,5312407,2708,0.480,2.080,1.440,-9.828,-0.487,0.378,,,,,,,,,,,,
1,A,5315520,3987,,,,,,,10.707,-0.570,0.466,,,,,,,,,
1,B,5316470,4063,,,,,,,,,,-10.234,-0.469,0.066,,,,,,
1,S,5316470,4063,0.800,1.440,1.440,-9.807,-0.398,0.318,,,,,,,,,,,,
1,A,5318510,2990,,,,,,,10.709,-0.571,0.480,,,,,,,,,
1,B,5319178,2708,,,,,,,,,,,,,,,,68.938,-46.062,13.312
1,S,5319178,2708,0.480,1.440,2.080,-9.803,-0.343,0.302,,,,,,,,,,,,
1,A,5320503,1993,,,,,,,10.700,-0.587,0.451,,,,,,,,,
1,B,5321887,2709,,,,,,,,,,-10.199,-0.336,-0.020,,,,,,
1,S,5321887,5417,0.480,1.760,2.080,-9.807,-0.343,0.273,,,,,,,,,,,,
1,A,5324489,3986,,,,,,,10.747,-0.589,0.534,,,,,,,,,
1,B,5325272,3385,,,,,,,,,,,,,-0.112,0.560,-0.448,,,
1,S,5325272,677,0.480,2.080,2.080,-9.812,-0.347,0.273,,,,,,,,,,,,
1,A,5326483,1994,,,,,,,10.731,-0.598,0.507,,,,,,,,,
1,B,5327303,2031,,,,,,,,,,-10.203,-0.297,-0.066,,,,,,
1,S,5327303,2031,0.480,2.080,1.760,-9.818,-0.367,0.282,,,,,,,,,,,,
1,A,5330469,3986,,,,,,,10.823,-0.619,0.476,,,,,,,,,
1,B,5330690,3387,,,,,,,,,,,,,,,,68.625,-47.438,14.000
1,S,5330690,3387,0.160,1.440,1.760,-9.852,-0.372,0.323,,,,,,,,,,,,
1,A,5332463,1994,,,,,,,10.827,-0.652,0.485,,,,,,,,,
1,B,5333398,2708,,,,,,,,,,,,,-0.112,0.448,-0.336,,,
1,S,5333398,2708,0.480,1.120,1.760,-9.898,-0.362,0.333,,,,,,,,,,,,
1,A,5335453,2990,,,,,,,10.839,-0.774,0.532,,,,,,,,,
1,B,5336784,3386,,,,,,,,,,-10.285,-0.336,-0.039,,,,,,
1,S,5336784,3386,0.800,1.120,1.760,-9.947,-0.388,0.323,,,,,,,,,,,,
1,A,5339439,3986,,,,,,,10.821,-0.819,0.636,,,,,,,,,
1,B,5340169,3385,,,,,,,,,,,,,,,,69.812,-46.562,12.938
1,S,5340169,3385,0.800,1.440,1.760,-9.957,-0.477,0.333,,,,,,,,,,,,
1,A,5341433,1994,,,,,,,10.794,-0.771,0.622,,,,,,,,,
1,B,5342200,2031,,,,,,,,,,-10.355,-0.469,0.000,,,,,,
1,S,5342200,2031,1.120,1.440,1.760,-9.947,-0.527,0.367,,,,,,,,,,,,
1,A,5345425,3992,,,,,,,10.777,-0.837,0.697,,,,,,,,,
1,B,5345586,3386,,,,,,,,,,,,,0.000,0.112,-0.448,,,
1,S,5345586,3386,1.760,0.800,2.080,-9.912,-0.568,0.448,,,,,,,,,,,,
1,A,5347413,1988,,,,,,,10.770,-0.866,0.714,,,,,,,,,
1,B,5348294,2708,,,,,,,,,,,,,,,,69.000,-46.000,13.000
1,S,5348294,2708,2.080,0.480,2.400,-9.893,-0.578,0.497,,,,,,,,,,,,
1,A,5350402,2989,,,,,,,10.800,-0.917,0.729,,,,,,,,,
1,B,5351680,3386,,,,,,,,,,-10.312,-0.547,0.133,,,,,,
1,S,5351680,3386,1.440,0.800,2.400,-9.898,-0.603,0.537,,,,,,,,,,,,
1,A,5354389,3987,,,,,,,10.764,-0.941,0.757,,,,,,,,,
1,B,5355065,3385,,,,,,,,,,,,,-0.112,-0.112,-0.560,,,
1,S,5355065,3385,0.800,1.120,2.400,-9.912,-0.652,0.557,,,,,,,,,,,,
1,A,5357379,2990,,,,,,,10.758,-0.940,0.701,,,,,,,,,
1,B,5358451,3386,,,,,,,,,,-10.328,-0.641,0.191,,,,,,
1,S,5358451,3386,0.800,1.440,1.760,-9.918,-0.703,0.562,,,,,,,,,,,,
1,A,5360369,2990,,,,,,,10.777,-0.926,0.650,,,,,,,,,
1,B,5361837,3386,,,,,,,,,,,,,,,,68.125,-45.500,13.375
1,S,5361837,3386,0.480,1.440,1.440,-9.912,-0.728,0.547,,,,,,,,,,,,
1,A,5363359,2990,,,,,,,10.794,-0.894,0.626,,,,,,,,,
1,B,5363869,2032,,,,,,,,,,,,,-0.112,0.000,-0.336,,,
1,S,5363869,2032,0.480,1.440,1.760,-9.908,-0.728,0.522,,,,,,,,,,,,
1,A,5366349,2990,,,,,,,10.774,-0.874,0.607,,,,,,,,,
1,B,5367253,3384,,,,,,,,,,-10.312,-0.660,0.164,,,,,,
1,S,5367253,3384,0.480,1.440,3.040,-9.893,-0.693,0.468,,,,,,,,,,,,
1,A,5370335,3986,,,,,,,10.779,-0.778,0.545,,,,,,,,,
1,B,5370640,3387,,,,,,,,,,,,,,,,69.125,-45.312,13.250
1,S,5370640,3387,0.800,2.400,3.360,-9.887,-0.637,0.422,,,,,,,,,,,,
1,A,5372329,1994,,,,,,,10.773,-0.725,0.486,,,,,,,,,
1,B,5373348,2708,,,,,,,,,,,,,0.000,0.224,0.000,,,
1,S,5373348,2708,1.120,2.720,3.040,-9.893,-0.583,0.388,,,,,,,,,,,,
1,A,5376315,3986,,,,,,,10.762,-0.631,0.454,,,,,,,,,
1,B,5376734,3386,,,,,,,,,,-10.309,-0.566,0.027,,,,,,
1,S,5376734,3386,1.120,2.400,2.720,-9.893,-0.507,0.343,,,,,,,,,,,,
1,A,5379305,2990,,,,,,,10.743,-0.583,0.438,,,,,,,,,
1,B,5380119,3385,,,,,,,,,,,,,,,,69.188,-46.812,13.875
1,S,5380119,3385,1.120,1.760,2.720,-9.877,-0.438,0.307,,,,,,,,,,,,
1,A,5381298,1993,,,,,,,10.726,-0.575,0.452,,,,,,,,,
1,B,5382828,2709,,,,,,,,,,-10.262,-0.402,-0.008,,,,,,
1,S,5382828,2709,1.120,1.760,2.400,-9.857,-0.388,0.282,,,,,,,,,,,,
1,A,5385285,3987,,,,,,,10.750,-0.576,0.438,,,,,,,,,
1,B,5386193,3365,,,,,,,,,,,,,-0.112,0.448,0.448,,,
1,S,5386193,3365,0.800,1.760,2.400,-9.848,-0.352,0.268,,,,,,,,,,,,
1,A,5387278,1993,,,,,,,10.733,-0.587,0.454,,,,,,,,,
1,B,5388244,2051,,,,,,,,,,-10.230,-0.297,-0.105,,,,,,
1,S,5388244,2051,0.160,1.760,2.400,-9.842,-0.343,0.263,,,,,,,,,,,,
1,A,5391292,4014,,,,,,,10.782,-0.577,0.460,,,,,,,,,
1,B,5391630,3386,,,,,,,,,,,,,,,,68.812,-46.188,13.562
1,S,5391630,3386,0.160,2.080,2.720,-9.838,-0.343,0.268,,,,,,,,,,,,
1,A,5393258,1966,,,,,,,10.782,-0.596,0.447,,,,,,,,,
1,B,5394338,2708,,,,,,,,,,,,,0.000,0.448,0.671,,,
1,S,5394338,2708,0.800,2.080,2.720,-9.842,-0.347,0.278,,,,,,,,,,,,
1,A,5396248,2990,,,,,,,10.808,-0.652,0.461,,,,,,,,,
1,B,5397724,3386,,,,,,,,,,-10.234,-0.316,-0.086,,,,,,
1,S,5397724,3386,1.440,1.440,2.080,-9.867,-0.362,0.273,,,,,,,,,,,,
1,A,5400235,3987,,,,,,,10.763,-0.665,0.516,,,,,,,,,
1,B,5401109,3385,,,,,,,,,,,,,,,,68.750,-45.250,13.375
1,S,5401109,3385,1.120,0.800,1.440,-9.898,-0.407,0.278,,,,,,,,,,,,
1,A,5402228,1993,,,,,,,10.730,-0.708,0.599,,,,,,,,,
1,B,5403141,2032,,,,,,,,,,,,,0.000,0.112,0.560,,,
1,S,5403141,2032,0.800,0.480,1.440,-9.902,-0.427,0.297,,,,,,,,,,,,
1,A,5406215,3987,,,,,,,10.697,-0.617,0.781,,,,,,,,,
1,B,5406527,3386,,,,,,,,,,-10.312,-0.402,-0.066,,,,,,
1,S,5406527,3386,0.480,0.160,2.080,-9.873,-0.453,0.367,,,,,,,,,,,,
1,A,5409205,2990,,,,,,,10.752,-0.518,0.887,,,,,,,,,
1,B,5409913,3386,,,,,,,,,,,,,,,,69.125,-45.875,12.688
1,S,5409913,3386,0.480,0.480,2.720,-9.832,-0.432,0.497,,,,,,,,,,,,
1,A,5412195,2990,,,,,,,10.811,-0.600,0.729,,,,,,,,,
1,B,5412621,2708,,,,,,,,,,,,,0.000,-0.224,0.336,,,
1,S,5412621,2708,0.800,1.120,2.720,-9.828,-0.372,0.613,,,,,,,,,,,,
1,A,5416181,3986,,,,,,,10.785,-0.706,0.594,,,,,,,,,
1,B,5416684,4063,,,,,,,,,,-10.203,-0.336,0.172,,,,,,
1,S,5416684,4063,0.800,1.760,2.080,-9.867,-0.338,0.637,,,,,,,,,,,,
1,A,5418175,1994,,,,,,,10.759,-0.731,0.623,,,,,,,,,
1,B,5419392,2708,,,,,,,,,,-10.324,-0.355,0.199,,,,,,
1,S,5419392,2708,1.120,1.440,1.440,-9.893,-0.398,0.532,,,,,,,,,,,,
1,A,5422161,3986,,,,,,,10.783,-0.726,0.677,,,,,,,,,
1,B,5422778,3386,,,,,,,,,,,,,,,,68.500,-45.562,13.250
1,S,5422778,3386,1.120,0.480,1.440,-9.893,-0.487,0.427,,,,,,,,,,,,
1,A,5424155,1994,,,,,,,10.814,-0.663,0.676,,,,,,,,,
1,B,5425486,2708,,,,,,,,,,,,,-0.112,-0.224,0.112,,,
1,S,5425486,2708,1.120,0.160,1.440,-9.877,-0.512,0.438,,,,,,,,,,,,
1,A,5428152,3997,,,,,,,10.771,-0.620,0.691,,,,,,,,,
1,B,5428872,3386,,,,,,,,,,-10.305,-0.461,0.113,,,,,,
1,S,5428872,3386,1.120,0.480,2.080,-9.867,-0.477,0.482,,,,,,,,,,,,
1,A,5431131,2979,,,,,,,10.799,-0.604,0.668,,,,,,,,,
1,B,5432238,3366,,,,,,,,,,,,,,,,67.312,-45.500,13.812
1,S,5432238,3366,1.120,0.800,2.400,-9.877,-0.432,0.502,,,,,,,,,,,,
1,A,5433124,1993,,,,,,,10.802,-0.559,0.660,,,,,,,,,
1,B,5434288,2050,,,,,,,,,,,,,-0.112,-0.112,0.000,,,
1,S,5434288,2050,0.800,1.120,2.720,-9.893,-0.388,0.502,,,,,,,,,,,,
1,A,5437111,3987,,,,,,,10.787,-0.588,0.690,,,,,,,,,
1,B,5437675,3387,,,,,,,,,,-10.301,-0.336,0.125,,,,,,
1,S,5437675,3387,0.800,1.760,2.720,-9.902,-0.347,0.497,,,,,,,,,,,,
1,A,5440101,2990,,,,,,,10.799,-0.525,0.695,,,,,,,,,
1,B,5441059,3384,,,,,,,,,,,,,,,,68.625,-45.375,13.625
1,S,5441059,3384,1.120,1.120,2.080,-9.898,-0.333,0.507,,,,,,,,,,,,
1,A,5443091,2990,,,,,,,10.846,-0.465,0.687,,,,,,,,,
1,B,5443769,2710,,,,,,,,,,,,,-0.112,0.112,0.000,,,
1,S,5443769,2710,1.120,0.800,2.080,-9.898,-0.318,0.517,,,,,,,,,,,,
1,A,5446081,2990,,,,,,,10.842,-0.479,0.703,,,,,,,,,
1,B,5447154,3385,,,,,,,,,,-10.305,-0.305,0.164,,,,,,
1,S,5447154,6094,1.120,0.800,2.080,-9.938,-0.247,0.492,,,,,,,,,,,,
1,A,5449071,2990,,,,,,,10.852,-0.516,0.702,,,,,,,,,
1,B,5450540,3386,,,,,,,,,,,,,,,,69.688,-47.250,13.625
1,S,5450540,677,0.800,1.440,1.760,-9.943,-0.242,0.487,,,,,,,,,,,,
1,A,5452061,2990,,,,,,,10.832,-0.467,0.703,,,,,,,,,
1,B,5452571,2031,,,,,,,,,,,,,-0.112,0.224,-0.112,,,
1,S,5452571,2031,0.800,1.760,1.760,-9.953,-0.237,0.487,,,,,,,,,,,,
1,A,5456047,3986,,,,,,,10.788,-0.531,0.708,,,,,,,,,
1,B,5457311,4740,,,,,,,,,,-10.344,-0.191,0.133,,,,,,
1,S,5457311,4740,1.120,1.440,0.800,-9.938,-0.247,0.522,,,,,,,,,,,,
1,A,5459037,2990,,,,,,,10.765,-0.565,0.727,,,,,,,,,
1,B,5459342,2031,,,,,,,,,,,,,,,,69.688,-47.250,13.625
1,S,5459342,2031,1.440,1.120,0.800,-9.922,-0.253,0.532,,,,,,,,,,,,
1,A,5461031,1994,,,,,,,10.723,-0.615,0.740,,,,,,,,,
1,B,5462050,2708,,,,,,,,,,-10.316,-0.211,0.164,,,,,,
1,S,5462050,2708,1.120,1.440,1.120,-9.893,-0.278,0.527,,,,,,,,,,,,
1,A,5465005,3974,,,,,,,10.729,-0.685,0.721,,,,,,,,,
1,B,5465424,3374,,,,,,,,,,,,,0.000,0.448,-0.336,,,
1,S,5465424,3374,0.800,1.760,1.440,-9.857,-0.338,0.532,,,,,,,,,,,,
1,A,5467011,2006,,,,,,,10.718,-0.697,0.691,,,,,,,,,
1,B,5468144,2720,,,,,,,,,,-10.262,-0.305,0.152,,,,,,
1,S,5468144,2720,0.160,2.080,1.440,-9.832,-0.388,0.542,,,,,,,,,,,,
1,A,5470001,2990,,,,,,,10.760,-0.702,0.669,,,,,,,,,
1,B,5471530,3386,,,,,,,,,,,,,,,,68.938,-48.125,13.625
1,S,5471530,3386,-0.160,2.400,1.120,-9.832,-0.432,0.537,,,,,,,,,,,,
1,A,5472992,2991,,,,,,,10.817,-0.681,0.591,,,,,,,,,
1,B,5473562,2032,,,,,,,,,,,,,0.000,0.560,-0.448,,,
1,S,5473562,2032,0.160,2.400,0.800,-9.852,-0.448,0.512,,,,,,,,,,,,
1,A,5475982,2990,,,,,,,10.809,-0.708,0.545,,,,,,,,,
1,B,5476948,3386,,,,,,,,,,-10.246,-0.410,0.133,,,,,,
1,S,5476948,3386,0.480,2.400,0.800,-9.893,-0.458,0.453,,,,,,,,,,,,
1,A,5479968,3986,,,,,,,10.738,-0.774,0.497,,,,,,,,,
1,B,5480303,3355,,,,,,,,,,,,,,,,69.125,-45.312,13.250
1,S,5480303,3355,0.800,2.080,0.800,-9.928,-0.472,0.393,,,,,,,,,,,,
1,A,5481962,1994,,,,,,,10.746,-0.859,0.410,,,,,,,,,
1,B,5483041,2738,,,,,,,,,,,,,0.000,0.783,-0.671,,,
1,S,5483041,2738,0.800,2.080,0.800,-9.918,-0.507,0.343,,,,,,,,,,,,
1,A,5485948,4983,,,,,,,10.701,-0.893,0.345,,,,,,,,,
1,B,5487104,4063,,,,,,,,,,-10.312,-0.449,0.020,,,,,,
1,S,5487104,4063,0.800,2.080,1.440,-9.873,-0.588,0.247,,,,,,,,,,,,
1,A,5488939,1994,,,,,,,10.665,-0.893,0.425,,,,,,,,,
1,B,5489813,2709,,,,,,,,,,-10.258,-0.566,-0.113,,,,,,
1,S,5489813,2709,0.800,1.440,2.080,-9.842,-0.627,0.198,,,,,,,,,,,,
1,A,5491929,2990,,,,,,,10.741,-0.626,0.530,,,,,,,,,
1,B,5492521,2708,,,,,,,,,,,,,,,,68.812,-45.188,13.062
1,S,5492521,2708,1.120,1.120,2.400,-9.818,-0.642,0.198,,,,,,,,,,,,
1,A,5493922,1993,,,,,,,10.791,-0.619,0.582,,,,,,,,,
1,B,5494553,2032,,,,,,,,,,,,,0.000,0.783,-0.560,,,
1,S,5494553,2032,1.760,1.120,2.720,-9.807,-0.608,0.242,,,,,,,,,,,,
1,A,5496912,2990,,,,,,,10.792,-0.727,0.449,,,,,,,,,
1,B,5497939,3386,,,,,,,,,,-10.234,-0.469,-0.066,,,,,,
1,S,5497939,3386,1.760,1.440,2.400,-9.828,-0.472,0.338,,,,,,,,,,,,
1,A,5500899,3987,,,,,,,10.697,-0.948,0.419,,,,,,,,,
1,B,5501324,3385,,,,,,,,,,,,,,,,69.250,-45.688,13.062
1,S,5501324,3385,1.760,0.800,1.440,-9.883,-0.422,0.328,,,,,,,,,,,,
1,A,5502892,1993,,,,,,,10.745,-0.932,0.452,,,,,,,,,
1,B,5504032,2708,,,,,,,,,,,,,0.000,0.560,-0.336,,,
1,S,5504032,2708,0.800,0.800,1.760,-9.887,-0.527,0.268,,,,,,,,,,,,
1,A,5506879,3987,,,,,,,10.721,-0.854,0.483,,,,,,,,,
1,B,5507418,3386,,,,,,,,,,-10.242,-0.547,-0.078,,,,,,
1,S,5507418,3386,0.160,0.800,2.080,-9.863,-0.677,0.242,,,,,,,,,,,,
1,A,5509869,2990,,,,,,,10.748,-0.768,0.523,,,,,,,,,
1,B,5510804,3386,,,,,,,,,,,,,,,,68.312,-44.750,13.312
1,S,5510804,3386,0.480,0.800,2.400,-9.848,-0.682,0.278,,,,,,,,,,,,
1,A,5511862,1993,,,,,,,10.772,-0.658,0.495,,,,,,,,,
1,B,5512835,2031,,,,,,,,,,,,,0.000,0.224,-0.112,,,
1,S,5512835,2031,0.480,0.800,2.400,-9.848,-0.623,0.307,,,,,,,,,,,,
1,A,5516845,4983,,,,,,,10.777,-0.613,0.509,,,,,,,,,
1,B,5517575,4740,,,,,,,,,,-10.246,-0.586,-0.047,,,,,,
1,S,5517575,4740,0.480,0.480,2.080,-9.877,-0.453,0.343,,,,,,,,,,,,
1,A,5518839,1994,,,,,,,10.765,-0.618,0.577,,,,,,,,,
1,B,5520283,2708,,,,,,,,,,-10.266,-0.355,-0.020,,,,,,
1,S,5520283,2708,0.800,0.800,2.080,-9.893,-0.393,0.347,,,,,,,,,,,,
1,A,5522826,3987,,,,,,,10.768,-0.594,0.636,,,,,,,,,
1,B,5522992,2709,,,,,,,,,,,,,,,,68.500,-46.625,13.812
1,S,5522992,2709,1.120,0.800,1.760,-9.887,-0.362,0.367,,,,,,,,,,,,
1,A,5525816,2990,,,,,,,10.765,-0.592,0.673,,,,,,,,,
1,B,5526377,3385,,,,,,,,,,,,,0.112,-0.112,0.224,,,
1,S,5526377,3385,1.120,0.800,1.760,-9.873,-0.357,0.422,,,,,,,,,,,,
1,A,5528806,2990,,,,,,,10.743,-0.594,0.665,,,,,,,,,
1,B,5529763,3386,,,,,,,,,,-10.246,-0.316,0.086,,,,,,
1,S,5529763,3386,1.120,0.800,1.440,-9.857,-0.362,0.472,,,,,,,,,,,,
1,A,5533789,4983,,,,,,,10.844,-0.552,0.652,,,,,,,,,
1,B,5534503,4740,,,,,,,,,,,,,,,,68.500,-45.000,12.875
1,S,5534503,4740,0.800,0.800,2.080,-9.863,-0.357,0.502,,,,,,,,,,,,
1,A,5535782,1993,,,,,,,10.827,-0.571,0.691,,,,,,,,,
1,B,5536534,2031,,,,,,,,,,,,,0.000,-0.224,0.224,,,
1,S,5536534,2031,0.480,1.440,2.400,-9.883,-0.347,0.497,,,,,,,,,,,,
1,A,5538772,2990,,,,,,,10.833,-0.574,0.657,,,,,,,,,
1,B,5539242,2708,,,,,,,,,,-10.281,-0.316,0.133,,,,,,
1,S,5539242,2708,0.160,2.080,2.080,-9.918,-0.323,0.477,,,,,,,,,,,,
1,A,5541762,2990,,,,,,,10.811,-0.634,0.647,,,,,,,,,
1,B,5542628,3386,,,,,,,,,,,,,,,,68.750,-46.312,13.875
1,S,5542628,3386,0.480,2.400,1.120,-9.943,-0.307,0.453,,,,,,,,,,,,
1,A,5544752,2990,,,,,,,10.829,-0.573,0.739,,,,,,,,,
1,B,5545336,2708,,,,,,,,,,,,,0.000,-0.112,0.000,,,
1,S,5545336,2708,0.480,2.080,0.480,-9.943,-0.318,0.458,,,,,,,,,,,,
1,A,5547742,2990,,,,,,,10.805,-0.668,0.722,,,,,,,,,
1,B,5548723,3387,,,,,,,,,,-10.328,-0.250,0.098,,,,,,
1,S,5548723,6095,0.480,1.440,1.760,-9.912,-0.378,0.527,,,,,,,,,,,,
1,A,5550732,2990,,,,,,,10.796,-0.668,0.633,,,,,,,,,
1,B,5552107,3384,,,,,,,,,,,,,,,,69.938,-46.438,12.625
1,S,5552107,676,0.800,1.440,1.760,-9.912,-0.388,0.532,,,,,,,,,,,,
1,A,5553722,2990,,,,,,,10.770,-0.664,0.580,,,,,,,,,
1,B,5554139,2032,,,,,,,,,,,,,0.000,0.112,-0.336,,,
1,S,5554139,2032,0.800,1.760,1.760,-9.908,-0.412,0.522,,,,,,,,,,,,
1,A,5556712,2990,,,,,,,10.791,-0.797,0.595,,,,,,,,,
1,B,5557525,3386,,,,,,,,,,-10.312,-0.324,0.172,,,,,,
1,S,5557525,3386,0.480,2.400,1.440,-9.902,-0.448,0.453,,,,,,,,,,,,
1,A,5559702,2990,,,,,,,10.717,-0.809,0.543,,,,,,,,,
1,B,5560911,3386,,,,,,,,,,,,,,,,68.125,-44.938,12.938
1,S,5560911,3386,0.480,2.080,1.120,-9.883,-0.492,0.388,,,,,,,,,,,,
1,A,5562691,2989,,,,,,,10.682,-0.877,0.495,,,,,,,,,
1,B,5563619,2708,,,,,,,,,,,,,-0.112,0.336,-0.671,,,
1,S,5563619,2708,0.800,2.080,1.120,-9.852,-0.537,0.362,,,,,,,,,,,,
1,A,5565681,2990,,,,,,,10.683,-0.847,0.513,,,,,,,,,
1,B,5567004,3385,,,,,,,,,,-10.305,-0.461,0.059,,,,,,
1,S,5567004,3385,1.120,1.760,0.800,-9.832,-0.637,0.357,,,,,,,,,,,,
1,A,5569668,3987,,,,,,,10.716,-0.869,0.568,,,,,,,,,
1,B,5570390,3386,,,,,,,,,,,,,,,,68.500,-47.188,14.188
1,S,5570390,3386,1.120,1.760,0.800,-9.863,-0.738,0.388,,,,,,,,,,,,
1,A,5571661,1993,,,,,,,10.765,-0.860,0.542,,,,,,,,,
1,B,5572421,2031,,,,,,,,,,-10.258,-0.613,-0.020,,,,,,
1,S,5572421,2031,0.480,1.760,1.120,-9.887,-0.748,0.407,,,,,,,,,,,,
1,A,5575648,3987,,,,,,,10.706,-0.973,0.464,,,,,,,,,
1,B,5575808,3387,,,,,,,,,,,,,-0.112,0.560,-0.671,,,
1,S,5575808,3387,0.480,1.440,2.400,-9.898,-0.718,0.403,,,,,,,,,,,,
1,A,5577641,1993,,,,,,,10.684,-0.917,0.483,,,,,,,,,
1,B,5578516,2708,,,,,,,,,,-10.277,-0.660,0.027,,,,,,
1,S,5578516,2708,0.480,1.760,2.720,-9.883,-0.713,0.362,,,,,,,,,,,,
1,A,5580631,2990,,,,,,,10.667,-0.892,0.511,,,,,,,,,
1,B,5581902,3386,,,,,,,,,,,,,,,,69.062,-45.938,13.688
1,S,5581902,3386,0.800,1.760,2.080,-9.838,-0.698,0.312,,,,,,,,,,,,
1,A,5584618,3987,,,,,,,10.644,-0.932,0.401,,,,,,,,,
1,B,5585287,3385,,,,,,,,,,,,,-0.112,0.560,-0.336,,,
1,S,5585287,3385,1.440,1.120,1.760,-9.783,-0.688,0.282,,,,,,,,,,,,
1,A,5586611,1993,,,,,,,10.673,-0.812,0.349,,,,,,,,,
1,B,5587996,2709,,,,,,,,,,-10.246,-0.660,-0.047,,,,,,
1,S,5587996,2709,1.440,0.480,2.400,-9.758,-0.682,0.253,,,,,,,,,,,,
1,A,5590609,3998,,,,,,,10.677,-0.806,0.333,,,,,,,,,
1,B,5590704,2708,,,,,,,,,,,,,,,,69.750,-45.625,12.688
1,S,5590704,2708,1.120,0.480,3.040,-9.768,-0.652,0.223,,,,,,,,,,,,
1,A,5592591,1982,,,,,,,10.658,-0.727,0.331,,,,,,,,,
1,B,5593412,2708,,,,,,,,,,,,,0.000,0.224,0.112,,,
1,S,5593412,2708,1.120,0.800,3.360,-9.787,-0.608,0.198,,,,,,,,,,,,
1,A,5595581,2990,,,,,,,10.738,-0.609,0.421,,,,,,,,,
1,B,5596798,3386,,,,,,,,,,-10.188,-0.602,-0.113,,,,,,
1,S,5596798,3386,1.120,1.120,3.360,-9.812,-0.532,0.177,,,,,,,,,,,,
1,A,5599568,3987,,,,,,,10.795,-0.578,0.668,,,,,,,,,
1,B,5600183,3385,,,,,,,,,,,,,,,,69.438,-46.500,13.000
1,S,5600183,3385,0.800,1.120,3.680,-9.838,-0.438,0.217,,,,,,,,,,,,
1,A,5601561,1993,,,,,,,10.820,-0.518,0.677,,,,,,,,,
1,B,5602892,2709,,,,,,,,,,,,,0.000,0.000,0.560,,,
1,S,5602892,2709,0.800,0.480,3.360,-9.867,-0.362,0.328,,,,,,,,,,,,
1,A,5606544,4983,,,,,,,10.854,-0.570,0.737,,,,,,,,,
1,B,5606955,4063,,,,,,,,,,-10.230,-0.422,-0.172,,,,,,
1,S,5606955,4063,1.120,-0.800,2.720,-9.912,-0.307,0.502,,,,,,,,,,,,
1,A,5608538,1994,,,,,,,10.818,-0.548,0.825,,,,,,,,,
1,B,5609663,2708,,,,,,,,,,,,,,,,69.438,-46.500,13.000
1,S,5609663,2708,0.800,-1.440,2.400,-9.947,-0.312,0.557,,,,,,,,,,,,
1,A,5611527,2989,,,,,,,10.826,-0.553,0.910,,,,,,,,,
1,B,5612372,2709,,,,,,,,,,,,,0.112,-0.448,0.895,,,
1,S,5612372,2709,0.160,-1.120,2.720,-9.963,-0.323,0.588,,,,,,,,,,,,
1,A,5615514,3987,,,,,,,10.830,-0.420,0.852,,,,,,,,,
1,B,5616434,4062,,,,,,,,,,-10.328,-0.289,0.238,,,,,,
1,S,5616434,4062,0.160,0.800,2.720,-9.943,-0.318,0.652,,,,,,,,,,,,
1,A,5618504,2990,,,,,,,10.848,-0.512,0.926,,,,,,,,,
1,B,5619143,2709,,,,,,,,,,,,,,,,69.125,-47.812,13.750
1,S,5619143,2709,0.160,1.120,3.040,-9.932,-0.273,0.693,,,,,,,,,,,,
1,A,5620497,1993,,,,,,,10.810,-0.479,0.928,,,,,,,,,
1,B,5621174,2031,,,,,,,,,,-10.324,-0.172,0.336,,,,,,
1,S,5621174,2031,0.480,0.800,3.040,-9.928,-0.233,0.703,,,,,,,,,,,,
1,A,5623487,2990,,,,,,,10.890,-0.334,0.877,,,,,,,,,
1,B,5624560,3386,,,,,,,,,,,,,0.224,-0.560,0.895,,,
1,S,5624560,3386,0.480,0.480,3.040,-9.922,-0.188,0.703,,,,,,,,,,,,
1,A,5626477,2990,,,,,,,10.816,-0.412,0.821,,,,,,,,,
1,B,5627268,2708,,,,,,,,,,,,,,,,69.312,-47.188,13.688
1,S,5627268,2708,0.480,0.800,2.720,-9.938,-0.163,0.698,,,,,,,,,,,,
1,A,5629467,2990,,,,,,,10.850,-0.438,0.805,,,,,,,,,
1,B,5630654,3386,,,,,,,,,,-10.348,-0.066,0.316,,,,,,
1,S,5630654,3386,0.800,1.120,2.080,-9.953,-0.122,0.662,,,,,,,,,,,,
1,A,5632457,2990,,,,,,,10.834,-0.332,0.766,,,,,,,,,
1,B,5633362,2708,,,,,,,,,,,,,0.112,-0.112,0.560,,,
1,S,5633362,2708,0.800,1.440,1.760,-9.953,-0.117,0.642,,,,,,,,,,,,
1,A,5636444,3987,,,,,,,10.943,-0.390,0.694,,,,,,,,,
1,B,5637425,4063,,,,,,,,,,,,,,,,69.625,-44.688,12.500
1,S,5637425,4063,0.800,1.760,1.760,-9.938,-0.102,0.618,,,,,,,,,,,,
1,A,5639434,2990,,,,,,,10.767,-0.407,0.722,,,,,,,,,
1,B,5640811,3386,,,,,,,,,,-10.344,-0.047,0.258,,,,,,
1,S,5640811,3386,1.120,2.080,0.800,-9.932,-0.098,0.573,,,,,,,,,,,,
1,A,5642424,2990,,,,,,,10.832,-0.321,0.636,,,,,,,,,
1,B,5643519,2708,,,,,,,,,,,,,0.000,0.448,0.000,,,
1,S,5643519,2708,1.120,2.400,0.160,-9.918,-0.128,0.542,,,,,,,,,,,,
1,A,5645414,2990,,,,,,,10.726,-0.552,0.620,,,,,,,,,
1,B,5646886,3367,,,,,,,,,,-10.285,-0.078,0.164,,,,,,
1,S,5646886,3367,1.440,2.400,-0.160,-9.898,-0.163,0.502,,,,,,,,,,,,
1,A,5649400,3986,,,,,,,10.681,-0.566,0.490,,,,,,,,,
1,B,5649614,2728,,,,,,,,,,,,,,,,69.125,-46.375,13.812
1,S,5649614,2728,1.440,2.400,-0.160,-9.877,-0.217,0.432,,,,,,,,,,,,
1,A,5651394,1994,,,,,,,10.670,-0.616,0.411,,,,,,,,,
1,B,5652322,2708,,,,,,,,,,,,,-0.112,0.895,-0.560,,,
1,S,5652322,2708,0.800,2.400,-0.160,-9.857,-0.273,0.372,,,,,,,,,,,,
1,A,5656377,4983,,,,,,,10.775,-0.704,0.421,,,,,,,,,
1,B,5657061,4739,,,,,,,,,,-10.246,-0.230,0.000,,,,,,
1,S,5657061,4739,0.480,2.400,0.800,-9.818,-0.357,0.287,,,,,,,,,,,,
1,A,5658370,1993,,,,,,,10.769,-0.812,0.522,,,,,,,,,
1,B,5659093,2032,,,,,,,,,,-10.270,-0.402,-0.145,,,,,,
1,S,5659093,2032,0.800,2.400,0.800,-9.822,-0.403,0.253,,,,,,,,,,,,
1,A,5661360,2990,,,,,,,10.746,-0.774,0.441,,,,,,,,,
1,B,5662479,3386,,,,,,,,,,,,,,,,69.312,-46.125,13.188
1,S,5662479,3386,1.120,2.080,0.480,-9.842,-0.502,0.253,,,,,,,,,,,,
1,A,5664350,2990,,,,,,,10.727,-0.848,0.457,,,,,,,,,
1,B,5665187,2708,,,,,,,,,,,,,-0.112,1.119,-1.119,,,
1,S,5665187,2708,1.440,1.760,0.480,-9.857,-0.578,0.273,,,,,,,,,,,,
1,A,5667340,2990,,,,,,,10.712,-0.887,0.436,,,,,,,,,
1,B,5668573,3386,,,,,,,,,,,,,,,,67.688,-44.938,14.062
1,S,5668573,3386,1.120,1.760,0.160,-9.857,-0.627,0.278,,,,,,,,,,,,
1,A,5671334,3994,,,,,,,10.724,-1.020,0.485,,,,,,,,,
1,B,5671959,3386,,,,,,,,,,-10.242,-0.547,-0.059,,,,,,
1,S,5671959,3386,1.120,2.080,0.480,-9.852,-0.667,0.273,,,,,,,,,,,,
1,A,5674317,2983,,,,,,,10.717,-0.981,0.437,,,,,,,,,
1,B,5675344,3385,,,,,,,,,,,,,-0.112,0.895,-1.343,,,
1,S,5675344,3385,1.120,2.080,0.800,-9.852,-0.728,0.282,,,,,,,,,,,,
1,A,5677307,2990,,,,,,,10.701,-0.997,0.428,,,,,,,,,
1,B,5678724,3380,,,,,,,,,,-10.266,-0.719,-0.086,,,,,,
1,S,5678724,3380,1.120,1.440,1.120,-9.852,-0.772,0.287,,,,,,,,,,,,
1,A,5681293,3986,,,,,,,10.739,-0.940,0.448,,,,,,,,,
1,B,5682096,3372,,,,,,,,,,,,,,,,67.812,-45.875,14.250
1,S,5682096,3372,1.120,1.120,1.120,-9.842,-0.782,0.278,,,,,,,,,,,,
1,A,5683287,1994,,,,,,,10.708,-0.927,0.438,,,,,,,,,
1,B,5684146,2050,,,,,,,,,,,,,0.000,0.560,-1.007,,,
1,S,5684146,2050,0.800,1.120,1.440,-9.838,-0.757,0.258,,,,,,,,,,,,
1,A,5686277,3986,,,,,,,10.720,-0.912,0.457,,,,,,,,,
1,B,5687532,3386,,,,,,,,,,-10.258,-0.699,-0.078,,,,,,
1,S,5687532,3386,1.120,1.120,2.080,-9.848,-0.713,0.263,,,,,,,,,,,,
1,A,5690263,2990,,,,,,,10.714,-0.841,0.509,,,,,,,,,
1,B,5690919,3387,,,,,,,,,,,,,,,,69.125,-47.438,14.312
1,S,5690919,3387,1.440,1.120,2.080,-9.857,-0.667,0.278,,,,,,,,,,,,
1,A,5692257,1994,,,,,,,10.717,-0.818,0.490,,,,,,,,,
1,B,5693610,2691,,,,,,,,,,,,,0.000,0.224,-0.448,,,
1,S,5693610,2691,1.120,1.120,2.400,-9.848,-0.642,0.297,,,,,,,,,,,,
1,A,5696244,3987,,,,,,,10.736,-0.750,0.479,,,,,,,,,
1,B,5697012,3402,,,,,,,,,,-10.242,-0.613,-0.039,,,,,,
1,S,5697012,3402,0.800,0.800,3.040,-9.832,-0.603,0.318,,,,,,,,,,,,
1,A,5699234,2990,,,,,,,10.703,-0.699,0.567,,,,,,,,,
1,B,5700398,3386,,,,,,,,,,,,,,,,69.062,-46.438,13.125
1,S,5700398,3386,0.800,0.800,3.360,-9.812,-0.542,0.338,,,,,,,,,,,,
1,A,5702223,2989,,,,,,,10.743,-0.666,0.593,,,,,,,,,
1,B,5702429,2031,,,,,,,,,,,,,0.000,-0.224,0.112,,,
1,S,5702429,2031,1.440,0.800,3.360,-9.812,-0.502,0.357,,,,,,,,,,,,
1,A,5706210,3987,,,,,,,10.769,-0.612,0.602,,,,,,,,,
1,B,5707169,4740,,,,,,,,,,-10.227,-0.496,-0.027,,,,,,
1,S,5707169,4740,1.440,1.120,2.720,-9.832,-0.427,0.407,,,,,,,,,,,,
1,A,5708204,1994,,,,,,,10.760,-0.617,0.639,,,,,,,,,
1,B,5709183,2014,,,,,,,,,,,,,,,,69.062,-46.438,13.125
1,S,5709183,2014,1.120,1.440,2.720,-9.848,-0.403,0.422,,,,,,,,,,,,
1,A,5711193,2989,,,,,,,10.796,-0.620,0.667,,,,,,,,,
1,B,5711909,2726,,,,,,,,,,-10.207,-0.383,0.027,,,,,,
1,S,5711909,2726,1.120,1.440,3.040,-9.863,-0.383,0.438,,,,,,,,,,,,
1,A,5714184,2991,,,,,,,10.778,-0.601,0.698,,,,,,,,,
1,B,5715294,3385,,,,,,,,,,,,,0.000,-0.448,0.448,,,
1,S,5715294,3385,1.440,0.800,3.040,-9.877,-0.378,0.463,,,,,,,,,,,,
1,A,5717174,2990,,,,,,,10.807,-0.548,0.682,,,,,,,,,
1,B,5718002,2708,,,,,,,,,,-10.262,-0.344,0.086,,,,,,
1,S,5718002,5418,1.440,0.800,3.040,-9.908,-0.357,0.492,,,,,,,,,,,,
1,A,5720164,2990,,,,,,,10.847,-0.554,0.669,,,,,,,,,
1,B,5721388,3386,,,,,,,,,,,,,,,,68.750,-47.375,14.438
1,S,5721388,676,1.440,0.800,3.040,-9.912,-0.352,0.492,,,,,,,,,,,,
1,A,5723154,2990,,,,,,,10.875,-0.562,0.685,,,,,,,,,
1,B,5723420,2032,,,,,,,,,,,,,0.000,-0.336,0.448,,,
1,S,5723420,2032,1.440,0.800,2.720,-9.928,-0.338,0.497,,,,,,,,,,,,
1,A,5726144,2990,,,,,,,10.873,-0.592,0.660,,,,,,,,,
1,B,5726806,3386,,,,,,,,,,-10.316,-0.270,0.145,,,,,,
1,S,5726806,3386,1.440,1.120,2.080,-9.953,-0.323,0.497,,,,,,,,,,,,
1,A,5729133,2989,,,,,,,10.866,-0.639,0.663,,,,,,,,,
1,B,5730191,3385,,,,,,,,,,,,,,,,69.250,-45.688,13.062
1,S,5730191,3385,1.120,1.440,2.080,-9.967,-0.338,0.497,,,,,,,,,,,,
1,A,5732123,2990,,,,,,,10.856,-0.679,0.661,,,,,,,,,
1,B,5732900,2709,,,,,,,,,,,,,-0.112,-0.112,0.112,,,
1,S,5732900,2709,1.760,1.760,2.080,-9.973,-0.372,0.497,,,,,,,,,,,,
1,A,5736110,3987,,,,,,,10.854,-0.729,0.642,,,,,,,,,
1,B,5736963,4063,,,,,,,,,,-10.363,-0.305,0.133,,,,,,
1,S,5736963,4063,1.440,1.440,1.440,-9.963,-0.432,0.482,,,,,,,,,,,,
1,A,5740097,3987,,,,,,,10.824,-0.792,0.614,,,,,,,,,
1,B,5740348,3385,,,,,,,,,,,,,,,,68.375,-46.250,14.000
1,S,5740348,3385,0.800,1.120,1.440,-9.963,-0.487,0.472,,,,,,,,,,,,
1,A,5742090,1993,,,,,,,10.812,-0.819,0.645,,,,,,,,,
1,B,5743056,2708,,,,,,,,,,-10.367,-0.410,0.105,,,,,,
1,S,5743056,2708,0.800,1.120,1.440,-9.957,-0.527,0.468,,,,,,,,,,,,
1,A,5745080,2990,,,,,,,10.804,-0.864,0.634,,,,,,,,,
1,B,5746442,3386,,,,,,,,,,,,,-0.112,0.000,-0.224,,,
1,S,5746442,3386,1.120,1.760,1.440,-9.932,-0.562,0.463,,,,,,,,,,,,
1,A,5748070,2990,,,,,,,10.791,-0.896,0.636,,,,,,,,,
1,B,5748473,2031,,,,,,,,,,-10.332,-0.555,0.086,,,,,,
1,S,5748473,2031,1.440,2.080,1.440,-9.922,-0.588,0.463,,,,,,,,,,,,
1,A,5751060,2990,,,,,,,10.759,-0.917,0.591,,,,,,,,,
1,B,5751860,3387,,,,,,,,,,,,,,,,68.875,-45.625,13.188
1,S,5751860,3387,1.440,2.080,1.440,-9.918,-0.632,0.453,,,,,,,,,,,,
1,A,5754050,2990,,,,,,,10.721,-0.930,0.567,,,,,,,,,
1,B,5754568,2708,,,,,,,,,,,,,0.000,0.336,-0.448,,,
1,S,5754568,2708,0.480,1.760,2.080,-9.908,-0.672,0.438,,,,,,,,,,,,
1,A,5757040,2990,,,,,,,10.722,-0.986,0.564,,,,,,,,,
1,B,5757954,3386,,,,,,,,,,-10.309,-0.613,0.086,,,,,,
1,S,5757954,3386,0.480,1.760,2.400,-9.883,-0.708,0.417,,,,,,,,,,,,
1,A,5760030,2990,,,,,,,10.749,-0.897,0.555,,,,,,,,,
1,B,5761339,3385,,,,,,,,,,,,,,,,68.500,-47.188,14.250
1,S,5761339,3385,1.120,1.760,2.400,-9.867,-0.718,0.388,,,,,,,,,,,,
1,A,5763020,2990,,,,,,,10.675,-0.885,0.526,,,,,,,,,
1,B,5764047,2708,,,,,,,,,,,,,0.000,0.560,-0.224,,,
1,S,5764047,5417,1.120,1.440,2.720,-9.848,-0.682,0.367,,,,,,,,,,,,
1,A,5766010,2990,,,,,,,10.703,-0.849,0.519,,,,,,,,,
1,B,5767433,3386,,,,,,,,,,-10.277,-0.641,0.020,,,,,,
1,S,5767433,677,0.800,1.440,3.040,-9.842,-0.672,0.367,,,,,,,,,,,,
1,A,5769997,3987,,,,,,,10.681,-0.766,0.551,,,,,,,,,
1,B,5770800,3367,,,,,,,,,,,,,,,,69.312,-46.125,13.188
1,S,5770800,3367,0.800,2.080,3.040,-9.807,-0.637,0.357,,,,,,,,,,,,
1,A,5771991,1994,,,,,,,10.664,-0.717,0.554,,,,,,,,,
1,B,5772850,2050,,,,,,,,,,,,,0.112,0.560,0.224,,,
1,S,5772850,6113,0.480,2.400,3.040,-9.787,-0.492,0.362,,,,,,,,,,,,
1,A,5775977,4983,,,,,,,10.685,-0.587,0.539,,,,,,,,,
1,B,5777590,4740,,,,,,,,,,-10.223,-0.602,0.000,,,,,,
1,S,5777590,677,0.160,2.400,3.040,-9.793,-0.477,0.362,,,,,,,,,,,,
1,A,5779964,2990,,,,,,,10.707,-0.522,0.531,,,,,,,,,
1,B,5780976,3386,,,,,,,,,,,,,,,,68.438,-46.125,13.688
1,S,5780976,3386,0.160,2.080,3.680,-9.803,-0.388,0.367,,,,,,,,,,,,
1,A,5781958,1994,,,,,,,10.701,-0.506,0.545,,,,,,,,,
1,B,5783006,2030,,,,,,,,,,-10.207,-0.422,0.000,,,,,,
1,S,5783006,2030,0.480,1.760,4.000,-9.807,-0.338,0.362,,,,,,,,,,,,
1,A,5785944,3986,,,,,,,10.673,-0.480,0.610,,,,,,,,,
1,B,5786392,3386,,,,,,,,,,,,,0.000,0.448,0.560,,,
1,S,5786392,3386,0.160,1.120,3.680,-9.812,-0.268,0.362,,,,,,,,,,,,
1,A,5787937,1993,,,,,,,10.694,-0.410,0.545,,,,,,,,,
1,B,5789100,2708,,,,,,,,,,-10.184,-0.219,0.008,,,,,,
1,S,5789100,2708,-0.480,0.480,3.040,-9.807,-0.233,0.378,,,,,,,,,,,,
1,A,5791924,3987,,,,,,,10.804,-0.435,0.255,,,,,,,,,
1,B,5792486,3386,,,,,,,,,,,,,,,,69.125,-45.312,12.312
1,S,5792486,3386,-0.160,0.480,2.400,-9.797,-0.198,0.378,,,,,,,,,,,,
1,A,5793918,1994,,,,,,,10.626,-0.613,0.317,,,,,,,,,
1,B,5794518,2032,,,,,,,,,,,,,0.000,0.224,0.895,,,
1,S,5794518,2032,-0.160,1.120,2.400,-9.807,-0.207,0.323,,,,,,,,,,,,
1,A,5796908,2990,,,,,,,10.756,-0.466,0.639,,,,,,,,,
1,B,5797904,3386,,,,,,,,,,-10.207,-0.145,0.000,,,,,,
1,S,5797904,3386,-0.160,1.440,2.720,-9.807,-0.268,0.198,,,,,,,,,,,,
1,A,5800894,3986,,,,,,,10.752,-0.575,0.676,,,,,,,,,
1,B,5801289,3385,,,,,,,,,,,,,,,,68.625,-45.438,13.688
1,S,5801289,3385,0.800,0.160,2.720,-9.787,-0.307,0.273,,,,,,,,,,,,
1,A,5802888,1994,,,,,,,10.803,-0.606,0.594,,,,,,,,,
1,B,5803997,2708,,,,,,,,,,,,,0.000,-0.112,0.671,,,
1,S,5803997,2708,1.440,-0.480,2.400,-9.803,-0.328,0.427,,,,,,,,,,,,
1,A,5806874,3986,,,,,,,10.822,-0.711,0.604,,,,,,,,,
1,B,5807383,3386,,,,,,,,,,-10.180,-0.219,-0.105,,,,,,
1,S,5807383,3386,1.440,-0.160,2.080,-9.863,-0.357,0.502,,,,,,,,,,,,
1,A,5809864,2990,,,,,,,10.824,-0.610,0.751,,,,,,,,,
1,B,5810769,3386,,,,,,,,,,,,,,,,68.375,-45.250,13.438
1,S,5810769,3386,1.120,0.800,1.440,-9.928,-0.403,0.443,,,,,,,,,,,,
1,A,5811858,1994,,,,,,,10.847,-0.584,0.747,,,,,,,,,
1,B,5813477,2708,,,,,,,,,,-10.297,-0.336,0.078,,,,,,
1,S,5813477,2708,0.800,0.800,1.440,-9.953,-0.422,0.443,,,,,,,,,,,,
1,A,5815845,3987,,,,,,,10.808,-0.704,0.654,,,,,,,,,
1,B,5816844,3367,,,,,,,,,,,,,0.112,-0.224,0.448,,,
1,S,5816844,3367,0.480,1.120,2.080,-9.957,-0.407,0.502,,,,,,,,,,,,
1,A,5817838,1993,,,,,,,10.794,-0.607,0.493,,,,,,,,,
1,B,5818895,2051,,,,,,,,,,-10.344,-0.355,0.145,,,,,,
1,S,5818895,2051,1.440,1.120,2.400,-9.938,-0.393,0.532,,,,,,,,,,,,
1,A,5821825,3987,,,,,,,10.806,-0.643,0.529,,,,,,,,,
1,B,5822280,3385,,,,,,,,,,,,,,,,69.062,-46.938,14.250
1,S,5822280,3385,1.760,1.120,2.400,-9.918,-0.388,0.438,,,,,,,,,,,,
1,A,5823818,1993,,,,,,,10.893,-0.594,0.621,,,,,,,,,
1,B,5824989,2709,,,,,,,,,,,,,0.000,-0.224,0.224,,,
1,S,5824989,2709,1.760,0.800,2.720,-9.918,-0.393,0.338,,,,,,,,,,,,
1,A,5827805,3987,,,,,,,10.782,-0.718,0.550,,,,,,,,,
1,B,5828374,3385,,,,,,,,,,-10.332,-0.363,-0.020,,,,,,
1,S,5828374,3385,1.120,1.760,2.400,-9.938,-0.383,0.338,,,,,,,,,,,,
1,A,5830795,2990,,,,,,,10.874,-0.489,0.447,,,,,,,,,
1,B,5831760,3386,,,,,,,,,,,,,,,,68.375,-45.688,13.625
1,S,5831760,3386,0.480,1.760,2.720,-9.953,-0.372,0.398,,,,,,,,,,,,
1,A,5832788,1993,,,,,,,10.845,-0.785,0.530,,,,,,,,,
1,B,5833791,2031,,,,,,,,,,,,,0.000,-0.224,0.224,,,
1,S,5833791,2031,0.160,1.440,2.720,-9.953,-0.367,0.398,,,,,,,,,,,,
1,A,5836775,3987,,,,,,,10.808,-0.603,0.516,,,,,,,,,
1,B,5837176,3385,,,,,,,,,,-10.344,-0.336,0.020,,,,,,
1,S,5837176,3385,0.160,0.480,2.080,-9.963,-0.372,0.352,,,,,,,,,,,,
1,A,5839765,2990,,,,,,,10.852,-0.702,0.662,,,,,,,,,
1,B,5840562,3386,,,,,,,,,,,,,,,,68.375,-46.250,14.000
1,S,5840562,3386,0.480,0.480,1.760,-9.967,-0.378,0.338,,,,,,,,,,,,
1,A,5842782,3017,,,,,,,10.843,-0.577,0.693,,,,,,,,,
1,B,5843271,2709,,,,,,,,,,,,,0.112,-0.224,0.000,,,
1,S,5843271,2709,1.120,0.800,1.760,-9.953,-0.403,0.393,,,,,,,,,,,,
1,A,5846742,3960,,,,,,,10.810,-0.698,0.721,,,,,,,,,
1,B,5847333,4062,,,,,,,,,,-10.352,-0.324,-0.027,,,,,,
1,S,5847333,4062,1.440,1.440,2.080,-9.943,-0.443,0.507,,,,,,,,,,,,
1,A,5849732,2990,,,,,,,10.809,-0.714,0.730,,,,,,,,,
1,B,5850720,3387,,,,,,,,,,,,,,,,68.688,-45.375,12.688
1,S,5850720,3387,0.800,0.800,2.400,-9.938,-0.468,0.542,,,,,,,,,,,,
1,A,5852722,2990,,,,,,,10.772,-0.809,0.781,,,,,,,,,
1,B,5853428,2708,,,,,,,,,,-10.332,-0.395,0.145,,,,,,
1,S,5853428,2708,0.480,0.480,2.080,-9.918,-0.482,0.547,,,,,,,,,,,,
1,A,5855712,2990,,,,,,,10.775,-0.805,0.761,,,,,,,,,
1,B,5856814,3386,,,,,,,,,,,,,0.112,-0.112,0.000,,,
1,S,5856814,3386,1.120,0.160,1.760,-9.902,-0.522,0.562,,,,,,,,,,,,
1,A,5858702,2990,,,,,,,10.750,-0.838,0.747,,,,,,,,,
1,B,5859522,2708,,,,,,,,,,-10.312,-0.461,0.199,,,,,,
1,S,5859522,2708,1.760,1.120,1.760,-9.898,-0.557,0.578,,,,,,,,,,,,
1,A,5861692,2990,,,,,,,10.710,-0.821,0.717,,,,,,,,,
1,B,5862230,2708,,,,,,,,,,,,,,,,69.812,-45.500,12.438
1,S,5862230,2708,1.760,1.760,2.080,-9.887,-0.588,0.573,,,,,,,,,,,,
1,A,5864683,2991,,,,,,,10.712,-0.785,0.700,,,,,,,,,
1,B,5864939,2709,,,,,,,,,,,,,0.112,0.000,-0.112,,,
1,S,5864939,2709,1.440,2.080,2.400,-9.867,-0.603,0.547,,,,,,,,,,,,
1,A,5867673,2990,,,,,,,10.691,-0.786,0.596,,,,,,,,,
1,B,5868324,3385,,,,,,,,,,-10.277,-0.535,0.211,,,,,,
1,S,5868324,3385,1.120,1.760,2.720,-9.838,-0.598,0.517,,,,,,,,,,,,
1,A,5870663,2990,,,,,,,10.713,-0.760,0.559,,,,,,,,,
1,B,5871710,3386,,,,,,,,,,,,,,,,68.688,-44.250,12.875
1,S,5871710,3386,1.440,1.760,3.040,-9.822,-0.568,0.477,,,,,,,,,,,,
1,A,5873653,2990,,,,,,,10.683,-0.755,0.552,,,,,,,,,
1,B,5874419,2709,,,,,,,,,,,,,0.112,0.336,0.000,,,
1,S,5874419,2709,2.080,1.760,2.720,-9.818,-0.552,0.438,,,,,,,,,,,,
1,A,5876643,2990,,,,,,,10.651,-0.718,0.482,,,,,,,,,
1,B,5877805,3386,,,,,,,,,,-10.230,-0.516,0.125,,,,,,
1,S,5877805,3386,1.760,1.440,2.720,-9.807,-0.537,0.378,,,,,,,,,,,,
1,A,5879633,2990,,,,,,,10.693,-0.686,0.394,,,,,,,,,
1,B,5881189,3384,,,,,,,,,,,,,,,,68.312,-45.250,13.500
1,S,5881189,3384,0.800,1.760,2.720,-9.793,-0.512,0.318,,,,,,,,,,,,
1,A,5882623,2990,,,,,,,10.726,-0.630,0.388,,,,,,,,,
1,B,5883221,2032,,,,,,,,,,,,,0.000,0.560,0.000,,,
1,S,5883221,2032,0.480,1.760,2.400,-9.787,-0.482,0.278,,,,,,,,,,,,
1,A,5886610,3987,,,,,,,10.684,-0.593,0.375,,,,,,,,,
1,B,5887962,4741,,,,,,,,,,-10.195,-0.461,-0.020,,,,,,
1,S,5887962,4741,0.800,1.760,1.760,-9.793,-0.403,0.212,,,,,,,,,,,,
1,A,5889600,2990,,,,,,,10.725,-0.600,0.373,,,,,,,,,
1,B,5889993,2031,,,,,,,,,,,,,,,,68.750,-45.750,13.500
1,S,5889993,2031,1.120,1.440,1.760,-9.797,-0.372,0.203,,,,,,,,,,,,
1,A,5891593,1993,,,,,,,10.717,-0.569,0.404,,,,,,,,,
1,B,5892701,2708,,,,,,,,,,,,,-0.112,0.560,0.112,,,
1,S,5892701,2708,1.120,1.120,2.400,-9.803,-0.352,0.198,,,,,,,,,,,,
1,A,5896577,4984,,,,,,,10.733,-0.613,0.445,,,,,,,,,
1,B,5896764,4063,,,,,,,,,,-10.223,-0.305,-0.152,,,,,,
1,S,5896764,4063,1.120,1.120,2.400,-9.818,-0.347,0.207,,,,,,,,,,,,
1,A,5898570,1993,,,,,,,10.771,-0.624,0.476,,,,,,,,,
1,B,5899472,2708,,,,,,,,,,,,,,,,69.062,-45.938,13.750
1,S,5899472,2708,1.120,1.120,2.400,-9.832,-0.362,0.228,,,,,,,,,,,,
1,A,5901560,2990,,,,,,,10.794,-0.706,0.557,,,,,,,,,
1,B,5902180,2708,,,,,,,,,,,,,-0.112,0.112,0.000,,,
1,S,5902180,2708,0.800,1.120,2.080,-9.848,-0.383,0.258,,,,,,,,,,,,
1,A,5905547,3987,,,,,,,10.801,-0.714,0.637,,,,,,,,,
1,B,5906243,4063,,,,,,,,,,-10.262,-0.344,-0.086,,,,,,
1,S,5906243,4063,0.800,0.480,1.760,-9.883,-0.432,0.338,,,,,,,,,,,,
1,A,5908537,2990,,,,,,,10.814,-0.749,0.691,,,,,,,,,
1,B,5908953,2710,,,,,,,,,,-10.324,-0.430,0.047,,,,,,
1,S,5908953,2710,1.440,0.160,1.440,-9.902,-0.472,0.407,,,,,,,,,,,,
1,A,5911527,2990,,,,,,,10.838,-0.757,0.681,,,,,,,,,
1,B,5912337,3384,,,,,,,,,,,,,,,,68.938,-45.062,12.812
1,S,5912337,3384,1.440,0.160,1.120,-9.928,-0.502,0.487,,,,,,,,,,,,
1,A,5913520,1993,,,,,,,10.884,-0.760,0.749,,,,,,,,,
1,B,5915045,2708,,,,,,,,,,,,,0.000,-0.224,0.000,,,
1,S,5915045,2708,0.800,0.160,1.760,-9.957,-0.512,0.522,,,,,,,,,,,,
1,A,5917507,3987,,,,,,,10.854,-0.759,0.768,,,,,,,,,
1,B,5917755,2710,,,,,,,,,,,,,,,,69.812,-45.500,12.438
1,S,5917755,2710,0.800,0.480,2.080,-9.982,-0.517,0.542,,,,,,,,,,,,
1,A,5920497,2990,,,,,,,10.885,-0.770,0.730,,,,,,,,,
1,B,5921140,3385,,,,,,,,,,-10.410,-0.469,0.191,,,,,,
1,S,5921140,3385,1.120,0.480,2.400,-9.988,-0.537,0.557,,,,,,,,,,,,
1,A,5923487,2990,,,,,,,10.874,-0.759,0.696,,,,,,,,,
1,B,5924526,3386,,,,,,,,,,,,,0.000,-0.448,0.000,,,
1,S,5924526,3386,0.800,0.480,2.720,-9.977,-0.552,0.562,,,,,,,,,,,,
1,A,5927473,3986,,,,,,,10.812,-0.719,0.683,,,,,,,,,
1,B,5927912,3386,,,,,,,,,,-10.387,-0.488,0.230,,,,,,
1,S,5927912,3386,0.160,1.120,2.400,-9.967,-0.537,0.542,,,,,,,,,,,,
1,A,5930464,2991,,,,,,,10.808,-0.708,0.636,,,,,,,,,
1,B,5931292,3380,,,,,,,,,,,,,,,,67.938,-45.188,13.562
1,S,5931292,3380,0.480,1.440,2.080,-9.947,-0.512,0.502,,,,,,,,,,,,
1,A,5933454,2990,,,,,,,10.817,-0.700,0.601,,,,,,,,,
1,B,5934005,2713,,,,,,,,,,,,,0.000,-0.224,0.224,,,
1,S,5934005,2713,0.800,1.120,1.760,-9.928,-0.487,0.472,,,,,,,,,,,,
1,A,5936444,2990,,,,,,,10.806,-0.704,0.601,,,,,,,,,
1,B,5937391,3386,,,,,,,,,,-10.328,-0.469,0.105,,,,,,
1,S,5937391,3386,0.800,0.800,1.760,-9.912,-0.472,0.432,,,,,,,,,,,,
1,A,5939434,2990,,,,,,,10.761,-0.682,0.525,,,,,,,,,
1,B,5940777,3386,,,,,,,,,,,,,,,,69.312,-45.125,12.688
1,S,5940777,3386,1.440,0.800,1.760,-9.898,-0.477,0.407,,,,,,,,,,,,
1,A,5942424,2990,,,,,,,10.746,-0.651,0.516,,,,,,,,,
1,B,5942809,2032,,,,,,,,,,-10.301,-0.422,0.008,,,,,,
1,S,5942809,2032,1.120,1.120,2.080,-9.887,-0.487,0.393,,,,,,,,,,,,
1,A,5945414,2990,,,,,,,10.721,-0.694,0.501,,,,,,,,,
1,B,5946170,3361,,,,,,,,,,,,,0.112,0.000,0.336,,,
1,S,5946170,3361,1.120,1.440,1.760,-9.877,-0.468,0.367,,,,,,,,,,,,
1,A,5948404,2990,,,,,,,10.756,-0.652,0.509,,,,,,,,,
1,B,5948903,2733,,,,,,,,,,,,,,,,68.438,-45.125,13.188
1,S,5948903,2733,1.120,2.080,2.080,-9.863,-0.448,0.338,,,,,,,,,,,,
1,A,5951394,2990,,,,,,,10.714,-0.648,0.514,,,,,,,,,
1,B,5952288,3385,,,,,,,,,,-10.258,-0.402,-0.020,,,,,,
1,S,5952288,3385,1.120,2.400,2.400,-9.842,-0.432,0.318,,,,,,,,,,,,
1,A,5954384,2990,,,,,,,10.709,-0.602,0.511,,,,,,,,,
1,B,5955674,3386,,,,,,,,,,,,,0.000,0.224,0.448,,,
1,S,5955674,3386,1.120,1.760,2.400,-9.828,-0.427,0.323,,,,,,,,,,,,
1,A,5957374,2990,,,,,,,10.730,-0.633,0.499,,,,,,,,,
1,B,5958382,2708,,,,,,,,,,-10.230,-0.355,-0.047,,,,,,
1,S,5958382,2708,1.120,0.800,2.400,-9.812,-0.412,0.338,,,,,,,,,,,,
1,A,5960364,2990,,,,,,,10.710,-0.628,0.530,,,,,,,,,
1,B,5961740,3358,,,,,,,,,,,,,,,,70.250,-46.438,13.312
1,S,5961740,3358,0.800,0.480,2.080,-9.807,-0.388,0.338,,,,,,,,,,,,
1,A,5963354,2990,,,,,,,10.720,-0.636,0.549,,,,,,,,,
1,B,5963799,2059,,,,,,,,,,,,,-0.112,0.224,0.448,,,
1,S,5963799,2059,0.480,1.120,2.080,-9.807,-0.383,0.338,,,,,,,,,,,,
1,A,5966344,2990,,,,,,,10.714,-0.610,0.578,,,,,,,,,
1,B,5967184,3385,,,,,,,,,,-10.199,-0.336,-0.020,,,,,,
1,S,5967184,3385,0.480,2.080,2.400,-9.812,-0.393,0.347,,,,,,,,,,,,
1,A,5969334,2990,,,,,,,10.715,-0.649,0.596,,,,,,,,,
1,B,5970570,3386,,,,,,,,,,,,,,,,70.125,-45.688,12.625
1,S,5970570,3386,0.800,1.440,2.080,-9.822,-0.398,0.388,,,,,,,,,,,,
1,A,5972324,2990,,,,,,,10.736,-0.630,0.626,,,,,,,,,
1,B,5973278,2708,,,,,,,,,,,,,-0.112,0.000,0.336,,,
1,S,5973278,2708,1.440,0.480,2.080,-9.822,-0.398,0.412,,,,,,,,,,,,
1,A,5976310,3986,,,,,,,10.749,-0.598,0.656,,,,,,,,,
1,B,5977341,4063,,,,,,,,,,-10.227,-0.375,0.059,,,,,,
1,S,5977341,4063,1.760,0.160,2.400,-9.832,-0.393,0.432,,,,,,,,,,,,
1,A,5979300,2990,,,,,,,10.738,-0.620,0.639,,,,,,,,,
1,B,5980049,2708,,,,,,,,,,-10.262,-0.305,0.078,,,,,,
1,S,5980049,2708,0.800,0.800,2.400,-9.842,-0.378,0.432,,,,,,,,,,,,
1,A,5982290,2990,,,,,,,10.777,-0.553,0.624,,,,,,,,,
1,B,5983436,3387,,,,,,,,,,,,,,,,68.375,-44.625,13.062
1,S,5983436,3387,0.800,1.760,2.080,-9.857,-0.357,0.448,,,,,,,,,,,,
1,A,5985280,2990,,,,,,,10.819,-0.571,0.681,,,,,,,,,
1,B,5986124,2688,,,,,,,,,,,,,-0.112,-0.112,0.224,,,
1,S,5986124,2688,0.800,2.080,1.760,-9.873,-0.347,0.458,,,,,,,,,,,,
1,A,5988270,2990,,,,,,,10.762,-0.594,0.649,,,,,,,,,
1,B,5988853,2729,,,,,,,,,,-10.285,-0.277,0.113,,,,,,
1,S,5988853,2729,0.800,2.080,1.440,-9.893,-0.328,0.477,,,,,,,,,,,,
1,A,5991261,2991,,,,,,,10.802,-0.613,0.675,,,,,,,,,
1,B,5992238,3385,,,,,,,,,,,,,,,,70.125,-46.688,13.125
1,S,5992238,3385,0.800,0.800,1.440,-9.898,-0.333,0.482,,,,,,,,,,,,
1,A,5994251,2990,,,,,,,10.768,-0.649,0.675,,,,,,,,,
1,B,5994947,2709,,,,,,,,,,,,,-0.112,-0.112,0.000,,,
1,S,5994947,2709,0.800,0.160,2.080,-9.893,-0.352,0.472,,,,,,,,,,,,
1,A,5997241,2990,,,,,,,10.757,-0.662,0.733,,,,,,,,,
1,B,5998332,3385,,,,,,,,,,-10.297,-0.324,0.113,,,,,,
1,S,5998332,3385,1.120,0.480,2.400,-9.893,-0.388,0.477,,,,,,,,,,,,
1,A,6001227,3986,,,,,,,10.796,-0.758,0.770,,,,,,,,,
1,B,6001718,3386,,,,,,,,,,,,,,,,68.812,-44.125,12.562
1,S,6001718,3386,1.120,1.440,2.400,-9.893,-0.438,0.507,,,,,,,,,,,,
1,A,6003221,1994,,,,,,,10.824,-0.766,0.714,,,,,,,,,
1,B,6004426,2708,,,,,,,,,,,,,0.000,0.000,-0.224,,,
1,S,6004426,2708,0.800,1.440,1.760,-9.898,-0.487,0.537,,,,,,,,,,,,
1,A,6006211,2990,,,,,,,10.813,-0.776,0.724,,,,,,,,,
1,B,6007793,3367,,,,,,,,,,-10.324,-0.410,0.184,,,,,,
1,S,6007793,3367,0.160,1.760,1.120,-9.912,-0.527,0.552,,,,,,,,,,,,
1,A,6010197,3986,,,,,,,10.859,-0.751,0.709,,,,,,,,,
1,B,6010521,2728,,,,,,,,,,,,,,,,68.438,-45.125,13.188
1,S,6010521,2728,-0.160,2.080,1.760,-9.928,-0.547,0.542,,,,,,,,,,,,
1,A,6012191,1994,,,,,,,10.857,-0.773,0.725,,,,,,,,,
1,B,6013229,2708,,,,,,,,,,-10.359,-0.480,0.172,,,,,,
1,S,6013229,2708,0.480,2.080,2.400,-9.938,-0.552,0.522,,,,,,,,,,,,
1,A,6016178,3987,,,,,,,10.842,-0.681,0.646,,,,,,,,,
1,B,6016615,3386,,,,,,,,,,,,,0.000,0.112,-0.224,,,
1,S,6016615,3386,0.800,1.760,3.040,-9.957,-0.547,0.517,,,,,,,,,,,,
1,A,6018171,1993,,,,,,,10.843,-0.675,0.615,,,,,,,,,
1,B,6019323,2708,,,,,,,,,,,,,,,,68.438,-45.125,13.188
1,S,6019323,2708,0.480,1.440,2.720,-9.963,-0.512,0.502,,,,,,,,,,,,
1,A,6021161,2990,,,,,,,10.800,-0.633,0.539,,,,,,,,,
1,B,6022709,3386,,,,,,,,,,,,,0.000,0.448,-0.112,,,
1,S,6022709,3386,0.480,1.120,2.400,-9.947,-0.453,0.438,,,,,,,,,,,,
1,A,6026144,4983,,,,,,,10.755,-0.607,0.497,,,,,,,,,
1,B,6026772,4063,,,,,,,,,,-10.371,-0.480,0.164,,,,,,
1,S,6026772,4063,0.800,1.440,2.080,-9.912,-0.383,0.352,,,,,,,,,,,,
1,A,6028138,1994,,,,,,,10.712,-0.633,0.537,,,,,,,,,
1,B,6029480,2708,,,,,,,,,,,,,,,,68.438,-45.125,13.188
1,S,6029480,2708,0.800,1.120,1.760,-9.883,-0.362,0.323,,,,,,,,,,,,
1,A,6031128,2990,,,,,,,10.701,-0.638,0.569,,,,,,,,,
1,B,6031512,2032,,,,,,,,,,-10.316,-0.355,0.008,,,,,,
1,S,6031512,2032,0.160,0.480,1.440,-9.852,-0.362,0.318,,,,,,,,,,,,
1,A,6034118,2990,,,,,,,10.739,-0.621,0.565,,,,,,,,,
1,B,6034898,3386,,,,,,,,,,,,,-0.112,0.448,-0.112,,,
1,S,6034898,3386,-0.160,0.160,1.760,-9.818,-0.378,0.338,,,,,,,,,,,,
1,A,6037108,2990,,,,,,,10.786,-0.642,0.591,,,,,,,,,
1,B,6037606,2708,,,,,,,,,,-10.203,-0.324,-0.008,,,,,,
1,S,6037606,2708,-0.480,0.480,2.400,-9.822,-0.383,0.367,,,,,,,,,,,,
1,A,6040098,2990,,,,,,,10.824,-0.726,0.677,,,,,,,,,
1,B,6040992,3386,,,,,,,,,,,,,,,,69.875,-46.000,12.562
1,S,6040992,3386,-0.160,1.440,2.720,-9.867,-0.393,0.417,,,,,,,,,,,,
1,A,6043088,2990,,,,,,,10.785,-0.708,0.661,,,,,,,,,
1,B,6043700,2708,,,,,,,,,,-10.312,-0.395,0.086,,,,,,
1,S,6043700,2708,-0.160,1.440,2.400,-9.908,-0.432,0.458,,,,,,,,,,,,
1,A,6046078,2990,,,,,,,10.769,-0.703,0.594,,,,,,,,,
1,B,6047085,3385,,,,,,,,,,,,,-0.224,0.224,-0.224,,,
1,S,6047085,3385,0.160,1.440,1.760,-9.922,-0.482,0.487,,,,,,,,,,,,
1,A,6048071,1993,,,,,,,10.746,-0.748,0.536,,,,,,,,,
1,B,6049116,2031,,,,,,,,,,,,,,,,68.250,-44.812,12.688
1,S,6049116,2031,0.800,1.440,1.760,-9.912,-0.482,0.477,,,,,,,,,,,,
1,A,6052058,3987,,,,,,,10.706,-0.752,0.478,,,,,,,,,
1,B,6052503,3387,,,,,,,,,,-10.305,-0.441,0.086,,,,,,
1,S,6052503,3387,1.120,1.440,2.080,-9.887,-0.487,0.417,,,,,,,,,,,,
1,A,6055048,2990,,,,,,,10.678,-0.725,0.424,,,,,,,,,
1,B,6055889,3386,,,,,,,,,,,,,-0.224,0.112,-0.112,,,
1,S,6055889,3386,1.120,1.760,2.080,-9.838,-0.507,0.328,,,,,,,,,,,,
1,A,6058038,2990,,,,,,,10.690,-0.723,0.350,,,,,,,,,
1,B,6058597,2708,,,,,,,,,,,,,,,,67.938,-45.188,13.562
1,S,6058597,2708,0.800,2.080,2.400,-9.803,-0.517,0.263,,,,,,,,,,,,
1,A,6061028,2990,,,,,,,10.684,-0.718,0.349,,,,,,,,,
1,B,6061983,3386,,,,,,,,,,-10.223,-0.480,-0.059,,,,,,
1,S,6061983,3386,0.800,2.080,2.720,-9.777,-0.497,0.203,,,,,,,,,,,,
1,A,6064018,2990,,,,,,,10.691,-0.669,0.330,,,,,,,,,
1,B,6065368,3385,,,,,,,,,,,,,-0.112,0.224,-0.112,,,
1,S,6065368,3385,0.800,1.440,2.720,-9.783,-0.468,0.172,,,,,,,,,,,,
1,A,6067008,2990,,,,,,,10.746,-0.558,0.311,,,,,,,,,
1,B,6067399,2031,,,,,,,,,,-10.184,-0.422,-0.184,,,,,,
1,S,6067399,2031,1.760,0.800,2.080,-9.793,-0.453,0.168,,,,,,,,,,,,
1,A,6070000,2992,,,,,,,10.773,-0.636,0.350,,,,,,,,,
1,B,6070785,3386,,,,,,,,,,,,,,,,68.625,-45.938,13.125
1,S,6070785,3386,1.760,-0.160,1.760,-9.812,-0.398,0.168,,,,,,,,,,,,
1,A,6072990,2990,,,,,,,10.773,-0.638,0.382,,,,,,,,,
1,B,6073493,2708,,,,,,,,,,-10.230,-0.324,-0.184,,,,,,
1,S,6073493,2708,1.440,-0.160,1.760,-9.838,-0.372,0.168,,,,,,,,,,,,
1,A,6075980,2990,,,,,,,10.756,-0.672,0.473,,,,,,,,,
1,B,6076880,3387,,,,,,,,,,,,,-0.112,0.224,0.112,,,
1,S,6076880,3387,0.800,-0.160,2.080,-9.873,-0.383,0.182,,,,,,,,,,,,
1,A,6078970,2990,,,,,,,10.773,-0.649,0.526,,,,,,,,,
1,B,6079588,2708,,,,,,,,,,,,,,,,69.062,-45.375,13.312
1,S,6079588,2708,0.800,0.480,3.040,-9.887,-0.403,0.223,,,,,,,,,,,,
1,A,6081960,2990,,,,,,,10.834,-0.706,0.563,,,,,,,,,
1,B,6082974,3386,,,,,,,,,,-10.297,-0.355,-0.098,,,,,,
1,S,6082974,3386,0.800,1.120,3.680,-9.887,-0.417,0.307,,,,,,,,,,,,
1,A,6084950,2990,,,,,,,10.757,-0.714,0.649,,,,,,,,,
1,B,6086339,3365,,,,,,,,,,,,,-0.112,-0.112,0.224,,,
1,S,6086339,3365,1.120,1.120,3.040,-9.902,-0.432,0.372,,,,,,,,,,,,
1,A,6087940,2990,,,,,,,10.850,-0.597,0.704,,,,,,,,,
1,B,6088390,2051,,,,,,,,,,,,,,,,68.688,-46.875,14.312
1,S,6088390,2051,1.120,0.800,2.720,-9.918,-0.463,0.422,,,,,,,,,,,,
1,A,6090930,2990,,,,,,,10.796,-0.698,0.711,,,,,,,,,
1,B,6091776,3386,,,,,,,,,,-10.316,-0.410,0.059,,,,,,
1,S,6091776,3386,1.440,0.160,2.400,-9.918,-0.438,0.477,,,,,,,,,,,,
1,A,6093920,2990,,,,,,,10.797,-0.605,0.764,,,,,,,,,
1,B,6095161,3385,,,,,,,,,,,,,-0.112,-0.336,0.224,,,
1,S,6095161,3385,1.440,-0.160,2.400,-9.912,-0.407,0.527,,,,,,,,,,,,
1,A,6097906,3986,,,,,,,10.785,-0.668,0.844,,,,,,,,,
1,B,6098547,3386,,,,,,,,,,-10.305,-0.355,0.199,,,,,,
1,S,6098547,3386,1.120,0.800,2.720,-9.902,-0.388,0.573,,,,,,,,,,,,
1,A,6100896,2990,,,,,,,10.771,-0.648,0.788,,,,,,,,,
1,B,6101933,3386,,,,,,,,,,,,,,,,69.312,-47.188,13.750
1,S,6101933,5418,1.120,1.440,2.080,-9.887,-0.412,0.623,,,,,,,,,,,,
1,A,6103886,2990,,,,,,,10.782,-0.722,0.775,,,,,,,,,
1,B,6104641,2708,,,,,,,,,,,,,-0.112,-0.448,0.000,,,
1,S,6104641,676,1.760,1.440,1.760,-9.883,-0.412,0.623,,,,,,,,,,,,
1,A,6106877,2991,,,,,,,10.762,-0.708,0.736,,,,,,,,,
1,B,6108026,3385,,,,,,,,,,-10.281,-0.383,0.250,,,,,,
1,S,6108026,3385,1.760,1.440,1.440,-9.863,-0.438,0.613,,,,,,,,,,,,
1,A,6109867,2990,,,,,,,10.828,-0.762,0.666,,,,,,,,,
1,B,6110736,2710,,,,,,,,,,,,,,,,67.625,-45.688,14.062
1,S,6110736,2710,1.440,1.440,1.440,-9.867,-0.477,0.573,,,,,,,,,,,,
1,A,6112857,2990,,,,,,,10.843,-0.760,0.613,,,,,,,,,
1,B,6113444,2708,,,,,,,,,,,,,0.000,-0.224,-0.112,,,
1,S,6113444,2708,1.120,1.440,2.080,-9.893,-0.522,0.527,,,,,,,,,,,,
1,A,6116843,3986,,,,,,,10.866,-0.772,0.571,,,,,,,,,
1,B,6118183,4739,,,,,,,,,,-10.312,-0.461,0.199,,,,,,
1,S,6118183,4739,0.800,2.720,2.080,-9.963,-0.552,0.438,,,,,,,,,,,,
1,A,6119833,2990,,,,,,,10.828,-0.743,0.515,,,,,,,,,
1,B,6120215,2032,,,,,,,,,,-10.387,-0.496,0.047,,,,,,
1,S,6120215,2032,1.120,2.720,2.080,-9.977,-0.547,0.398,,,,,,,,,,,,
1,A,6122823,2990,,,,,,,10.795,-0.732,0.467,,,,,,,,,
1,B,6123601,3386,,,,,,,,,,,,,,,,68.125,-46.562,13.938
1,S,6123601,3386,1.760,2.080,2.400,-9.963,-0.527,0.352,,,,,,,,,,,,
1,A,6125813,2990,,,,,,,10.775,-0.733,0.404,,,,,,,,,
1,B,6126309,2708,,,,,,,,,,,,,-0.112,0.112,-0.112,,,
1,S,6126309,2708,2.080,1.440,2.400,-9.932,-0.512,0.323,,,,,,,,,,,,
1,A,6128803,2990,,,,,,,10.663,-0.597,0.307,,,,,,,,,
1,B,6129695,3386,,,,,,,,,,-10.312,-0.461,-0.039,,,,,,
1,S,6129695,3386,1.440,0.800,2.080,-9.887,-0.497,0.268,,,,,,,,,,,,
1,A,6131793,2990,,,,,,,10.847,-0.818,0.429,,,,,,,,,
1,B,6133080,3385,,,,,,,,,,,,,,,,68.375,-44.688,13.125
1,S,6133080,3385,0.800,0.800,2.080,-9.867,-0.477,0.188,,,,,,,,,,,,
1,A,6134784,2991,,,,,,,10.625,-0.638,0.399,,,,,,,,,
1,B,6135111,2031,,,,,,,,,,,,,0.000,0.336,0.112,,,
1,S,6135111,2031,0.800,0.480,2.400,-9.883,-0.477,0.152,,,,,,,,,,,,
1,A,6137774,2990,,,,,,,10.830,-0.702,0.269,,,,,,,,,
1,B,6138498,3387,,,,,,,,,,-10.273,-0.430,-0.172,,,,,,
1,S,6138498,3387,1.120,0.160,2.720,-9.822,-0.482,0.172,,,,,,,,,,,,
1,A,6140764,2990,,,,,,,10.447,-0.522,0.347,,,,,,,,,
1,B,6141884,3386,,,,,,,,,,,,,,,,69.188,-45.750,12.438
1,S,6141884,3386,1.120,0.160,2.400,-9.777,-0.482,0.198,,,,,,,,,,,,
1,A,6143754,2990,,,,,,,10.898,-0.935,0.421,,,,,,,,,
1,B,6144592,2708,,,,,,,,,,,,,0.000,0.112,0.224,,,
1,S,6144592,2708,0.480,0.480,2.080,-9.752,-0.463,0.193,,,,,,,,,,,,
1,A,6146744,2990,,,,,,,10.826,-0.744,0.418,,,,,,,,,
1,B,6147978,3386,,,,,,,,,,-10.188,-0.430,-0.172,,,,,,
1,S,6147978,3386,0.480,0.160,1.760,-9.762,-0.448,0.193,,,,,,,,,,,,
1,A,6150730,3986,,,,,,,10.796,-0.720,0.617,,,,,,,,,
1,B,6151363,3385,,,,,,,,,,,,,,,,68.562,-46.000,14.125
1,S,6151363,3385,1.120,-0.480,2.400,-9.812,-0.468,0.247,,,,,,,,,,,,
1,A,6152724,1994,,,,,,,10.926,-0.843,0.710,,,,,,,,,
1,B,6154071,2708,,,,,,,,,,,,,0.112,-0.224,0.224,,,
1,S,6154071,2708,1.120,-0.480,3.040,-9.852,-0.497,0.323,,,,,,,,,,,,
1,A,6157707,4983,,,,,,,10.869,-0.767,0.789,,,,,,,,,
1,B,6158134,4063,,,,,,,,,,-10.195,-0.422,-0.098,,,,,,
1,S,6158134,4063,0.800,-0.160,3.360,-9.893,-0.532,0.463,,,,,,,,,,,,
1,A,6160697,2990,,,,,,,10.782,-0.724,0.805,,,,,,,,,
1,B,6161520,3386,,,,,,,,,,,,,,,,68.938,-45.062,12.812
1,S,6161520,3386,0.480,0.160,2.720,-9.908,-0.532,0.562,,,,,,,,,,,,
1,A,6162690,1993,,,,,,,10.861,-0.743,0.787,,,,,,,,,
1,B,6164228,2708,,,,,,,,,,,,,0.000,-0.560,0.224,,,
1,S,6164228,2708,1.120,0.480,2.400,-9.922,-0.507,0.603,,,,,,,,,,,,
1,A,6167673,4983,,,,,,,10.816,-0.522,0.832,,,,,,,,,
1,B,6168291,4063,,,,,,,,,,-10.305,-0.496,0.133,,,,,,
1,S,6168291,4063,1.440,0.480,2.720,-9.928,-0.417,0.632,,,,,,,,,,,,
1,A,6170663,2990,,,,,,,10.723,-0.559,0.791,,,,,,,,,
1,B,6171677,3386,,,,,,,,,,,,,,,,69.125,-45.812,13.438
1,S,6171677,3386,1.120,0.480,3.360,-9.898,-0.312,0.652,,,,,,,,,,,,
1,A,6173665,3002,,,,,,,10.918,-0.494,0.730,,,,,,,,,
1,B,6174385,2708,,,,,,,,,,,,,0.000,-0.560,0.336,,,
1,S,6174385,2708,0.800,0.800,3.040,-9.848,-0.263,0.642,,,,,,,,,,,,
1,A,6176643,2978,,,,,,,10.725,-0.611,0.825,,,,,,,,,
1,B,6177752,3367,,,,,,,,,,-10.234,-0.211,0.277,,,,,,
1,S,6177752,3367,0.480,1.440,2.400,-9.848,-0.253,0.608,,,,,,,,,,,,
1,A,6179633,2990,,,,,,,10.917,-0.584,0.836,,,,,,,,,
1,B,6180479,2727,,,,,,,,,,,,,,,,69.000,-47.000,13.562
1,S,6180479,2727,0.800,1.760,2.400,-9.902,-0.323,0.603,,,,,,,,,,,,
1,A,6182623,2990,,,,,,,10.803,-0.486,0.688,,,,,,,,,
1,B,6183187,2708,,,,,,,,,,,,,0.000,-0.224,0.336,,,
1,S,6183187,2708,0.480,2.080,2.080,-9.912,-0.362,0.623,,,,,,,,,,,,
1,A,6186610,3987,,,,,,,10.670,-0.540,0.728,,,,,,,,,
1,B,6187909,4722,,,,,,,,,,-10.312,-0.297,0.270,,,,,,
1,S,6187909,4722,0.160,1.760,2.080,-9.953,-0.343,0.562,,,,,,,,,,,,
1,A,6189600,2990,,,,,,,10.980,-0.633,0.688,,,,,,,,,
1,B,6189960,2051,,,,,,,,,,-10.414,-0.277,0.164,,,,,,
1,S,6189960,2051,0.800,1.760,2.080,-9.998,-0.323,0.527,,,,,,,,,,,,
1,A,6192590,2990,,,,,,,10.752,-0.483,0.660,,,,,,,,,
1,B,6193341,3381,,,,,,,,,,,,,,,,69.000,-47.000,13.562
1,S,6193341,3381,1.120,1.760,2.080,-9.992,-0.292,0.527,,,,,,,,,,,,
1,A,6195580,2990,,,,,,,10.833,-0.497,0.556,,,,,,,,,
1,B,6196053,2712,,,,,,,,,,,,,0.000,0.224,0.112,,,
1,S,6196053,2712,1.760,2.080,1.760,-9.947,-0.263,0.512,,,,,,,,,,,,
1,A,6198570,2990,,,,,,,10.794,-0.586,0.633,,,,,,,,,
1,B,6199439,3386,,,,,,,,,,-10.301,-0.191,0.125,,,,,,
1,S,6199439,3386,1.760,2.080,1.760,-9.898,-0.253,0.453,,,,,,,,,,,,
1,A,6201560,2990,,,,,,,10.730,-0.447,0.466,,,,,,,,,
1,B,6202825,3386,,,,,,,,,,,,,,,,69.250,-47.312,14.062
1,S,6202825,3386,1.120,1.760,1.760,-9.877,-0.263,0.393,,,,,,,,,,,,
1,A,6204549,2989,,,,,,,10.697,-0.594,0.457,,,,,,,,,
1,B,6204856,2031,,,,,,,,,,,,,0.112,0.671,-0.224,,,
1,S,6204856,2031,0.480,1.760,1.760,-9.867,-0.273,0.357,,,,,,,,,,,,
1,A,6207539,2990,,,,,,,10.598,-0.600,0.418,,,,,,,,,
1,B,6208219,3363,,,,,,,,,,-10.234,-0.230,-0.020,,,,,,
1,S,6208219,3363,0.480,2.080,1.440,-9.838,-0.312,0.312,,,,,,,,,,,,
1,A,6210529,2990,,,,,,,10.960,-0.772,0.350,,,,,,,,,
1,B,6211627,3408,,,,,,,,,,,,,,,,68.438,-46.188,13.000
1,S,6211627,3408,0.800,2.400,1.440,-9.787,-0.357,0.263,,,,,,,,,,,,
1,A,6213519,2990,,,,,,,10.436,-0.700,0.493,,,,,,,,,
1,B,6214336,2709,,,,,,,,,,,,,0.112,0.783,-0.560,,,
1,S,6214336,2709,0.800,2.400,1.760,-9.803,-0.417,0.217,,,,,,,,,,,,
1,A,6216509,2990,,,,,,,10.765,-0.896,0.425,,,,,,,,,
1,B,6217722,3386,,,,,,,,,,-10.195,-0.355,-0.113,,,,,,
1,S,6217722,3386,0.160,2.080,1.760,-9.803,-0.502,0.223,,,,,,,,,,,,
1,A,6220517,4008,,,,,,,10.832,-1.008,0.395,,,,,,,,,
1,B,6221106,3384,,,,,,,,,,,,,,,,69.125,-46.375,13.812
1,S,6221106,3384,-0.480,1.440,1.440,-9.793,-0.573,0.247,,,,,,,,,,,,
1,A,6222489,1972,,,,,,,10.695,-0.923,0.367,,,,,,,,,
1,B,6223122,2016,,,,,,,,,,-10.219,-0.574,-0.086,,,,,,
1,S,6223122,2016,-0.480,1.120,1.440,-9.797,-0.618,0.247,,,,,,,,,,,,
1,A,6225479,2990,,,,,,,10.772,-1.082,0.381,,,,,,,,,
1,B,6226524,3402,,,,,,,,,,,,,0.000,0.560,-0.783,,,
1,S,6226524,3402,0.160,1.440,2.080,-9.832,-0.688,0.217,,,,,,,,,,,,
1,A,6228469,2990,,,,,,,10.703,-1.025,0.425,,,,,,,,,
1,B,6229232,2708,,,,,,,,,,,,,,,,69.188,-46.812,13.938
1,S,6229232,2708,1.120,2.080,2.080,-9.867,-0.743,0.198,,,,,,,,,,,,
1,A,6231459,2990,,,,,,,10.719,-1.080,0.465,,,,,,,,,
1,B,6232618,3386,,,,,,,,,,-10.258,-0.727,-0.105,,,,,,
1,S,6232618,3386,1.760,2.080,2.720,-9.873,-0.787,0.217,,,,,,,,,,,,
1,A,6235445,3986,,,,,,,10.728,-1.108,0.520,,,,,,,,,
1,B,6236003,3385,,,,,,,,,,,,,-0.112,0.224,-0.671,,,
1,S,6236003,3385,2.400,1.760,2.400,-9.852,-0.833,0.278,,,,,,,,,,,,
1,A,6237439,1994,,,,,,,10.733,-1.108,0.547,,,,,,,,,
1,B,6238706,2703,,,,,,,,,,-10.266,-0.785,-0.059,,,,,,
1,S,6238706,2703,1.760,1.120,2.080,-9.852,-0.858,0.328,,,,,,,,,,,,
1,A,6240429,3986,,,,,,,10.772,-1.047,0.619,,,,,,,,,
1,B,6242078,3372,,,,,,,,,,,,,,,,67.875,-44.750,13.500
1,S,6242078,3372,0.800,0.800,2.080,-9.873,-0.868,0.367,,,,,,,,,,,,
1,A,6243419,1994,,,,,,,10.782,-1.025,0.645,,,,,,,,,
1,B,6244129,2051,,,,,,,,,,,,,-0.112,-0.112,-0.112,,,
1,S,6244129,2051,0.800,0.480,2.080,-9.893,-0.858,0.403,,,,,,,,,,,,
1,A,6246408,2989,,,,,,,10.762,-0.938,0.670,,,,,,,,,
1,B,6247515,3386,,,,,,,,,,-10.305,-0.785,0.066,,,,,,
1,S,6247515,3386,1.440,0.160,2.720,-9.908,-0.818,0.448,,,,,,,,,,,,
1,A,6250395,3987,,,,,,,10.786,-0.760,0.704,,,,,,,,,
1,B,6250901,3386,,,,,,,,,,,,,,,,68.812,-45.188,13.125
1,S,6250901,3386,1.440,0.160,3.040,-9.898,-0.738,0.487,,,,,,,,,,,,
1,A,6252388,1993,,,,,,,10.772,-0.726,0.790,,,,,,,,,
1,B,6253606,2705,,,,,,,,,,,,,0.000,-0.560,0.560,,,
1,S,6253606,2705,1.440,0.480,3.360,-9.887,-0.647,0.522,,,,,,,,,,,,
1,A,6257372,4984,,,,,,,10.790,-0.490,0.798,,,,,,,,,
1,B,6257672,4066,,,,,,,,,,-10.309,-0.621,0.152,,,,,,
1,S,6257672,4066,1.440,0.480,4.000,-9.873,-0.487,0.573,,,,,,,,,,,,
1,A,6259365,1993,,,,,,,10.824,-0.447,0.830,,,,,,,,,
1,B,6260380,2708,,,,,,,,,,-10.281,-0.305,0.230,,,,,,
1,S,6260380,2708,2.080,0.800,4.000,-9.873,-0.372,0.608,,,,,,,,,,,,
1,A,6262355,2990,,,,,,,10.833,-0.350,0.846,,,,,,,,,
1,B,6263766,3386,,,,,,,,,,,,,,,,68.062,-45.062,13.312
1,S,6263766,3386,1.760,1.120,3.680,-9.887,-0.237,0.632,,,,,,,,,,,,
1,A,6265345,2990,,,,,,,10.843,-0.259,0.793,,,,,,,,,
1,B,6265798,2032,,,,,,,,,,,,,0.224,-0.560,1.231,,,
1,S,6265798,2032,1.440,1.120,3.360,-9.898,-0.168,0.627,,,,,,,,,,,,
1,A,6268335,2990,,,,,,,10.835,-0.191,0.760,,,,,,,,,
1,B,6269167,3369,,,,,,,,,,-10.305,0.008,0.258,,,,,,
1,S,6269167,3369,1.120,0.480,3.360,-9.912,-0.068,0.608,,,,,,,,,,,,
1,A,6272336,4001,,,,,,,10.860,-0.171,0.735,,,,,,,,,
1,B,6272569,3402,,,,,,,,,,,,,,,,67.938,-46.750,14.500
1,S,6272569,3402,0.800,1.120,3.680,-9.928,0.028,0.578,,,,,,,,,,,,
1,A,6274315,1979,,,,,,,10.872,-0.136,0.669,,,,,,,,,
1,B,6275277,2708,,,,,,,,,,,,,0.224,-0.224,1.343,,,
1,S,6275277,2708,0.800,1.760,3.360,-9.938,0.083,0.552,,,,,,,,,,,,
1,A,6277305,2990,,,,,,,10.868,-0.141,0.643,,,,,,,,,
1,B,6278663,3386,,,,,,,,,,-10.348,0.184,0.184,,,,,,
1,S,6278663,3386,1.120,2.720,1.760,-9.943,0.117,0.512,,,,,,,,,,,,
1,A,6281292,3987,,,,,,,10.815,-0.253,0.597,,,,,,,,,
1,B,6282048,3385,,,,,,,,,,,,,,,,68.625,-46.500,13.562
1,S,6282048,3385,1.440,3.360,1.120,-9.938,0.102,0.468,,,,,,,,,,,,
1,A,6283285,1993,,,,,,,10.828,-0.290,0.589,,,,,,,,,
1,B,6284734,2686,,,,,,,,,,,,,0.000,0.112,0.783,,,
1,S,6284734,2686,1.760,3.040,0.800,-9.932,0.062,0.438,,,,,,,,,,,,
1,A,6287271,3986,,,,,,,10.838,-0.441,0.537,,,,,,,,,
1,B,6287465,2731,,,,,,,,,,-10.312,0.152,0.059,,,,,,
1,S,6287465,2731,1.760,2.400,1.120,-9.922,-0.022,0.403,,,,,,,,,,,,
1,A,6290261,2990,,,,,,,10.800,-0.515,0.511,,,,,,,,,
1,B,6290852,3387,,,,,,,,,,,,,,,,68.125,-44.938,13.000
1,S,6290852,3387,1.440,2.720,1.120,-9.902,-0.122,0.367,,,,,,,,,,,,
1,A,6292255,2990,,,,,,,10.790,-0.619,0.464,,,,,,,,,
1,B,6293560,2708,,,,,,,,,,-10.324,-0.086,-0.027,,,,,,
1,S,6293560,2708,1.120,2.720,1.120,-9.898,-0.212,0.343,,,,,,,,,,,,
1,A,6296241,2990,,,,,,,10.759,-0.736,0.399,,,,,,,,,
1,B,6296946,3386,,,,,,,,,,,,,0.000,0.560,-0.224,,,
1,S,6296946,3386,1.120,2.400,0.800,-9.908,-0.318,0.312,,,,,,,,,,,,
1,A,6298235,1994,,,,,,,10.749,-0.768,0.428,,,,,,,,,
1,B,6299648,2702,,,,,,,,,,,,,,,,68.312,-45.312,12.812
1,S,6299648,2702,1.120,1.760,1.120,-9.908,-0.407,0.278,,,,,,,,,,,,
1,A,6302221,3986,,,,,,,10.765,-0.903,0.412,,,,,,,,,
1,B,6303039,3391,,,,,,,,,,-10.316,-0.375,-0.078,,,,,,
1,S,6303039,3391,1.120,1.440,1.120,-9.893,-0.532,0.247,,,,,,,,,,,,
1,A,6305211,2990,,,,,,,10.736,-0.994,0.425,,,,,,,,,
1,B,6306406,3367,,,,,,,,,,,,,0.000,0.671,-1.119,,,
1,S,6306406,3367,0.800,1.760,1.120,-9.887,-0.637,0.247,,,,,,,,,,,,
1,A,6308201,2990,,,,,,,10.733,-1.018,0.418,,,,,,,,,
1,B,6308456,2050,,,,,,,,,,-10.301,-0.652,-0.105,,,,,,
1,S,6308456,2050,1.120,2.080,0.800,-9.883,-0.723,0.247,,,,,,,,,,,,
1,A,6311191,2990,,,,,,,10.744,-1.069,0.430,,,,,,,,,
1,B,6311843,3387,,,,,,,,,,,,,,,,68.312,-45.250,13.500
1,S,6311843,3387,1.120,2.080,0.800,-9.883,-0.797,0.242,,,,,,,,,,,,
1,A,6313184,1993,,,,,,,10.716,-1.085,0.450,,,,,,,,,
1,B,6314533,2690,,,,,,,,,,,,,0.000,0.560,-1.455,,,
1,S,6314533,2690,1.440,1.760,1.440,-9.877,-0.833,0.242,,,,,,,,,,,,
1,A,6317171,3987,,,,,,,10.711,-1.052,0.443,,,,,,,,,
1,B,6317937,3404,,,,,,,,,,-10.301,-0.793,-0.098,,,,,,
1,S,6317937,3404,1.760,1.440,1.760,-9.867,-0.863,0.253,,,,,,,,,,,,
1,A,6320161,2990,,,,,,,10.710,-1.053,0.484,,,,,,,,,
1,B,6321322,3385,,,,,,,,,,,,,,,,69.375,-47.562,13.875
1,S,6321322,3385,1.120,1.440,2.400,-9.852,-0.863,0.278,,,,,,,,,,,,
1,A,6323173,3012,,,,,,,10.701,-1.033,0.506,,,,,,,,,
1,B,6323353,2031,,,,,,,,,,,,,0.000,0.224,-1.007,,,
1,S,6323353,2031,1.120,1.440,2.720,-9.848,-0.843,0.297,,,,,,,,,,,,
1,A,6327138,3965,,,,,,,10.733,-0.922,0.565,,,,,,,,,
1,B,6328093,4740,,,,,,,,,,-10.246,-0.793,-0.059,,,,,,
1,S,6328093,4740,1.120,1.120,3.040,-9.828,-0.797,0.343,,,,,,,,,,,,
1,A,6329131,1993,,,,,,,10.744,-0.865,0.549,,,,,,,,,
1,B,6330116,2023,,,,,,,,,,-10.246,-0.699,0.008,,,,,,
1,S,6330116,2023,1.120,0.800,2.720,-9.828,-0.757,0.362,,,,,,,,,,,,
1,A,6333117,3986,,,,,,,10.742,-0.776,0.610,,,,,,,,,
1,B,6333510,3394,,,,,,,,,,,,,,,,68.438,-46.125,13.750
1,S,6333510,3394,1.120,0.480,2.400,-9.838,-0.682,0.388,,,,,,,,,,,,
1,A,6335111,1994,,,,,,,10.741,-0.733,0.643,,,,,,,,,
1,B,6336218,2708,,,,,,,,,,,,,0.112,-0.112,-0.112,,,
1,S,6336218,2708,1.120,0.160,3.040,-9.848,-0.608,0.407,,,,,,,,,,,,
1,A,6339097,3986,,,,,,,10.792,-0.579,0.685,,,,,,,,,
1,B,6339604,3386,,,,,,,,,,-10.242,-0.496,0.047,,,,,,
1,S,6339604,3386,1.440,0.160,3.680,-9.857,-0.517,0.443,,,,,,,,,,,,
1,A,6342087,2990,,,,,,,10.775,-0.578,0.712,,,,,,,,,
1,B,6342991,3387,,,,,,,,,,,,,,,,68.188,-45.438,13.125
1,S,6342991,5411,1.440,0.160,3.680,-9.863,-0.378,0.517,,,,,,,,,,,,
1,A,6345072,2985,,,,,,,10.769,-0.509,0.754,,,,,,,,,
1,B,6345693,2702,,,,,,,,,,,,,0.112,-0.336,0.671,,,
1,S,6345693,678,1.440,0.480,3.360,-9.867,-0.362,0.522,,,,,,,,,,,,
1,A,6348067,2995,,,,,,,10.752,-0.486,0.797,,,,,,,,,
1,B,6349084,3391,,,,,,,,,,-10.273,-0.270,0.184,,,,,,
1,S,6349084,3391,1.440,0.480,3.040,-9.867,-0.297,0.557,,,,,,,,,,,,
1,A,6351057,2990,,,,,,,10.775,-0.463,0.792,,,,,,,,,
1,B,6351793,2709,,,,,,,,,,,,,,,,68.500,-45.000,12.875
1,S,6351793,2709,1.440,0.160,2.400,-9.873,-0.263,0.578,,,,,,,,,,,,
1,A,6354047,2990,,,,,,,10.801,-0.394,0.802,,,,,,,,,
1,B,6354501,2708,,,,,,,,,,,,,0.000,-0.448,1.007,,,
1,S,6354501,2708,1.120,0.160,2.400,-9.883,-0.228,0.593,,,,,,,,,,,,
1,A,6357037,2990,,,,,,,10.830,-0.439,0.793,,,,,,,,,
1,B,6357887,3386,,,,,,,,,,-10.258,-0.152,0.250,,,,,,
1,S,6357887,3386,0.800,0.480,2.720,-9.893,-0.177,0.598,,,,,,,,,,,,
1,A,6360027,2990,,,,,,,10.712,-0.428,0.686,,,,,,,,,
1,B,6361272,3385,,,,,,,,,,,,,,,,68.188,-44.312,13.250
1,S,6361272,3385,0.800,1.120,2.720,-9.898,-0.158,0.578,,,,,,,,,,,,
1,A,6363017,2990,,,,,,,10.744,-0.435,0.749,,,,,,,,,
1,B,6363982,2710,,,,,,,,,,,,,-0.112,-0.224,0.783,,,
1,S,6363982,2710,0.800,1.760,2.720,-9.877,-0.177,0.542,,,,,,,,,,,,
1,A,6367004,3987,,,,,,,10.804,-0.507,0.631,,,,,,,,,
1,B,6368043,4061,,,,,,,,,,-10.270,-0.098,0.199,,,,,,
1,S,6368043,4061,0.800,1.440,2.080,-9.848,-0.207,0.512,,,,,,,,,,,,
1,A,6369995,2991,,,,,,,10.768,-0.476,0.571,,,,,,,,,
1,B,6370753,2710,,,,,,,,,,,,,,,,68.188,-44.312,13.250
1,S,6370753,2710,0.800,1.120,2.080,-9.867,-0.233,0.487,,,,,,,,,,,,
1,A,6371988,1993,,,,,,,10.785,-0.519,0.569,,,,,,,,,
1,B,6373441,2688,,,,,,,,,,-10.258,-0.145,0.125,,,,,,
1,S,6373441,2688,0.480,1.120,2.080,-9.883,-0.247,0.463,,,,,,,,,,,,
1,A,6375975,3987,,,,,,,10.778,-0.584,0.499,,,,,,,,,
1,B,6376169,2728,,,,,,,,,,,,,-0.112,0.000,0.224,,,
1,S,6376169,2728,0.480,1.440,2.080,-9.893,-0.263,0.407,,,,,,,,,,,,
1,A,6377968,1993,,,,,,,10.753,-0.561,0.479,,,,,,,,,
1,B,6378878,2709,,,,,,,,,,-10.285,-0.219,0.020,,,,,,
1,S,6378878,2709,0.800,1.440,2.080,-9.893,-0.278,0.367,,,,,,,,,,,,
1,A,6381955,3987,,,,,,,10.753,-0.602,0.425,,,,,,,,,
1,B,6382263,3385,,,,,,,,,,,,,,,,68.562,-45.500,13.062
1,S,6382263,3385,0.800,1.760,2.400,-9.877,-0.318,0.312,,,,,,,,,,,,
1,A,6383948,1993,,,,,,,10.740,-0.647,0.399,,,,,,,,,
1,B,6384973,2710,,,,,,,,,,,,,-0.112,0.224,-0.336,,,
1,S,6384973,2710,0.800,2.400,2.400,-9.867,-0.352,0.273,,,,,,,,,,,,
1,A,6386938,2990,,,,,,,10.717,-0.682,0.342,,,,,,,,,
1,B,6388357,3384,,,,,,,,,,-10.270,-0.305,-0.066,,,,,,
1,S,6388357,6092,1.120,2.080,1.760,-9.848,-0.438,0.203,,,,,,,,,,,,
1,A,6390925,3987,,,,,,,10.751,-0.701,0.356,,,,,,,,,
1,B,6391744,3387,,,,,,,,,,,,,,,,68.062,-47.125,14.312
1,S,6391744,679,1.440,1.760,1.760,-9.848,-0.448,0.198,,,,,,,,,,,,
1,A,6392918,1993,,,,,,,10.739,-0.736,0.343,,,,,,,,,
1,B,6393775,2031,,,,,,,,,,,,,-0.112,0.336,-0.671,,,
1,S,6393775,2031,1.440,1.440,1.120,-9.842,-0.468,0.177,,,,,,,,,,,,
1,A,6397902,4984,,,,,,,10.723,-0.740,0.341,,,,,,,,,
1,B,6398515,4740,,,,,,,,,,-10.258,-0.410,-0.164,,,,,,
1,S,6398515,4740,1.440,1.120,1.120,-9.838,-0.507,0.163,,,,,,,,,,,,
1,A,6399895,1993,,,,,,,10.693,-0.772,0.347,,,,,,,,,
1,B,6400546,2031,,,,,,,,,,-10.242,-0.461,-0.199,,,,,,
1,S,6400546,2031,0.800,1.120,1.440,-9.832,-0.517,0.163,,,,,,,,,,,,
1,A,6402885,2990,,,,,,,10.715,-0.825,0.372,,,,,,,,,
1,B,6403932,3386,,,,,,,,,,,,,,,,68.625,-46.500,13.562
1,S,6403932,3386,0.800,0.480,2.080,-9.818,-0.542,0.163,,,,,,,,,,,,
1,A,6406872,3987,,,,,,,10.711,-0.860,0.382,,,,,,,,,
1,B,6407317,3385,,,,,,,,,,,,,-0.112,0.224,-0.783,,,
1,S,6407317,3385,0.480,0.160,2.400,-9.807,-0.568,0.172,,,,,,,,,,,,
1,A,6408865,1993,,,,,,,10.701,-0.859,0.380,,,,,,,,,
1,B,6410025,2708,,,,,,,,,,-10.246,-0.535,-0.164,,,,,,
1,S,6410025,2708,0.160,0.160,2.400,-9.807,-0.593,0.188,,,,,,,,,,,,
1,A,6412852,3987,,,,,,,10.697,-0.913,0.450,,,,,,,,,
1,B,6413411,3386,,,,,,,,,,,,,,,,68.375,-45.688,13.625
1,S,6413411,3386,0.480,0.160,2.400,-9.818,-0.627,0.217,,,,,,,,,,,,
1,A,6414845,1993,,,,,,,10.705,-0.920,0.490,,,,,,,,,
1,B,6416119,2708,,,,,,,,,,,,,0.000,-0.112,-0.560,,,
1,S,6416119,2708,1.120,0.160,2.720,-9.822,-0.657,0.253,,,,,,,,,,,,
1,A,6417835,2990,,,,,,,10.730,-0.940,0.560,,,,,,,,,
1,B,6418829,2710,,,,,,,,,,-10.230,-0.641,-0.078,,,,,,
1,S,6418829,2710,1.760,0.160,2.400,-9.832,-0.693,0.297,,,,,,,,,,,,
1,A,6421822,2990,,,,,,,10.763,-0.926,0.574,,,,,,,,,
1,B,6422214,3385,,,,,,,,,,,,,,,,68.438,-44.562,12.812
1,S,6422214,3385,2.080,-0.480,2.080,-9.838,-0.728,0.352,,,,,,,,,,,,
1,A,6423815,1993,,,,,,,10.769,-0.917,0.632,,,,,,,,,
1,B,6424923,2709,,,,,,,,,,,,,0.112,-0.671,-0.224,,,
1,S,6424923,2709,1.440,-1.120,2.080,-9.852,-0.728,0.398,,,,,,,,,,,,
1,A,6427802,3987,,,,,,,10.832,-0.799,0.638,,,,,,,,,
1,B,6428308,3385,,,,,,,,,,-10.238,-0.680,0.039,,,,,,
1,S,6428308,3385,0.800,-1.120,3.040,-9.883,-0.698,0.422,,,,,,,,,,,,
1,A,6430792,2990,,,,,,,10.802,-0.769,0.652,,,,,,,,,
1,B,6431694,3386,,,,,,,,,,,,,,,,67.938,-45.812,13.312
1,S,6431694,3386,0.800,-0.800,3.040,-9.922,-0.637,0.448,,,,,,,,,,,,
1,A,6433782,2990,,,,,,,10.803,-0.669,0.623,,,,,,,,,
1,B,6434402,2708,,,,,,,,,,,,,0.112,-0.895,0.224,,,
1,S,6434402,5416,1.120,-0.160,2.720,-9.932,-0.512,0.472,,,,,,,,,,,,
1,A,6436772,2990,,,,,,,10.843,-0.650,0.675,,,,,,,,,
1,B,6437788,3386,,,,,,,,,,-10.332,-0.555,0.086,,,,,,
1,S,6437788,678,0.800,0.480,2.720,-9.932,-0.497,0.472,,,,,,,,,,,,
1,A,6439762,2990,,,,,,,10.843,-0.610,0.758,,,,,,,,,
1,B,6441173,3385,,,,,,,,,,,,,,,,67.750,-45.500,12.750
1,S,6441173,3385,0.800,0.800,2.720,-9.928,-0.427,0.482,,,,,,,,,,,,
1,A,6442753,2991,,,,,,,10.846,-0.582,0.776,,,,,,,,,
1,B,6443205,2032,,,,,,,,,,,,,0.000,-1.007,0.560,,,
1,S,6443205,2032,0.800,0.800,2.720,-9.928,-0.407,0.502,,,,,,,,,,,,
1,A,6446739,3986,,,,,,,10.830,-0.473,0.815,,,,,,,,,
1,B,6447945,4740,,,,,,,,,,-10.328,-0.395,0.105,,,,,,
1,S,6447945,4740,0.800,0.800,2.720,-9.943,-0.347,0.583,,,,,,,,,,,,
1,A,6449730,2991,,,,,,,10.899,-0.623,0.726,,,,,,,,,
1,B,6449977,2032,,,,,,,,,,,,,,,,67.750,-45.500,12.750
1,S,6449977,2032,0.480,0.480,2.400,-9.928,-0.312,0.608,,,,,,,,,,,,
1,A,6451723,1993,,,,,,,10.909,-0.610,0.699,,,,,,,,,
1,B,6452685,2708,,,,,,,,,,-10.363,-0.297,0.230,,,,,,
1,S,6452685,2708,0.480,0.160,1.760,-9.877,-0.297,0.613,,,,,,,,,,,,
1,A,6454713,2990,,,,,,,10.825,-0.483,0.848,,,,,,,,,
1,B,6456070,3385,,,,,,,,,,,,,0.112,-0.895,0.671,,,
1,S,6456070,3385,0.480,-0.480,1.440,-9.883,-0.318,0.583,,,,,,,,,,,,
1,A,6457703,1993,,,,,,,11.074,-0.249,0.576,,,,,,,,,
1,B,6458779,2709,,,,,,,,,,-10.273,-0.250,0.230,,,,,,
1,S,6458779,2709,0.800,0.160,2.080,-9.912,-0.343,0.578,,,,,,,,,,,,
1,A,6460693,2990,,,,,,,10.677,-0.666,0.656,,,,,,,,,
1,B,6462164,3385,,,,,,,,,,,,,,,,69.750,-46.125,12.875
1,S,6462164,3385,1.120,1.120,2.400,-9.943,-0.333,0.547,,,,,,,,,,,,
1,A,6464680,3987,,,,,,,10.799,-0.599,0.717,,,,,,,,,
1,B,6464874,2710,,,,,,,,,,,,,0.112,-0.560,0.560,,,
1,S,6464874,2710,1.120,1.120,2.400,-9.932,-0.328,0.512,,,,,,,,,,,,
1,A,6466673,1993,,,,,,,10.718,-0.669,0.736,,,,,,,,,
1,B,6467582,2708,,,,,,,,,,-10.320,-0.238,0.152,,,,,,
1,S,6467582,2708,1.440,0.480,2.080,-9.928,-0.328,0.507,,,,,,,,,,,,
1,A,6470660,3987,,,,,,,10.774,-0.641,0.548,,,,,,,,,
1,B,6470968,3386,,,,,,,,,,,,,,,,68.875,-45.625,13.250
1,S,6470968,3386,1.440,0.160,1.760,-9.908,-0.367,0.522,,,,,,,,,,,,
1,A,6472653,1993,,,,,,,10.638,-0.721,0.587,,,,,,,,,
1,B,6473676,2708,,,,,,,,,,-10.316,-0.363,0.164,,,,,,
1,S,6473676,2708,1.120,0.800,1.760,-9.887,-0.407,0.497,,,,,,,,,,,,
1,A,6475643,2990,,,,,,,10.843,-0.720,0.578,,,,,,,,,
1,B,6477061,3385,,,,,,,,,,,,,0.112,-0.112,0.224,,,
1,S,6477061,3385,0.800,1.440,1.760,-9.873,-0.458,0.448,,,,,,,,,,,,
1,A,6478633,2990,,,,,,,10.744,-0.718,0.563,,,,,,,,,
1,B,6479092,2031,,,,,,,,,,,,,,,,68.750,-45.750,13.500
1,S,6479092,2031,0.800,2.080,1.760,-9.873,-0.472,0.427,,,,,,,,,,,,
1,A,6481623,2990,,,,,,,10.842,-0.756,0.491,,,,,,,,,
1,B,6482478,3386,,,,,,,,,,-10.273,-0.410,0.066,,,,,,
1,S,6482478,3386,1.120,2.080,2.080,-9.887,-0.477,0.393,,,,,,,,,,,,
1,A,6485632,4009,,,,,,,10.780,-0.757,0.456,,,,,,,,,
1,B,6485865,3387,,,,,,,,,,,,,0.112,0.112,-0.112,,,
1,S,6485865,3387,1.760,1.760,2.080,-9.908,-0.468,0.333,,,,,,,,,,,,
1,A,6487603,1971,,,,,,,10.718,-0.755,0.459,,,,,,,,,
1,B,6488573,2708,,,,,,,,,,-10.309,-0.430,-0.027,,,,,,
1,S,6488573,2708,1.440,1.760,1.760,-9.902,-0.482,0.302,,,,,,,,,,,,
1,A,6490594,2991,,,,,,,10.746,-0.788,0.461,,,,,,,,,
1,B,6491959,3386,,,,,,,,,,,,,,,,68.312,-45.250,13.500
1,S,6491959,5417,0.800,1.120,2.080,-9.873,-0.522,0.263,,,,,,,,,,,,
1,A,6493584,2990,,,,,,,10.706,-0.691,0.480,,,,,,,,,
1,B,6494667,2708,,,,,,,,,,,,,0.000,0.224,-0.224,,,
1,S,6494667,677,0.480,0.480,2.080,-9.867,-0.527,0.258,,,,,,,,,,,,
1,A,6496574,2990,,,,,,,10.708,-0.677,0.436,,,,,,,,,
1,B,6498052,3385,,,,,,,,,,-10.281,-0.496,-0.113,,,,,,
1,S,6498052,3385,0.480,0.160,2.080,-9.832,-0.512,0.253,,,,,,,,,,,,
1,A,6500560,3986,,,,,,,10.709,-0.647,0.448,,,,,,,,,
1,B,6500761,2709,,,,,,,,,,,,,,,,68.562,-46.000,14.125
1,S,6500761,2709,0.800,0.480,2.080,-9.818,-0.477,0.253,,,,,,,,,,,,
1,A,6502554,1994,,,,,,,10.717,-0.662,0.476,,,,,,,,,
1,B,6503469,2708,,,,,,,,,,,,,-0.112,0.112,-0.112,,,
1,S,6503469,2708,0.480,0.480,2.080,-9.828,-0.443,0.263,,,,,,,,,,,,
1,A,6507537,4983,,,,,,,10.764,-0.667,0.530,,,,,,,,,
1,B,6508209,4740,,,,,,,,,,-10.219,-0.410,-0.086,,,,,,
1,S,6508209,4740,0.480,0.160,2.720,-9.852,-0.412,0.302,,,,,,,,,,,,
1,A,6509531,1994,,,,,,,10.782,-0.675,0.539,,,,,,,,,
1,B,6510240,2031,,,,,,,,,,-10.242,-0.344,-0.039,,,,,,
1,S,6510240,2031,0.480,0.160,3.040,-9.863,-0.422,0.323,,,,,,,,,,,,
1,A,6512521,2990,,,,,,,10.757,-0.682,0.613,,,,,,,,,
1,B,6513627,3387,,,,,,,,,,,,,,,,69.250,-45.688,13.125
1,S,6513627,3387,0.480,0.160,2.720,-9.883,-0.443,0.352,,,,,,,,,,,,
1,A,6515511,2990,,,,,,,10.785,-0.656,0.662,,,,,,,,,
1,B,6516335,2708,,,,,,,,,,,,,0.000,-0.224,0.000,,,
1,S,6516335,2708,0.800,0.480,2.080,-9.902,-0.448,0.383,,,,,,,,,,,,
1,A,6518501,2990,,,,,,,10.810,-0.642,0.662,,,,,,,,,
1,B,6519721,3386,,,,,,,,,,-10.312,-0.383,0.078,,,,,,
1,S,6519721,3386,1.440,0.480,1.440,-9.908,-0.438,0.432,,,,,,,,,,,,
1,A,6522489,3988,,,,,,,10.753,-0.652,0.701,,,,,,,,,
1,B,6523106,3385,,,,,,,,,,,,,,,,68.312,-45.812,13.875
1,S,6523106,3385,1.760,0.480,1.440,-9.908,-0.422,0.477,,,,,,,,,,,,
1,A,6524481,1992,,,,,,,10.774,-0.661,0.662,,,,,,,,,
1,B,6525137,2031,,,,,,,,,,,,,0.112,-0.560,0.224,,,
1,S,6525137,2031,1.120,0.480,1.760,-9.898,-0.412,0.497,,,,,,,,,,,,
1,A,6527471,2990,,,,,,,10.786,-0.693,0.745,,,,,,,,,
1,B,6528523,3386,,,,,,,,,,-10.301,-0.375,0.125,,,,,,
1,S,6528523,3386,1.120,0.480,2.400,-9.883,-0.417,0.512,,,,,,,,,,,,
1,A,6531458,3987,,,,,,,10.819,-0.629,0.734,,,,,,,,,
1,B,6531909,3386,,,,,,,,,,,,,,,,69.000,-47.000,13.562
1,S,6531909,3386,1.440,0.480,2.400,-9.893,-0.438,0.522,,,,,,,,,,,,
1,A,6533451,1993,,,,,,,10.804,-0.613,0.709,,,,,,,,,
1,B,6534618,2709,,,,,,,,,,,,,0.000,-0.671,0.336,,,
1,S,6534618,2709,1.440,0.480,2.080,-9.912,-0.432,0.532,,,,,,,,,,,,
1,A,6537437,3986,,,,,,,10.845,-0.644,0.690,,,,,,,,,
1,B,6538002,3384,,,,,,,,,,-10.301,-0.395,0.172,,,,,,
1,S,6538002,3384,1.120,0.800,2.400,-9.938,-0.398,0.527,,,,,,,,,,,,
1,A,6540427,2990,,,,,,,10.861,-0.550,0.699,,,,,,,,,
1,B,6541389,3387,,,,,,,,,,,,,,,,69.250,-45.688,13.125
1,S,6541389,3387,0.800,1.440,2.400,-9.953,-0.388,0.502,,,,,,,,,,,,
1,A,6543418,2991,,,,,,,10.825,-0.568,0.692,,,,,,,,,
1,B,6544077,2688,,,,,,,,,,,,,-0.112,-0.560,0.336,,,
1,S,6544077,2688,1.120,1.760,2.080,-9.947,-0.383,0.497,,,,,,,,,,,,
1,A,6547404,3986,,,,,,,10.863,-0.539,0.624,,,,,,,,,
1,B,6548160,4083,,,,,,,,,,-10.359,-0.324,0.125,,,,,,
1,S,6548160,4083,1.120,1.440,2.400,-9.922,-0.343,0.497,,,,,,,,,,,,
1,A,6550394,2990,,,,,,,10.745,-0.529,0.611,,,,,,,,,
1,B,6551522,3362,,,,,,,,,,,,,,,,68.438,-46.125,13.750
1,S,6551522,3362,1.120,1.760,2.720,-9.908,-0.312,0.482,,,,,,,,,,,,
1,A,6553384,2990,,,,,,,10.795,-0.638,0.596,,,,,,,,,
1,B,6554254,2732,,,,,,,,,,-10.328,-0.270,0.125,,,,,,
1,S,6554254,2732,1.760,1.440,2.400,-9.893,-0.312,0.468,,,,,,,,,,,,
1,A,6556374,2990,,,,,,,10.745,-0.646,0.574,,,,,,,,,
1,B,6556963,2709,,,,,,,,,,,,,0.000,-0.336,0.336,,,
1,S,6556963,2709,1.760,0.800,1.760,-9.887,-0.328,0.448,,,,,,,,,,,,
1,A,6559364,2990,,,,,,,10.775,-0.656,0.622,,,,,,,,,
1,B,6559671,2708,,,,,,,,,,-10.281,-0.289,0.078,,,,,,
1,S,6559671,2708,1.760,0.160,1.440,-9.883,-0.357,0.422,,,,,,,,,,,,
1,A,6562354,2990,,,,,,,10.750,-0.618,0.648,,,,,,,,,
1,B,6563056,3385,,,,,,,,,,,,,,,,69.062,-45.938,13.750
1,S,6563056,3385,1.120,-0.160,1.760,-9.873,-0.393,0.412,,,,,,,,,,,,
1,A,6564348,1994,,,,,,,10.768,-0.631,0.650,,,,,,,,,
1,B,6565766,2710,,,,,,,,,,,,,0.000,-0.112,0.224,,,
1,S,6565766,2710,0.480,0.160,2.080,-9.867,-0.412,0.417,,,,,,,,,,,,
1,A,6568334,3986,,,,,,,10.739,-0.647,0.652,,,,,,,,,
1,B,6569151,3385,,,,,,,,,,-10.262,-0.375,0.059,,,,,,
1,S,6569151,3385,0.480,0.480,2.080,-9.867,-0.422,0.438,,,,,,,,,,,,
1,A,6571324,2990,,,,,,,10.722,-0.639,0.678,,,,,,,,,
1,B,6572537,3386,,,,,,,,,,,,,,,,68.125,-44.562,12.188
1,S,6572537,3386,1.120,0.800,1.760,-9.857,-0.422,0.468,,,,,,,,,,,,
1,A,6574314,2990,,,,,,,10.746,-0.658,0.688,,,,,,,,,
1,B,6574568,2031,,,,,,,,,,,,,0.000,-0.112,0.000,,,
1,S,6574568,2031,1.440,0.800,1.120,-9.852,-0.422,0.482,,,,,,,,,,,,
1,A,6577304,2990,,,,,,,10.687,-0.685,0.625,,,,,,,,,
1,B,6577954,3386,,,,,,,,,,-10.266,-0.363,0.105,,,,,,
1,S,6577954,3386,1.440,0.800,0.800,-9.848,-0.427,0.492,,,,,,,,,,,,
1,A,6580294,2990,,,,,,,10.756,-0.666,0.613,,,,,,,,,
1,B,6581339,3385,,,,,,,,,,,,,,,,68.875,-46.688,13.750
1,S,6581339,3385,1.440,1.120,1.760,-9.832,-0.453,0.477,,,,,,,,,,,,
1,A,6583284,2990,,,,,,,10.726,-0.687,0.633,,,,,,,,,
1,B,6584047,2708,,,,,,,,,,,,,0.000,0.000,-0.112,,,
1,S,6584047,2708,1.120,1.120,2.400,-9.832,-0.458,0.458,,,,,,,,,,,,
1,A,6587271,3987,,,,,,,10.731,-0.652,0.612,,,,,,,,,
1,B,6588110,4063,,,,,,,,,,-10.262,-0.395,0.113,,,,,,
1,S,6588110,4063,1.120,1.760,2.400,-9.838,-0.443,0.438,,,,,,,,,,,,
1,A,6591258,3987,,,,,,,10.752,-0.656,0.649,,,,,,,,,
1,B,6591496,3386,,,,,,,,,,,,,,,,68.625,-45.438,13.688
1,S,6591496,3386,1.120,1.440,1.760,-9.848,-0.432,0.432,,,,,,,,,,,,
1,A,6593251,1993,,,,,,,10.743,-0.678,0.655,,,,,,,,,
1,B,6594204,2708,,,,,,,,,,,,,0.000,0.112,-0.224,,,
1,S,6594204,2708,1.120,1.120,1.760,-9.848,-0.422,0.443,,,,,,,,,,,,
1,A,6597238,3987,,,,,,,10.749,-0.716,0.630,,,,,,,,,
1,B,6598267,4063,,,,,,,,,,-10.246,-0.395,0.078,,,,,,
1,S,6598267,4063,1.120,0.800,2.400,-9.852,-0.427,0.453,,,,,,,,,,,,
1,A,6600228,2990,,,,,,,10.767,-0.706,0.607,,,,,,,,,
1,B,6600977,2710,,,,,,,,,,,,,,,,68.625,-45.438,13.688
1,S,6600977,2710,1.440,0.160,2.080,-9.863,-0.443,0.458,,,,,,,,,,,,
1,A,6602221,1993,,,,,,,10.786,-0.738,0.607,,,,,,,,,
1,B,6603685,2708,,,,,,,,,,,,,0.000,0.224,-0.336,,,
1,S,6603685,2708,1.760,0.160,1.760,-9.867,-0.472,0.448,,,,,,,,,,,,
1,A,6607204,4983,,,,,,,10.818,-0.714,0.590,,,,,,,,,
1,B,6607748,4063,,,,,,,,,,-10.262,-0.430,0.098,,,,,,
1,S,6607748,4063,1.760,1.120,2.080,-9.873,-0.512,0.422,,,,,,,,,,,,
1,A,6610194,2990,,,,,,,10.799,-0.740,0.564,,,,,,,,,
1,B,6611133,3385,,,,,,,,,,,,,,,,69.125,-45.812,13.438
1,S,6611133,3385,1.120,1.760,2.720,-9.887,-0.517,0.403,,,,,,,,,,,,
1,A,6613185,2991,,,,,,,10.795,-0.728,0.530,,,,,,,,,
1,B,6613842,2709,,,,,,,,,,-10.312,-0.449,0.047,,,,,,
1,S,6613842,2709,1.120,1.760,2.720,-9.908,-0.512,0.383,,,,,,,,,,,,
1,A,6616175,2990,,,,,,,10.787,-0.749,0.530,,,,,,,,,
1,B,6617227,3385,,,,,,,,,,,,,0.000,0.336,-0.336,,,
1,S,6617227,3385,1.440,1.760,2.080,-9.912,-0.507,0.357,,,,,,,,,,,,
1,A,6619165,2990,,,,,,,10.744,-0.760,0.460,,,,,,,,,
1,B,6619258,2031,,,,,,,,,,,,,,,,69.125,-45.312,14.000
1,S,6619258,2031,1.440,1.440,1.760,-9.908,-0.507,0.352,,,,,,,,,,,,
1,A,6622155,2990,,,,,,,10.746,-0.732,0.454,,,,,,,,,
1,B,6622644,3386,,,,,,,,,,-10.305,-0.461,-0.020,,,,,,
1,S,6622644,3386,0.800,1.120,1.760,-9.883,-0.522,0.328,,,,,,,,,,,,
1,A,6625145,2990,,,,,,,10.734,-0.747,0.434,,,,,,,,,
1,B,6626029,3385,,,,,,,,,,,,,-0.112,0.336,-0.224,,,
1,S,6626029,3385,0.480,0.800,2.080,-9.857,-0.527,0.292,,,,,,,,,,,,
1,A,6628135,2990,,,,,,,10.744,-0.719,0.398,,,,,,,,,
1,B,6628739,2710,,,,,,,,,,-10.273,-0.449,-0.098,,,,,,
1,S,6628739,2710,0.800,0.480,2.080,-9.848,-0.527,0.268,,,,,,,,,,,,
1,A,6631125,2990,,,,,,,10.756,-0.722,0.373,,,,,,,,,
1,B,6632124,3385,,,,,,,,,,,,,,,,68.250,-44.812,13.375
1,S,6632124,3385,0.800,1.120,2.080,-9.848,-0.512,0.247,,,,,,,,,,,,
1,A,6634115,2990,,,,,,,10.755,-0.732,0.421,,,,,,,,,
1,B,6634833,2709,,,,,,,,,,,,,0.000,0.224,-0.112,,,
1,S,6634833,2709,0.800,1.440,2.400,-9.863,-0.487,0.233,,,,,,,,,,,,
1,A,6638101,3986,,,,,,,10.733,-0.773,0.448,,,,,,,,,
1,B,6638896,4063,,,,,,,,,,,,,,,,68.125,-45.500,13.438
1,S,6638896,4063,1.120,1.120,2.400,-9.877,-0.487,0.212,,,,,,,,,,,,
1,A,6640095,1994,,,,,,,10.767,-0.764,0.458,,,,,,,,,
1,B,6641604,2708,,,,,,,,,,-10.285,-0.488,-0.113,,,,,,
1,S,6641604,2708,1.120,0.480,1.760,-9.873,-0.517,0.233,,,,,,,,,,,,
1,A,6643085,2990,,,,,,,10.756,-0.744,0.493,,,,,,,,,
1,B,6643635,2031,,,,,,,,,,,,,0.112,-0.112,0.000,,,
1,S,6643635,2031,1.440,0.480,1.120,-9.873,-0.537,0.258,,,,,,,,,,,,
1,A,6647071,3986,,,,,,,10.811,-0.685,0.532,,,,,,,,,
1,B,6648375,4740,,,,,,,,,,,,,,,,68.688,-46.375,13.250
1,S,6648375,4740,1.440,0.800,1.760,-9.887,-0.532,0.333,,,,,,,,,,,,
1,A,6651058,3987,,,,,,,10.791,-0.684,0.589,,,,,,,,,
1,B,6651761,3386,,,,,,,,,,-10.277,-0.480,-0.008,,,,,,
1,S,6651761,3386,1.760,1.440,2.720,-9.908,-0.492,0.367,,,,,,,,,,,,
1,A,6653051,1993,,,,,,,10.801,-0.673,0.626,,,,,,,,,
1,B,6653793,2032,,,,,,,,,,,,,0.000,-0.448,0.112,,,
1,S,6653793,2032,1.760,1.760,3.040,-9.918,-0.472,0.383,,,,,,,,,,,,
1,A,6657038,4984,,,,,,,10.838,-0.625,0.667,,,,,,,,,
1,B,6658532,4739,,,,,,,,,,,,,,,,68.562,-44.438,12.500
1,S,6658532,4739,1.120,1.120,2.400,-9.928,-0.432,0.412,,,,,,,,,,,,
1,A,6661025,2990,,,,,,,10.817,-0.568,0.665,,,,,,,,,
1,B,6661918,3386,,,,,,,,,,-10.348,-0.383,0.059,,,,,,
1,S,6661918,3386,0.160,0.480,2.080,-9.928,-0.393,0.458,,,,,,,,,,,,
1,A,6663018,1993,,,,,,,10.817,-0.557,0.708,,,,,,,,,
1,B,6663950,2032,,,,,,,,,,,,,0.000,-0.671,0.224,,,
1,S,6663950,2032,0.160,0.480,2.080,-9.932,-0.367,0.477,,,,,,,,,,,,
1,A,6668002,4984,,,,,,,10.825,-0.556,0.725,,,,,,,,,
1,B,6668689,4739,,,,,,,,,,,,,,,,68.062,-45.562,14.375
1,S,6668689,4739,0.480,0.480,2.080,-9.938,-0.318,0.497,,,,,,,,,,,,
1,A,6669996,1994,,,,,,,10.798,-0.568,0.757,,,,,,,,,
1,B,6670721,2032,,,,,,,,,,-10.328,-0.277,0.133,,,,,,
1,S,6670721,2032,1.120,0.480,2.400,-9.938,-0.312,0.507,,,,,,,,,,,,
1,A,6672987,2991,,,,,,,10.785,-0.574,0.730,,,,,,,,,
1,B,6673429,2708,,,,,,,,,,,,,0.000,-0.560,0.224,,,
1,S,6673429,6771,1.440,0.160,2.400,-9.898,-0.347,0.557,,,,,,,,,,,,
1,A,6676973,3986,,,,,,,10.763,-0.602,0.711,,,,,,,,,
1,B,6678168,4739,,,,,,,,,,-10.332,-0.250,0.199,,,,,,
1,S,6678168,676,1.440,0.800,2.080,-9.893,-0.347,0.557,,,,,,,,,,,,
1,A,6679963,2990,,,,,,,10.781,-0.665,0.741,,,,,,,,,
1,B,6680200,2032,,,,,,,,,,-10.301,-0.316,0.199,,,,,,
1,S,6680200,2032,1.440,0.800,2.080,-9.877,-0.357,0.552,,,,,,,,,,,,
1,A,6682953,2990,,,,,,,10.793,-0.697,0.705,,,,,,,,,
1,B,6683586,3386,,,,,,,,,,,,,,,,67.562,-46.250,14.438
1,S,6683586,3386,1.440,0.800,1.760,-9.863,-0.388,0.537,,,,,,,,,,,,
1,A,6684947,1994,,,,,,,10.776,-0.733,0.656,,,,,,,,,
1,B,6686294,2708,,,,,,,,,,,,,-0.112,-0.224,0.000,,,
1,S,6686294,2708,1.120,0.800,2.080,-9.863,-0.432,0.527,,,,,,,,,,,,
1,A,6688933,3986,,,,,,,10.772,-0.783,0.636,,,,,,,,,
1,B,6689680,3386,,,,,,,,,,,,,,,,68.812,-45.688,12.500
1,S,6689680,3386,1.120,1.440,2.080,-9.873,-0.482,0.507,,,,,,,,,,,,
1,A,6691924,2991,,,,,,,10.771,-0.777,0.604,,,,,,,,,
1,B,6693065,3385,,,,,,,,,,-10.277,-0.430,0.152,,,,,,
1,S,6693065,3385,1.440,2.080,2.400,-9.867,-0.527,0.468,,,,,,,,,,,,
1,A,6694914,2990,,,,,,,10.709,-0.805,0.557,,,,,,,,,
1,B,6696451,3386,,,,,,,,,,,,,-0.112,0.000,-0.224,,,
1,S,6696451,6094,1.440,2.080,2.400,-9.842,-0.562,0.393,,,,,,,,,,,,
1,A,6698900,3986,,,,,,,10.667,-0.836,0.522,,,,,,,,,
1,B,6699838,3387,,,,,,,,,,-10.297,-0.508,0.078,,,,,,
1,S,6699838,679,1.120,1.440,2.400,-9.838,-0.568,0.388,,,,,,,,,,,,
1,A,6701890,2990,,,,,,,10.684,-0.931,0.530,,,,,,,,,
1,B,6703222,3384,,,,,,,,,,,,,,,,69.312,-44.562,12.312
1,S,6703222,3384,1.120,0.800,2.400,-9.807,-0.613,0.367,,,,,,,,,,,,
1,A,6704880,2990,,,,,,,10.683,-0.893,0.508,,,,,,,,,
1,B,6705254,2032,,,,,,,,,,,,,-0.112,0.224,-0.224,,,
1,S,6705254,2032,0.800,0.800,2.400,-9.797,-0.647,0.357,,,,,,,,,,,,
1,A,6707870,2990,,,,,,,10.722,-0.926,0.501,,,,,,,,,
1,B,6708640,3386,,,,,,,,,,-10.207,-0.613,0.008,,,,,,
1,S,6708640,3386,0.800,1.120,2.080,-9.797,-0.693,0.343,,,,,,,,,,,,
1,A,6710860,2990,,,,,,,10.747,-0.825,0.474,,,,,,,,,
1,B,6712025,3385,,,,,,,,,,,,,,,,69.000,-46.500,14.125
1,S,6712025,3385,1.120,1.440,2.400,-9.812,-0.693,0.328,,,,,,,,,,,,
1,A,6713850,2990,,,,,,,10.731,-0.798,0.487,,,,,,,,,
1,B,6714734,2709,,,,,,,,,,,,,0.000,0.224,0.000,,,
1,S,6714734,2709,1.440,1.120,3.040,-9.838,-0.652,0.318,,,,,,,,,,,,
1,A,6716840,2990,,,,,,,10.739,-0.732,0.521,,,,,,,,,
1,B,6718119,3385,,,,,,,,,,-10.238,-0.660,-0.008,,,,,,
1,S,6718119,3385,1.120,0.480,3.360,-9.863,-0.578,0.318,,,,,,,,,,,,
1,A,6720847,4007,,,,,,,10.731,-0.728,0.529,,,,,,,,,
1,B,6721505,3386,,,,,,,,,,,,,,,,68.312,-45.250,13.500
1,S,6721505,3386,0.480,0.800,3.680,-9.877,-0.522,0.323,,,,,,,,,,,,
1,A,6722820,1973,,,,,,,10.736,-0.626,0.499,,,,,,,,,
1,B,6723537,2032,,,,,,,,,,,,,-0.112,0.000,0.336,,,
1,S,6723537,2032,0.800,0.800,3.680,-9.877,-0.502,0.328,,,,,,,,,,,,
1,A,6726807,3987,,,,,,,10.760,-0.594,0.507,,,,,,,,,
1,B,6728276,4739,,,,,,,,,,-10.270,-0.496,-0.008,,,,,,
1,S,6728276,4739,1.440,1.120,2.720,-9.873,-0.438,0.328,,,,,,,,,,,,
1,A,6730793,3986,,,,,,,10.787,-0.509,0.577,,,,,,,,,
1,B,6731646,3370,,,,,,,,,,,,,,,,68.750,-45.750,13.500
1,S,6731646,3370,1.440,0.800,2.720,-9.877,-0.378,0.328,,,,,,,,,,,,
1,A,6732786,1993,,,,,,,10.808,-0.518,0.585,,,,,,,,,
1,B,6733694,2048,,,,,,,,,,-10.273,-0.375,-0.039,,,,,,
1,S,6733694,2048,0.800,0.480,2.720,-9.877,-0.338,0.343,,,,,,,,,,,,
1,A,6736773,3987,,,,,,,10.814,-0.499,0.613,,,,,,,,,
1,B,6737079,3385,,,,,,,,,,,,,-0.112,-0.336,0.671,,,
1,S,6737079,3385,0.480,0.160,2.720,-9.887,-0.287,0.378,,,,,,,,,,,,
1,A,6738766,1993,,,,,,,10.808,-0.539,0.664,,,,,,,,,
1,B,6739788,2709,,,,,,,,,,-10.281,-0.238,0.008,,,,,,
1,S,6739788,2709,0.800,-0.160,2.400,-9.893,-0.278,0.407,,,,,,,,,,,,
1,A,6742753,3987,,,,,,,10.761,-0.496,0.682,,,,,,,,,
1,B,6743173,3385,,,,,,,,,,,,,,,,68.250,-46.875,13.750
1,S,6743173,3385,0.800,-0.480,2.080,-9.887,-0.282,0.453,,,,,,,,,,,,
1,A,6745743,2990,,,,,,,10.795,-0.550,0.720,,,,,,,,,
1,B,6746534,3361,,,,,,,,,,,,,0.000,-0.560,0.783,,,
1,S,6746534,3361,0.800,0.160,1.760,-9.893,-0.287,0.497,,,,,,,,,,,,
1,A,6747737,1994,,,,,,,10.789,-0.553,0.732,,,,,,,,,
1,B,6749267,2733,,,,,,,,,,-10.305,-0.219,0.125,,,,,,
1,S,6749267,2733,0.800,0.800,1.440,-9.902,-0.292,0.522,,,,,,,,,,,,
1,A,6751723,3986,,,,,,,10.811,-0.570,0.794,,,,,,,,,
1,B,6751977,2710,,,,,,,,,,,,,,,,68.875,-45.062,12.812
1,S,6751977,2710,0.480,1.120,2.080,-9.908,-0.302,0.537,,,,,,,,,,,,
1,A,6753717,1994,,,,,,,10.779,-0.606,0.766,,,,,,,,,
1,B,6754685,2708,,,,,,,,,,,,,0.000,-0.671,0.560,,,
1,S,6754685,2708,0.480,0.480,2.400,-9.902,-0.323,0.557,,,,,,,,,,,,
1,A,6757710,3993,,,,,,,10.815,-0.574,0.747,,,,,,,,,
1,B,6758070,3385,,,,,,,,,,-10.301,-0.230,0.184,,,,,,
1,S,6758070,3385,0.800,0.160,2.400,-9.893,-0.352,0.583,,,,,,,,,,,,
1,A,6760693,2983,,,,,,,10.781,-0.571,0.773,,,,,,,,,
1,B,6761456,3386,,,,,,,,,,,,,,,,68.375,-44.688,13.125
1,S,6761456,3386,0.800,0.160,2.400,-9.893,-0.367,0.588,,,,,,,,,,,,
1,A,6762687,1994,,,,,,,10.788,-0.624,0.748,,,,,,,,,
1,B,6764164,2708,,,,,,,,,,,,,0.000,-0.448,0.336,,,
1,S,6764164,2708,0.480,0.480,2.080,-9.908,-0.357,0.578,,,,,,,,,,,,
1,A,6767670,4983,,,,,,,10.712,-0.638,0.714,,,,,,,,,
1,B,6768227,4063,,,,,,,,,,-10.316,-0.289,0.230,,,,,,
1,S,6768227,4063,0.480,1.120,2.400,-9.883,-0.372,0.568,,,,,,,,,,,,
1,A,6769663,1993,,,,,,,10.710,-0.611,0.708,,,,,,,,,
1,B,6770936,2709,,,,,,,,,,,,,,,,68.375,-44.688,13.125
1,S,6770936,2709,0.800,1.440,2.400,-9.848,-0.393,0.552,,,,,,,,,,,,
1,A,6772653,2990,,,,,,,10.747,-0.659,0.671,,,,,,,,,
1,B,6773625,2689,,,,,,,,,,,,,0.000,-0.112,0.000,,,
1,S,6773625,2689,1.120,1.440,2.400,-9.832,-0.407,0.542,,,,,,,,,,,,
1,A,6776640,3987,,,,,,,10.781,-0.636,0.664,,,,,,,,,
1,B,6777707,4082,,,,,,,,,,-10.242,-0.395,0.164,,,,,,
1,S,6777707,6114,1.120,1.440,2.400,-9.877,-0.417,0.477,,,,,,,,,,,,
1,A,6779630,2990,,,,,,,10.810,-0.620,0.623,,,,,,,,,
1,B,6780416,2709,,,,,,,,,,,,,,,,69.000,-46.062,12.312
1,S,6780416,677,1.120,1.760,2.720,-9.887,-0.412,0.472,,,,,,,,,,,,
1,A,6781623,1993,,,,,,,10.792,-0.599,0.592,,,,,,,,,
1,B,6782447,2031,,,,,,,,,,,,,-0.112,0.224,-0.112,,,
1,S,6782447,2031,1.120,1.440,2.400,-9.908,-0.403,0.453,,,,,,,,,,,,
1,A,6786606,4983,,,,,,,10.770,-0.621,0.535,,,,,,,,,
1,B,6787187,4740,,,,,,,,,,-10.301,-0.355,0.105,,,,,,
1,S,6787187,4740,1.120,0.800,2.400,-9.908,-0.383,0.407,,,,,,,,,,,,
1,A,6788600,1994,,,,,,,10.749,-0.625,0.522,,,,,,,,,
1,B,6789218,2031,,,,,,,,,,-10.301,-0.336,0.027,,,,,,
1,S,6789218,2031,0.480,0.800,2.080,-9.898,-0.383,0.393,,,,,,,,,,,,
1,A,6791590,2990,,,,,,,10.722,-0.672,0.480,,,,,,,,,
1,B,6792604,3386,,,,,,,,,,,,,,,,67.812,-44.250,13.375
1,S,6792604,3386,0.480,0.800,1.120,-9.877,-0.388,0.357,,,,,,,,,,,,
1,A,6794579,2989,,,,,,,10.744,-0.643,0.445,,,,,,,,,
1,B,6795312,2708,,,,,,,,,,,,,0.000,0.560,-0.112,,,
1,S,6795312,2708,0.800,0.800,1.120,-9.857,-0.398,0.318,,,,,,,,,,,,
1,A,6797570,2991,,,,,,,10.739,-0.698,0.427,,,,,,,,,
1,B,6798698,3386,,,,,,,,,,,,,,,,68.938,-46.625,14.438
1,S,6798698,3386,1.120,1.120,1.760,-9.852,-0.417,0.282,,,,,,,,,,,,
1,A,6801568,3998,,,,,,,10.759,-0.716,0.417,,,,,,,,,
1,B,6802083,3385,,,,,,,,,,-10.262,-0.375,-0.078,,,,,,
1,S,6802083,3385,1.440,1.440,2.080,-9.857,-0.453,0.263,,,,,,,,,,,,
1,A,6803549,1981,,,,,,,10.783,-0.762,0.455,,,,,,,,,
1,B,6804793,2710,,,,,,,,,,,,,0.112,0.448,-0.112,,,
1,S,6804793,2710,1.440,1.120,2.080,-9.857,-0.482,0.247,,,,,,,,,,,,
1,A,6807536,3987,,,,,,,10.749,-0.770,0.502,,,,,,,,,
1,B,6808856,4063,,,,,,,,,,,,,,,,69.312,-46.188,13.250
1,S,6808856,4063,1.440,1.120,2.080,-9.867,-0.522,0.268,,,,,,,,,,,,
1,A,6810526,2990,,,,,,,10.739,-0.830,0.535,,,,,,,,,
1,B,6811564,2708,,,,,,,,,,-10.277,-0.449,-0.078,,,,,,
1,S,6811564,2708,0.800,0.800,2.080,-9.857,-0.542,0.307,,,,,,,,,,,,
1,A,6812519,1993,,,,,,,10.741,-0.828,0.550,,,,,,,,,
1,B,6813595,2031,,,,,,,,,,,,,0.000,0.224,-0.112,,,
1,S,6813595,2031,1.120,0.480,2.400,-9.848,-0.568,0.338,,,,,,,,,,,,
1,A,6817502,4983,,,,,,,10.699,-0.857,0.552,,,,,,,,,
1,B,6818335,4740,,,,,,,,,,-10.262,-0.527,0.000,,,,,,
1,S,6818335,4740,1.440,1.120,3.040,-9.828,-0.627,0.388,,,,,,,,,,,,
1,A,6819496,1994,,,,,,,10.723,-0.874,0.559,,,,,,,,,
1,B,6820366,2031,,,,,,,,,,-10.234,-0.586,0.047,,,,,,
1,S,6820366,2031,2.080,1.440,3.040,-9.822,-0.642,0.393,,,,,,,,,,,,
1,A,6823482,3986,,,,,,,10.726,-0.832,0.619,,,,,,,,,
1,B,6823752,3386,,,,,,,,,,,,,,,,69.625,-45.750,13.062
1,S,6823752,3386,2.080,1.440,2.400,-9.828,-0.652,0.398,,,,,,,,,,,,
1,A,6825476,1994,,,,,,,10.752,-0.814,0.548,,,,,,,,,
1,B,6826461,2709,,,,,,,,,,,,,-0.112,-0.112,0.000,,,
1,S,6826461,2709,1.440,1.120,2.080,-9.838,-0.647,0.398,,,,,,,,,,,,
1,A,6829462,3986,,,,,,,10.874,-0.776,0.527,,,,,,,,,
1,B,6829847,3386,,,,,,,,,,,,,,,,68.375,-46.250,14.000
1,S,6829847,3386,1.120,0.480,2.400,-9.873,-0.618,0.398,,,,,,,,,,,,
1,A,6832452,2990,,,,,,,10.733,-0.711,0.539,,,,,,,,,
1,B,6833232,3385,,,,,,,,,,-10.273,-0.555,0.047,,,,,,
1,S,6833232,3385,1.120,-0.160,2.720,-9.912,-0.583,0.388,,,,,,,,,,,,
1,A,6835442,2990,,,,,,,10.731,-0.709,0.576,,,,,,,,,
1,B,6836618,3386,,,,,,,,,,,,,0.000,-0.224,0.336,,,
1,S,6836618,3386,0.480,-0.160,3.040,-9.902,-0.532,0.378,,,,,,,,,,,,
1,A,6839431,3989,,,,,,,10.770,-0.428,0.633,,,,,,,,,
1,B,6840003,3385,,,,,,,,,,-10.297,-0.449,0.008,,,,,,
1,S,6840003,3385,0.160,0.480,3.040,-9.852,-0.463,0.378,,,,,,,,,,,,
1,A,6842419,2988,,,,,,,10.766,-0.490,0.654,,,,,,,,,
1,B,6843389,3386,,,,,,,,,,,,,,,,69.250,-46.750,13.625
1,S,6843389,3386,0.480,0.480,3.360,-9.822,-0.323,0.422,,,,,,,,,,,,
1,A,6844412,1993,,,,,,,10.780,-0.399,0.577,,,,,,,,,
1,B,6845420,2031,,,,,,,,,,,,,0.000,-0.336,0.560,,,
1,S,6845420,2031,1.120,0.480,3.040,-9.832,-0.247,0.453,,,,,,,,,,,,
1,A,6848399,3987,,,,,,,10.909,-0.278,0.578,,,,,,,,,
1,B,6848806,3386,,,,,,,,,,-10.238,-0.191,0.098,,,,,,
1,S,6848806,3386,1.120,0.800,2.720,-9.893,-0.182,0.453,,,,,,,,,,,,
1,A,6851389,2990,,,,,,,10.808,-0.410,0.610,,,,,,,,,
1,B,6852191,3385,,,,,,,,,,,,,,,,68.688,-46.375,13.250
1,S,6852191,3385,1.120,1.440,2.400,-9.947,-0.142,0.407,,,,,,,,,,,,
1,A,6854379,2990,,,,,,,10.783,-0.428,0.687,,,,,,,,,
1,B,6854901,2710,,,,,,,,,,,,,0.000,-0.336,0.671,,,
1,S,6854901,2710,1.120,1.120,2.400,-9.947,-0.117,0.403,,,,,,,,,,,,
1,A,6857369,2990,,,,,,,10.812,-0.440,0.702,,,,,,,,,
1,B,6858285,3384,,,,,,,,,,-10.371,-0.047,0.039,,,,,,
1,S,6858285,3384,1.120,0.800,2.400,-9.887,-0.128,0.458,,,,,,,,,,,,
1,A,6860359,2990,,,,,,,10.820,-0.542,0.734,,,,,,,,,
1,B,6861672,3387,,,,,,,,,,,,,,,,67.500,-46.312,13.812
1,S,6861672,3387,1.120,0.800,2.080,-9.863,-0.182,0.512,,,,,,,,,,,,
1,A,6863349,2990,,,,,,,10.795,-0.539,0.750,,,,,,,,,
1,B,6864360,2688,,,,,,,,,,,,,0.000,-0.336,0.336,,,
1,S,6864360,2688,1.440,1.120,1.440,-9.883,-0.233,0.527,,,,,,,,,,,,
1,A,6867336,3987,,,,,,,10.832,-0.602,0.824,,,,,,,,,
1,B,6868443,4083,,,,,,,,,,-10.270,-0.113,0.172,,,,,,
1,S,6868443,6114,1.440,1.120,1.120,-9.902,-0.352,0.588,,,,,,,,,,,,
1,A,6870326,2990,,,,,,,10.852,-0.620,0.779,,,,,,,,,
1,B,6871151,2708,,,,,,,,,,,,,,,,67.500,-46.312,13.812
1,S,6871151,677,0.800,1.440,1.120,-9.902,-0.357,0.593,,,,,,,,,,,,
1,A,6872319,1993,,,,,,,10.865,-0.643,0.770,,,,,,,,,
1,B,6873182,2031,,,,,,,,,,-10.301,-0.258,0.191,,,,,,
1,S,6873182,2031,0.800,1.440,1.440,-9.912,-0.378,0.613,,,,,,,,,,,,
1,A,6876306,3987,,,,,,,10.770,-0.718,0.790,,,,,,,,,
1,B,6876568,3386,,,,,,,,,,,,,0.000,-0.224,-0.224,,,
1,S,6876568,3386,0.480,1.440,1.440,-9.943,-0.398,0.608,,,,,,,,,,,,
1,A,6878299,1993,,,,,,,10.769,-0.678,0.758,,,,,,,,,
1,B,6879277,2709,,,,,,,,,,-10.371,-0.344,0.250,,,,,,
1,S,6879277,2709,0.480,1.760,1.440,-9.938,-0.432,0.588,,,,,,,,,,,,
1,A,6881289,2990,,,,,,,10.791,-0.698,0.659,,,,,,,,,
1,B,6882663,3386,,,,,,,,,,,,,,,,68.375,-45.688,13.625
1,S,6882663,3386,0.480,2.080,1.760,-9.887,-0.472,0.562,,,,,,,,,,,,
1,A,6885276,3987,,,,,,,10.746,-0.720,0.604,,,,,,,,,
1,B,6886048,3385,,,,,,,,,,,,,0.000,0.112,-0.671,,,
1,S,6886048,3385,0.800,2.080,2.080,-9.863,-0.482,0.517,,,,,,,,,,,,
1,A,6887269,1993,,,,,,,10.749,-0.748,0.584,,,,,,,,,
1,B,6888079,2031,,,,,,,,,,-10.316,-0.422,0.211,,,,,,
1,S,6888079,2031,1.440,2.080,1.760,-9.863,-0.482,0.482,,,,,,,,,,,,
1,A,6891256,3987,,,,,,,10.740,-0.732,0.530,,,,,,,,,
1,B,6891465,3386,,,,,,,,,,,,,,,,68.562,-46.062,13.438
1,S,6891465,3386,1.120,1.120,1.120,-9.863,-0.487,0.422,,,,,,,,,,,,
1,A,6893249,1993,,,,,,,10.736,-0.693,0.497,,,,,,,,,
1,B,6894173,2708,,,,,,,,,,-10.258,-0.449,0.047,,,,,,
1,S,6894173,2708,0.160,0.800,0.800,-9.848,-0.487,0.372,,,,,,,,,,,,
1,A,6896239,2990,,,,,,,10.713,-0.745,0.472,,,,,,,,,
1,B,6897559,3386,,,,,,,,,,,,,0.000,0.448,-0.671,,,
1,S,6897559,3386,-0.480,0.800,1.440,-9.832,-0.487,0.333,,,,,,,,,,,,
1,A,6899229,2990,,,,,,,10.691,-0.762,0.469,,,,,,,,,
1,B,6900268,2709,,,,,,,,,,,,,,,,68.500,-45.000,12.938
1,S,6900268,2709,-0.480,1.440,2.080,-9.828,-0.497,0.307,,,,,,,,,,,,
1,A,6902219,2990,,,,,,,10.704,-0.751,0.477,,,,,,,,,
1,B,6903654,3386,,,,,,,,,,,,,-0.112,0.671,-0.671,,,
1,S,6903654,3386,0.160,2.080,2.080,-9.832,-0.527,0.292,,,,,,,,,,,,
1,A,6907203,4984,,,,,,,10.868,-0.827,0.399,,,,,,,,,
1,B,6907717,4063,,,,,,,,,,-10.262,-0.469,-0.039,,,,,,
1,S,6907717,4063,0.480,1.120,1.440,-9.842,-0.568,0.312,,,,,,,,,,,,
1,A,6909196,1993,,,,,,,10.697,-0.896,0.654,,,,,,,,,
1,B,6910425,2708,,,,,,,,,,,,,,,,68.500,-45.000,12.938
1,S,6910425,2708,0.800,1.120,1.760,-9.863,-0.608,0.318,,,,,,,,,,,,
1,A,6912186,2990,,,,,,,10.824,-0.763,0.450,,,,,,,,,
1,B,6912456,2031,,,,,,,,,,-10.262,-0.508,-0.047,,,,,,
1,S,6912456,2031,0.800,1.440,2.080,-9.867,-0.627,0.323,,,,,,,,,,,,
1,A,6915176,2990,,,,,,,10.723,-0.806,0.479,,,,,,,,,
1,B,6915842,3386,,,,,,,,,,,,,0.000,0.560,-0.336,,,
1,S,6915842,3386,0.800,1.760,2.400,-9.857,-0.623,0.312,,,,,,,,,,,,
1,A,6918166,2990,,,,,,,10.798,-0.714,0.554,,,,,,,,,
1,B,6918551,2709,,,,,,,,,,-10.262,-0.547,-0.027,,,,,,
1,S,6918551,2709,0.480,1.440,2.400,-9.852,-0.613,0.292,,,,,,,,,,,,
1,A,6921156,2990,,,,,,,10.723,-0.845,0.620,,,,,,,,,
1,B,6921937,3386,,,,,,,,,,,,,,,,69.500,-47.938,13.688
1,S,6921937,3386,0.480,1.120,2.400,-9.873,-0.557,0.312,,,,,,,,,,,,
1,A,6923149,1993,,,,,,,10.790,-0.701,0.593,,,,,,,,,
1,B,6924645,2708,,,,,,,,,,-10.312,-0.480,0.008,,,,,,
1,S,6924645,5416,0.480,0.800,2.080,-9.883,-0.517,0.432,,,,,,,,,,,,
1,A,6927136,3987,,,,,,,10.795,-0.695,0.664,,,,,,,,,
1,B,6928030,3385,,,,,,,,,,,,,0.000,0.224,-0.112,,,
1,S,6928030,677,0.800,0.800,2.080,-9.887,-0.512,0.443,,,,,,,,,,,,
1,A,6929129,1993,,,,,,,10.822,-0.730,0.649,,,,,,,,,
1,B,6930061,2031,,,,,,,,,,,,,,,,69.125,-45.812,13.438
1,S,6930061,2031,0.800,0.480,2.080,-9.902,-0.482,0.468,,,,,,,,,,,,
1,A,6933116,3987,,,,,,,10.828,-0.563,0.639,,,,,,,,,
1,B,6933447,3386,,,,,,,,,,-10.344,-0.410,0.105,,,,,,
1,S,6933447,3386,0.800,0.480,2.400,-9.932,-0.448,0.458,,,,,,,,,,,,
1,A,6936106,2990,,,,,,,10.774,-0.649,0.666,,,,,,,,,
1,B,6936834,3387,,,,,,,,,,,,,0.000,0.000,0.224,,,
1,S,6936834,3387,1.120,1.120,2.080,-9.943,-0.407,0.453,,,,,,,,,,,,
1,A,6939096,2990,,,,,,,10.801,-0.615,0.603,,,,,,,,,
1,B,6940218,3384,,,,,,,,,,-10.332,-0.336,0.125,,,,,,
1,S,6940218,3384,0.800,1.440,2.400,-9.912,-0.388,0.463,,,,,,,,,,,,
1,A,6943083,3987,,,,,,,10.820,-0.654,0.656,,,,,,,,,
1,B,6943604,3386,,,,,,,,,,,,,,,,69.000,-46.000,13.062
1,S,6943604,3386,0.480,1.440,2.720,-9.873,-0.398,0.458,,,,,,,,,,,,
1,A,6945076,1993,,,,,,,10.873,-0.583,0.652,,,,,,,,,
1,B,6946313,2709,,,,,,,,,,,,,0.000,-0.112,0.336,,,
1,S,6946313,5412,0.800,1.440,2.720,-9.922,-0.407,0.458,,,,,,,,,,,,
1,A,6949058,3982,,,,,,,10.862,-0.698,0.694,,,,,,,,,
1,B,6949694,3381,,,,,,,,,,-10.305,-0.375,0.098,,,,,,
1,S,6949694,678,1.120,0.800,2.720,-9.932,-0.403,0.468,,,,,,,,,,,,
1,A,6952053,2995,,,,,,,10.835,-0.665,0.694,,,,,,,,,
1,B,6953084,3390,,,,,,,,,,,,,,,,69.812,-47.125,13.375
1,S,6953084,3390,1.120,0.800,2.720,-9.977,-0.407,0.497,,,,,,,,,,,,
1,A,6954046,1993,,,,,,,10.835,-0.661,0.708,,,,,,,,,
1,B,6955115,2031,,,,,,,,,,,,,0.000,-0.112,0.224,,,
1,S,6955115,2031,0.800,0.800,2.720,-9.982,-0.422,0.512,,,,,,,,,,,,
1,A,6958033,3987,,,,,,,10.793,-0.628,0.682,,,,,,,,,
1,B,6958501,3386,,,,,,,,,,-10.387,-0.363,0.152,,,,,,
1,S,6958501,3386,0.800,1.440,2.400,-9.963,-0.448,0.522,,,,,,,,,,,,
1,A,6961023,2990,,,,,,,10.765,-0.649,0.678,,,,,,,,,
1,B,6961887,3386,,,,,,,,,,,,,,,,68.938,-47.125,13.875
1,S,6961887,3386,0.800,1.760,2.400,-9.912,-0.438,0.507,,,,,,,,,,,,
1,A,6964007,2984,,,,,,,10.724,-0.670,0.615,,,,,,,,,
1,B,6964589,2702,,,,,,,,,,,,,0.112,0.000,0.000,,,
1,S,6964589,2702,1.120,1.760,2.400,-9.883,-0.422,0.482,,,,,,,,,,,,
1,A,6968000,3993,,,,,,,10.733,-0.639,0.597,,,,,,,,,
1,B,6968658,4069,,,,,,,,,,-10.297,-0.355,0.164,,,,,,
1,S,6968658,4069,1.120,1.760,1.760,-9.863,-0.412,0.443,,,,,,,,,,,,
1,A,6970991,2991,,,,,,,10.726,-0.647,0.565,,,,,,,,,
1,B,6972043,3385,,,,,,,,,,,,,,,,68.062,-46.250,14.062
1,S,6972043,3385,0.800,2.080,2.080,-9.838,-0.403,0.407,,,,,,,,,,,,
1,A,6973981,2990,,,,,,,10.708,-0.670,0.509,,,,,,,,,
1,B,6974753,2710,,,,,,,,,,-10.258,-0.375,0.086,,,,,,
1,S,6974753,2710,0.800,1.760,2.080,-9.828,-0.412,0.388,,,,,,,,,,,,
1,A,6976971,2990,,,,,,,10.726,-0.719,0.471,,,,,,,,,
1,B,6978138,3385,,,,,,,,,,,,,0.112,0.224,-0.224,,,
1,S,6978138,3385,0.800,0.800,2.080,-9.828,-0.438,0.357,,,,,,,,,,,,
1,A,6979961,2990,,,,,,,10.723,-0.714,0.447,,,,,,,,,
1,B,6980164,2026,,,,,,,,,,-10.230,-0.383,0.000,,,,,,
1,S,6980164,2026,0.480,0.800,1.760,-9.828,-0.453,0.338,,,,,,,,,,,,
1,A,6982951,2990,,,,,,,10.714,-0.762,0.442,,,,,,,,,
1,B,6983555,3391,,,,,,,,,,,,,,,,68.500,-46.625,13.812
1,S,6983555,3391,0.480,1.120,2.080,-9.832,-0.477,0.297,,,,,,,,,,,,
1,A,6985941,2990,,,,,,,10.716,-0.767,0.425,,,,,,,,,
1,B,6986941,3386,,,,,,,,,,,,,0.112,0.448,-0.224,,,
1,S,6986941,3386,0.480,2.080,2.400,-9.838,-0.502,0.278,,,,,,,,,,,,
1,A,6988931,2990,,,,,,,10.739,-0.750,0.427,,,,,,,,,
1,B,6989650,2709,,,,,,,,,,-10.238,-0.449,-0.066,,,,,,
1,S,6989650,2709,1.120,2.080,2.400,-9.838,-0.527,0.263,,,,,,,,,,,,
1,A,6991921,2990,,,,,,,10.689,-0.768,0.410,,,,,,,,,
1,B,6993034,3384,,,,,,,,,,,,,,,,68.188,-45.938,14.188
1,S,6993034,3384,0.800,1.760,2.080,-9.832,-0.532,0.242,,,,,,,,,,,,
1,A,6994911,2990,,,,,,,10.713,-0.756,0.405,,,,,,,,,
1,B,6995727,2693,,,,,,,,,,,,,0.000,0.448,-0.336,,,
1,S,6995727,2693,-0.160,1.760,2.400,-9.828,-0.532,0.233,,,,,,,,,,,,
1,A,6997901,2990,,,,,,,10.697,-0.736,0.435,,,,,,,,,
1,B,6998452,2725,,,,,,,,,,-10.234,-0.496,-0.086,,,,,,
1,S,6998452,2725,-0.160,1.760,2.720,-9.822,-0.532,0.233,,,,,,,,,,,,
1,A,7000891,2990,,,,,,,10.700,-0.700,0.465,,,,,,,,,
1,B,7001838,3386,,,,,,,,,,,,,,,,69.000,-47.000,13.562
1,S,7001838,3386,0.800,1.120,2.720,-9.818,-0.522,0.253,,,,,,,,,,,,
1,A,7003881,2990,,,,,,,10.732,-0.683,0.475,,,,,,,,,
1,B,7004546,2708,,,,,,,,,,,,,0.000,0.224,-0.224,,,
1,S,7004546,2708,1.760,0.800,3.040,-9.812,-0.497,0.268,,,,,,,,,,,,
1,A,7007868,3987,,,,,,,10.737,-0.611,0.459,,,,,,,,,
1,B,7009266,4720,,,,,,,,,,-10.242,-0.461,-0.113,,,,,,
1,S,7009266,4720,1.760,1.120,3.040,-9.822,-0.458,0.297,,,,,,,,,,,,
1,A,7011855,3987,,,,,,,10.784,-0.616,0.496,,,,,,,,,
1,B,7011995,2729,,,,,,,,,,,,,,,,69.312,-46.188,13.250
1,S,7011995,2729,1.440,1.440,2.720,-9.838,-0.417,0.318,,,,,,,,,,,,
1,A,7013848,1993,,,,,,,10.785,-0.610,0.560,,,,,,,,,
1,B,7014704,2709,,,,,,,,,,,,,-0.112,-0.112,0.000,,,
1,S,7014704,2709,1.440,1.440,2.080,-9.852,-0.388,0.333,,,,,,,,,,,,
1,A,7017834,3986,,,,,,,10.785,-0.584,0.593,,,,,,,,,
1,B,7019424,4720,,,,,,,,,,-10.234,-0.410,-0.059,,,,,,
1,S,7019424,4720,1.440,0.800,2.080,-9.873,-0.357,0.362,,,,,,,,,,,,
1,A,7020824,2990,,,,,,,10.826,-0.568,0.618,,,,,,,,,
1,B,7021475,2051,,,,,,,,,,,,,,,,69.562,-47.375,13.250
1,S,7021475,2051,0.800,1.120,2.400,-9.898,-0.357,0.388,,,,,,,,,,,,
1,A,7022817,1993,,,,,,,10.836,-0.587,0.643,,,,,,,,,
1,B,7024183,2708,,,,,,,,,,-10.258,-0.316,-0.020,,,,,,
1,S,7024183,2708,1.120,1.120,2.720,-9.922,-0.357,0.417,,,,,,,,,,,,
1,A,7026804,3987,,,,,,,10.816,-0.584,0.691,,,,,,,,,
1,B,7027544,3361,,,,,,,,,,,,,-0.112,-0.448,0.112,,,
1,S,7027544,3361,1.440,0.480,2.720,-9.947,-0.352,0.453,,,,,,,,,,,,
1,A,7028797,1993,,,,,,,10.821,-0.585,0.702,,,,,,,,,
1,B,7030258,2714,,,,,,,,,,-10.332,-0.316,0.066,,,,,,
1,S,7030258,2714,1.760,0.480,2.720,-9.953,-0.352,0.477,,,,,,,,,,,,
1,A,7032784,3987,,,,,,,10.817,-0.612,0.734,,,,,,,,,
1,B,7032986,2728,,,,,,,,,,,,,,,,69.000,-46.562,13.438
1,S,7032986,2728,1.440,0.480,2.400,-9.947,-0.352,0.507,,,,,,,,,,,,
1,A,7034777,1993,,,,,,,10.822,-0.607,0.730,,,,,,,,,
1,B,7035695,2709,,,,,,,,,,,,,-0.112,-0.560,0.112,,,
1,S,7035695,2709,1.120,1.120,1.760,-9.938,-0.357,0.527,,,,,,,,,,,,
1,A,7038764,3987,,,,,,,10.866,-0.618,0.748,,,,,,,,,
1,B,7039080,3385,,,,,,,,,,-10.352,-0.297,0.113,,,,,,
1,S,7039080,3385,1.120,1.760,1.120,-9.932,-0.372,0.547,,,,,,,,,,,,
1,A,7041753,2989,,,,,,,10.853,-0.649,0.756,,,,,,,,,
1,B,7042466,3386,,,,,,,,,,,,,,,,69.875,-45.938,13.250
1,S,7042466,3386,1.120,1.760,1.760,-9.938,-0.383,0.568,,,,,,,,,,,,
1,A,7043747,1994,,,,,,,10.850,-0.638,0.778,,,,,,,,,
1,B,7045174,2708,,,,,,,,,,,,,-0.112,-0.560,0.000,,,
1,S,7045174,2708,1.120,1.760,2.080,-9.943,-0.393,0.578,,,,,,,,,,,,
1,A,7048730,4983,,,,,,,10.823,-0.658,0.767,,,,,,,,,
1,B,7049237,4063,,,,,,,,,,-10.328,-0.316,0.191,,,,,,
1,S,7049237,4063,1.120,1.760,2.080,-9.947,-0.398,0.588,,,,,,,,,,,,
1,A,7050723,1993,,,,,,,10.811,-0.685,0.752,,,,,,,,,
1,B,7051946,2709,,,,,,,,,,,,,,,,67.812,-47.438,14.500
1,S,7051946,2709,0.800,1.440,2.400,-9.943,-0.412,0.593,,,,,,,,,,,,
1,A,7053713,2990,,,,,,,10.787,-0.686,0.754,,,,,,,,,
1,B,7053978,2032,,,,,,,,,,,,,-0.112,-0.224,-0.112,,,
1,S,7053978,2032,0.480,1.440,2.400,-9.938,-0.427,0.588,,,,,,,,,,,,
1,A,7057700,3987,,,,,,,10.751,-0.669,0.696,,,,,,,,,
1,B,7058717,4739,,,,,,,,,,-10.344,-0.402,0.219,,,,,,
1,S,7058717,6771,0.480,1.120,2.080,-9.883,-0.453,0.537,,,,,,,,,,,,
1,A,7060690,2990,,,,,,,10.722,-0.679,0.673,,,,,,,,,
1,B,7061425,2708,,,,,,,,,,,,,,,,68.938,-46.125,13.312
1,S,7061425,676,1.120,0.800,1.760,-9.877,-0.453,0.532,,,,,,,,,,,,
1,A,7062683,1993,,,,,,,10.733,-0.684,0.675,,,,,,,,,
1,B,7063457,2032,,,,,,,,,,,,,-0.112,0.112,-0.112,,,
1,S,7063457,2032,1.440,1.120,1.760,-9.857,-0.453,0.512,,,,,,,,,,,,
1,A,7066670,3987,,,,,,,10.707,-0.675,0.622,,,,,,,,,
1,B,7068196,4739,,,,,,,,,,-10.258,-0.395,0.145,,,,,,
1,S,7068196,4739,1.440,1.760,2.080,-9.838,-0.443,0.472,,,,,,,,,,,,
1,A,7069660,2990,,,,,,,10.541,-0.907,0.691,,,,,,,,,
1,B,7070228,2032,,,,,,,,,,-10.238,-0.395,0.098,,,,,,
1,S,7070228,2032,1.120,2.080,2.080,-9.832,-0.438,0.458,,,,,,,,,,,,
1,A,7072650,2990,,,,,,,10.829,-0.350,0.813,,,,,,,,,
1,B,7073614,3386,,,,,,,,,,,,,,,,68.375,-46.250,14.000
1,S,7073614,3386,1.440,2.400,1.760,-9.793,-0.448,0.453,,,,,,,,,,,,
1,A,7075640,2990,,,,,,,10.907,-0.332,0.756,,,,,,,,,
1,B,7076322,2708,,,,,,,,,,,,,-0.112,0.448,-0.112,,,
1,S,7076322,2708,2.080,2.080,1.760,-9.783,-0.383,0.477,,,,,,,,,,,,
1,A,7078630,2990,,,,,,,10.674,-0.225,0.737,,,,,,,,,
1,B,7079708,3386,,,,,,,,,,,,,,,,68.938,-44.062,13.000
1,S,7079708,3386,1.760,1.760,1.440,-9.822,-0.177,0.522,,,,,,,,,,,,
1,A,7082616,3986,,,,,,,10.717,-0.535,0.682,,,,,,,,,
1,B,7083093,3385,,,,,,,,,,-10.262,-0.113,0.125,,,,,,
1,S,7083093,3385,0.800,2.080,1.440,-9.828,-0.013,0.547,,,,,,,,,,,,
1,A,7085606,2990,,,,,,,10.798,-0.305,0.554,,,,,,,,,
1,B,7086479,3386,,,,,,,,,,,,,-0.112,0.671,-0.224,,,
1,S,7086479,3386,0.480,2.080,1.440,-9.822,-0.043,0.532,,,,,,,,,,,,
1,A,7088596,2990,,,,,,,10.805,-0.483,0.534,,,,,,,,,
1,B,7089865,3386,,,,,,,,,,-10.230,-0.008,0.164,,,,,,
1,S,7089865,3386,0.800,2.080,1.760,-9.852,-0.128,0.443,,,,,,,,,,,,
1,A,7092583,3987,,,,,,,10.720,-0.527,0.582,,,,,,,,,
1,B,7093250,3385,,,,,,,,,,,,,,,,68.375,-46.312,13.312
1,S,7093250,3385,1.440,2.400,1.440,-9.883,-0.188,0.362,,,,,,,,,,,,
1,A,7094576,1993,,,,,,,10.739,-0.533,0.587,,,,,,,,,
1,B,7095282,2032,,,,,,,,,,,,,-0.112,0.783,-0.448,,,
1,S,7095282,2032,1.440,2.400,0.800,-9.877,-0.223,0.362,,,,,,,,,,,,
1,A,7097566,2990,,,,,,,10.765,-0.595,0.612,,,,,,,,,
1,B,7098668,3386,,,,,,,,,,-10.266,-0.172,0.008,,,,,,
1,S,7098668,3386,1.440,2.400,0.160,-9.848,-0.278,0.398,,,,,,,,,,,,
1,A,7101552,3986,,,,,,,10.750,-0.670,0.552,,,,,,,,,
1,B,7102053,3385,,,,,,,,,,,,,,,,68.812,-46.188,13.625
1,S,7102053,3385,1.440,2.400,0.480,-9.842,-0.343,0.417,,,,,,,,,,,,
1,A,7103546,1994,,,,,,,10.761,-0.698,0.543,,,,,,,,,
1,B,7104762,2709,,,,,,,,,,-10.277,-0.305,0.027,,,,,,
1,S,7104762,2709,1.760,2.080,0.800,-9.863,-0.393,0.407,,,,,,,,,,,,
1,A,7107532,3986,,,,,,,10.808,-0.747,0.530,,,,,,,,,
1,B,7108147,3385,,,,,,,,,,,,,0.000,0.783,-0.895,,,
1,S,7108147,3385,1.760,1.760,1.120,-9.893,-0.448,0.383,,,,,,,,,,,,
1,A,7109526,1994,,,,,,,10.808,-0.794,0.519,,,,,,,,,
1,B,7110179,2032,,,,,,,,,,,,,,,,69.812,-44.500,11.938
1,S,7110179,2032,1.440,1.760,0.800,-9.912,-0.477,0.367,,,,,,,,,,,,
1,A,7112515,3986,,,,,,,10.819,-0.822,0.465,,,,,,,,,
1,B,7113565,3386,,,,,,,,,,-10.305,-0.422,0.027,,,,,,
1,S,7113565,3386,1.120,2.400,0.800,-9.932,-0.542,0.343,,,,,,,,,,,,
1,A,7116502,2990,,,,,,,10.765,-0.826,0.454,,,,,,,,,
1,B,7116951,3386,,,,,,,,,,,,,0.000,0.783,-1.119,,,
1,S,7116951,3386,1.120,2.080,0.480,-9.928,-0.598,0.318,,,,,,,,,,,,
1,A,7118495,1993,,,,,,,10.770,-0.848,0.451,,,,,,,,,
1,B,7119659,2708,,,,,,,,,,-10.352,-0.555,-0.027,,,,,,
1,S,7119659,2708,1.120,1.760,0.480,-9.912,-0.618,0.302,,,,,,,,,,,,
1,A,7122482,3987,,,,,,,10.759,-0.850,0.407,,,,,,,,,
1,B,7123044,3385,,,,,,,,,,,,,,,,69.062,-46.438,13.188
1,S,7123044,3385,1.120,1.440,0.800,-9.893,-0.623,0.282,,,,,,,,,,,,
1,A,7124475,1993,,,,,,,10.764,-0.864,0.403,,,,,,,,,
1,B,7125753,2709,,,,,,,,,,,,,0.000,0.560,-1.119,,,
1,S,7125753,5417,1.120,1.120,1.440,-9.902,-0.637,0.228,,,,,,,,,,,,
1,A,7128462,3987,,,,,,,10.761,-0.894,0.390,,,,,,,,,
1,B,7129138,3385,,,,,,,,,,-10.316,-0.555,-0.078,,,,,,
1,S,7129138,677,1.120,1.120,1.440,-9.902,-0.637,0.223,,,,,,,,,,,,
1,A,7131451,2989,,,,,,,10.735,-0.885,0.409,,,,,,,,,
1,B,7132524,3386,,,,,,,,,,,,,,,,68.625,-45.438,13.688
1,S,7132524,3386,1.120,1.120,1.440,-9.893,-0.652,0.203,,,,,,,,,,,,
1,A,7133445,1994,,,,,,,10.713,-0.890,0.405,,,,,,,,,
1,B,7134556,2032,,,,,,,,,,,,,0.000,0.224,-0.895,,,
1,S,7134556,2032,1.120,1.120,1.440,-9.883,-0.657,0.203,,,,,,,,,,,,
1,A,7138428,4983,,,,,,,10.719,-0.887,0.414,,,,,,,,,
1,B,7139295,4739,,,,,,,,,,-10.309,-0.602,-0.105,,,,,,
1,S,7139295,4739,1.120,0.480,1.440,-9.832,-0.667,0.233,,,,,,,,,,,,
1,A,7140421,1993,,,,,,,10.686,-0.918,0.456,,,,,,,,,
1,B,7141327,2032,,,,,,,,,,-10.227,-0.621,-0.105,,,,,,
1,S,7141327,2032,1.440,0.480,1.440,-9.822,-0.682,0.237,,,,,,,,,,,,
1,A,7144408,3987,,,,,,,10.719,-0.957,0.544,,,,,,,,,
1,B,7144713,3386,,,,,,,,,,,,,,,,69.250,-45.125,12.750
1,S,7144713,3386,1.760,0.480,1.760,-9.818,-0.688,0.263,,,,,,,,,,,,
1,A,7146401,1993,,,,,,,10.702,-0.931,0.560,,,,,,,,,
1,B,7147421,2708,,,,,,,,,,,,,0.000,0.000,-0.560,,,
1,S,7147421,2708,1.120,0.480,1.760,-9.818,-0.688,0.302,,,,,,,,,,,,
1,A,7149391,3987,,,,,,,10.668,-0.931,0.621,,,,,,,,,
1,B,7150807,3386,,,,,,,,,,-10.219,-0.652,-0.020,,,,,,
1,S,7150807,3386,0.800,0.480,1.760,-9.812,-0.698,0.372,,,,,,,,,,,,
1,A,7153378,2990,,,,,,,10.740,-1.004,0.649,,,,,,,,,
1,B,7154192,3385,,,,,,,,,,,,,,,,68.562,-45.500,13.062
1,S,7154192,3385,0.160,0.800,1.760,-9.807,-0.723,0.448,,,,,,,,,,,,
1,A,7155371,1993,,,,,,,10.710,-0.925,0.641,,,,,,,,,
1,B,7156882,2690,,,,,,,,,,,,,0.000,-0.448,-0.112,,,
1,S,7156882,2690,0.480,0.800,2.080,-9.818,-0.738,0.472,,,,,,,,,,,,
1,A,7159357,3986,,,,,,,10.727,-1.014,0.697,,,,,,,,,
1,B,7159610,2728,,,,,,,,,,-10.238,-0.699,0.113,,,,,,
1,S,7159610,2728,0.800,0.800,2.400,-9.838,-0.738,0.472,,,,,,,,,,,,
1,A,7162347,2990,,,,,,,10.763,-0.903,0.696,,,,,,,,,
1,B,7162996,3386,,,,,,,,,,,,,,,,67.562,-44.688,13.562
1,S,7162996,3386,1.440,1.120,2.400,-9.857,-0.728,0.477,,,,,,,,,,,,
1,A,7165337,2990,,,,,,,10.778,-0.851,0.704,,,,,,,,,
1,B,7165704,2708,,,,,,,,,,,,,0.000,-0.560,0.336,,,
1,S,7165704,2708,1.760,1.440,2.720,-9.873,-0.723,0.492,,,,,,,,,,,,
1,A,7168327,2990,,,,,,,10.781,-0.819,0.669,,,,,,,,,
1,B,7169089,3385,,,,,,,,,,-10.273,-0.680,0.164,,,,,,
1,S,7169089,3385,1.120,1.120,3.040,-9.873,-0.672,0.512,,,,,,,,,,,,
1,A,7171317,2990,,,,,,,10.802,-0.727,0.637,,,,,,,,,
1,B,7172475,3386,,,,,,,,,,,,,,,,68.688,-45.312,13.438
1,S,7172475,3386,0.480,1.120,3.360,-9.887,-0.598,0.492,,,,,,,,,,,,
1,A,7174307,2990,,,,,,,10.834,-0.647,0.634,,,,,,,,,
1,B,7175183,2708,,,,,,,,,,,,,0.112,-0.448,0.671,,,
1,S,7175183,2708,0.480,1.440,3.360,-9.908,-0.537,0.463,,,,,,,,,,,,
1,A,7178293,3986,,,,,,,10.839,-0.585,0.567,,,,,,,,,
1,B,7179246,4063,,,,,,,,,,-10.309,-0.547,0.125,,,,,,
1,S,7179246,4063,0.800,1.440,2.720,-9.928,-0.443,0.422,,,,,,,,,,,,
1,A,7181283,2990,,,,,,,10.831,-0.516,0.540,,,,,,,,,
1,B,7182632,3386,,,,,,,,,,,,,,,,67.625,-45.125,13.688
1,S,7182632,3386,1.120,1.440,3.040,-9.938,-0.362,0.403,,,,,,,,,,,,
1,A,7184273,2990,,,,,,,10.807,-0.485,0.535,,,,,,,,,
1,B,7185341,2709,,,,,,,,,,,,,0.112,-0.112,1.007,,,
1,S,7185341,2709,1.440,1.120,3.360,-9.938,-0.297,0.378,,,,,,,,,,,,
1,A,7188260,3987,,,,,,,10.827,-0.493,0.587,,,,,,,,,
1,B,7189390,4049,,,,,,,,,,-10.332,-0.344,0.047,,,,,,
1,S,7189390,4049,1.440,1.120,2.720,-9.918,-0.233,0.357,,,,,,,,,,,,
1,A,7191250,2990,,,,,,,10.807,-0.464,0.582,,,,,,,,,
1,B,7192112,2722,,,,,,,,,,,,,,,,67.750,-46.625,14.312
1,S,7192112,2722,1.120,1.440,2.400,-9.898,-0.223,0.362,,,,,,,,,,,,
1,A,7193243,1993,,,,,,,10.805,-0.525,0.587,,,,,,,,,
1,B,7194130,2018,,,,,,,,,,,,,0.000,0.000,0.783,,,
1,S,7194130,2018,1.440,1.440,2.080,-9.893,-0.228,0.378,,,,,,,,,,,,
1,A,7198226,4983,,,,,,,10.843,-0.562,0.623,,,,,,,,,
1,B,7198884,4754,,,,,,,,,,-10.305,-0.199,0.047,,,,,,
1,S,7198884,4754,1.760,1.120,2.080,-9.883,-0.278,0.407,,,,,,,,,,,,
1,A,7200219,1993,,,,,,,10.833,-0.588,0.633,,,,,,,,,
1,B,7201573,2689,,,,,,,,,,,,,,,,67.812,-45.500,13.500
1,S,7201573,2689,1.760,0.800,2.400,-9.887,-0.302,0.422,,,,,,,,,,,,
1,A,7203209,2990,,,,,,,10.826,-0.657,0.643,,,,,,,,,
1,B,7203624,2051,,,,,,,,,,,,,0.112,0.000,0.336,,,
1,S,7203624,2051,1.440,1.120,2.720,-9.908,-0.343,0.443,,,,,,,,,,,,
1,A,7207196,3987,,,,,,,10.826,-0.734,0.664,,,,,,,,,
1,B,7208363,4739,,,,,,,,,,-10.328,-0.316,0.098,,,,,,
1,S,7208363,4739,1.120,1.440,2.400,-9.947,-0.427,0.453,,,,,,,,,,,,
1,A,7210186,2990,,,,,,,10.808,-0.783,0.643,,,,,,,,,
1,B,7210395,2032,,,,,,,,,,-10.355,-0.430,0.098,,,,,,
1,S,7210395,2032,0.800,1.440,2.080,-9.947,-0.468,0.458,,,,,,,,,,,,
1,A,7213175,2989,,,,,,,10.793,-0.819,0.650,,,,,,,,,
1,B,7213781,3386,,,,,,,,,,,,,,,,68.125,-45.062,13.312
1,S,7213781,3386,0.800,1.120,1.760,-9.928,-0.537,0.463,,,,,,,,,,,,
1,A,7215169,1994,,,,,,,10.777,-0.847,0.617,,,,,,,,,
1,B,7216471,2690,,,,,,,,,,,,,0.000,0.000,-0.112,,,
1,S,7216471,2690,0.800,0.800,2.080,-9.912,-0.583,0.463,,,,,,,,,,,,
1,A,7219155,3986,,,,,,,10.721,-0.841,0.511,,,,,,,,,
1,B,7219875,3404,,,,,,,,,,,,,,,,70.000,-46.938,12.812
1,S,7219875,3404,0.800,1.120,2.400,-9.902,-0.623,0.448,,,,,,,,,,,,
1,A,7222145,2990,,,,,,,10.729,-0.891,0.486,,,,,,,,,
1,B,7223260,3385,,,,,,,,,,-10.312,-0.566,0.105,,,,,,
1,S,7223260,3385,0.800,1.120,2.400,-9.883,-0.642,0.398,,,,,,,,,,,,
1,A,7225135,2990,,,,,,,10.731,-0.828,0.406,,,,,,,,,
1,B,7226629,3369,,,,,,,,,,,,,0.000,0.112,-0.112,,,
1,S,7226629,6094,1.120,0.800,2.720,-9.852,-0.647,0.253,,,,,,,,,,,,
1,A,7229122,3987,,,,,,,10.688,-0.840,0.327,,,,,,,,,
1,B,7230031,3402,,,,,,,,,,-10.258,-0.613,-0.039,,,,,,
1,S,7230031,677,0.800,0.800,2.720,-9.848,-0.647,0.233,,,,,,,,,,,,
1,A,7232111,2989,,,,,,,10.676,-0.756,0.298,,,,,,,,,
1,B,7233417,3386,,,,,,,,,,,,,,,,68.938,-44.062,13.000
1,S,7233417,3386,0.800,1.120,2.720,-9.832,-0.623,0.168,,,,,,,,,,,,
1,A,7235101,2990,,,,,,,10.712,-0.750,0.327,,,,,,,,,
1,B,7235449,2032,,,,,,,,,,,,,0.000,0.000,0.336,,,
1,S,7235449,2032,0.480,0.800,2.720,-9.818,-0.598,0.147,,,,,,,,,,,,
1,A,7238091,2990,,,,,,,10.789,-0.607,0.365,,,,,,,,,
1,B,7238835,3386,,,,,,,,,,-10.238,-0.555,-0.172,,,,,,
1,S,7238835,3386,0.160,0.800,3.040,-9.818,-0.552,0.152,,,,,,,,,,,,
1,A,7241081,2990,,,,,,,10.679,-0.602,0.416,,,,,,,,,
1,B,7242220,3385,,,,,,,,,,,,,,,,69.375,-46.625,13.375
1,S,7242220,3385,0.800,0.800,4.000,-9.848,-0.477,0.182,,,,,,,,,,,,
1,A,7244071,2990,,,,,,,10.716,-0.461,0.507,,,,,,,,,
1,B,7244929,2709,,,,,,,,,,-10.285,-0.383,-0.145,,,,,,
1,S,7244929,2709,1.760,0.480,4.320,-9.852,-0.398,0.223,,,,,,,,,,,,
1,A,7247061,2990,,,,,,,10.726,-0.362,0.549,,,,,,,,,
1,B,7248314,3385,,,,,,,,,,,,,0.000,-0.224,0.895,,,
1,S,7248314,3385,1.440,-0.160,4.320,-9.842,-0.263,0.292,,,,,,,,,,,,
1,A,7250051,2990,,,,,,,10.674,-0.315,0.549,,,,,,,,,
1,B,7250345,2031,,,,,,,,,,,,,,,,69.312,-45.562,12.875
1,S,7250345,2031,0.800,-0.800,4.000,-9.828,-0.182,0.333,,,,,,,,,,,,
1,A,7253041,2990,,,,,,,10.727,-0.247,0.603,,,,,,,,,
1,B,7253732,3387,,,,,,,,,,-10.223,-0.086,-0.020,,,,,,
1,S,7253732,3387,0.480,-0.480,3.360,-9.803,-0.087,0.378,,,,,,,,,,,,
1,A,7256031,2990,,,,,,,10.739,-0.235,0.704,,,,,,,,,
1,B,7257116,3384,,,,,,,,,,,,,0.000,-0.671,1.231,,,
1,S,7257116,3384,0.800,0.160,2.720,-9.797,-0.028,0.417,,,,,,,,,,,,
1,A,7259021,2990,,,,,,,10.782,-0.259,0.762,,,,,,,,,
1,B,7259826,2710,,,,,,,,,,-10.195,0.078,0.059,,,,,,
1,S,7259826,2710,1.120,-0.160,2.400,-9.807,-0.007,0.458,,,,,,,,,,,,
1,A,7262011,2990,,,,,,,10.818,-0.277,0.835,,,,,,,,,
1,B,7263211,3385,,,,,,,,,,,,,,,,69.188,-44.688,12.625
1,S,7263211,3385,1.440,-0.800,1.760,-9.838,-0.003,0.527,,,,,,,,,,,,
1,A,7265001,2990,,,,,,,10.786,-0.360,0.902,,,,,,,,,
1,B,7265920,2709,,,,,,,,,,,,,0.000,-1.119,1.119,,,
1,S,7265920,2709,0.800,-1.120,2.080,-9.867,-0.013,0.593,,,,,,,,,,,,
1,A,7267992,2991,,,,,,,10.850,-0.387,0.968,,,,,,,,,
1,B,7268628,2708,,,,,,,,,,-10.270,0.066,0.238,,,,,,
1,S,7268628,2708,0.800,-0.480,1.760,-9.898,-0.043,0.657,,,,,,,,,,,,
1,A,7270982,2990,,,,,,,10.833,-0.503,1.039,,,,,,,,,
1,B,7272013,3385,,,,,,,,,,,,,,,,69.188,-45.750,12.500
1,S,7272013,3385,0.800,-0.160,1.440,-9.928,-0.102,0.743,,,,,,,,,,,,
1,A,7273972,2990,,,,,,,10.811,-0.580,1.050,,,,,,,,,
1,B,7274723,2710,,,,,,,,,,-10.324,-0.113,0.461,,,,,,
1,S,7274723,2710,0.800,-0.160,1.120,-9.932,-0.177,0.802,,,,,,,,,,,,
1,A,7276962,2990,,,,,,,10.806,-0.659,1.104,,,,,,,,,
1,B,7278108,3385,,,,,,,,,,,,,0.000,-1.231,0.448,,,
1,S,7278108,3385,0.480,0.160,1.120,-9.918,-0.292,0.863,,,,,,,,,,,,
1,A,7279952,2990,,,,,,,10.832,-0.769,1.098,,,,,,,,,
1,B,7280817,2709,,,,,,,,,,,,,,,,69.000,-46.000,13.062
1,S,7280817,2709,0.800,0.480,0.480,-9.922,-0.372,0.892,,,,,,,,,,,,
1,A,7282942,2990,,,,,,,10.863,-0.715,1.039,,,,,,,,,
1,B,7284202,3385,,,,,,,,,,-10.348,-0.375,0.555,,,,,,
1,S,7284202,6094,0.480,0.800,0.480,-9.982,-0.502,0.892,,,,,,,,,,,,
1,A,7286928,3986,,,,,,,10.778,-0.807,1.082,,,,,,,,,
1,B,7287588,3386,,,,,,,,,,,,,0.000,-0.783,-0.224,,,
1,S,7287588,677,-0.480,1.440,0.800,-9.982,-0.502,0.887,,,,,,,,,,,,
1,A,7288921,1993,,,,,,,10.726,-0.815,1.019,,,,,,,,,
1,B,7289620,2032,,,,,,,,,,,,,,,,68.500,-45.562,13.312
1,S,7289620,2032,-0.480,2.080,1.440,-9.957,-0.502,0.877,,,,,,,,,,,,
1,A,7291911,2990,,,,,,,10.676,-0.775,1.000,,,,,,,,,
1,B,7293004,3384,,,,,,,,,,-10.344,-0.430,0.602,,,,,,
1,S,7293004,3384,-0.160,2.080,2.080,-9.877,-0.507,0.858,,,,,,,,,,,,
1,A,7295898,3987,,,,,,,10.709,-0.780,0.864,,,,,,,,,
1,B,7296391,3387,,,,,,,,,,,,,0.000,-0.112,-0.448,,,
1,S,7296391,3387,1.120,2.400,1.760,-9.807,-0.522,0.823,,,,,,,,,,,,
1,A,7297891,1993,,,,,,,10.787,-0.651,0.724,,,,,,,,,
1,B,7299099,2708,,,,,,,,,,-10.195,-0.508,0.469,,,,,,
1,S,7299099,2708,0.800,3.040,1.440,-9.803,-0.527,0.762,,,,,,,,,,,,
1,A,7301883,3992,,,,,,,10.899,-0.620,0.613,,,,,,,,,
1,B,7302485,3386,,,,,,,,,,,,,,,,68.812,-45.188,13.125
1,S,7302485,3386,0.800,4.000,1.440,-9.873,-0.472,0.623,,,,,,,,,,,,
1,A,7303871,1988,,,,,,,10.934,-0.609,0.522,,,,,,,,,
1,B,7304516,2031,,,,,,,,,,,,,0.000,0.783,-0.448,,,
1,S,7304516,2031,1.760,4.320,1.760,-9.938,-0.432,0.522,,,,,,,,,,,,
1,A,7307857,3986,,,,,,,10.849,-0.573,0.414,,,,,,,,,
1,B,7309256,4740,,,,,,,,,,,,,,,,69.188,-45.250,13.000
1,S,7309256,4740,2.080,3.680,1.440,-10.023,-0.378,0.338,,,,,,,,,,,,
1,A,7310847,2990,,,,,,,10.798,-0.600,0.263,,,,,,,,,
1,B,7311965,2709,,,,,,,,,,-10.367,-0.297,-0.125,,,,,,
1,S,7311965,2709,1.120,3.040,1.440,-9.992,-0.362,0.258,,,,,,,,,,,,
1,A,7312840,1993,,,,,,,10.815,-0.560,0.204,,,,,,,,,
1,B,7313997,2032,,,,,,,,,,,,,0.000,1.567,-0.336,,,
1,S,7313997,2032,1.120,2.720,1.760,-9.953,-0.357,0.193,,,,,,,,,,,,
1,A,7317824,4984,,,,,,,10.878,-0.571,0.080,,,,,,,,,
1,B,7318737,4740,,,,,,,,,,,,,,,,68.625,-45.938,13.125
1,S,7318737,4740,1.120,2.080,2.080,-9.912,-0.347,0.028,,,,,,,,,,,,
1,A,7320814,2990,,,,,,,10.839,-0.666,0.076,,,,,,,,,
1,B,7322121,3384,,,,,,,,,,-10.348,-0.305,-0.375,,,,,,
1,S,7322121,3384,0.800,1.760,1.440,-9.947,-0.347,-0.072,,,,,,,,,,,,
1,A,7323803,2989,,,,,,,10.786,-0.701,0.077,,,,,,,,,
1,B,7324153,2032,,,,,,,,,,,,,0.112,1.567,-0.448,,,
1,S,7324153,2032,1.440,1.760,1.120,-9.957,-0.372,-0.107,,,,,,,,,,,,
1,A,7327790,3987,,,,,,,10.690,-0.818,0.144,,,,,,,,,
1,B,7328894,4741,,,,,,,,,,,,,,,,67.938,-46.312,14.375
1,S,7328894,4741,1.760,1.120,1.120,-9.912,-0.487,-0.102,,,,,,,,,,,,
1,A,7330780,2990,,,,,,,10.692,-0.880,0.244,,,,,,,,,
1,B,7332279,3385,,,,,,,,,,-10.305,-0.422,-0.441,,,,,,
1,S,7332279,3385,1.120,0.160,1.120,-9.842,-0.568,-0.048,,,,,,,,,,,,
1,A,7333770,2990,,,,,,,10.707,-0.942,0.360,,,,,,,,,
1,B,7334310,2031,,,,,,,,,,,,,0.000,0.783,-0.671,,,
1,S,7334310,2031,0.800,-0.160,0.800,-9.807,-0.613,0.007,,,,,,,,,,,,
1,A,7337756,3986,,,,,,,10.776,-0.981,0.483,,,,,,,,,
1,B,7339050,4740,,,,,,,,,,,,,,,,68.938,-45.562,12.938
1,S,7339050,4740,0.800,-0.160,1.440,-9.822,-0.718,0.163,,,,,,,,,,,,
1,A,7340746,2990,,,,,,,10.792,-1.022,0.584,,,,,,,,,
1,B,7341081,2031,,,,,,,,,,-10.234,-0.602,-0.270,,,,,,
1,S,7341081,2031,0.800,-0.160,1.440,-9.852,-0.757,0.233,,,,,,,,,,,,
1,A,7342740,1994,,,,,,,10.832,-1.011,0.672,,,,,,,,,
1,B,7343790,2709,,,,,,,,,,,,,0.000,-0.112,-0.671,,,
1,S,7343790,2709,0.480,-0.480,1.120,-9.898,-0.787,0.323,,,,,,,,,,,,
1,A,7347723,4983,,,,,,,10.788,-1.010,0.742,,,,,,,,,
1,B,7347853,4063,,,,,,,,,,-10.324,-0.738,0.008,,,,,,
1,S,7347853,4063,0.480,-0.480,2.080,-9.953,-0.812,0.448,,,,,,,,,,,,
1,A,7349716,1993,,,,,,,10.768,-0.981,0.784,,,,,,,,,
1,B,7350561,2708,,,,,,,,,,-10.355,-0.766,0.199,,,,,,
1,S,7350561,2708,0.160,0.160,3.040,-9.957,-0.823,0.517,,,,,,,,,,,,
1,A,7352706,2990,,,,,,,10.717,-0.949,0.824,,,,,,,,,
1,B,7353948,3387,,,,,,,,,,,,,,,,68.750,-46.312,13.938
1,S,7353948,3387,0.480,0.800,3.040,-9.912,-0.792,0.583,,,,,,,,,,,,
1,A,7355696,2990,,,,,,,10.684,-0.842,0.771,,,,,,,,,
1,B,7356656,2708,,,,,,,,,,,,,0.000,-0.671,-0.224,,,
1,S,7356656,2708,0.800,1.120,3.040,-9.857,-0.748,0.613,,,,,,,,,,,,
1,A,7358686,2990,,,,,,,10.658,-0.740,0.711,,,,,,,,,
1,B,7360041,3385,,,,,,,,,,,,,,,,68.688,-45.375,12.750
1,S,7360041,3385,1.120,1.440,3.040,-9.797,-0.662,0.608,,,,,,,,,,,,
1,A,7362672,3986,,,,,,,10.677,-0.620,0.598,,,,,,,,,
1,B,7363427,3386,,,,,,,,,,-10.207,-0.602,0.270,,,,,,
1,S,7363427,6094,0.800,1.440,3.040,-9.762,-0.448,0.492,,,,,,,,,,,,
1,A,7365662,2990,,,,,,,10.742,-0.544,0.507,,,,,,,,,
1,B,7366813,3386,,,,,,,,,,,,,-0.112,-0.560,0.336,,,
1,S,7366813,678,0.480,1.760,2.720,-9.768,-0.422,0.472,,,,,,,,,,,,
1,A,7368652,2990,,,,,,,10.732,-0.453,0.387,,,,,,,,,
1,B,7370179,3366,,,,,,,,,,-10.191,-0.375,0.098,,,,,,
1,S,7370179,3366,0.480,2.080,2.720,-9.797,-0.328,0.383,,,,,,,,,,,,
1,A,7372639,3987,,,,,,,10.689,-0.417,0.311,,,,,,,,,
1,B,7372907,2728,,,,,,,,,,,,,,,,68.312,-47.375,14.125
1,S,7372907,2728,1.120,2.080,2.720,-9.822,-0.237,0.263,,,,,,,,,,,,
1,A,7374632,1993,,,,,,,10.653,-0.418,0.300,,,,,,,,,
1,B,7375616,2709,,,,,,,,,,,,,-0.112,-0.112,0.671,,,
1,S,7375616,2709,1.440,1.440,2.720,-9.807,-0.198,0.172,,,,,,,,,,,,
1,A,7378619,3987,,,,,,,10.590,-0.454,0.275,,,,,,,,,
1,B,7379001,3385,,,,,,,,,,-10.227,-0.133,-0.145,,,,,,
1,S,7379001,3385,1.440,1.120,2.720,-9.748,-0.177,0.113,,,,,,,,,,,,
1,A,7381609,2990,,,,,,,10.559,-0.460,0.345,,,,,,,,,
1,B,7382387,3386,,,,,,,,,,,,,,,,69.250,-47.688,14.125
1,S,7382387,3386,1.440,1.440,2.400,-9.682,-0.172,0.102,,,,,,,,,,,,
1,A,7383602,1993,,,,,,,10.574,-0.480,0.351,,,,,,,,,
1,B,7385095,2708,,,,,,,,,,,,,0.000,0.112,0.560,,,
1,S,7385095,2708,1.440,1.120,1.760,-9.652,-0.193,0.117,,,,,,,,,,,,
1,A,7388585,4983,,,,,,,10.543,-0.787,0.421,,,,,,,,,
1,B,7389158,4063,,,,,,,,,,-10.098,-0.133,-0.250,,,,,,
1,S,7389158,4063,1.120,0.480,1.440,-9.633,-0.268,0.163,,,,,,,,,,,,
1,A,7390578,1993,,,,,,,10.551,-0.818,0.435,,,,,,,,,
1,B,7391867,2709,,,,,,,,,,-10.051,-0.277,-0.172,,,,,,
1,S,7391867,2709,1.120,-0.160,0.800,-9.633,-0.388,0.198,,,,,,,,,,,,
1,A,7393568,2990,,,,,,,10.681,-0.941,0.525,,,,,,,,,
1,B,7393899,2032,,,,,,,,,,,,,,,,68.438,-45.125,13.188
1,S,7393899,2032,1.120,-0.160,0.800,-9.648,-0.502,0.228,,,,,,,,,,,,
1,A,7395562,1994,,,,,,,10.726,-0.979,0.581,,,,,,,,,
1,B,7396607,2708,,,,,,,,,,,,,0.000,0.000,0.112,,,
1,S,7396607,2708,1.120,-0.160,1.120,-9.697,-0.632,0.282,,,,,,,,,,,,
1,A,7399548,3986,,,,,,,10.777,-1.030,0.672,,,,,,,,,
1,B,7399993,3386,,,,,,,,,,-10.199,-0.652,-0.008,,,,,,
1,S,7399993,3386,1.120,0.160,1.760,-9.807,-0.743,0.357,,,,,,,,,,,,
1,A,7402539,2991,,,,,,,10.803,-1.061,0.738,,,,,,,,,
1,B,7403378,3385,,,,,,,,,,,,,,,,69.000,-46.562,13.438
1,S,7403378,3385,1.760,0.800,2.720,-9.902,-0.802,0.448,,,,,,,,,,,,
1,A,7405529,2990,,,,,,,10.837,-1.023,0.789,,,,,,,,,
1,B,7406086,2708,,,,,,,,,,,,,0.000,-0.448,-0.112,,,
1,S,7406086,2708,2.080,0.800,2.720,-9.938,-0.833,0.522,,,,,,,,,,,,
1,A,7408519,2990,,,,,,,10.791,-0.957,0.779,,,,,,,,,
1,B,7409472,3386,,,,,,,,,,-10.367,-0.785,0.172,,,,,,
1,S,7409472,3386,1.760,0.160,2.720,-9.953,-0.838,0.588,,,,,,,,,,,,
1,A,7411509,2990,,,,,,,10.873,-0.876,0.685,,,,,,,,,
1,B,7412858,3386,,,,,,,,,,,,,,,,68.875,-45.625,13.250
1,S,7412858,3386,1.760,0.480,4.000,-9.953,-0.782,0.593,,,,,,,,,,,,
1,A,7414499,2990,,,,,,,10.944,-0.831,0.613,,,,,,,,,
1,B,7414890,2032,,,,,,,,,,,,,0.000,-0.560,0.224,,,
1,S,7414890,2032,1.760,0.800,4.640,-9.963,-0.723,0.573,,,,,,,,,,,,
1,A,7418485,3986,,,,,,,10.985,-0.645,0.587,,,,,,,,,
1,B,7419629,4739,,,,,,,,,,-10.383,-0.680,0.238,,,,,,
1,S,7419629,4739,1.440,1.120,4.000,-10.047,-0.578,0.458,,,,,,,,,,,,
1,A,7421475,2990,,,,,,,10.964,-0.491,0.584,,,,,,,,,
1,B,7421661,2032,,,,,,,,,,-10.488,-0.441,0.086,,,,,,
1,S,7421661,2032,0.800,1.120,4.000,-10.082,-0.497,0.417,,,,,,,,,,,,
1,A,7424465,2990,,,,,,,10.941,-0.363,0.574,,,,,,,,,
1,B,7425046,3385,,,,,,,,,,,,,,,,68.250,-46.000,13.500
1,S,7425046,3385,0.160,1.440,3.680,-10.092,-0.343,0.393,,,,,,,,,,,,
1,A,7426459,1994,,,,,,,10.971,-0.310,0.614,,,,,,,,,
1,B,7427755,2709,,,,,,,,,,,,,0.112,-0.671,0.783,,,
1,S,7427755,2709,0.480,1.120,3.680,-10.068,-0.223,0.407,,,,,,,,,,,,
1,A,7430445,3986,,,,,,,11.000,-0.252,0.623,,,,,,,,,
1,B,7431140,3385,,,,,,,,,,-10.457,-0.066,0.027,,,,,,
1,S,7431140,3385,0.800,0.480,3.360,-10.043,-0.107,0.427,,,,,,,,,,,,
1,A,7433435,2990,,,,,,,10.974,-0.247,0.662,,,,,,,,,
1,B,7434526,3386,,,,,,,,,,,,,,,,68.812,-46.188,13.625
1,S,7434526,3386,0.800,-0.480,3.360,-10.057,-0.033,0.432,,,,,,,,,,,,
1,A,7436425,2990,,,,,,,10.991,-0.293,0.741,,,,,,,,,
1,B,7437234,2708,,,,,,,,,,,,,0.000,-0.671,1.119,,,
1,S,7437234,2708,0.160,-0.480,3.040,-10.082,-0.013,0.453,,,,,,,,,,,,
1,A,7439416,2991,,,,,,,10.963,-0.311,0.810,,,,,,,,,
1,B,7439944,2710,,,,,,,,,,-10.480,0.059,0.113,,,,,,
1,S,7439944,2710,0.160,-0.160,3.040,-10.092,-0.018,0.492,,,,,,,,,,,,
1,A,7442406,2990,,,,,,,10.970,-0.370,0.872,,,,,,,,,
1,B,7443329,3385,,,,,,,,,,,,,,,,68.750,-45.812,12.875
1,S,7443329,3385,0.480,-0.160,2.720,-10.092,-0.033,0.562,,,,,,,,,,,,
1,A,7446392,3986,,,,,,,10.912,-0.434,0.973,,,,,,,,,
1,B,7446715,3386,,,,,,,,,,,,,0.000,-0.783,0.895,,,
1,S,7446715,3386,0.800,0.480,2.400,-10.072,-0.083,0.647,,,,,,,,,,,,
1,A,7448386,1994,,,,,,,10.893,-0.499,1.033,,,,,,,,,
1,B,7449423,2708,,,,,,,,,,-10.469,0.000,0.270,,,,,,
1,S,7449423,2708,1.440,0.800,2.400,-10.053,-0.142,0.718,,,,,,,,,,,,
1,A,7452372,3986,,,,,,,10.853,-0.567,1.083,,,,,,,,,
1,B,7452809,3386,,,,,,,,,,,,,,,,69.125,-46.875,13.250
1,S,7452809,3386,1.760,1.120,2.400,-10.012,-0.212,0.802,,,,,,,,,,,,
1,A,7454366,1994,,,,,,,10.803,-0.569,1.104,,,,,,,,,
1,B,7455517,2708,,,,,,,,,,,,,0.112,-0.783,0.224,,,
1,S,7455517,2708,1.760,0.800,2.080,-9.982,-0.268,0.853,,,,,,,,,,,,
1,A,7458352,3986,,,,,,,10.735,-0.615,1.079,,,,,,,,,
1,B,7459580,4063,,,,,,,,,,-10.414,-0.145,0.441,,,,,,
1,S,7459580,4063,1.440,0.480,1.440,-9.928,-0.343,0.897,,,,,,,,,,,,
1,A,7462339,3987,,,,,,,10.706,-0.651,1.020,,,,,,,,,
1,B,7462967,3387,,,,,,,,,,,,,,,,68.562,-45.500,13.062
1,S,7462967,3387,0.480,1.120,1.120,-9.867,-0.383,0.892,,,,,,,,,,,,
1,A,7464332,1993,,,,,,,10.684,-0.655,0.962,,,,,,,,,
1,B,7465674,2707,,,,,,,,,,,,,0.000,-0.224,-0.448,,,
1,S,7465674,2707,0.160,1.760,0.800,-9.822,-0.412,0.853,,,,,,,,,,,,
1,A,7469347,5015,,,,,,,10.646,-0.652,0.801,,,,,,,,,
1,B,7469738,4064,,,,,,,,,,-10.324,-0.289,0.566,,,,,,
1,S,7469738,4064,0.800,2.720,1.760,-9.777,-0.438,0.757,,,,,,,,,,,,
1,A,7472306,2959,,,,,,,10.645,-0.631,0.707,,,,,,,,,
1,B,7473122,3384,,,,,,,,,,,,,,,,67.812,-45.438,14.125
1,S,7473122,3384,1.760,3.680,2.400,-9.768,-0.438,0.657,,,,,,,,,,,,
1,A,7474299,1993,,,,,,,10.611,-0.609,0.650,,,,,,,,,
1,B,7475832,2710,,,,,,,,,,,,,-0.112,0.560,-0.671,,,
1,S,7475832,5418,1.760,4.000,1.760,-9.742,-0.383,0.492,,,,,,,,,,,,
1,A,7478286,3987,,,,,,,10.584,-0.577,0.504,,,,,,,,,
1,B,7479217,3385,,,,,,,,,,-10.160,-0.355,0.211,,,,,,
1,S,7479217,677,0.800,3.680,1.760,-9.738,-0.378,0.468,,,,,,,,,,,,
1,A,7481276,2990,,,,,,,10.586,-0.564,0.370,,,,,,,,,
1,B,7482603,3386,,,,,,,,,,,,,,,,69.750,-47.625,13.750
1,S,7482603,3386,0.480,3.360,2.080,-9.703,-0.357,0.352,,,,,,,,,,,,
1,A,7484266,2990,,,,,,,10.602,-0.540,0.264,,,,,,,,,
1,B,7484634,2031,,,,,,,,,,,,,-0.112,1.455,-0.671,,,
1,S,7484634,2031,0.800,3.680,2.080,-9.693,-0.352,0.278,,,,,,,,,,,,
1,A,7488253,3987,,,,,,,10.610,-0.574,0.177,,,,,,,,,
1,B,7489374,4740,,,,,,,,,,-10.105,-0.277,-0.059,,,,,,
1,S,7489374,4740,0.800,2.720,1.760,-9.693,-0.323,0.117,,,,,,,,,,,,
1,A,7491243,2990,,,,,,,10.625,-0.546,0.114,,,,,,,,,
1,B,7491405,2031,,,,,,,,,,-10.098,-0.277,-0.258,,,,,,
1,S,7491405,2031,0.480,2.400,1.440,-9.688,-0.318,0.068,,,,,,,,,,,,
1,A,7494233,2990,,,,,,,10.596,-0.588,0.109,,,,,,,,,
1,B,7494792,3387,,,,,,,,,,,,,,,,68.812,-45.688,12.500
1,S,7494792,3387,0.480,2.400,1.120,-9.693,-0.318,0.007,,,,,,,,,,,,
1,A,7496226,1993,,,,,,,10.619,-0.634,0.103,,,,,,,,,
1,B,7497500,2708,,,,,,,,,,,,,0.000,1.679,-0.671,,,
1,S,7497500,2708,0.160,2.400,1.120,-9.697,-0.338,-0.028,,,,,,,,,,,,
1,A,7500213,3987,,,,,,,10.655,-0.687,0.174,,,,,,,,,
1,B,7500886,3386,,,,,,,,,,-10.121,-0.297,-0.402,,,,,,
1,S,7500886,3386,0.480,1.760,1.120,-9.713,-0.383,-0.043,,,,,,,,,,,,
1,A,7503203,2990,,,,,,,10.712,-0.710,0.212,,,,,,,,,
1,B,7504271,3385,,,,,,,,,,,,,,,,68.562,-45.500,13.062
1,S,7504271,3385,1.440,1.120,1.120,-9.748,-0.432,-0.018,,,,,,,,,,,,
1,A,7506209,3006,,,,,,,10.726,-0.789,0.285,,,,,,,,,
1,B,7506961,2690,,,,,,,,,,,,,0.000,1.231,-0.671,,,
1,S,7506961,2690,1.440,0.480,0.800,-9.773,-0.463,0.013,,,,,,,,,,,,
1,A,7509183,2974,,,,,,,10.730,-0.857,0.363,,,,,,,,,
1,B,7509688,2727,,,,,,,,,,-10.188,-0.441,-0.297,,,,,,
1,S,7509688,2727,1.120,0.480,0.480,-9.812,-0.517,0.068,,,,,,,,,,,,
1,A,7512173,2990,,,,,,,10.748,-0.894,0.447,,,,,,,,,
1,B,7513073,3385,,,,,,,,,,,,,,,,68.625,-47.438,14.062
1,S,7513073,3385,0.800,0.480,0.800,-9.838,-0.588,0.133,,,,,,,,,,,,
1,A,7515163,2990,,,,,,,10.787,-0.965,0.500,,,,,,,,,
1,B,7515783,2710,,,,,,,,,,,,,0.000,0.224,-0.671,,,
1,S,7515783,2710,1.120,-0.160,0.800,-9.852,-0.642,0.198,,,,,,,,,,,,
1,A,7518153,2990,,,,,,,10.850,-0.971,0.564,,,,,,,,,
1,B,7519168,3385,,,,,,,,,,-10.270,-0.594,-0.145,,,,,,
1,S,7519168,3385,1.120,-1.120,1.120,-9.877,-0.708,0.287,,,,,,,,,,,,
1,A,7521143,3986,,,,,,,10.865,-0.938,0.638,,,,,,,,,
1,B,7522554,3386,,,,,,,,,,,,,,,,68.312,-45.250,13.500
1,S,7522554,5417,0.800,-1.120,1.440,-9.957,-0.743,0.403,,,,,,,,,,,,
1,A,7524133,1994,,,,,,,10.941,-0.955,0.701,,,,,,,,,
1,B,7525262,2708,,,,,,,,,,,,,0.000,-0.560,-0.560,,,
1,S,7525262,677,0.160,-1.120,1.760,-9.973,-0.738,0.412,,,,,,,,,,,,
1,A,7528119,3986,,,,,,,10.967,-0.938,0.705,,,,,,,,,
1,B,7529325,4063,,,,,,,,,,-10.359,-0.707,0.047,,,,,,
1,S,7529325,4063,0.160,-0.480,2.080,-10.053,-0.733,0.487,,,,,,,,,,,,
1,A,7531109,2990,,,,,,,11.006,-0.913,0.782,,,,,,,,,
1,B,7532033,2708,,,,,,,,,,-10.504,-0.691,0.145,,,,,,
1,S,7532033,2708,0.800,0.160,2.720,-10.088,-0.733,0.532,,,,,,,,,,,,
1,A,7533103,1994,,,,,,,10.999,-0.901,0.800,,,,,,,,,
1,B,7534065,2032,,,,,,,,,,,,,,,,68.562,-46.562,14.500
1,S,7534065,2032,1.440,0.480,3.040,-10.102,-0.723,0.557,,,,,,,,,,,,
1,A,7536092,2989,,,,,,,11.009,-0.848,0.810,,,,,,,,,
1,B,7536774,2709,,,,,,,,,,,,,0.000,-1.007,-0.224,,,
1,S,7536774,2709,1.440,0.800,3.040,-10.117,-0.693,0.593,,,,,,,,,,,,
1,A,7539082,2990,,,,,,,11.009,-0.757,0.859,,,,,,,,,
1,B,7540159,3385,,,,,,,,,,-10.520,-0.633,0.258,,,,,,
1,S,7540159,3385,1.120,0.480,2.720,-10.123,-0.642,0.632,,,,,,,,,,,,
1,A,7543071,3989,,,,,,,10.976,-0.704,0.906,,,,,,,,,
1,B,7543545,3386,,,,,,,,,,,,,,,,69.438,-46.500,13.062
1,S,7543545,3386,0.800,0.480,2.400,-10.117,-0.573,0.672,,,,,,,,,,,,
1,A,7545062,1991,,,,,,,10.946,-0.706,0.936,,,,,,,,,
1,B,7546253,2708,,,,,,,,,,,,,0.000,-0.895,0.224,,,
1,S,7546253,2708,1.120,1.120,2.400,-10.107,-0.517,0.693,,,,,,,,,,,,
1,A,7548052,2990,,,,,,,10.882,-0.669,0.965,,,,,,,,,
1,B,7549639,3386,,,,,,,,,,-10.504,-0.461,0.363,,,,,,
1,S,7549639,3386,1.440,1.440,2.720,-10.072,-0.463,0.718,,,,,,,,,,,,
1,A,7552039,3987,,,,,,,10.863,-0.626,0.856,,,,,,,,,
1,B,7552348,2709,,,,,,,,,,,,,,,,68.812,-44.625,12.750
1,S,7552348,2709,1.440,2.080,3.040,-10.037,-0.427,0.728,,,,,,,,,,,,
1,A,7554032,1993,,,,,,,10.843,-0.570,0.802,,,,,,,,,
1,B,7555056,2708,,,,,,,,,,,,,0.000,-0.448,0.336,,,
1,S,7555056,2708,1.760,2.720,2.720,-9.998,-0.398,0.703,,,,,,,,,,,,
1,A,7559015,4983,,,,,,,10.720,-0.548,0.762,,,,,,,,,
1,B,7559797,4741,,,,,,,,,,-10.410,-0.355,0.363,,,,,,
1,S,7559797,4741,1.760,2.080,1.760,-9.932,-0.352,0.623,,,,,,,,,,,,
1,A,7561009,1994,,,,,,,10.701,-0.522,0.676,,,,,,,,,
1,B,7561828,2031,,,,,,,,,,-10.262,-0.250,0.258,,,,,,
1,S,7561828,2031,1.440,2.080,1.440,-9.898,-0.328,0.603,,,,,,,,,,,,
1,A,7564000,3988,,,,,,,10.635,-0.481,0.570,,,,,,,,,
1,B,7565213,3385,,,,,,,,,,,,,,,,69.438,-46.500,13.062
1,S,7565213,3385,1.120,2.400,1.760,-9.818,-0.297,0.557,,,,,,,,,,,,
1,A,7566990,1993,,,,,,,10.563,-0.516,0.496,,,,,,,,,
1,B,7567922,2709,,,,,,,,,,,,,0.000,0.224,0.224,,,
1,S,7567922,2709,1.120,2.720,2.080,-9.748,-0.282,0.487,,,,,,,,,,,,
1,A,7569980,2990,,,,,,,10.528,-0.642,0.392,,,,,,,,,
1,B,7571307,3385,,,,,,,,,,-10.113,-0.219,0.059,,,,,,
1,S,7571307,3385,1.440,2.720,1.440,-9.668,-0.297,0.357,,,,,,,,,,,,
1,A,7573966,3986,,,,,,,10.519,-0.695,0.251,,,,,,,,,
1,B,7574693,3386,,,,,,,,,,,,,,,,68.250,-45.438,13.125
1,S,7574693,3386,1.440,2.400,0.800,-9.623,-0.357,0.223,,,,,,,,,,,,
1,A,7575960,1994,,,,,,,10.521,-0.780,0.197,,,,,,,,,
1,B,7576725,2032,,,,,,,,,,,,,0.000,0.895,-0.112,,,
1,S,7576725,2032,0.800,2.080,0.800,-9.613,-0.407,0.152,,,,,,,,,,,,
1,A,7579946,3986,,,,,,,10.574,-0.873,0.147,,,,,,,,,
1,B,7580110,3385,,,,,,,,,,-10.016,-0.383,-0.199,,,,,,
1,S,7580110,3385,0.800,1.760,0.800,-9.627,-0.507,0.068,,,,,,,,,,,,
1,A,7582936,2990,,,,,,,10.580,-0.926,0.117,,,,,,,,,
1,B,7583496,3386,,,,,,,,,,,,,,,,68.688,-45.312,13.438
1,S,7583496,3386,1.120,1.120,1.440,-9.658,-0.598,0.007,,,,,,,,,,,,
1,A,7584929,1993,,,,,,,10.606,-0.963,0.112,,,,,,,,,
1,B,7586204,2708,,,,,,,,,,,,,0.000,1.119,-0.448,,,
1,S,7586204,2708,0.800,0.800,2.080,-9.693,-0.662,-0.018,,,,,,,,,,,,
1,A,7588916,3987,,,,,,,10.624,-1.045,0.154,,,,,,,,,
1,B,7589590,3386,,,,,,,,,,-10.105,-0.594,-0.336,,,,,,
1,S,7589590,3386,0.160,0.800,2.720,-9.723,-0.738,-0.028,,,,,,,,,,,,
1,A,7591906,2990,,,,,,,10.629,-1.016,0.204,,,,,,,,,
1,B,7592976,3386,,,,,,,,,,,,,,,,68.312,-45.250,13.500
1,S,7592976,3386,0.160,1.120,3.040,-9.727,-0.802,-0.013,,,,,,,,,,,,
1,A,7594896,2990,,,,,,,10.674,-0.965,0.224,,,,,,,,,
1,B,7595665,2689,,,,,,,,,,,,,0.000,0.671,-0.448,,,
1,S,7595665,2689,0.480,0.800,3.040,-9.738,-0.823,0.007,,,,,,,,,,,,
1,A,7598883,3987,,,,,,,10.733,-0.893,0.327,,,,,,,,,
1,B,7599748,4083,,,,,,,,,,-10.160,-0.746,-0.355,,,,,,
1,S,7599748,4083,0.800,0.160,3.040,-9.797,-0.782,0.068,,,,,,,,,,,,
1,A,7600876,1993,,,,,,,10.751,-0.804,0.369,,,,,,,,,
1,B,7602456,2708,,,,,,,,,,,,,,,,68.312,-45.250,13.500
1,S,7602456,2708,1.440,-0.480,3.360,-9.838,-0.713,0.107,,,,,,,,,,,,
1,A,7603866,2990,,,,,,,10.775,-0.722,0.445,,,,,,,,,
1,B,7604487,2031,,,,,,,,,,-10.242,-0.691,-0.258,,,,,,
1,S,7604487,2031,1.440,-0.800,3.360,-9.863,-0.642,0.142,,,,,,,,,,,,
1,A,7606856,2990,,,,,,,10.811,-0.607,0.576,,,,,,,,,
1,B,7607873,3386,,,,,,,,,,,,,0.000,-0.112,0.000,,,
1,S,7607873,3386,1.440,-1.120,2.720,-9.902,-0.527,0.223,,,,,,,,,,,,
1,A,7609846,2990,,,,,,,10.865,-0.519,0.671,,,,,,,,,
1,B,7610582,2709,,,,,,,,,,-10.328,-0.449,-0.098,,,,,,
1,S,7610582,2709,0.800,-1.120,2.400,-9.932,-0.427,0.312,,,,,,,,,,,,
1,A,7612836,2990,,,,,,,10.871,-0.452,0.776,,,,,,,,,
1,B,7613968,3386,,,,,,,,,,,,,,,,68.750,-45.750,13.500
1,S,7613968,3386,0.480,-1.120,2.400,-9.947,-0.318,0.438,,,,,,,,,,,,
1,A,7615826,2990,,,,,,,10.873,-0.402,0.837,,,,,,,,,
1,B,7616676,2708,,,,,,,,,,,,,0.112,-0.895,0.671,,,
1,S,7616676,2708,0.480,-1.120,2.720,-9.953,-0.247,0.527,,,,,,,,,,,,
1,A,7618816,2990,,,,,,,10.911,-0.340,0.906,,,,,,,,,
1,B,7619384,2708,,,,,,,,,,-10.371,-0.172,0.172,,,,,,
1,S,7619384,2708,0.480,-1.440,3.040,-9.963,-0.188,0.603,,,,,,,,,,,,
1,A,7621806,2990,,,,,,,10.915,-0.327,0.936,,,,,,,,,
1,B,7622770,3386,,,,,,,,,,,,,,,,69.625,-45.188,12.625
1,S,7622770,3386,0.480,-1.120,3.360,-9.982,-0.122,0.682,,,,,,,,,,,,
1,A,7624796,2990,,,,,,,10.909,-0.282,0.934,,,,,,,,,
1,B,7625478,2708,,,,,,,,,,,,,0.224,-1.455,1.119,,,
1,S,7625478,2708,0.800,-1.120,3.360,-9.998,-0.083,0.723,,,,,,,,,,,,
1,A,7627786,2990,,,,,,,10.892,-0.313,0.951,,,,,,,,,
1,B,7628865,3387,,,,,,,,,,-10.402,-0.020,0.336,,,,,,
1,S,7628865,3387,0.480,-0.800,2.720,-10.002,-0.048,0.743,,,,,,,,,,,,
1,A,7631791,4005,,,,,,,10.933,-0.373,0.951,,,,,,,,,
1,B,7632249,3384,,,,,,,,,,,,,,,,68.250,-44.812,13.375
1,S,7632249,3384,0.480,0.160,2.400,-9.998,-0.052,0.738,,,,,,,,,,,,
1,A,7633766,1975,,,,,,,10.888,-0.419,0.935,,,,,,,,,
1,B,7634959,2710,,,,,,,,,,,,,0.224,-1.343,0.895,,,
1,S,7634959,2710,1.760,0.800,2.400,-10.002,-0.087,0.738,,,,,,,,,,,,
1,A,7637752,3986,,,,,,,10.892,-0.483,0.943,,,,,,,,,
1,B,7639020,4061,,,,,,,,,,-10.402,0.008,0.402,,,,,,
1,S,7639020,4061,2.400,0.800,1.760,-10.012,-0.163,0.743,,,,,,,,,,,,
1,A,7640742,2990,,,,,,,10.871,-0.542,0.943,,,,,,,,,
1,B,7641730,2710,,,,,,,,,,,,,,,,68.250,-44.812,13.375
1,S,7641730,2710,1.440,0.480,1.440,-10.002,-0.212,0.743,,,,,,,,,,,,
1,A,7642736,1994,,,,,,,10.885,-0.586,0.930,,,,,,,,,
1,B,7643761,2031,,,,,,,,,,-10.391,-0.098,0.402,,,,,,
1,S,7643761,2031,1.120,0.480,1.440,-9.988,-0.253,0.738,,,,,,,,,,,,
1,A,7646722,3986,,,,,,,10.849,-0.701,0.902,,,,,,,,,
1,B,7647146,3385,,,,,,,,,,,,,0.000,-0.783,0.336,,,
1,S,7647146,3385,1.120,0.800,1.440,-9.963,-0.318,0.733,,,,,,,,,,,,
1,A,7648716,1994,,,,,,,10.839,-0.763,0.900,,,,,,,,,
1,B,7649856,2710,,,,,,,,,,-10.387,-0.305,0.395,,,,,,
1,S,7649856,2710,1.440,1.120,1.760,-9.947,-0.372,0.723,,,,,,,,,,,,
1,A,7652702,3986,,,,,,,10.805,-0.835,0.891,,,,,,,,,
1,B,7653241,3385,,,,,,,,,,,,,,,,68.500,-44.500,13.500
1,S,7653241,3385,1.440,1.440,1.760,-9.943,-0.477,0.723,,,,,,,,,,,,
1,A,7654696,1994,,,,,,,10.752,-0.855,0.851,,,,,,,,,
1,B,7655950,2709,,,,,,,,,,,,,0.000,-0.112,-0.224,,,
1,S,7655950,2709,1.760,1.440,1.440,-9.938,-0.557,0.718,,,,,,,,,,,,
1,A,7659679,4983,,,,,,,10.723,-0.831,0.782,,,,,,,,,
1,B,7660012,4062,,,,,,,,,,-10.352,-0.516,0.375,,,,,,
1,S,7660012,4062,2.080,1.760,1.760,-9.898,-0.613,0.688,,,,,,,,,,,,
1,A,7661673,1994,,,,,,,10.718,-0.808,0.717,,,,,,,,,
1,B,7662721,2709,,,,,,,,,,-10.281,-0.555,0.277,,,,,,
1,S,7662721,2709,2.080,2.720,2.080,-9.852,-0.613,0.632,,,,,,,,,,,,
1,A,7665659,3986,,,,,,,10.636,-0.705,0.561,,,,,,,,,
1,B,7666784,4063,,,,,,,,,,,,,,,,70.000,-45.250,12.562
1,S,7666784,4063,1.440,3.680,2.720,-9.818,-0.573,0.537,,,,,,,,,,,,
1,A,7668649,2990,,,,,,,10.661,-0.647,0.573,,,,,,,,,
1,B,7669492,2708,,,,,,,,,,,,,0.000,0.448,-0.336,,,
1,S,7669492,2708,0.800,3.040,2.720,-9.793,-0.527,0.472,,,,,,,,,,,,
1,A,7670643,1994,,,,,,,10.630,-0.630,0.539,,,,,,,,,
1,B,7672200,2708,,,,,,,,,,,,,,,,68.062,-44.625,13.188
1,S,7672200,2708,0.480,2.080,2.400,-9.768,-0.482,0.407,,,,,,,,,,,,
1,A,7674629,3986,,,,,,,10.612,-0.553,0.415,,,,,,,,,
1,B,7675567,3367,,,,,,,,,,,,,0.000,0.895,-0.224,,,
1,S,7675567,3367,0.480,1.760,2.080,-9.742,-0.432,0.352,,,,,,,,,,,,
1,A,7678616,3987,,,,,,,10.621,-0.525,0.347,,,,,,,,,
1,B,7679649,4082,,,,,,,,,,-10.207,-0.441,0.113,,,,,,
1,S,7679649,4082,0.160,2.080,1.440,-9.713,-0.362,0.263,,,,,,,,,,,,
1,A,7681606,2990,,,,,,,10.622,-0.533,0.355,,,,,,,,,
1,B,7682358,2709,,,,,,,,,,,,,,,,68.062,-44.625,13.188
1,S,7682358,2709,0.160,2.080,1.120,-9.703,-0.328,0.223,,,,,,,,,,,,
1,A,7683599,1993,,,,,,,10.625,-0.532,0.335,,,,,,,,,
1,B,7684389,2031,,,,,,,,,,-10.137,-0.297,-0.078,,,,,,
1,S,7684389,2031,0.160,1.760,1.120,-9.707,-0.307,0.193,,,,,,,,,,,,
1,A,7686589,2990,,,,,,,10.651,-0.529,0.312,,,,,,,,,
1,B,7687775,3386,,,,,,,,,,,,,0.000,1.119,-0.112,,,
1,S,7687775,3386,0.160,1.440,1.440,-9.723,-0.292,0.163,,,,,,,,,,,,
1,A,7689579,2990,,,,,,,10.652,-0.594,0.298,,,,,,,,,
1,B,7690484,2709,,,,,,,,,,-10.137,-0.238,-0.184,,,,,,
1,S,7690484,2709,0.480,1.440,1.760,-9.732,-0.297,0.142,,,,,,,,,,,,
1,A,7692569,2990,,,,,,,10.679,-0.649,0.327,,,,,,,,,
1,B,7693870,3386,,,,,,,,,,,,,,,,68.000,-46.812,14.500
1,S,7693870,3386,0.800,1.120,1.440,-9.748,-0.333,0.138,,,,,,,,,,,,
1,A,7696555,3986,,,,,,,10.723,-0.790,0.369,,,,,,,,,
1,B,7697255,3385,,,,,,,,,,,,,-0.112,0.783,-0.224,,,
1,S,7697255,3385,0.800,0.800,1.440,-9.783,-0.398,0.142,,,,,,,,,,,,
1,A,7698548,1993,,,,,,,10.757,-0.764,0.428,,,,,,,,,
1,B,7699286,2031,,,,,,,,,,-10.145,-0.289,-0.199,,,,,,
1,S,7699286,2031,0.800,0.800,1.440,-9.803,-0.448,0.158,,,,,,,,,,,,
1,A,7702535,3987,,,,,,,10.813,-0.864,0.531,,,,,,,,,
1,B,7702672,3386,,,,,,,,,,,,,,,,69.062,-45.938,13.750
1,S,7702672,3386,1.120,0.800,1.440,-9.842,-0.532,0.212,,,,,,,,,,,,
1,A,7704528,1993,,,,,,,10.834,-0.883,0.513,,,,,,,,,
1,B,7705380,2708,,,,,,,,,,-10.266,-0.480,-0.145,,,,,,
1,S,7705380,2708,1.120,1.120,1.760,-9.887,-0.588,0.263,,,,,,,,,,,,
1,A,7707518,2990,,,,,,,10.882,-0.908,0.567,,,,,,,,,
1,B,7708767,3387,,,,,,,,,,,,,0.000,0.336,-0.336,,,
1,S,7708767,3387,0.800,0.800,1.760,-9.947,-0.642,0.318,,,,,,,,,,,,
1,A,7710508,2990,,,,,,,10.907,-0.924,0.640,,,,,,,,,
1,B,7711475,2708,,,,,,,,,,-10.367,-0.621,-0.020,,,,,,
1,S,7711475,2708,0.800,1.120,1.760,-9.988,-0.688,0.352,,,,,,,,,,,,
1,A,7713498,2990,,,,,,,10.925,-0.943,0.695,,,,,,,,,
1,B,7714861,3386,,,,,,,,,,,,,,,,69.375,-45.500,13.500
1,S,7714861,3386,0.800,1.440,2.400,-10.018,-0.723,0.417,,,,,,,,,,,,
1,A,7716488,2990,,,,,,,10.908,-0.880,0.649,,,,,,,,,
1,B,7716892,2031,,,,,,,,,,,,,0.000,-0.112,-0.224,,,
1,S,7716892,2031,0.800,1.120,2.400,-10.023,-0.728,0.453,,,,,,,,,,,,
1,A,7719478,2990,,,,,,,10.910,-0.832,0.608,,,,,,,,,
1,B,7720268,3376,,,,,,,,,,-10.434,-0.652,0.105,,,,,,
1,S,7720268,3376,0.800,1.120,2.720,-10.033,-0.698,0.487,,,,,,,,,,,,
1,A,7722468,2990,,,,,,,10.882,-0.747,0.578,,,,,,,,,
1,B,7723663,3395,,,,,,,,,,,,,,,,69.562,-46.375,12.812
1,S,7723663,3395,0.160,1.440,3.040,-10.037,-0.623,0.468,,,,,,,,,,,,
1,A,7725458,2990,,,,,,,10.866,-0.693,0.571,,,,,,,,,
1,B,7726372,2709,,,,,,,,,,,,,-0.112,-0.224,0.000,,,
1,S,7726372,2709,0.800,1.440,3.040,-10.033,-0.552,0.432,,,,,,,,,,,,
1,A,7728448,2990,,,,,,,10.805,-0.618,0.585,,,,,,,,,
1,B,7729758,3386,,,,,,,,,,-10.438,-0.508,0.039,,,,,,
1,S,7729758,3386,1.440,1.120,2.720,-10.008,-0.472,0.398,,,,,,,,,,,,
1,A,7732435,3987,,,,,,,10.842,-0.539,0.520,,,,,,,,,
1,B,7733143,3385,,,,,,,,,,,,,,,,68.062,-45.625,13.688
1,S,7733143,3385,1.440,1.120,2.400,-9.957,-0.407,0.378,,,,,,,,,,,,
1,A,7734428,1993,,,,,,,10.827,-0.482,0.488,,,,,,,,,
1,B,7735168,2025,,,,,,,,,,,,,-0.112,-0.112,0.448,,,
1,S,7735168,2025,1.440,1.440,2.720,-9.938,-0.367,0.362,,,,,,,,,,,,
1,A,7739412,4984,,,,,,,10.794,-0.455,0.455,,,,,,,,,
1,B,7739915,4747,,,,,,,,,,-10.363,-0.324,0.020,,,,,,
1,S,7739915,4747,1.440,0.800,2.720,-9.893,-0.258,0.323,,,,,,,,,,,,
1,A,7741405,1993,,,,,,,10.766,-0.444,0.492,,,,,,,,,
1,B,7741946,2031,,,,,,,,,,-10.297,-0.145,-0.078,,,,,,
1,S,7741946,2031,1.760,0.800,2.400,-9.883,-0.217,0.307,,,,,,,,,,,,
1,A,7744395,2990,,,,,,,10.735,-0.456,0.512,,,,,,,,,
1,B,7744655,2709,,,,,,,,,,,,,,,,70.000,-47.312,12.875
1,S,7744655,2709,1.760,0.800,2.080,-9.877,-0.188,0.297,,,,,,,,,,,,
1,A,7746388,1993,,,,,,,10.739,-0.490,0.493,,,,,,,,,
1,B,7747363,2708,,,,,,,,,,,,,-0.112,-0.112,0.560,,,
1,S,7747363,2708,1.440,0.800,1.760,-9.867,-0.188,0.302,,,,,,,,,,,,
1,A,7749378,2990,,,,,,,10.693,-0.552,0.524,,,,,,,,,
1,B,7750749,3386,,,,,,,,,,-10.262,-0.145,-0.066,,,,,,
1,S,7750749,3386,0.800,0.800,1.760,-9.842,-0.228,0.312,,,,,,,,,,,,
1,A,7753365,3987,,,,,,,10.684,-0.643,0.550,,,,,,,,,
1,B,7754134,3385,,,,,,,,,,,,,,,,68.250,-44.812,13.375
1,S,7754134,3385,1.120,0.480,1.120,-9.812,-0.287,0.328,,,,,,,,,,,,
1,A,7755358,1993,,,,,,,10.678,-0.685,0.576,,,,,,,,,
1,B,7756162,2028,,,,,,,,,,,,,-0.112,-0.112,0.224,,,
1,S,7756162,2028,0.800,0.160,0.480,-9.797,-0.333,0.338,,,,,,,,,,,,
1,A,7759345,3987,,,,,,,10.690,-0.813,0.623,,,,,,,,,
1,B,7759552,3390,,,,,,,,,,-10.207,-0.289,0.008,,,,,,
1,S,7759552,3390,0.800,-0.160,0.480,-9.777,-0.427,0.367,,,,,,,,,,,,
1,A,7762335,2990,,,,,,,10.677,-0.877,0.659,,,,,,,,,
1,B,7762938,3386,,,,,,,,,,,,,,,,68.625,-44.812,13.312
1,S,7762938,3386,0.480,0.160,1.120,-9.777,-0.517,0.412,,,,,,,,,,,,
1,A,7764328,1993,,,,,,,10.695,-0.909,0.687,,,,,,,,,
1,B,7765646,2708,,,,,,,,,,,,,-0.112,-0.224,-0.224,,,
1,S,7765646,2708,1.120,0.480,1.760,-9.787,-0.588,0.458,,,,,,,,,,,,
1,A,7769311,4983,,,,,,,10.702,-0.994,0.716,,,,,,,,,
1,B,7769709,4063,,,,,,,,,,-10.203,-0.508,0.086,,,,,,
1,S,7769709,4063,2.080,-0.160,1.760,-9.807,-0.693,0.507,,,,,,,,,,,,
1,A,7771305,1994,,,,,,,10.694,-0.984,0.693,,,,,,,,,
1,B,7772409,2700,,,,,,,,,,-10.242,-0.691,0.191,,,,,,
1,S,7772409,2700,1.440,0.160,1.760,-9.818,-0.743,0.527,,,,,,,,,,,,
1,A,7775291,3986,,,,,,,10.714,-0.981,0.752,,,,,,,,,
1,B,7775803,3394,,,,,,,,,,,,,,,,68.250,-46.438,13.625
1,S,7775803,3394,1.120,1.120,2.400,-9.832,-0.767,0.537,,,,,,,,,,,,
1,A,7777285,1994,,,,,,,10.744,-0.970,0.737,,,,,,,,,
1,B,7778511,2708,,,,,,,,,,,,,0.000,-0.448,-0.336,,,
1,S,7778511,2708,0.800,1.440,3.040,-9.848,-0.767,0.552,,,,,,,,,,,,
1,A,7780275,3986,,,,,,,10.717,-0.897,0.524,,,,,,,,,
1,B,7781897,3386,,,,,,,,,,-10.270,-0.727,0.219,,,,,,
1,S,7781897,3386,1.120,0.800,3.040,-9.852,-0.748,0.562,,,,,,,,,,,,
1,A,7784261,2990,,,,,,,10.740,-0.813,0.684,,,,,,,,,
1,B,7785263,3366,,,,,,,,,,,,,,,,68.625,-46.500,13.562
1,S,7785263,3366,1.440,0.480,2.720,-9.857,-0.703,0.557,,,,,,,,,,,,
1,A,7786255,1994,,,,,,,10.762,-0.724,0.673,,,,,,,,,
1,B,7787296,2033,,,,,,,,,,,,,0.000,-0.336,-0.112,,,
1,S,7787296,2033,1.440,0.800,2.400,-9.863,-0.632,0.537,,,,,,,,,,,,
1,A,7790241,3986,,,,,,,10.743,-0.613,0.631,,,,,,,,,
1,B,7790700,3404,,,,,,,,,,-10.270,-0.547,0.191,,,,,,
1,S,7790700,3404,1.120,1.120,3.040,-9.863,-0.532,0.492,,,,,,,,,,,,
1,A,7793231,2990,,,,,,,10.737,-0.542,0.620,,,,,,,,,
1,B,7794085,3385,,,,,,,,,,,,,,,,68.562,-47.062,13.938
1,S,7794085,3385,0.480,1.760,3.680,-9.867,-0.432,0.453,,,,,,,,,,,,
1,A,7796221,2990,,,,,,,10.772,-0.451,0.613,,,,,,,,,
1,B,7796794,2709,,,,,,,,,,,,,0.112,-0.112,0.448,,,
1,S,7796794,2709,0.480,2.080,3.360,-9.863,-0.362,0.443,,,,,,,,,,,,
1,A,7799211,2990,,,,,,,10.765,-0.404,0.618,,,,,,,,,
1,B,7800179,3385,,,,,,,,,,-10.285,-0.316,0.098,,,,,,
1,S,7800179,6095,1.120,1.440,3.040,-9.863,-0.203,0.427,,,,,,,,,,,,
1,A,7802201,2990,,,,,,,10.784,-0.379,0.587,,,,,,,,,
1,B,7803565,3386,,,,,,,,,,,,,,,,68.250,-46.000,13.500
1,S,7803565,676,0.800,1.120,3.040,-9.863,-0.193,0.422,,,,,,,,,,,,
1,A,7805191,2990,,,,,,,10.775,-0.375,0.653,,,,,,,,,
1,B,7805597,2032,,,,,,,,,,,,,0.000,0.000,0.671,,,
1,S,7805597,2032,0.800,1.120,3.040,-9.867,-0.158,0.422,,,,,,,,,,,,
1,A,7808181,2990,,,,,,,10.801,-0.414,0.712,,,,,,,,,
1,B,7808983,3386,,,,,,,,,,-10.258,-0.105,0.066,,,,,,
1,S,7808983,3386,0.800,1.120,1.760,-9.873,-0.128,0.443,,,,,,,,,,,,
1,A,7811191,3010,,,,,,,10.813,-0.428,0.744,,,,,,,,,
1,B,7811691,2708,,,,,,,,,,-10.277,-0.059,0.133,,,,,,
1,S,7811691,2708,0.800,0.800,1.120,-9.893,-0.128,0.482,,,,,,,,,,,,
1,A,7814161,2970,,,,,,,10.835,-0.475,0.784,,,,,,,,,
1,B,7815076,3385,,,,,,,,,,,,,,,,68.688,-45.375,12.750
1,S,7815076,3385,0.800,0.800,1.120,-9.922,-0.163,0.527,,,,,,,,,,,,
1,A,7816154,1993,,,,,,,10.846,-0.481,0.786,,,,,,,,,
1,B,7817741,2665,,,,,,,,,,,,,0.000,0.000,0.560,,,
1,S,7817741,2665,0.160,1.120,1.440,-9.938,-0.193,0.552,,,,,,,,,,,,
1,A,7820141,3987,,,,,,,10.859,-0.545,0.812,,,,,,,,,
1,B,7820494,2753,,,,,,,,,,-10.352,-0.145,0.238,,,,,,
1,S,7820494,2753,0.160,1.760,1.440,-9.947,-0.242,0.583,,,,,,,,,,,,
1,A,7823131,2990,,,,,,,10.860,-0.620,0.784,,,,,,,,,
1,B,7823880,3386,,,,,,,,,,,,,,,,69.500,-45.875,13.312
1,S,7823880,3386,0.480,2.080,1.120,-9.957,-0.292,0.603,,,,,,,,,,,,
1,A,7826121,2990,,,,,,,10.889,-0.662,0.805,,,,,,,,,
1,B,7826588,2708,,,,,,,,,,,,,0.000,0.000,0.112,,,
1,S,7826588,2708,0.800,1.760,1.120,-9.973,-0.343,0.613,,,,,,,,,,,,
1,A,7829111,2990,,,,,,,10.887,-0.691,0.725,,,,,,,,,
1,B,7829974,3386,,,,,,,,,,-10.383,-0.336,0.270,,,,,,
1,S,7829974,3386,0.800,1.760,1.760,-9.998,-0.398,0.608,,,,,,,,,,,,
1,A,7832101,2990,,,,,,,10.862,-0.727,0.662,,,,,,,,,
1,B,7833359,3385,,,,,,,,,,,,,,,,67.500,-44.812,13.875
1,S,7833359,5417,0.480,1.760,1.440,-9.998,-0.463,0.522,,,,,,,,,,,,
1,A,7835090,2989,,,,,,,10.824,-0.736,0.626,,,,,,,,,
1,B,7836067,2708,,,,,,,,,,,,,0.000,0.336,-0.336,,,
1,S,7836067,676,0.480,1.760,1.120,-9.992,-0.468,0.507,,,,,,,,,,,,
1,A,7839077,3987,,,,,,,10.790,-0.716,0.517,,,,,,,,,
1,B,7840130,4063,,,,,,,,,,-10.410,-0.410,0.184,,,,,,
1,S,7840130,4063,0.480,2.400,1.120,-9.957,-0.492,0.438,,,,,,,,,,,,
1,A,7842067,2990,,,,,,,10.792,-0.698,0.464,,,,,,,,,
1,B,7842840,2710,,,,,,,,,,-10.344,-0.441,0.039,,,,,,
1,S,7842840,2710,0.480,2.400,1.440,-9.932,-0.497,0.388,,,,,,,,,,,,
1,A,7845057,2990,,,,,,,10.763,-0.679,0.395,,,,,,,,,
1,B,7846225,3385,,,,,,,,,,,,,,,,68.438,-44.562,12.812
1,S,7846225,3385,0.800,1.760,1.440,-9.912,-0.492,0.312,,,,,,,,,,,,
1,A,7848047,2990,,,,,,,10.743,-0.681,0.327,,,,,,,,,
1,B,7849611,3386,,,,,,,,,,,,,0.000,0.671,-0.448,,,
1,S,7849611,3386,0.800,2.080,1.440,-9.893,-0.472,0.233,,,,,,,,,,,,
1,A,7851037,2990,,,,,,,10.709,-0.663,0.302,,,,,,,,,
1,B,7851642,2031,,,,,,,,,,-10.297,-0.395,-0.133,,,,,,
1,S,7851642,2031,0.800,2.080,1.440,-9.877,-0.463,0.193,,,,,,,,,,,,
1,A,7854027,2990,,,,,,,10.700,-0.660,0.285,,,,,,,,,
1,B,7855027,3385,,,,,,,,,,,,,,,,69.250,-47.312,14.062
1,S,7855027,3385,1.120,1.760,1.760,-9.838,-0.443,0.133,,,,,,,,,,,,
1,A,7857017,2990,,,,,,,10.698,-0.649,0.286,,,,,,,,,
1,B,7857737,2710,,,,,,,,,,,,,0.000,0.783,-0.336,,,
1,S,7857737,2710,1.120,1.120,2.080,-9.807,-0.427,0.107,,,,,,,,,,,,
1,A,7860007,2990,,,,,,,10.675,-0.646,0.311,,,,,,,,,
1,B,7861122,3385,,,,,,,,,,-10.203,-0.363,-0.250,,,,,,
1,S,7861122,3385,1.440,0.480,1.760,-9.793,-0.417,0.102,,,,,,,,,,,,
1,A,7862998,2991,,,,,,,10.683,-0.636,0.358,,,,,,,,,
1,B,7864508,3386,,,,,,,,,,,,,,,,69.250,-47.312,14.062
1,S,7864508,3386,1.120,-0.160,1.760,-9.787,-0.412,0.128,,,,,,,,,,,,
1,A,7865988,2990,,,,,,,10.697,-0.652,0.402,,,,,,,,,
1,B,7866539,2031,,,,,,,,,,,,,0.224,0.560,-0.224,,,
1,S,7866539,2031,0.800,-0.160,1.760,-9.787,-0.412,0.147,,,,,,,,,,,,
1,A,7868978,2990,,,,,,,10.668,-0.651,0.470,,,,,,,,,
1,B,7869925,3386,,,,,,,,,,-10.203,-0.355,-0.199,,,,,,
1,S,7869925,3386,0.800,0.160,2.080,-9.783,-0.412,0.203,,,,,,,,,,,,
1,A,7872965,3987,,,,,,,10.723,-0.699,0.555,,,,,,,,,
1,B,7873310,3385,,,,,,,,,,,,,,,,68.562,-46.000,14.125
1,S,7873310,3385,0.480,0.480,2.080,-9.793,-0.412,0.278,,,,,,,,,,,,
1,A,7874958,1993,,,,,,,10.713,-0.728,0.620,,,,,,,,,
1,B,7876018,2708,,,,,,,,,,,,,0.112,0.112,-0.112,,,
1,S,7876018,2708,0.800,0.480,1.760,-9.807,-0.432,0.338,,,,,,,,,,,,
1,A,7878945,3987,,,,,,,10.749,-0.756,0.622,,,,,,,,,
1,B,7879405,3387,,,,,,,,,,-10.223,-0.383,-0.027,,,,,,
1,S,7879405,3387,0.800,0.160,1.440,-9.832,-0.468,0.398,,,,,,,,,,,,
1,A,7881935,2990,,,,,,,10.755,-0.775,0.703,,,,,,,,,
1,B,7882791,3386,,,,,,,,,,,,,,,,67.875,-45.938,13.625
1,S,7882791,3386,0.480,0.160,1.760,-9.848,-0.502,0.438,,,,,,,,,,,,
1,A,7883928,1993,,,,,,,10.777,-0.787,0.729,,,,,,,,,
1,B,7884822,2031,,,,,,,,,,-10.270,-0.449,0.098,,,,,,
1,S,7884822,2031,0.160,0.160,1.760,-9.857,-0.522,0.463,,,,,,,,,,,,
1,A,7887915,3987,,,,,,,10.746,-0.794,0.751,,,,,,,,,
1,B,7888207,3385,,,,,,,,,,,,,0.000,-0.448,-0.112,,,
1,S,7888207,3385,0.160,0.480,2.080,-9.873,-0.547,0.512,,,,,,,,,,,,
1,A,7889908,1993,,,,,,,10.777,-0.760,0.751,,,,,,,,,
1,B,7890917,2710,,,,,,,,,,-10.309,-0.496,0.184,,,,,,
1,S,7890917,2710,0.800,0.800,1.760,-9.883,-0.552,0.552,,,,,,,,,,,,
1,A,7893905,3997,,,,,,,10.812,-0.753,0.780,,,,,,,,,
1,B,7894302,3385,,,,,,,,,,,,,,,,68.688,-45.375,12.750
1,S,7894302,3385,1.120,0.480,1.760,-9.883,-0.547,0.583,,,,,,,,,,,,
1,A,7895888,1983,,,,,,,10.803,-0.713,0.731,,,,,,,,,
1,B,7897010,2708,,,,,,,,,,,,,0.000,-0.560,0.000,,,
1,S,7897010,2708,1.120,0.480,2.080,-9.887,-0.537,0.583,,,,,,,,,,,,
1,A,7898878,2990,,,,,,,10.794,-0.717,0.711,,,,,,,,,
1,B,7900396,3386,,,,,,,,,,-10.312,-0.469,0.230,,,,,,
1,S,7900396,3386,0.800,0.480,2.400,-9.898,-0.502,0.568,,,,,,,,,,,,
1,A,7902865,3987,,,,,,,10.804,-0.653,0.698,,,,,,,,,
1,B,7903782,3386,,,,,,,,,,,,,,,,69.250,-45.688,13.125
1,S,7903782,3386,0.480,0.160,2.400,-9.898,-0.453,0.537,,,,,,,,,,,,
1,A,7904858,1993,,,,,,,10.772,-0.662,0.670,,,,,,,,,
1,B,7905814,2032,,,,,,,,,,,,,-0.112,-0.448,0.000,,,
1,S,7905814,2032,0.480,-0.160,2.400,-9.898,-0.432,0.517,,,,,,,,,,,,
1,A,7909841,4983,,,,,,,10.724,-0.656,0.623,,,,,,,,,
1,B,7910553,4739,,,,,,,,,,-10.305,-0.402,0.152,,,,,,
1,S,7910553,4739,0.480,0.480,2.080,-9.898,-0.417,0.487,,,,,,,,,,,,
1,A,7911835,1994,,,,,,,10.770,-0.643,0.596,,,,,,,,,
1,B,7912585,2032,,,,,,,,,,-10.316,-0.375,0.113,,,,,,
1,S,7912585,2032,1.120,0.800,2.080,-9.893,-0.417,0.472,,,,,,,,,,,,
1,A,7915822,3987,,,,,,,10.716,-0.591,0.548,,,,,,,,,
1,B,7915971,3386,,,,,,,,,,,,,,,,68.938,-45.562,13.875
1,S,7915971,3386,1.120,1.120,1.760,-9.877,-0.412,0.432,,,,,,,,,,,,
1,A,7918812,2990,,,,,,,10.752,-0.609,0.533,,,,,,,,,
1,B,7919356,3385,,,,,,,,,,,,,-0.112,-0.112,0.000,,,
1,S,7919356,3385,1.120,1.440,1.760,-9.848,-0.393,0.383,,,,,,,,,,,,
1,A,7921802,2990,,,,,,,10.761,-0.662,0.589,,,,,,,,,
1,B,7922742,3386,,,,,,,,,,-10.234,-0.336,0.047,,,,,,
1,S,7922742,3386,1.120,2.080,2.080,-9.838,-0.362,0.352,,,,,,,,,,,,
1,A,7926785,4983,,,,,,,10.757,-0.735,0.611,,,,,,,,,
1,B,7927482,4740,,,,,,,,,,,,,,,,68.250,-45.375,13.812
1,S,7927482,4740,0.800,1.760,1.440,-9.867,-0.422,0.372,,,,,,,,,,,,
1,A,7928778,1993,,,,,,,10.747,-0.754,0.623,,,,,,,,,
1,B,7929513,2031,,,,,,,,,,,,,0.000,0.000,0.000,,,
1,S,7929513,2031,1.440,1.120,1.440,-9.883,-0.463,0.388,,,,,,,,,,,,
1,A,7931768,2990,,,,,,,10.788,-0.776,0.600,,,,,,,,,
1,B,7932221,2708,,,,,,,,,,-10.285,-0.395,0.059,,,,,,
1,S,7932221,2708,1.440,1.120,1.760,-9.893,-0.502,0.403,,,,,,,,,,,,
1,A,7934758,2990,,,,,,,10.785,-0.813,0.650,,,,,,,,,
1,B,7935607,3386,,,,,,,,,,,,,,,,71.062,-46.000,12.688
1,S,7935607,3386,1.440,1.120,1.760,-9.898,-0.537,0.417,,,,,,,,,,,,
1,A,7936752,1994,,,,,,,10.816,-0.831,0.621,,,,,,,,,
1,B,7938315,2708,,,,,,,,,,,,,0.000,0.112,-0.224,,,
1,S,7938315,2708,1.120,1.120,1.440,-9.902,-0.557,0.432,,,,,,,,,,,,
1,A,7940738,3986,,,,,,,10.782,-0.851,0.652,,,,,,,,,
1,B,7941024,2709,,,,,,,,,,-10.324,-0.496,0.066,,,,,,
1,S,7941024,2709,0.800,1.120,1.440,-9.908,-0.583,0.458,,,,,,,,,,,,
1,A,7943728,2990,,,,,,,10.801,-0.828,0.604,,,,,,,,,
1,B,7944410,3386,,,,,,,,,,,,,,,,69.125,-45.812,13.438
1,S,7944410,3386,0.480,0.800,1.760,-9.912,-0.603,0.477,,,,,,,,,,,,
1,A,7946718,2990,,,,,,,10.788,-0.790,0.617,,,,,,,,,
1,B,7947118,2708,,,,,,,,,,,,,0.000,0.112,-0.224,,,
1,S,7947118,2708,-0.160,0.800,2.080,-9.928,-0.608,0.472,,,,,,,,,,,,
1,A,7949708,2990,,,,,,,10.785,-0.750,0.627,,,,,,,,,
1,B,7950504,3386,,,,,,,,,,-10.344,-0.574,0.105,,,,,,
1,S,7950504,3386,0.160,1.440,2.400,-9.932,-0.598,0.443,,,,,,,,,,,,
1,A,7952698,2990,,,,,,,10.795,-0.716,0.580,,,,,,,,,
1,B,7953890,3386,,,,,,,,,,,,,,,,69.000,-43.938,12.688
1,S,7953890,3386,1.120,2.080,3.040,-9.918,-0.557,0.412,,,,,,,,,,,,
1,A,7955688,2990,,,,,,,10.773,-0.645,0.542,,,,,,,,,
1,B,7956599,2709,,,,,,,,,,,,,0.000,0.224,0.000,,,
1,S,7956599,2709,1.120,2.080,3.040,-9.902,-0.507,0.398,,,,,,,,,,,,
1,A,7958678,2990,,,,,,,10.783,-0.617,0.502,,,,,,,,,
1,B,7959985,3386,,,,,,,,,,-10.320,-0.535,0.086,,,,,,
1,S,7959985,3386,1.120,1.760,2.720,-9.883,-0.443,0.372,,,,,,,,,,,,
1,A,7962665,3987,,,,,,,10.749,-0.555,0.500,,,,,,,,,
1,B,7963350,3365,,,,,,,,,,,,,,,,69.188,-45.250,13.000
1,S,7963350,3365,0.800,1.760,2.720,-9.873,-0.393,0.347,,,,,,,,,,,,
1,A,7964658,1993,,,,,,,10.756,-0.542,0.505,,,,,,,,,
1,B,7965401,2051,,,,,,,,,,,,,0.000,0.224,0.336,,,
1,S,7965401,2051,1.440,1.760,2.720,-9.863,-0.362,0.328,,,,,,,,,,,,
1,A,7968645,3987,,,,,,,10.780,-0.512,0.522,,,,,,,,,
1,B,7970141,4740,,,,,,,,,,-10.297,-0.402,0.008,,,,,,
1,S,7970141,4740,1.760,0.800,3.040,-9.857,-0.318,0.323,,,,,,,,,,,,
1,A,7971634,2989,,,,,,,10.760,-0.522,0.568,,,,,,,,,
1,B,7972172,2031,,,,,,,,,,,,,,,,67.438,-45.438,13.562
1,S,7972172,2031,1.440,0.800,3.040,-9.863,-0.297,0.338,,,,,,,,,,,,
1,A,7973628,1994,,,,,,,10.762,-0.505,0.602,,,,,,,,,
1,B,7974882,2710,,,,,,,,,,,,,0.000,0.112,0.448,,,
1,S,7974882,2710,1.440,1.120,3.360,-9.867,-0.282,0.362,,,,,,,,,,,,
1,A,7978611,4983,,,,,,,10.776,-0.548,0.649,,,,,,,,,
1,B,7978945,4063,,,,,,,,,,-10.246,-0.219,0.000,,,,,,
1,S,7978945,4063,1.440,1.440,2.720,-9.873,-0.273,0.407,,,,,,,,,,,,
1,A,7980604,1993,,,,,,,10.778,-0.539,0.645,,,,,,,,,
1,B,7981653,2708,,,,,,,,,,-10.285,-0.258,0.066,,,,,,
1,S,7981653,2708,0.800,1.760,2.400,-9.877,-0.278,0.438,,,,,,,,,,,,
1,A,7984591,3987,,,,,,,10.799,-0.580,0.707,,,,,,,,,
1,B,7985038,3385,,,,,,,,,,,,,,,,69.312,-46.125,13.938
1,S,7985038,3385,0.800,1.760,1.760,-9.883,-0.297,0.472,,,,,,,,,,,,
1,A,7986584,1993,,,,,,,10.793,-0.571,0.685,,,,,,,,,
1,B,7987747,2709,,,,,,,,,,,,,0.000,0.000,0.336,,,
1,S,7987747,2709,0.800,1.760,1.760,-9.883,-0.318,0.487,,,,,,,,,,,,
1,A,7989575,2991,,,,,,,10.808,-0.598,0.678,,,,,,,,,
1,B,7991132,3385,,,,,,,,,,,,,,,,69.500,-47.438,14.250
1,S,7991132,6094,0.800,1.440,2.080,-9.918,-0.333,0.482,,,,,,,,,,,,
1,A,7993561,3986,,,,,,,10.776,-0.579,0.627,,,,,,,,,
1,B,7994518,3386,,,,,,,,,,-10.312,-0.297,0.113,,,,,,
1,S,7994518,677,0.160,1.120,2.080,-9.922,-0.338,0.482,,,,,,,,,,,,
1,A,7996551,2990,,,,,,,10.811,-0.601,0.649,,,,,,,,,
1,B,7997885,3367,,,,,,,,,,,,,0.000,0.000,0.000,,,
1,S,7997885,3367,0.160,1.120,2.080,-9.938,-0.343,0.472,,,,,,,,,,,,
1,A,8000538,3987,,,,,,,10.710,-0.620,0.596,,,,,,,,,
1,B,8000613,2728,,,,,,,,,,-10.352,-0.277,0.125,,,,,,
1,S,8000613,2728,0.480,1.760,2.080,-9.947,-0.347,0.443,,,,,,,,,,,,
1,A,8003528,2990,,,,,,,10.694,-0.644,0.623,,,,,,,,,
1,B,8003997,3384,,,,,,,,,,,,,,,,68.500,-46.625,13.812
1,S,8003997,3384,0.800,2.400,2.080,-9.912,-0.372,0.422,,,,,,,,,,,,
1,A,8005522,1994,,,,,,,10.730,-0.547,0.541,,,,,,,,,
1,B,8006707,2710,,,,,,,,,,,,,0.000,0.112,-0.112,,,
1,S,8006707,2710,0.480,2.080,2.080,-9.852,-0.393,0.422,,,,,,,,,,,,
1,A,8009508,3986,,,,,,,10.712,-0.613,0.552,,,,,,,,,
1,B,8010092,3385,,,,,,,,,,-10.234,-0.324,0.066,,,,,,
1,S,8010092,3385,0.800,0.480,2.080,-9.812,-0.388,0.403,,,,,,,,,,,,
1,A,8012498,2990,,,,,,,10.756,-0.631,0.546,,,,,,,,,
1,B,8013478,3386,,,,,,,,,,,,,,,,68.188,-44.875,13.688
1,S,8013478,3386,1.120,-0.160,1.440,-9.822,-0.378,0.378,,,,,,,,,,,,
1,A,8015488,2990,,,,,,,10.737,-0.752,0.556,,,,,,,,,
1,B,8016186,2708,,,,,,,,,,,,,0.000,0.224,-0.336,,,
1,S,8016186,2708,1.120,0.480,1.440,-9.848,-0.393,0.367,,,,,,,,,,,,
1,A,8019475,3987,,,,,,,10.715,-0.810,0.606,,,,,,,,,
1,B,8020249,4063,,,,,,,,,,-10.246,-0.344,0.027,,,,,,
1,S,8020249,4063,0.800,0.800,1.440,-9.873,-0.477,0.362,,,,,,,,,,,,
1,A,8021468,1993,,,,,,,10.722,-0.820,0.597,,,,,,,,,
1,B,8022959,2710,,,,,,,,,,,,,,,,68.188,-44.875,13.688
1,S,8022959,2710,0.160,0.800,1.440,-9.857,-0.542,0.372,,,,,,,,,,,,
1,A,8024458,2990,,,,,,,10.740,-0.828,0.605,,,,,,,,,
1,B,8024990,2031,,,,,,,,,,,,,0.000,0.112,-0.448,,,
1,S,8024990,2031,-0.160,0.800,1.440,-9.842,-0.583,0.393,,,,,,,,,,,,
1,A,8028445,3987,,,,,,,10.720,-0.799,0.561,,,,,,,,,
1,B,8029730,4740,,,,,,,,,,-10.297,-0.480,0.039,,,,,,
1,S,8029730,4740,0.160,1.760,2.080,-9.832,-0.618,0.432,,,,,,,,,,,,
1,A,8031435,2990,,,,,,,10.710,-0.835,0.544,,,,,,,,,
1,B,8031761,2031,,,,,,,,,,,,,,,,68.188,-44.875,13.688
1,S,8031761,2031,0.480,1.760,2.720,-9.842,-0.603,0.427,,,,,,,,,,,,
1,A,8033428,1993,,,,,,,10.707,-0.815,0.559,,,,,,,,,
1,B,8034469,2708,,,,,,,,,,-10.242,-0.547,0.047,,,,,,
1,S,8034469,2708,0.800,1.440,3.040,-9.857,-0.578,0.403,,,,,,,,,,,,
1,A,8037415,3987,,,,,,,10.726,-0.802,0.526,,,,,,,,,
1,B,8037855,3386,,,,,,,,,,,,,-0.112,0.112,-0.336,,,
1,S,8037855,3386,1.120,1.120,2.720,-9.852,-0.573,0.367,,,,,,,,,,,,
1,A,8039408,1993,,,,,,,10.764,-0.806,0.516,,,,,,,,,
1,B,8040564,2709,,,,,,,,,,-10.246,-0.555,0.020,,,,,,
1,S,8040564,2709,1.120,1.120,2.400,-9.842,-0.578,0.352,,,,,,,,,,,,
1,A,8043395,3987,,,,,,,10.778,-0.745,0.496,,,,,,,,,
1,B,8043950,3386,,,,,,,,,,,,,,,,67.375,-46.000,14.000
1,S,8043950,3386,1.120,0.800,2.080,-9.848,-0.568,0.333,,,,,,,,,,,,
1,A,8045388,1993,,,,,,,10.810,-0.711,0.482,,,,,,,,,
1,B,8045981,2031,,,,,,,,,,,,,0.000,0.000,-0.112,,,
1,S,8045981,2031,1.120,0.800,1.760,-9.857,-0.547,0.318,,,,,,,,,,,,
1,A,8049375,3987,,,,,,,10.761,-0.732,0.479,,,,,,,,,
1,B,8050721,4740,,,,,,,,,,-10.258,-0.527,-0.027,,,,,,
1,S,8050721,4740,1.120,0.800,2.080,-9.883,-0.507,0.297,,,,,,,,,,,,
1,A,8052365,2990,,,,,,,10.772,-0.558,0.506,,,,,,,,,
1,B,8053410,2689,,,,,,,,,,-10.285,-0.441,-0.039,,,,,,
1,S,8053410,2689,1.120,0.800,2.720,-9.883,-0.497,0.297,,,,,,,,,,,,
1,A,8056351,3986,,,,,,,10.814,-0.478,0.554,,,,,,,,,
1,B,8057489,4079,,,,,,,,,,,,,,,,69.188,-46.812,13.938
1,S,8057489,6114,1.120,0.480,2.400,-9.877,-0.403,0.347,,,,,,,,,,,,
1,A,8059341,2990,,,,,,,10.785,-0.671,0.580,,,,,,,,,
1,B,8060200,2711,,,,,,,,,,,,,0.112,-0.112,0.224,,,
1,S,8060200,676,1.760,0.160,2.400,-9.877,-0.388,0.357,,,,,,,,,,,,
1,A,8061335,1994,,,,,,,10.806,-0.558,0.581,,,,,,,,,
1,B,8062228,2028,,,,,,,,,,-10.277,-0.336,0.027,,,,,,
1,S,8062228,2028,1.760,-0.160,2.400,-9.883,-0.362,0.378,,,,,,,,,,,,
1,A,8065336,4001,,,,,,,10.833,-0.583,0.644,,,,,,,,,
1,B,8065618,3390,,,,,,,,,,,,,,,,68.438,-45.125,13.188
1,S,8065618,3390,1.760,0.160,2.400,-9.893,-0.333,0.407,,,,,,,,,,,,
1,A,8067315,1979,,,,,,,10.831,-0.552,0.659,,,,,,,,,
1,B,8068326,2708,,,,,,,,,,,,,0.224,-0.336,0.336,,,
1,S,8068326,2708,1.760,0.480,2.400,-9.902,-0.328,0.427,,,,,,,,,,,,
1,A,8070305,2990,,,,,,,10.788,-0.585,0.731,,,,,,,,,
1,B,8071712,3386,,,,,,,,,,-10.332,-0.270,0.078,,,,,,
1,S,8071712,3386,1.760,0.800,2.720,-9.908,-0.328,0.468,,,,,,,,,,,,
1,A,8074291,3986,,,,,,,10.809,-0.648,0.760,,,,,,,,,
1,B,8075097,3385,,,,,,,,,,,,,,,,68.875,-47.125,13.188
1,S,8075097,3385,1.440,-0.160,2.400,-9.918,-0.338,0.517,,,,,,,,,,,,
1,A,8076285,1994,,,,,,,10.795,-0.632,0.766,,,,,,,,,
1,B,8077123,2026,,,,,,,,,,,,,0.112,-0.448,0.224,,,
1,S,8077123,2026,0.480,-0.160,1.760,-9.918,-0.357,0.547,,,,,,,,,,,,
1,A,8080271,3986,,,,,,,10.816,-0.701,0.811,,,,,,,,,
1,B,8080515,3392,,,,,,,,,,-10.320,-0.324,0.199,,,,,,
1,S,8080515,3392,0.160,0.480,1.440,-9.922,-0.393,0.583,,,,,,,,,,,,
1,A,8083261,2990,,,,,,,10.821,-0.711,0.757,,,,,,,,,
1,B,8083901,3386,,,,,,,,,,,,,,,,68.750,-45.812,12.875
1,S,8083901,3386,0.160,0.800,1.120,-9.928,-0.443,0.593,,,,,,,,,,,,
1,A,8086251,2990,,,,,,,10.820,-0.730,0.749,,,,,,,,,
1,B,8086609,2708,,,,,,,,,,,,,0.000,-0.448,0.000,,,
1,S,8086609,2708,0.800,0.800,1.440,-9.928,-0.477,0.593,,,,,,,,,,,,
1,A,8089241,2990,,,,,,,10.825,-0.736,0.757,,,,,,,,,
1,B,8089995,3386,,,,,,,,,,-10.332,-0.395,0.277,,,,,,
1,S,8089995,3386,1.120,0.480,2.080,-9.938,-0.497,0.578,,,,,,,,,,,,
1,A,8092231,2990,,,,,,,10.838,-0.753,0.717,,,,,,,,,
1,B,8093380,3385,,,,,,,,,,,,,,,,69.625,-45.250,13.625
1,S,8093380,3385,1.440,1.120,2.720,-9.938,-0.502,0.568,,,,,,,,,,,,
1,A,8095221,2990,,,,,,,10.801,-0.770,0.658,,,,,,,,,
1,B,8096088,2708,,,,,,,,,,,,,0.000,-0.112,-0.112,,,
1,S,8096088,2708,1.440,1.440,2.720,-9.943,-0.497,0.562,,,,,,,,,,,,
1,A,8099208,3987,,,,,,,10.780,-0.747,0.643,,,,,,,,,
1,B,8100151,4063,,,,,,,,,,-10.352,-0.430,0.211,,,,,,
1,S,8100151,4063,1.440,2.400,2.400,-9.922,-0.507,0.517,,,,,,,,,,,,
1,A,8102198,2990,,,,,,,10.776,-0.751,0.613,,,,,,,,,
1,B,8103537,3386,,,,,,,,,,,,,,,,68.500,-47.188,14.250
1,S,8103537,5418,0.800,2.080,1.440,-9.883,-0.527,0.438,,,,,,,,,,,,
1,A,8105188,2990,,,,,,,10.755,-0.734,0.570,,,,,,,,,
1,B,8106246,2709,,,,,,,,,,,,,0.000,0.336,-0.112,,,
1,S,8106246,677,0.160,2.080,1.440,-9.883,-0.527,0.427,,,,,,,,,,,,
1,A,8109175,3987,,,,,,,10.754,-0.679,0.535,,,,,,,,,
1,B,8110309,4063,,,,,,,,,,-10.328,-0.469,0.133,,,,,,
1,S,8110309,4063,0.160,1.760,1.760,-9.877,-0.502,0.393,,,,,,,,,,,,
1,A,8112165,2990,,,,,,,10.733,-0.655,0.526,,,,,,,,,
1,B,8113017,2708,,,,,,,,,,,,,,,,68.375,-47.312,13.812
1,S,8113017,2708,0.800,1.760,2.080,-9.873,-0.477,0.372,,,,,,,,,,,,
1,A,8114158,1993,,,,,,,10.736,-0.632,0.481,,,,,,,,,
1,B,8115048,2031,,,,,,,,,,-10.281,-0.461,0.059,,,,,,
1,S,8115048,2031,0.800,2.080,2.400,-9.863,-0.453,0.357,,,,,,,,,,,,
1,A,8118145,3987,,,,,,,10.718,-0.652,0.453,,,,,,,,,
1,B,8118434,3386,,,,,,,,,,,,,-0.112,0.560,0.000,,,
1,S,8118434,3386,1.120,2.080,2.400,-9.842,-0.417,0.323,,,,,,,,,,,,
1,A,8120138,1993,,,,,,,10.721,-0.647,0.454,,,,,,,,,
1,B,8121143,2709,,,,,,,,,,-10.262,-0.395,0.000,,,,,,
1,S,8121143,2709,1.440,1.760,2.720,-9.838,-0.407,0.297,,,,,,,,,,,,
1,A,8124125,3987,,,,,,,10.674,-0.644,0.449,,,,,,,,,
1,B,8124529,3386,,,,,,,,,,,,,,,,68.125,-46.062,14.500
1,S,8124529,3386,1.440,1.760,3.040,-9.832,-0.407,0.278,,,,,,,,,,,,
1,A,8126118,1993,,,,,,,10.692,-0.656,0.457,,,,,,,,,
1,B,8127237,2708,,,,,,,,,,,,,0.000,0.671,0.000,,,
1,S,8127237,2708,1.120,1.440,2.720,-9.818,-0.417,0.273,,,,,,,,,,,,
1,A,8129108,2990,,,,,,,10.661,-0.681,0.455,,,,,,,,,
1,B,8130623,3386,,,,,,,,,,-10.219,-0.363,-0.047,,,,,,
1,S,8130623,3386,1.120,1.120,2.080,-9.797,-0.432,0.273,,,,,,,,,,,,
1,A,8133095,3987,,,,,,,10.678,-0.717,0.440,,,,,,,,,
1,B,8133331,2708,,,,,,,,,,,,,,,,68.062,-45.625,13.688
1,S,8133331,2708,1.440,1.120,2.080,-9.777,-0.448,0.268,,,,,,,,,,,,
1,A,8135088,1993,,,,,,,10.687,-0.742,0.457,,,,,,,,,
1,B,8136040,2709,,,,,,,,,,,,,0.000,0.448,0.112,,,
1,S,8136040,2709,1.440,1.440,2.400,-9.773,-0.463,0.268,,,,,,,,,,,,
1,A,8140072,4984,,,,,,,10.722,-0.765,0.496,,,,,,,,,
1,B,8140781,4741,,,,,,,,,,-10.199,-0.363,-0.086,,,,,,
1,S,8140781,4741,1.120,1.120,2.400,-9.793,-0.517,0.282,,,,,,,,,,,,
1,A,8142065,1993,,,,,,,10.717,-0.789,0.529,,,,,,,,,
1,B,8142812,2031,,,,,,,,,,,,,,,,68.812,-46.812,14.062
1,S,8142812,2031,1.120,1.120,2.720,-9.807,-0.537,0.292,,,,,,,,,,,,
1,A,8145056,2991,,,,,,,10.717,-0.815,0.535,,,,,,,,,
1,B,8145520,2708,,,,,,,,,,-10.195,-0.449,-0.059,,,,,,
1,S,8145520,2708,1.120,0.800,3.040,-9.832,-0.552,0.312,,,,,,,,,,,,
1,A,8148045,2989,,,,,,,10.723,-0.830,0.542,,,,,,,,,
1,B,8148906,3386,,,,,,,,,,,,,-0.112,0.000,0.112,,,
1,S,8148906,3386,0.800,0.800,3.680,-9.848,-0.573,0.338,,,,,,,,,,,,
1,A,8150038,1993,,,,,,,10.743,-0.802,0.561,,,,,,,,,
1,B,8151614,2708,,,,,,,,,,-10.262,-0.508,0.000,,,,,,
1,S,8151614,2708,0.160,0.800,3.680,-9.857,-0.583,0.362,,,,,,,,,,,,
1,A,8154025,3987,,,,,,,10.760,-0.764,0.643,,,,,,,,,
1,B,8154981,3367,,,,,,,,,,,,,,,,68.250,-46.000,13.500
1,S,8154981,3367,0.480,0.800,3.360,-9.867,-0.583,0.378,,,,,,,,,,,,
1,A,8157015,2990,,,,,,,10.788,-0.726,0.639,,,,,,,,,
1,B,8157709,2728,,,,,,,,,,,,,0.000,-0.224,0.336,,,
1,S,8157709,2728,1.120,0.800,3.360,-9.883,-0.552,0.407,,,,,,,,,,,,
1,A,8160005,2990,,,,,,,10.807,-0.677,0.652,,,,,,,,,
1,B,8160417,2708,,,,,,,,,,-10.273,-0.516,0.039,,,,,,
1,S,8160417,2708,1.440,0.800,3.360,-9.898,-0.502,0.438,,,,,,,,,,,,
1,A,8162996,2991,,,,,,,10.813,-0.617,0.659,,,,,,,,,
1,B,8163803,3386,,,,,,,,,,,,,,,,68.375,-45.812,13.875
1,S,8163803,3386,1.440,0.480,3.680,-9.912,-0.448,0.453,,,,,,,,,,,,
1,A,8165986,2990,,,,,,,10.824,-0.522,0.679,,,,,,,,,
1,B,8166511,2708,,,,,,,,,,,,,0.000,-0.448,0.560,,,
1,S,8166511,2708,1.760,0.160,3.680,-9.918,-0.403,0.463,,,,,,,,,,,,
1,A,8169973,3987,,,,,,,10.808,-0.478,0.652,,,,,,,,,
1,B,8170574,4063,,,,,,,,,,-10.312,-0.441,0.086,,,,,,
1,S,8170574,4063,1.760,0.800,3.040,-9.918,-0.323,0.472,,,,,,,,,,,,
1,A,8172963,2990,,,,,,,10.806,-0.435,0.669,,,,,,,,,
1,B,8173960,3386,,,,,,,,,,,,,,,,69.312,-47.188,13.750
1,S,8173960,3386,0.800,1.120,2.720,-9.918,-0.263,0.477,,,,,,,,,,,,
1,A,8175953,2990,,,,,,,10.791,-0.395,0.690,,,,,,,,,
1,B,8176669,2709,,,,,,,,,,,,,0.000,-0.336,0.560,,,
1,S,8176669,2709,0.160,0.800,2.720,-9.902,-0.212,0.477,,,,,,,,,,,,
1,A,8178943,2990,,,,,,,10.766,-0.403,0.707,,,,,,,,,
1,B,8180053,3384,,,,,,,,,,-10.312,-0.133,0.133,,,,,,
1,S,8180053,3384,0.480,0.160,2.400,-9.883,-0.163,0.477,,,,,,,,,,,,
1,A,8181933,2990,,,,,,,10.772,-0.437,0.678,,,,,,,,,
1,B,8183440,3387,,,,,,,,,,,,,,,,69.312,-46.188,13.250
1,S,8183440,3387,1.120,0.480,2.400,-9.877,-0.152,0.482,,,,,,,,,,,,
1,A,8184923,2990,,,,,,,10.784,-0.490,0.682,,,,,,,,,
1,B,8185471,2031,,,,,,,,,,,,,0.112,-0.112,0.560,,,
1,S,8185471,2031,0.800,1.120,2.080,-9.877,-0.168,0.487,,,,,,,,,,,,
1,A,8188910,3987,,,,,,,10.788,-0.555,0.707,,,,,,,,,
1,B,8190211,4740,,,,,,,,,,-10.270,-0.105,0.145,,,,,,
1,S,8190211,4740,0.800,2.080,1.120,-9.877,-0.242,0.502,,,,,,,,,,,,
1,A,8191900,2990,,,,,,,10.795,-0.620,0.711,,,,,,,,,
1,B,8192242,2031,,,,,,,,,,-10.305,-0.230,0.145,,,,,,
1,S,8192242,2031,1.120,2.080,0.800,-9.877,-0.282,0.507,,,,,,,,,,,,
1,A,8194890,2990,,,,,,,10.816,-0.658,0.724,,,,,,,,,
1,B,8195629,3387,,,,,,,,,,,,,,,,68.875,-47.250,14.125
1,S,8195629,3387,0.800,1.440,0.800,-9.908,-0.352,0.522,,,,,,,,,,,,
1,A,8197880,2990,,,,,,,10.814,-0.733,0.730,,,,,,,,,
1,B,8198337,2708,,,,,,,,,,,,,0.112,0.000,0.112,,,
1,S,8198337,2708,-0.160,1.760,1.440,-9.932,-0.403,0.527,,,,,,,,,,,,
1,A,8200870,2990,,,,,,,10.812,-0.756,0.685,,,,,,,,,
1,B,8201723,3386,,,,,,,,,,,,,,,,68.938,-45.562,13.875
1,S,8201723,3386,-0.160,1.760,1.760,-9.943,-0.453,0.527,,,,,,,,,,,,
1,A,8203859,2989,,,,,,,10.821,-0.776,0.692,,,,,,,,,
1,B,8205108,3385,,,,,,,,,,-10.352,-0.410,0.172,,,,,,
1,S,8205108,3385,0.160,2.400,1.760,-9.943,-0.502,0.512,,,,,,,,,,,,
1,A,8207846,3987,,,,,,,10.766,-0.796,0.639,,,,,,,,,
1,B,8208494,3386,,,,,,,,,,,,,0.112,0.224,-0.224,,,
1,S,8208494,3386,0.800,2.400,1.760,-9.938,-0.547,0.492,,,,,,,,,,,,
1,A,8210836,2990,,,,,,,10.772,-0.789,0.588,,,,,,,,,
1,B,8211880,3386,,,,,,,,,,-10.332,-0.508,0.125,,,,,,
1,S,8211880,3386,1.440,2.400,2.080,-9.928,-0.573,0.458,,,,,,,,,,,,
1,A,8213826,2990,,,,,,,10.757,-0.714,0.539,,,,,,,,,
1,B,8215265,3385,,,,,,,,,,,,,,,,69.062,-47.375,13.688
1,S,8215265,3385,1.440,2.080,1.760,-9.902,-0.573,0.417,,,,,,,,,,,,
1,A,8216816,2990,,,,,,,10.752,-0.788,0.543,,,,,,,,,
1,B,8217297,2032,,,,,,,,,,,,,0.000,0.448,-0.336,,,
1,S,8217297,2032,1.120,2.080,1.760,-9.887,-0.557,0.393,,,,,,,,,,,,
1,A,8219806,2990,,,,,,,10.778,-0.719,0.512,,,,,,,,,
1,B,8220683,3386,,,,,,,,,,-10.316,-0.527,0.039,,,,,,
1,S,8220683,3386,1.120,1.440,1.760,-9.873,-0.527,0.352,,,,,,,,,,,,
1,A,8223794,3988,,,,,,,10.757,-0.670,0.457,,,,,,,,,
1,B,8224068,3385,,,,,,,,,,,,,,,,68.312,-45.812,13.875
1,S,8224068,3385,0.480,1.120,1.760,-9.873,-0.492,0.328,,,,,,,,,,,,
1,A,8225786,1992,,,,,,,10.746,-0.677,0.438,,,,,,,,,
1,B,8226777,2709,,,,,,,,,,,,,0.000,0.560,-0.224,,,
1,S,8226777,2709,0.480,1.440,2.080,-9.873,-0.468,0.302,,,,,,,,,,,,
1,A,8228776,2990,,,,,,,10.730,-0.676,0.452,,,,,,,,,
1,B,8230162,3385,,,,,,,,,,-10.285,-0.449,-0.027,,,,,,
1,S,8230162,3385,1.440,2.080,2.400,-9.867,-0.438,0.278,,,,,,,,,,,,
1,A,8232762,3986,,,,,,,10.753,-0.654,0.453,,,,,,,,,
1,B,8233548,3386,,,,,,,,,,,,,,,,68.750,-44.750,13.000
1,S,8233548,3386,2.080,2.080,3.040,-9.857,-0.417,0.263,,,,,,,,,,,,
1,A,8234755,1993,,,,,,,10.740,-0.605,0.457,,,,,,,,,
1,B,8235580,2032,,,,,,,,,,,,,0.000,0.448,0.000,,,
1,S,8235580,2032,1.120,1.760,2.720,-9.848,-0.412,0.258,,,,,,,,,,,,
1,A,8239739,4984,,,,,,,10.725,-0.631,0.445,,,,,,,,,
1,B,8240319,4739,,,,,,,,,,-10.270,-0.395,-0.066,,,,,,
1,S,8240319,4739,0.800,2.080,2.080,-9.822,-0.403,0.268,,,,,,,,,,,,
1,A,8242729,2990,,,,,,,10.720,-0.690,0.489,,,,,,,,,
1,B,8243706,3387,,,,,,,,,,,,,,,,68.812,-46.188,13.625
1,S,8243706,3387,0.480,1.440,2.080,-9.818,-0.407,0.278,,,,,,,,,,,,
1,A,8245719,2990,,,,,,,10.741,-0.670,0.518,,,,,,,,,
1,B,8246394,2688,,,,,,,,,,,,,-0.112,0.112,0.000,,,
1,S,8246394,2688,0.480,1.120,2.400,-9.822,-0.412,0.287,,,,,,,,,,,,
1,A,8249705,3986,,,,,,,10.755,-0.696,0.553,,,,,,,,,
1,B,8250477,4083,,,,,,,,,,-10.242,-0.324,-0.098,,,,,,
1,S,8250477,6114,0.480,0.800,2.400,-9.848,-0.458,0.338,,,,,,,,,,,,
1,A,8251698,1993,,,,,,,10.742,-0.744,0.557,,,,,,,,,
1,B,8253185,2708,,,,,,,,,,,,,,,,68.188,-46.562,13.938
1,S,8253185,677,1.120,0.800,2.400,-9.852,-0.463,0.343,,,,,,,,,,,,
1,A,8254688,2990,,,,,,,10.766,-0.728,0.573,,,,,,,,,
1,B,8255216,2031,,,,,,,,,,,,,-0.112,-0.224,0.000,,,
1,S,8255216,2031,1.120,0.800,2.080,-9.867,-0.482,0.357,,,,,,,,,,,,
1,A,8258675,3987,,,,,,,10.882,-0.729,0.649,,,,,,,,,
1,B,8259957,4741,,,,,,,,,,-10.277,-0.441,-0.008,,,,,,
1,S,8259957,4741,1.120,0.480,2.080,-9.883,-0.527,0.398,,,,,,,,,,,,
1,A,8262663,3988,,,,,,,10.739,-0.741,0.642,,,,,,,,,
1,B,8263342,3385,,,,,,,,,,,,,,,,69.375,-45.000,12.438
2,S,8263342,3385,1.440,0.480,2.400,-9.918,-0.542,0.432,,,,,,,,,,,,
2,A,8264655,1992,,,,,,,10.772,-0.724,0.551,,,,,,,,,
2,B,8265374,2032,,,,,,,,,,-10.332,-0.441,0.086,,,,,,
2,S,8265374,2032,1.760,0.800,2.720,-9.922,-0.542,0.443,,,,,,,,,,,,
2,A,8267645,2990,,,,,,,10.884,-0.665,0.665,,,,,,,,,
2,B,8268760,3386,,,,,,,,,,,,,-0.112,-0.448,0.000,,,
2,S,8268760,3386,1.760,1.440,2.400,-9.912,-0.512,0.422,,,,,,,,,,,,
2,A,8270635,2990,,,,,,,10.736,-0.675,0.733,,,,,,,,,
2,B,8271458,2698,,,,,,,,,,,,,,,,68.312,-45.812,13.875
2,S,8271458,2698,1.120,1.440,1.760,-9.928,-0.468,0.422,,,,,,,,,,,,
2,A,8273625,2990,,,,,,,10.603,-0.577,0.732,,,,,,,,,
2,B,8274854,3396,,,,,,,,,,,,,0.000,-0.336,0.112,,,
2,S,8274854,3396,0.480,1.760,2.400,-9.918,-0.427,0.472,,,,,,,,,,,,
2,A,8278608,4983,,,,,,,10.914,-0.381,0.580,,,,,,,,,
2,B,8278917,4063,,,,,,,,,,-10.328,-0.422,0.066,,,,,,
2,S,8278917,4063,0.800,1.760,3.040,-9.812,-0.372,0.552,,,,,,,,,,,,
2,A,8280602,1994,,,,,,,10.902,-0.410,0.615,,,,,,,,,
2,B,8281625,2708,,,,,,,,,,,,,,,,68.312,-45.812,13.875
2,S,8281625,2708,0.800,1.760,3.040,-9.807,-0.287,0.542,,,,,,,,,,,,
2,A,8283592,2990,,,,,,,10.937,-0.298,0.549,,,,,,,,,
2,B,8284333,2708,,,,,,,,,,-10.203,-0.297,0.199,,,,,,
2,S,8284333,2708,1.120,1.760,2.720,-9.883,-0.198,0.477,,,,,,,,,,,,
2,A,8285585,1993,,,,,,,10.961,-0.185,0.480,,,,,,,,,
2,B,8286365,2032,,,,,,,,,,,,,-0.112,-0.224,0.224,,,
2,S,8286365,2032,1.440,1.760,2.400,-9.947,-0.142,0.422,,,,,,,,,,,,
2,A,8289572,3987,,,,,,,10.886,-0.386,0.548,,,,,,,,,
2,B,8289751,3386,,,,,,,,,,-10.371,-0.059,0.047,,,,,,
2,S,8289751,3386,1.440,1.440,1.760,-10.033,-0.077,0.362,,,,,,,,,,,,
2,A,8292562,2990,,,,,,,10.872,-0.386,0.562,,,,,,,,,
2,B,8293136,3385,,,,,,,,,,,,,,,,68.625,-45.500,13.000
2,S,8293136,3385,1.120,1.440,1.120,-10.033,-0.092,0.367,,,,,,,,,,,,
2,A,8294555,1993,,,,,,,10.837,-0.443,0.572,,,,,,,,,
2,B,8295845,2709,,,,,,,,,,,,,-0.112,0.000,-0.112,,,
2,S,8295845,2709,0.480,1.120,0.800,-9.988,-0.142,0.383,,,,,,,,,,,,
2,A,8299538,4983,,,,,,,10.729,-0.586,0.578,,,,,,,,,
2,B,8299908,4063,,,,,,,,,,-10.395,-0.059,0.039,,,,,,
2,S,8299908,4063,0.480,1.120,1.120,-9.922,-0.228,0.378,,,,,,,,,,,,
2,A,8301532,1994,,,,,,,10.710,-0.626,0.629,,,,,,,,,
2,B,8302617,2709,,,,,,,,,,-10.297,-0.230,0.020,,,,,,
2,S,8302617,2709,1.120,1.760,1.120,-9.883,-0.292,0.383,,,,,,,,,,,,
2,A,8305527,3995,,,,,,,10.687,-0.731,0.629,,,,,,,,,
2,B,8306001,3384,,,,,,,,,,,,,,,,67.312,-43.000,12.438
2,S,8306001,3384,1.760,1.440,1.120,-9.832,-0.362,0.422,,,,,,,,,,,,
2,A,8307512,1985,,,,,,,10.762,-0.783,0.601,,,,,,,,,
2,B,8308686,2685,,,,,,,,,,,,,-0.112,0.000,-0.560,,,
2,S,8308686,2685,1.440,0.800,0.480,-9.807,-0.438,0.448,,,,,,,,,,,,
2,A,8310502,2990,,,,,,,10.782,-0.872,0.613,,,,,,,,,
2,B,8312076,3390,,,,,,,,,,-10.207,-0.449,0.098,,,,,,
2,S,8312076,3390,0.800,0.800,0.480,-9.822,-0.522,0.453,,,,,,,,,,,,
2,A,8314488,3986,,,,,,,10.753,-0.940,0.636,,,,,,,,,
2,B,8314805,2729,,,,,,,,,,,,,,,,68.312,-45.250,13.500
2,S,8314805,2729,0.480,1.120,0.800,-9.883,-0.598,0.448,,,,,,,,,,,,
2,A,8316482,1994,,,,,,,10.772,-0.935,0.652,,,,,,,,,
2,B,8317513,2708,,,,,,,,,,,,,-0.112,0.000,-1.007,,,
2,S,8317513,2708,0.480,1.760,1.120,-9.902,-0.637,0.438,,,,,,,,,,,,
2,A,8320468,3986,,,,,,,10.778,-0.922,0.604,,,,,,,,,
2,B,8320900,3387,,,,,,,,,,-10.309,-0.574,0.066,,,,,,
2,S,8320900,3387,1.120,1.760,1.760,-9.908,-0.662,0.432,,,,,,,,,,,,
2,A,8323458,2990,,,,,,,10.752,-0.901,0.581,,,,,,,,,
2,B,8324285,3385,,,,,,,,,,,,,,,,68.250,-47.000,14.000
2,S,8324285,3385,1.760,1.760,1.760,-9.902,-0.672,0.432,,,,,,,,,,,,
2,A,8325452,2990,,,,,,,10.723,-0.884,0.574,,,,,,,,,
2,B,8326994,2709,,,,,,,,,,,,,0.000,0.000,-1.119,,,
2,S,8326994,2709,1.760,1.440,1.440,-9.893,-0.672,0.422,,,,,,,,,,,,
2,A,8329438,2990,,,,,,,10.655,-0.848,0.561,,,,,,,,,
2,B,8330379,3385,,,,,,,,,,-10.305,-0.613,0.078,,,,,,
2,S,8330379,3385,1.120,0.800,1.440,-9.863,-0.662,0.393,,,,,,,,,,,,
2,A,8332428,2990,,,,,,,10.671,-0.851,0.491,,,,,,,,,
2,B,8333737,3358,,,,,,,,,,,,,,,,68.750,-44.750,13.000
2,S,8333737,3358,0.480,0.160,1.440,-9.807,-0.637,0.372,,,,,,,,,,,,
2,A,8335418,2990,,,,,,,10.764,-0.757,0.520,,,,,,,,,
2,B,8335797,2060,,,,,,,,,,,,,0.000,0.000,-0.783,,,
2,S,8335797,2060,0.480,0.480,1.440,-9.787,-0.618,0.362,,,,,,,,,,,,
2,A,8339405,3987,,,,,,,10.804,-0.731,0.505,,,,,,,,,
2,B,8340536,4739,,,,,,,,,,-10.227,-0.586,0.039,,,,,,
2,S,8340536,7447,0.800,1.120,2.080,-9.873,-0.537,0.328,,,,,,,,,,,,
2,A,8342395,2990,,,,,,,10.798,-0.610,0.543,,,,,,,,,
2,B,8343922,3386,,,,,,,,,,,,,,,,68.938,-45.562,12.938
2,S,8343922,678,1.120,0.480,1.760,-9.887,-0.522,0.328,,,,,,,,,,,,
2,A,8345385,2990,,,,,,,10.744,-0.695,0.521,,,,,,,,,
2,B,8345954,2032,,,,,,,,,,-10.285,-0.535,-0.027,,,,,,
2,S,8345954,2032,1.120,0.160,2.080,-9.908,-0.472,0.328,,,,,,,,,,,,
2,A,8348375,2990,,,,,,,10.818,-0.672,0.469,,,,,,,,,
2,B,8349339,3385,,,,,,,,,,,,,0.000,-0.112,-0.336,,,
2,S,8349339,3385,1.120,-0.160,2.400,-9.887,-0.412,0.328,,,,,,,,,,,,
2,A,8351365,2990,,,,,,,10.779,-0.695,0.552,,,,,,,,,
2,B,8352047,2708,,,,,,,,,,-10.316,-0.363,-0.008,,,,,,
2,S,8352047,2708,0.800,-0.160,2.400,-9.877,-0.412,0.323,,,,,,,,,,,,
2,A,8354355,2990,,,,,,,10.728,-0.657,0.620,,,,,,,,,
2,B,8355433,3386,,,,,,,,,,,,,,,,67.938,-44.750,13.438
2,S,8355433,3386,0.480,0.160,2.400,-9.883,-0.443,0.323,,,,,,,,,,,,
2,A,8357345,2990,,,,,,,10.726,-0.619,0.703,,,,,,,,,
2,B,8358122,2689,,,,,,,,,,,,,0.000,-0.336,0.000,,,
2,S,8358122,2689,0.480,0.480,2.400,-9.877,-0.453,0.347,,,,,,,,,,,,
2,A,8360335,2990,,,,,,,10.749,-0.575,0.727,,,,,,,,,
2,B,8360851,2729,,,,,,,,,,-10.285,-0.395,0.020,,,,,,
2,S,8360851,2729,0.800,0.800,2.400,-9.848,-0.432,0.443,,,,,,,,,,,,
2,A,8363325,2990,,,,,,,10.808,-0.592,0.767,,,,,,,,,
2,B,8364236,3385,,,,,,,,,,,,,,,,69.250,-45.688,13.125
2,S,8364236,3385,0.800,0.480,2.720,-9.838,-0.378,0.527,,,,,,,,,,,,
2,A,8366315,2990,,,,,,,10.823,-0.639,0.831,,,,,,,,,
2,B,8366945,2709,,,,,,,,,,,,,0.000,-0.560,0.336,,,
2,S,8366945,2709,1.120,0.160,2.400,-9.873,-0.343,0.568,,,,,,,,,,,,
2,A,8369305,2990,,,,,,,10.807,-0.646,0.869,,,,,,,,,
2,B,8370330,3385,,,,,,,,,,-10.281,-0.305,0.191,,,,,,
2,S,8370330,3385,0.800,-0.160,2.080,-9.928,-0.347,0.613,,,,,,,,,,,,
2,A,8373291,3986,,,,,,,10.782,-0.632,0.892,,,,,,,,,
2,B,8373716,3386,,,,,,,,,,,,,,,,67.875,-44.875,13.750
2,S,8373716,5418,0.800,0.480,2.080,-9.918,-0.407,0.677,,,,,,,,,,,,
2,A,8375285,1994,,,,,,,10.763,-0.621,0.831,,,,,,,,,
2,B,8376425,2709,,,,,,,,,,,,,0.000,-0.560,0.336,,,
2,S,8376425,677,0.800,1.120,2.080,-9.912,-0.412,0.682,,,,,,,,,,,,
2,A,8379271,3986,,,,,,,10.710,-0.617,0.759,,,,,,,,,
2,B,8380487,4062,,,,,,,,,,-10.332,-0.336,0.324,,,,,,
2,S,8380487,4062,0.800,1.120,2.080,-9.867,-0.398,0.662,,,,,,,,,,,,
2,A,8383258,3987,,,,,,,10.697,-0.593,0.734,,,,,,,,,
2,B,8383874,3387,,,,,,,,,,,,,,,,67.938,-46.312,14.375
2,S,8383874,3387,0.800,1.440,2.400,-9.828,-0.378,0.603,,,,,,,,,,,,
2,A,8385251,1993,,,,,,,10.717,-0.558,0.684,,,,,,,,,
2,B,8386582,2708,,,,,,,,,,,,,0.000,-0.224,0.224,,,
2,S,8386582,2708,0.480,1.760,2.080,-9.797,-0.362,0.557,,,,,,,,,,,,
2,A,8390248,4997,,,,,,,10.761,-0.561,0.542,,,,,,,,,
2,B,8390645,4063,,,,,,,,,,-10.270,-0.336,0.297,,,,,,
2,S,8390645,4063,0.480,2.720,2.400,-9.797,-0.343,0.497,,,,,,,,,,,,
2,A,8392228,1980,,,,,,,10.738,-0.557,0.522,,,,,,,,,
2,B,8393353,2708,,,,,,,,,,,,,,,,68.750,-44.750,13.000
2,S,8393353,2708,0.800,2.720,2.400,-9.828,-0.328,0.448,,,,,,,,,,,,
2,A,8395248,3020,,,,,,,10.760,-0.575,0.461,,,,,,,,,
2,B,8395384,2031,,,,,,,,,,-10.188,-0.289,0.184,,,,,,
2,S,8395384,2031,1.120,2.400,2.080,-9.848,-0.323,0.398,,,,,,,,,,,,
2,A,8398208,2960,,,,,,,10.751,-0.587,0.405,,,,,,,,,
2,B,8398771,3387,,,,,,,,,,,,,0.000,0.224,0.000,,,
2,S,8398771,3387,1.440,1.760,1.440,-9.852,-0.323,0.312,,,,,,,,,,,,
2,A,8400201,1993,,,,,,,10.798,-0.613,0.348,,,,,,,,,
2,B,8401479,2708,,,,,,,,,,-10.270,-0.258,0.000,,,,,,
2,S,8401479,2708,1.760,1.760,1.440,-9.848,-0.343,0.247,,,,,,,,,,,,
2,A,8404187,3986,,,,,,,10.775,-0.611,0.302,,,,,,,,,
2,B,8404865,3386,,,,,,,,,,,,,,,,68.750,-44.750,13.000
2,S,8404865,3386,2.080,1.440,1.440,-9.857,-0.367,0.193,,,,,,,,,,,,
2,A,8406181,1994,,,,,,,10.765,-0.693,0.305,,,,,,,,,
2,B,8407573,2708,,,,,,,,,,,,,-0.112,0.560,-0.224,,,
2,S,8407573,5416,1.760,1.120,1.440,-9.863,-0.412,0.142,,,,,,,,,,,,
2,A,8410167,3986,,,,,,,10.756,-0.709,0.334,,,,,,,,,
2,B,8410959,3386,,,,,,,,,,-10.281,-0.305,-0.125,,,,,,
2,S,8410959,678,0.800,1.760,1.120,-9.863,-0.417,0.138,,,,,,,,,,,,
2,A,8413157,2990,,,,,,,10.791,-0.731,0.357,,,,,,,,,
2,B,8414344,3385,,,,,,,,,,,,,,,,68.688,-45.312,13.438
2,S,8414344,3385,0.800,2.400,1.120,-9.863,-0.453,0.142,,,,,,,,,,,,
2,A,8416147,2990,,,,,,,10.785,-0.818,0.366,,,,,,,,,
2,B,8416376,2032,,,,,,,,,,-10.270,-0.363,-0.191,,,,,,
2,S,8416376,2032,1.120,2.400,1.440,-9.873,-0.472,0.158,,,,,,,,,,,,
2,A,8419137,2990,,,,,,,10.828,-0.841,0.396,,,,,,,,,
2,B,8419762,3386,,,,,,,,,,,,,-0.112,0.448,-0.560,,,
2,S,8419762,3386,1.120,1.440,2.080,-9.898,-0.522,0.177,,,,,,,,,,,,
2,A,8421130,1993,,,,,,,10.817,-0.896,0.392,,,,,,,,,
2,B,8422470,2708,,,,,,,,,,-10.301,-0.488,-0.164,,,,,,
2,S,8422470,2708,1.120,0.480,1.760,-9.922,-0.583,0.188,,,,,,,,,,,,
2,A,8425117,3987,,,,,,,10.828,-0.913,0.483,,,,,,,,,
2,B,8425856,3386,,,,,,,,,,,,,,,,68.500,-45.562,13.312
2,S,8425856,3386,0.480,0.160,1.760,-9.943,-0.657,0.212,,,,,,,,,,,,
2,A,8428107,2990,,,,,,,10.809,-0.931,0.547,,,,,,,,,
2,B,8429241,3385,,,,,,,,,,,,,0.000,0.000,-0.783,,,
2,S,8429241,3385,0.160,0.160,1.760,-9.953,-0.703,0.268,,,,,,,,,,,,
2,A,8431110,3003,,,,,,,10.788,-0.926,0.555,,,,,,,,,
2,B,8431273,2032,,,,,,,,,,-10.363,-0.613,-0.086,,,,,,
2,S,8431273,2032,-0.160,0.160,2.080,-9.953,-0.708,0.312,,,,,,,,,,,,
2,A,8434087,2977,,,,,,,10.784,-0.930,0.611,,,,,,,,,
2,B,8434659,3386,,,,,,,,,,,,,,,,69.625,-47.250,13.000
2,S,8434659,3386,-0.160,-0.160,2.400,-9.938,-0.703,0.383,,,,,,,,,,,,
2,A,8436080,1993,,,,,,,10.776,-0.892,0.613,,,,,,,,,
2,B,8437367,2708,,,,,,,,,,,,,0.000,-0.560,-0.560,,,
2,S,8437367,2708,0.160,-0.160,2.080,-9.922,-0.698,0.417,,,,,,,,,,,,
2,A,8440067,3987,,,,,,,10.799,-0.837,0.615,,,,,,,,,
2,B,8440753,3386,,,,,,,,,,-10.344,-0.672,0.039,,,,,,
2,S,8440753,3386,0.160,-0.480,2.080,-9.902,-0.688,0.443,,,,,,,,,,,,
2,A,8443057,2990,,,,,,,10.846,-0.818,0.635,,,,,,,,,
2,B,8444138,3385,,,,,,,,,,,,,,,,69.125,-45.312,12.375
2,S,8444138,3385,-0.160,0.160,2.080,-9.912,-0.647,0.443,,,,,,,,,,,,
2,A,8446046,2989,,,,,,,10.810,-0.760,0.628,,,,,,,,,
2,B,8446848,2710,,,,,,,,,,-10.328,-0.621,0.105,,,,,,
2,S,8446848,2710,-0.160,0.480,2.400,-9.922,-0.603,0.443,,,,,,,,,,,,
2,A,8449036,2990,,,,,,,10.788,-0.744,0.682,,,,,,,,,
2,B,8450213,3365,,,,,,,,,,,,,-0.112,-0.783,-0.112,,,
2,S,8450213,3365,0.480,0.480,2.720,-9.928,-0.557,0.448,,,,,,,,,,,,
2,A,8452026,2990,,,,,,,10.784,-0.679,0.721,,,,,,,,,
2,B,8452264,2051,,,,,,,,,,-10.344,-0.516,0.066,,,,,,
2,S,8452264,2051,0.800,0.800,2.720,-9.918,-0.522,0.472,,,,,,,,,,,,
2,A,8455016,2990,,,,,,,10.786,-0.655,0.727,,,,,,,,,
2,B,8455650,3386,,,,,,,,,,,,,,,,68.188,-45.000,13.000
2,S,8455650,3386,0.800,1.120,2.720,-9.887,-0.492,0.512,,,,,,,,,,,,
2,A,8457009,1993,,,,,,,10.804,-0.594,0.753,,,,,,,,,
2,B,8458358,2708,,,,,,,,,,,,,0.000,-0.783,0.336,,,
2,S,8458358,2708,1.440,1.440,2.720,-9.873,-0.458,0.547,,,,,,,,,,,,
2,A,8460997,3988,,,,,,,10.759,-0.542,0.786,,,,,,,,,
2,B,8461745,3387,,,,,,,,,,-10.297,-0.402,0.191,,,,,,
2,S,8461745,3387,1.440,1.120,3.040,-9.867,-0.398,0.578,,,,,,,,,,,,
2,A,8463987,2990,,,,,,,10.765,-0.490,0.828,,,,,,,,,
2,B,8465130,3385,,,,,,,,,,,,,,,,68.688,-47.312,13.750
2,S,8465130,3385,1.120,0.800,3.360,-9.873,-0.323,0.598,,,,,,,,,,,,
2,A,8466977,2990,,,,,,,10.745,-0.470,0.825,,,,,,,,,
2,B,8467161,2031,,,,,,,,,,,,,0.000,-0.560,0.560,,,
2,S,8467161,2031,1.120,0.800,3.360,-9.873,-0.278,0.603,,,,,,,,,,,,
2,A,8469967,2990,,,,,,,10.759,-0.379,0.796,,,,,,,,,
2,B,8470547,3386,,,,,,,,,,-10.281,-0.238,0.238,,,,,,
2,S,8470547,3386,1.120,1.120,2.400,-9.863,-0.217,0.608,,,,,,,,,,,,
2,A,8472957,2990,,,,,,,10.741,-0.395,0.742,,,,,,,,,
2,B,8473933,3386,,,,,,,,,,,,,,,,68.062,-46.250,14.062
2,S,8473933,3386,0.800,1.760,2.080,-9.842,-0.172,0.598,,,,,,,,,,,,
2,A,8475947,2990,,,,,,,10.704,-0.400,0.714,,,,,,,,,
2,B,8476642,2709,,,,,,,,,,,,,0.112,-0.224,0.560,,,
2,S,8476642,2709,0.800,2.080,1.760,-9.822,-0.147,0.578,,,,,,,,,,,,
2,A,8479934,3987,,,,,,,10.722,-0.464,0.720,,,,,,,,,
2,B,8480705,4063,,,,,,,,,,-10.234,-0.113,0.258,,,,,,
2,S,8480705,4063,1.120,1.760,1.760,-9.793,-0.158,0.542,,,,,,,,,,,,
2,A,8482924,2990,,,,,,,10.697,-0.538,0.718,,,,,,,,,
2,B,8484089,3384,,,,,,,,,,,,,,,,69.188,-44.688,12.625
2,S,8484089,3384,1.120,1.440,1.120,-9.783,-0.198,0.527,,,,,,,,,,,,
2,A,8485913,2989,,,,,,,10.699,-0.576,0.717,,,,,,,,,
2,B,8486799,2710,,,,,,,,,,,,,0.000,0.112,0.000,,,
2,S,8486799,2710,0.480,1.440,1.120,-9.797,-0.247,0.527,,,,,,,,,,,,
2,A,8489900,3987,,,,,,,10.731,-0.684,0.714,,,,,,,,,
2,B,8490862,4063,,,,,,,,,,-10.191,-0.086,0.172,,,,,,
2,S,8490862,4063,-0.480,1.760,1.440,-9.807,-0.338,0.537,,,,,,,,,,,,
2,A,8492890,2990,,,,,,,10.724,-0.715,0.677,,,,,,,,,
2,B,8493570,2708,,,,,,,,,,,,,,,,68.625,-45.938,13.125
2,S,8493570,2708,-0.480,1.760,1.120,-9.812,-0.393,0.527,,,,,,,,,,,,
2,A,8494883,1993,,,,,,,10.720,-0.766,0.669,,,,,,,,,
2,B,8496278,2708,,,,,,,,,,,,,-0.112,0.336,-0.560,,,
2,S,8496278,2708,0.160,1.440,0.800,-9.822,-0.438,0.517,,,,,,,,,,,,
2,A,8499867,4984,,,,,,,10.774,-0.831,0.637,,,,,,,,,
2,B,8500339,4061,,,,,,,,,,-10.219,-0.441,0.172,,,,,,
2,S,8500339,4061,0.800,2.080,0.800,-9.848,-0.512,0.487,,,,,,,,,,,,
2,A,8501860,1993,,,,,,,10.795,-0.822,0.574,,,,,,,,,
2,B,8503049,2710,,,,,,,,,,,,,,,,69.500,-47.938,13.688
2,S,8503049,2710,0.800,3.040,1.120,-9.867,-0.562,0.458,,,,,,,,,,,,
2,A,8504850,2990,,,,,,,10.784,-0.841,0.520,,,,,,,,,
2,B,8505737,2688,,,,,,,,,,,,,-0.112,0.560,-0.895,,,
2,S,8505737,2688,1.120,3.360,1.440,-9.887,-0.593,0.438,,,,,,,,,,,,
2,A,8508836,3986,,,,,,,10.837,-0.819,0.499,,,,,,,,,
2,B,8509822,4085,,,,,,,,,,-10.312,-0.527,0.086,,,,,,
2,S,8509822,4085,1.440,2.080,2.080,-9.922,-0.618,0.378,,,,,,,,,,,,
2,A,8511848,3012,,,,,,,10.834,-0.812,0.458,,,,,,,,,
2,B,8512530,2708,,,,,,,,,,-10.328,-0.566,-0.008,,,,,,
2,S,8512530,2708,0.800,1.760,1.760,-9.932,-0.613,0.343,,,,,,,,,,,,
2,A,8514816,2968,,,,,,,10.842,-0.774,0.425,,,,,,,,,
2,B,8515916,3386,,,,,,,,,,,,,,,,68.125,-47.125,14.312
2,S,8515916,3386,0.480,1.440,1.760,-9.953,-0.593,0.307,,,,,,,,,,,,
2,A,8516810,1994,,,,,,,10.856,-0.747,0.422,,,,,,,,,
2,B,8517948,2032,,,,,,,,,,,,,0.000,0.560,-0.671,,,
2,S,8517948,2032,0.480,1.760,1.760,-9.963,-0.568,0.292,,,,,,,,,,,,
2,A,8520796,3986,,,,,,,10.840,-0.675,0.415,,,,,,,,,
2,B,8521315,3367,,,,,,,,,,,,,,,,67.938,-45.312,13.875
2,S,8521315,3367,0.800,1.760,2.080,-9.982,-0.517,0.268,,,,,,,,,,,,
2,A,8523786,2990,,,,,,,10.846,-0.650,0.442,,,,,,,,,
2,B,8524719,3404,,,,,,,,,,-10.395,-0.480,-0.086,,,,,,
2,S,8524719,3404,1.120,0.480,2.400,-9.977,-0.468,0.247,,,,,,,,,,,,
2,A,8526776,3987,,,,,,,10.824,-0.633,0.649,,,,,,,,,
2,B,8528104,3385,,,,,,,,,,,,,0.000,0.448,-0.224,,,
2,S,8528104,3385,0.800,0.160,2.720,-9.973,-0.438,0.253,,,,,,,,,,,,
2,A,8530762,2989,,,,,,,10.772,-0.611,0.516,,,,,,,,,
2,B,8531472,3368,,,,,,,,,,-10.371,-0.375,-0.098,,,,,,
2,S,8531472,3368,0.800,0.800,2.720,-9.953,-0.407,0.278,,,,,,,,,,,,
2,A,8533752,2990,,,,,,,10.752,-0.598,0.547,,,,,,,,,
2,B,8534876,3404,,,,,,,,,,,,,,,,68.500,-46.750,14.125
2,S,8534876,3404,1.120,1.440,3.040,-9.908,-0.378,0.318,,,,,,,,,,,,
2,A,8536742,2990,,,,,,,10.726,-0.600,0.607,,,,,,,,,
2,B,8537584,2708,,,,,,,,,,,,,0.000,0.112,0.112,,,
2,S,8537584,2708,0.800,1.440,2.720,-9.873,-0.367,0.352,,,,,,,,,,,,
2,A,8539732,2990,,,,,,,10.767,-0.600,0.678,,,,,,,,,
2,B,8540292,2708,,,,,,,,,,-10.301,-0.305,-0.027,,,,,,
2,S,8540292,2708,0.800,0.800,2.400,-9.842,-0.357,0.388,,,,,,,,,,,,
2,A,8542722,2990,,,,,,,10.742,-0.617,0.723,,,,,,,,,
2,B,8543679,3387,,,,,,,,,,,,,,,,68.125,-45.062,13.312
2,S,8543679,3387,0.480,1.120,2.400,-9.838,-0.357,0.443,,,,,,,,,,,,
2,A,8545712,2990,,,,,,,10.746,-0.639,0.716,,,,,,,,,
2,B,8546383,2704,,,,,,,,,,-10.262,-0.305,0.105,,,,,,
2,S,8546383,2704,0.800,1.440,2.400,-9.842,-0.357,0.492,,,,,,,,,,,,
2,A,8548702,2990,,,,,,,10.758,-0.666,0.756,,,,,,,,,
2,B,8549773,3390,,,,,,,,,,,,,0.112,-0.112,0.336,,,
2,S,8549773,3390,0.800,1.440,2.080,-9.848,-0.378,0.537,,,,,,,,,,,,
2,A,8551692,2990,,,,,,,10.746,-0.646,0.754,,,,,,,,,
2,B,8552481,2708,,,,,,,,,,,,,,,,69.312,-46.188,13.250
2,S,8552481,2708,0.480,1.440,2.080,-9.857,-0.407,0.547,,,,,,,,,,,,
2,A,8554682,2990,,,,,,,10.741,-0.643,0.723,,,,,,,,,
2,B,8555867,3386,,,,,,,,,,-10.270,-0.363,0.184,,,,,,
2,S,8555867,3386,0.480,1.440,2.080,-9.867,-0.427,0.552,,,,,,,,,,,,
2,A,8557672,2990,,,,,,,10.723,-0.685,0.730,,,,,,,,,
2,B,8559252,3385,,,,,,,,,,,,,0.000,-0.224,0.224,,,
2,S,8559252,3385,0.480,1.120,2.080,-9.852,-0.422,0.562,,,,,,,,,,,,
2,A,8560661,2989,,,,,,,10.733,-0.667,0.696,,,,,,,,,
2,B,8561267,2015,,,,,,,,,,-10.246,-0.375,0.211,,,,,,
2,S,8561267,2015,0.480,1.120,2.080,-9.848,-0.422,0.557,,,,,,,,,,,,
2,A,8563651,2990,,,,,,,10.746,-0.645,0.624,,,,,,,,,
2,B,8564670,3403,,,,,,,,,,,,,,,,69.125,-44.812,12.938
2,S,8564670,3403,0.480,1.120,2.080,-9.838,-0.422,0.532,,,,,,,,,,,,
2,A,8566641,2990,,,,,,,10.730,-0.635,0.552,,,,,,,,,
2,B,8567378,2708,,,,,,,,,,,,,0.000,-0.112,0.112,,,
2,S,8567378,2708,0.160,1.120,2.400,-9.832,-0.417,0.492,,,,,,,,,,,,
2,A,8569631,2990,,,,,,,10.706,-0.655,0.523,,,,,,,,,
2,B,8570764,3386,,,,,,,,,,-10.262,-0.363,0.125,,,,,,
2,S,8570764,3386,0.160,1.440,2.400,-9.828,-0.412,0.422,,,,,,,,,,,,
2,A,8572621,2990,,,,,,,10.739,-0.648,0.496,,,,,,,,,
2,B,8574149,3385,,,,,,,,,,,,,,,,68.875,-45.062,12.812
2,S,8574149,3385,0.480,1.760,2.080,-9.818,-0.427,0.357,,,,,,,,,,,,
2,A,8575611,2990,,,,,,,10.734,-0.784,0.416,,,,,,,,,
2,B,8576176,2027,,,,,,,,,,,,,0.000,0.224,-0.112,,,
2,S,8576176,2027,0.800,1.760,2.080,-9.822,-0.443,0.328,,,,,,,,,,,,
2,A,8579598,3987,,,,,,,10.757,-0.758,0.365,,,,,,,,,
2,B,8580922,4746,,,,,,,,,,-10.219,-0.395,0.008,,,,,,
2,S,8580922,4746,0.800,1.440,1.440,-9.863,-0.492,0.253,,,,,,,,,,,,
2,A,8582588,2990,,,,,,,10.739,-0.684,0.370,,,,,,,,,
2,B,8582953,2031,,,,,,,,,,-10.266,-0.449,-0.113,,,,,,
2,S,8582953,2031,0.160,1.440,1.120,-9.877,-0.512,0.223,,,,,,,,,,,,
2,A,8585578,2990,,,,,,,10.733,-0.718,0.393,,,,,,,,,
2,B,8586338,3385,,,,,,,,,,,,,,,,68.812,-45.250,12.438
2,S,8586338,3385,0.160,1.120,0.800,-9.883,-0.517,0.203,,,,,,,,,,,,
2,A,8588568,2990,,,,,,,10.762,-0.708,0.412,,,,,,,,,
2,B,8589046,2708,,,,,,,,,,,,,0.112,0.224,-0.224,,,
2,S,8589046,2708,0.480,0.480,1.120,-9.857,-0.502,0.212,,,,,,,,,,,,
2,A,8591558,2990,,,,,,,10.770,-0.735,0.406,,,,,,,,,
2,B,8592417,3371,,,,,,,,,,-10.281,-0.422,-0.125,,,,,,
2,S,8592417,3371,0.800,0.480,1.440,-9.848,-0.482,0.212,,,,,,,,,,,,
2,A,8594548,2990,,,,,,,10.773,-0.803,0.392,,,,,,,,,
2,B,8595819,3402,,,,,,,,,,,,,,,,67.562,-44.688,13.562
2,S,8595819,5433,0.800,0.800,2.080,-9.873,-0.522,0.212,,,,,,,,,,,,
2,A,8597538,2990,,,,,,,10.781,-0.788,0.408,,,,,,,,,
2,B,8598527,2708,,,,,,,,,,,,,0.112,0.112,-0.336,,,
2,S,8598527,677,0.800,0.480,1.760,-9.877,-0.532,0.212,,,,,,,,,,,,
2,A,8600528,2990,,,,,,,10.775,-0.786,0.446,,,,,,,,,
2,B,8601913,3386,,,,,,,,,,-10.285,-0.488,-0.105,,,,,,
2,S,8601913,3386,0.800,0.480,1.760,-9.887,-0.568,0.237,,,,,,,,,,,,
2,A,8604517,3989,,,,,,,10.786,-0.789,0.529,,,,,,,,,
2,B,8604621,2708,,,,,,,,,,,,,,,,68.438,-46.125,13.750
2,S,8604621,2708,1.440,0.160,1.760,-9.887,-0.573,0.263,,,,,,,,,,,,
2,A,8606508,1991,,,,,,,10.779,-0.789,0.562,,,,,,,,,
2,B,8607314,2693,,,,,,,,,,,,,0.000,-0.224,-0.336,,,
2,S,8607314,2693,1.440,0.160,1.760,-9.877,-0.557,0.292,,,,,,,,,,,,
2,A,8609498,2990,,,,,,,10.808,-0.825,0.575,,,,,,,,,
2,B,8610716,3402,,,,,,,,,,-10.297,-0.527,-0.066,,,,,,
2,S,8610716,3402,1.440,0.160,1.760,-9.887,-0.557,0.343,,,,,,,,,,,,
2,A,8613484,3986,,,,,,,10.841,-0.832,0.615,,,,,,,,,
2,B,8614101,3385,,,,,,,,,,,,,,,,68.875,-45.062,12.812
2,S,8614101,3385,1.120,0.480,2.400,-9.908,-0.568,0.383,,,,,,,,,,,,
2,A,8615478,1994,,,,,,,10.834,-0.822,0.657,,,,,,,,,
2,B,8616810,2709,,,,,,,,,,,,,0.000,-0.560,-0.224,,,
2,S,8616810,2709,1.120,0.800,2.080,-9.938,-0.583,0.403,,,,,,,,,,,,
2,A,8620461,4983,,,,,,,10.834,-0.740,0.683,,,,,,,,,
2,B,8620873,4063,,,,,,,,,,-10.328,-0.527,0.039,,,,,,
2,S,8620873,4063,0.800,1.120,2.080,-9.963,-0.588,0.448,,,,,,,,,,,,
2,A,8622455,1994,,,,,,,10.811,-0.724,0.682,,,,,,,,,
2,B,8623575,2702,,,,,,,,,,,,,,,,68.875,-45.062,12.812
2,S,8623575,2702,0.160,1.120,2.400,-9.957,-0.557,0.482,,,,,,,,,,,,
2,A,8625444,2989,,,,,,,10.811,-0.689,0.746,,,,,,,,,
2,B,8625613,2038,,,,,,,,,,-10.367,-0.516,0.113,,,,,,
2,S,8625613,2038,0.160,1.440,3.040,-9.947,-0.527,0.502,,,,,,,,,,,,
2,A,8628434,2990,,,,,,,10.810,-0.698,0.765,,,,,,,,,
2,B,8628998,3385,,,,,,,,,,,,,0.000,-0.671,0.000,,,
2,S,8628998,3385,0.160,1.120,3.360,-9.932,-0.472,0.532,,,,,,,,,,,,
2,A,8630428,2990,,,,,,,10.795,-0.653,0.750,,,,,,,,,
2,B,8631707,2709,,,,,,,,,,-10.324,-0.402,0.152,,,,,,
2,S,8631707,2709,0.480,0.800,3.040,-9.928,-0.448,0.547,,,,,,,,,,,,
2,A,8634414,2990,,,,,,,10.774,-0.604,0.775,,,,,,,,,
2,B,8635092,3385,,,,,,,,,,,,,,,,68.562,-48.688,14.188
2,S,8635092,3385,1.120,0.800,2.400,-9.928,-0.417,0.557,,,,,,,,,,,,
2,A,8636408,1994,,,,,,,10.778,-0.575,0.763,,,,,,,,,
2,B,8637801,2709,,,,,,,,,,,,,0.000,-0.560,0.336,,,
2,S,8637801,2709,1.760,1.120,1.760,-9.912,-0.388,0.562,,,,,,,,,,,,
2,A,8640394,3986,,,,,,,10.747,-0.524,0.750,,,,,,,,,
2,B,8641186,3385,,,,,,,,,,-10.305,-0.305,0.219,,,,,,
2,S,8641186,6095,1.760,1.120,2.080,-9.852,-0.312,0.578,,,,,,,,,,,,
2,A,8643384,2990,,,,,,,10.733,-0.499,0.744,,,,,,,,,
2,B,8644572,3386,,,,,,,,,,,,,,,,68.562,-46.625,13.812
2,S,8644572,676,0.480,0.800,1.760,-9.848,-0.307,0.578,,,,,,,,,,,,
2,A,8646374,2990,,,,,,,10.729,-0.506,0.729,,,,,,,,,
2,B,8646604,2032,,,,,,,,,,,,,0.000,-0.336,0.336,,,
2,S,8646604,2032,0.480,1.120,1.440,-9.828,-0.287,0.568,,,,,,,,,,,,
2,A,8649364,2990,,,,,,,10.707,-0.512,0.675,,,,,,,,,
2,B,8649990,3386,,,,,,,,,,-10.262,-0.230,0.211,,,,,,
2,S,8649990,3386,0.480,1.760,1.440,-9.818,-0.268,0.547,,,,,,,,,,,,
2,A,8652354,2990,,,,,,,10.710,-0.534,0.633,,,,,,,,,
2,B,8653375,3385,,,,,,,,,,,,,,,,68.688,-47.438,14.000
2,S,8653375,3385,1.440,1.760,2.080,-9.812,-0.268,0.512,,,,,,,,,,,,
2,A,8655344,2990,,,,,,,10.697,-0.565,0.603,,,,,,,,,
2,B,8656083,2708,,,,,,,,,,,,,0.000,0.000,0.224,,,
2,S,8656083,2708,1.760,1.440,2.400,-9.812,-0.278,0.472,,,,,,,,,,,,
2,A,8659331,3987,,,,,,,10.678,-0.619,0.562,,,,,,,,,
2,B,8660146,4063,,,,,,,,,,-10.195,-0.211,0.152,,,,,,
2,S,8660146,4063,1.440,1.120,2.080,-9.812,-0.318,0.417,,,,,,,,,,,,
2,A,8662321,2990,,,,,,,10.707,-0.668,0.533,,,,,,,,,
2,B,8663532,3386,,,,,,,,,,,,,,,,67.688,-47.188,14.688
2,S,8663532,3386,0.800,1.120,2.080,-9.812,-0.367,0.393,,,,,,,,,,,,
2,A,8665311,2990,,,,,,,10.743,-0.779,0.465,,,,,,,,,
2,B,8666241,2709,,,,,,,,,,-10.223,-0.277,0.047,,,,,,
2,S,8666241,2709,0.800,1.120,1.760,-9.822,-0.412,0.378,,,,,,,,,,,,
2,A,8668301,2990,,,,,,,10.766,-0.836,0.499,,,,,,,,,
2,B,8669627,3386,,,,,,,,,,,,,0.112,0.112,-0.112,,,
2,S,8669627,3386,1.120,1.440,1.760,-9.857,-0.492,0.338,,,,,,,,,,,,
2,A,8671290,2989,,,,,,,10.801,-0.864,0.473,,,,,,,,,
2,B,8671658,2031,,,,,,,,,,-10.246,-0.430,-0.008,,,,,,
2,S,8671658,2031,0.800,1.440,1.440,-9.883,-0.542,0.307,,,,,,,,,,,,
2,A,8674281,2991,,,,,,,10.752,-0.831,0.458,,,,,,,,,
2,B,8675043,3385,,,,,,,,,,,,,,,,69.188,-45.250,13.000
2,S,8675043,3385,0.800,1.440,1.760,-9.912,-0.613,0.282,,,,,,,,,,,,
2,A,8678267,3986,,,,,,,10.754,-0.882,0.506,,,,,,,,,
2,B,8678429,3386,,,,,,,,,,,,,0.000,0.000,-0.224,,,
2,S,8678429,3386,0.480,1.440,2.080,-9.908,-0.637,0.292,,,,,,,,,,,,
2,A,8680261,1994,,,,,,,10.786,-0.884,0.526,,,,,,,,,
2,B,8681138,2709,,,,,,,,,,-10.332,-0.566,-0.047,,,,,,
2,S,8681138,2709,0.800,0.800,2.400,-9.893,-0.637,0.307,,,,,,,,,,,,
2,A,8683251,2990,,,,,,,10.809,-0.902,0.526,,,,,,,,,
2,B,8684524,3386,,,,,,,,,,,,,,,,68.562,-45.625,13.312
2,S,8684524,3386,0.800,0.160,2.080,-9.893,-0.647,0.323,,,,,,,,,,,,
2,A,8686240,2989,,,,,,,10.813,-0.838,0.545,,,,,,,,,
2,B,8687232,2708,,,,,,,,,,,,,0.000,-0.112,-0.112,,,
2,S,8687232,2708,0.480,0.480,1.760,-9.908,-0.662,0.333,,,,,,,,,,,,
2,A,8689230,2990,,,,,,,10.788,-0.805,0.552,,,,,,,,,
2,B,8690618,3386,,,,,,,,,,-10.297,-0.602,-0.020,,,,,,
2,S,8690618,3386,0.800,0.480,1.760,-9.928,-0.647,0.352,,,,,,,,,,,,
2,A,8693236,4006,,,,,,,10.813,-0.692,0.620,,,,,,,,,
2,B,8693985,3367,,,,,,,,,,,,,,,,69.000,-46.000,13.062
2,S,8693985,3367,0.800,0.480,2.400,-9.932,-0.608,0.367,,,,,,,,,,,,
2,A,8695210,1974,,,,,,,10.798,-0.682,0.638,,,,,,,,,
2,B,8696035,2050,,,,,,,,,,,,,0.000,-0.448,0.112,,,
2,S,8696035,2050,0.480,0.480,3.040,-9.922,-0.547,0.388,,,,,,,,,,,,
2,A,8699197,3987,,,,,,,10.801,-0.629,0.702,,,,,,,,,
2,B,8700775,4740,,,,,,,,,,-10.309,-0.547,0.008,,,,,,
2,S,8700775,4740,0.160,0.800,3.360,-9.912,-0.443,0.448,,,,,,,,,,,,
2,A,8703183,3986,,,,,,,10.814,-0.559,0.685,,,,,,,,,
2,B,8704141,3366,,,,,,,,,,,,,,,,67.812,-46.500,14.000
2,S,8704141,3366,0.160,0.800,3.360,-9.918,-0.412,0.487,,,,,,,,,,,,
2,A,8705177,1994,,,,,,,10.814,-0.591,0.758,,,,,,,,,
2,B,8706192,2051,,,,,,,,,,,,,0.000,-0.560,0.448,,,
2,S,8706192,6114,0.480,1.120,2.720,-9.922,-0.333,0.542,,,,,,,,,,,,
2,A,8710160,4983,,,,,,,10.814,-0.535,0.790,,,,,,,,,
2,B,8710933,4741,,,,,,,,,,-10.316,-0.410,0.066,,,,,,
2,S,8710933,678,1.120,1.760,2.400,-9.918,-0.328,0.547,,,,,,,,,,,,
2,A,8712153,1993,,,,,,,10.818,-0.542,0.797,,,,,,,,,
2,B,8712964,2031,,,,,,,,,,,,,,,,68.438,-44.188,12.000
2,S,8712964,2031,1.120,1.120,2.080,-9.912,-0.318,0.562,,,,,,,,,,,,
2,A,8715143,2990,,,,,,,10.771,-0.594,0.864,,,,,,,,,
2,B,8715672,2708,,,,,,,,,,,,,0.000,-0.560,0.560,,,
2,S,8715672,2708,0.800,0.160,2.080,-9.912,-0.307,0.588,,,,,,,,,,,,
2,A,8719130,3987,,,,,,,10.572,-0.859,0.647,,,,,,,,,
2,B,8719735,4063,,,,,,,,,,-10.312,-0.230,0.230,,,,,,
2,S,8719735,4063,0.480,0.480,2.080,-9.898,-0.278,0.618,,,,,,,,,,,,
2,A,8722119,2989,,,,,,,10.885,-0.395,0.613,,,,,,,,,
2,B,8723120,3385,,,,,,,,,,,,,,,,68.000,-45.188,13.562
2,S,8723120,3385,0.800,1.120,2.400,-9.887,-0.268,0.552,,,,,,,,,,,,
2,A,8725109,2990,,,,,,,10.670,-0.697,0.729,,,,,,,,,
2,B,8725830,2710,,,,,,,,,,,,,0.000,-0.336,0.336,,,
2,S,8725830,2710,1.440,1.440,2.400,-9.902,-0.318,0.492,,,,,,,,,,,,
2,A,8729096,3987,,,,,,,10.797,-0.516,0.734,,,,,,,,,
2,B,8729893,4063,,,,,,,,,,-10.301,-0.219,0.191,,,,,,
2,S,8729893,4063,1.440,1.440,2.400,-9.848,-0.388,0.468,,,,,,,,,,,,
2,A,8733083,3987,,,,,,,10.727,-0.691,0.640,,,,,,,,,
2,B,8733278,3385,,,,,,,,,,,,,,,,68.375,-45.812,13.875
2,S,8733278,3385,0.800,1.760,1.440,-9.852,-0.357,0.487,,,,,,,,,,,,
2,A,8735076,1993,,,,,,,10.743,-0.620,0.585,,,,,,,,,
2,B,8735987,2709,,,,,,,,,,-10.258,-0.305,0.145,,,,,,
2,S,8735987,2709,0.800,1.760,1.120,-9.877,-0.338,0.482,,,,,,,,,,,,
2,A,8738066,2990,,,,,,,10.788,-0.794,0.604,,,,,,,,,
2,B,8739372,3385,,,,,,,,,,,,,-0.112,0.000,0.000,,,
2,S,8739372,3385,0.800,2.080,1.120,-9.883,-0.388,0.432,,,,,,,,,,,,
2,A,8741056,2990,,,,,,,10.759,-0.766,0.592,,,,,,,,,
2,B,8742080,2708,,,,,,,,,,-10.281,-0.336,0.086,,,,,,
2,S,8742080,5418,0.800,2.080,1.120,-9.887,-0.527,0.403,,,,,,,,,,,,
2,A,8744046,2990,,,,,,,10.743,-0.779,0.530,,,,,,,,,
2,B,8745466,3386,,,,,,,,,,,,,,,,69.125,-45.875,12.750
2,S,8745466,676,0.800,1.120,1.120,-9.883,-0.537,0.407,,,,,,,,,,,,
2,A,8748032,3986,,,,,,,10.736,-0.769,0.587,,,,,,,,,
2,B,8748833,3367,,,,,,,,,,,,,-0.112,0.224,-0.224,,,
2,S,8748833,3367,0.800,0.480,1.760,-9.857,-0.568,0.422,,,,,,,,,,,,
2,A,8750026,1994,,,,,,,10.752,-0.780,0.512,,,,,,,,,
2,B,8750884,2051,,,,,,,,,,-10.309,-0.488,0.059,,,,,,
2,S,8750884,2051,0.800,0.480,2.080,-9.842,-0.578,0.417,,,,,,,,,,,,
2,A,8753016,3986,,,,,,,10.734,-0.813,0.541,,,,,,,,,
2,B,8754269,3385,,,,,,,,,,,,,,,,68.000,-46.312,13.438
2,S,8754269,3385,1.120,0.800,2.400,-9.838,-0.562,0.393,,,,,,,,,,,,
2,A,8756006,1994,,,,,,,10.720,-0.826,0.516,,,,,,,,,
2,B,8756979,2710,,,,,,,,,,,,,-0.112,0.224,-0.336,,,
2,S,8756979,2710,1.760,1.440,1.760,-9.832,-0.562,0.367,,,,,,,,,,,,
2,A,8759994,3988,,,,,,,10.736,-0.799,0.475,,,,,,,,,
2,B,8761040,4061,,,,,,,,,,-10.266,-0.496,0.039,,,,,,
2,S,8761040,4061,1.760,1.760,1.760,-9.838,-0.578,0.347,,,,,,,,,,,,
2,A,8763980,3986,,,,,,,10.752,-0.747,0.477,,,,,,,,,
2,B,8764426,3386,,,,,,,,,,,,,,,,68.625,-44.438,12.500
2,S,8764426,3386,1.760,1.760,1.760,-9.842,-0.583,0.318,,,,,,,,,,,,
2,A,8765974,1994,,,,,,,10.743,-0.762,0.471,,,,,,,,,
2,B,8767135,2709,,,,,,,,,,,,,-0.112,0.224,-0.112,,,
2,S,8767135,2709,1.760,1.440,1.760,-9.842,-0.562,0.292,,,,,,,,,,,,
2,A,8770957,4983,,,,,,,10.721,-0.714,0.458,,,,,,,,,
2,B,8771198,4063,,,,,,,,,,-10.273,-0.535,-0.008,,,,,,
2,S,8771198,4063,1.760,0.800,2.080,-9.848,-0.517,0.278,,,,,,,,,,,,
2,A,8773947,2990,,,,,,,10.742,-0.684,0.470,,,,,,,,,
2,B,8774584,3386,,,,,,,,,,,,,,,,68.562,-44.000,12.375
2,S,8774584,3386,1.760,0.160,2.400,-9.842,-0.497,0.282,,,,,,,,,,,,
2,A,8775940,1993,,,,,,,10.753,-0.686,0.444,,,,,,,,,
2,B,8777292,2708,,,,,,,,,,,,,-0.112,0.224,0.112,,,
2,S,8777292,2708,1.440,-0.160,2.400,-9.838,-0.482,0.278,,,,,,,,,,,,
2,A,8779927,3987,,,,,,,10.761,-0.688,0.449,,,,,,,,,
2,B,8780678,3386,,,,,,,,,,-10.258,-0.430,-0.066,,,,,,
2,S,8780678,3386,1.760,0.800,3.040,-9.852,-0.458,0.253,,,,,,,,,,,,
2,A,8782917,2990,,,,,,,10.789,-0.657,0.464,,,,,,,,,
2,B,8784063,3385,,,,,,,,,,,,,,,,67.000,-44.312,13.188
2,S,8784063,3385,1.440,1.120,3.040,-9.873,-0.448,0.247,,,,,,,,,,,,
2,A,8785907,2990,,,,,,,10.816,-0.665,0.535,,,,,,,,,
2,B,8786094,2031,,,,,,,,,,,,,0.000,-0.112,0.336,,,
2,S,8786094,2031,0.480,0.800,2.720,-9.877,-0.448,0.263,,,,,,,,,,,,
2,A,8789894,3987,,,,,,,10.834,-0.688,0.567,,,,,,,,,
2,B,8790836,4742,,,,,,,,,,-10.305,-0.383,-0.066,,,,,,
2,S,8790836,4742,0.160,0.480,2.400,-9.902,-0.448,0.312,,,,,,,,,,,,
2,A,8791887,2990,,,,,,,10.837,-0.726,0.628,,,,,,,,,
2,B,8793524,2688,,,,,,,,,,-10.328,-0.363,-0.008,,,,,,
2,S,8793524,2688,1.120,0.480,2.720,-9.918,-0.448,0.338,,,,,,,,,,,,
2,A,8795873,2989,,,,,,,10.761,-0.838,0.646,,,,,,,,,
2,B,8796252,2728,,,,,,,,,,,,,,,,68.750,-45.375,12.750
2,S,8796252,2728,1.760,0.480,3.040,-9.943,-0.468,0.383,,,,,,,,,,,,
2,A,8797867,1994,,,,,,,10.817,-0.747,0.690,,,,,,,,,
2,B,8798961,2709,,,,,,,,,,,,,0.112,-0.448,0.448,,,
2,S,8798961,2709,1.760,0.480,3.040,-9.953,-0.517,0.432,,,,,,,,,,,,
2,A,8801853,3986,,,,,,,10.886,-0.733,0.574,,,,,,,,,
2,B,8802346,3385,,,,,,,,,,-10.332,-0.508,0.145,,,,,,
2,S,8802346,3385,1.440,0.160,2.720,-9.938,-0.557,0.487,,,,,,,,,,,,
2,A,8804843,2990,,,,,,,10.622,-0.747,0.707,,,,,,,,,
2,B,8805733,3387,,,,,,,,,,,,,,,,67.375,-46.000,14.000
2,S,8805733,3387,0.800,0.160,2.080,-9.883,-0.527,0.477,,,,,,,,,,,,
2,A,8807833,2990,,,,,,,10.681,-0.680,0.686,,,,,,,,,
2,B,8808441,2708,,,,,,,,,,,,,0.000,-0.671,0.560,,,
2,S,8808441,2708,0.160,-0.160,2.400,-9.838,-0.492,0.492,,,,,,,,,,,,
2,A,8810823,2990,,,,,,,10.730,-0.555,0.802,,,,,,,,,
2,B,8811827,3386,,,,,,,,,,-10.238,-0.383,0.113,,,,,,
2,S,8811827,3386,0.160,-0.480,3.040,-9.832,-0.458,0.532,,,,,,,,,,,,
2,A,8813813,2990,,,,,,,10.750,-0.880,0.994,,,,,,,,,
2,B,8815212,3385,,,,,,,,,,,,,,,,67.750,-45.000,13.375
2,S,8815212,3385,0.160,-0.480,3.040,-9.873,-0.432,0.578,,,,,,,,,,,,
2,A,8816803,2990,,,,,,,10.781,-0.516,0.911,,,,,,,,,
2,B,8817243,2031,,,,,,,,,,,,,0.000,-0.783,0.671,,,
2,S,8817243,2031,0.480,0.160,3.040,-9.898,-0.427,0.598,,,,,,,,,,,,
2,A,8819793,2990,,,,,,,10.764,-0.644,0.874,,,,,,,,,
2,B,8820630,3387,,,,,,,,,,-10.320,-0.305,0.289,,,,,,
2,S,8820630,3387,0.800,1.120,2.400,-9.918,-0.398,0.598,,,,,,,,,,,,
2,A,8822783,2990,,,,,,,10.752,-0.424,0.825,,,,,,,,,
2,B,8824014,3384,,,,,,,,,,,,,,,,69.250,-45.688,13.125
2,S,8824014,3384,1.440,1.440,2.080,-9.908,-0.323,0.593,,,,,,,,,,,,
2,A,8825773,2990,,,,,,,10.840,-0.321,0.813,,,,,,,,,
2,B,8826724,2710,,,,,,,,,,,,,-0.112,-0.560,0.671,,,
2,S,8826724,2710,1.120,1.760,2.400,-9.883,-0.273,0.623,,,,,,,,,,,,
2,A,8829760,3987,,,,,,,10.909,-0.238,0.724,,,,,,,,,
2,B,8830787,4063,,,,,,,,,,-10.285,-0.238,0.270,,,,,,
2,S,8830787,4063,0.800,1.440,2.400,-9.857,-0.172,0.662,,,,,,,,,,,,
2,A,8832750,2990,,,,,,,10.713,-0.339,0.819,,,,,,,,,
2,B,8833495,2708,,,,,,,,,,-10.273,-0.039,0.277,,,,,,
2,S,8833495,2708,0.800,1.440,2.400,-9.873,-0.133,0.642,,,,,,,,,,,,
2,A,8834743,1993,,,,,,,10.704,-0.272,0.740,,,,,,,,,
2,B,8836203,2708,,,,,,,,,,,,,,,,68.500,-46.188,13.688
2,S,8836203,2708,0.800,1.760,2.400,-9.908,-0.122,0.627,,,,,,,,,,,,
2,A,8837733,2990,,,,,,,10.820,-0.434,0.851,,,,,,,,,
2,B,8838235,2032,,,,,,,,,,,,,-0.112,-0.112,0.448,,,
2,S,8838235,2032,0.800,1.760,2.400,-9.918,-0.107,0.632,,,,,,,,,,,,
2,A,8840723,2990,,,,,,,10.824,-0.454,0.633,,,,,,,,,
2,B,8841621,3386,,,,,,,,,,-10.312,-0.027,0.277,,,,,,
2,S,8841621,3386,0.800,1.760,2.400,-9.898,-0.107,0.642,,,,,,,,,,,,
2,A,8844710,3987,,,,,,,10.827,-0.601,0.635,,,,,,,,,
2,B,8845006,3385,,,,,,,,,,,,,,,,68.438,-44.125,12.688
2,S,8845006,3385,1.120,2.400,1.760,-9.863,-0.168,0.578,,,,,,,,,,,,
2,A,8846703,1993,,,,,,,10.776,-0.626,0.657,,,,,,,,,
2,B,8847715,2709,,,,,,,,,,,,,0.000,0.336,0.000,,,
2,S,8847715,2709,1.120,2.720,1.120,-9.857,-0.247,0.492,,,,,,,,,,,,
2,A,8849693,2990,,,,,,,10.739,-0.767,0.654,,,,,,,,,
2,B,8851100,3385,,,,,,,,,,-10.305,-0.199,0.133,,,,,,
2,S,8851100,3385,0.800,2.400,0.160,-9.873,-0.367,0.427,,,,,,,,,,,,
2,A,8853679,3986,,,,,,,10.773,-0.724,0.597,,,,,,,,,
2,B,8854486,3386,,,,,,,,,,,,,,,,67.938,-45.312,13.875
2,S,8854486,3386,0.800,2.400,0.160,-9.873,-0.468,0.427,,,,,,,,,,,,
2,A,8855672,1993,,,,,,,10.745,-0.717,0.538,,,,,,,,,
2,B,8856518,2032,,,,,,,,,,,,,0.112,0.671,-0.560,,,
2,S,8856518,2032,0.480,2.400,0.480,-9.867,-0.497,0.427,,,,,,,,,,,,
2,A,8860673,5001,,,,,,,10.740,-0.835,0.486,,,,,,,,,
2,B,8861258,4740,,,,,,,,,,-10.273,-0.449,0.086,,,,,,
2,S,8861258,4740,0.480,2.080,1.440,-9.863,-0.522,0.378,,,,,,,,,,,,
2,A,8862649,1976,,,,,,,10.748,-0.864,0.497,,,,,,,,,
2,B,8863289,2031,,,,,,,,,,-10.277,-0.527,-0.008,,,,,,
2,S,8863289,2031,1.120,1.760,1.120,-9.867,-0.552,0.352,,,,,,,,,,,,
2,A,8865639,2990,,,,,,,10.740,-0.897,0.480,,,,,,,,,
2,B,8866675,3386,,,,,,,,,,,,,,,,69.188,-47.312,13.375
2,S,8866675,3386,0.800,1.440,1.440,-9.873,-0.632,0.328,,,,,,,,,,,,
2,A,8868629,2990,,,,,,,10.709,-0.870,0.429,,,,,,,,,
2,B,8869365,2690,,,,,,,,,,,,,0.000,0.895,-0.895,,,
2,S,8869365,2690,0.480,2.080,2.080,-9.867,-0.682,0.323,,,,,,,,,,,,
2,A,8871619,2990,,,,,,,10.681,-0.839,0.369,,,,,,,,,
2,B,8872770,3405,,,,,,,,,,-10.285,-0.621,-0.047,,,,,,
2,S,8872770,3405,0.480,2.400,2.400,-9.863,-0.698,0.292,,,,,,,,,,,,
2,A,8875605,3986,,,,,,,10.653,-0.844,0.374,,,,,,,,,
2,B,8876155,3385,,,,,,,,,,,,,,,,69.188,-46.250,13.562
2,S,8876155,5416,1.120,1.760,2.400,-9.822,-0.618,0.212,,,,,,,,,,,,
2,A,8877599,1994,,,,,,,10.671,-0.729,0.366,,,,,,,,,
2,B,8878864,2709,,,,,,,,,,,,,0.000,0.895,-0.671,,,
2,S,8878864,678,0.800,1.120,2.400,-9.818,-0.608,0.203,,,,,,,,,,,,
2,A,8881585,3986,,,,,,,10.671,-0.729,0.367,,,,,,,,,
2,B,8882249,3385,,,,,,,,,,-10.227,-0.547,-0.125,,,,,,
2,S,8882249,3385,0.800,1.120,2.080,-9.793,-0.547,0.182,,,,,,,,,,,,
2,A,8884575,2990,,,,,,,10.700,-0.740,0.405,,,,,,,,,
2,B,8884958,2709,,,,,,,,,,,,,,,,68.812,-46.188,13.625
2,S,8884958,2709,0.800,1.120,2.080,-9.783,-0.517,0.188,,,,,,,,,,,,
2,A,8886569,1994,,,,,,,10.749,-0.702,0.468,,,,,,,,,
2,B,8887667,2709,,,,,,,,,,,,,-0.112,0.560,-0.224,,,
2,S,8887667,2709,0.480,0.800,1.760,-9.803,-0.502,0.207,,,,,,,,,,,,
2,A,8890555,3986,,,,,,,10.770,-0.713,0.565,,,,,,,,,
2,B,8891052,3385,,,,,,,,,,-10.203,-0.461,-0.133,,,,,,
2,S,8891052,3385,0.480,0.480,2.080,-9.848,-0.492,0.258,,,,,,,,,,,,
2,A,8893545,2990,,,,,,,10.773,-0.713,0.587,,,,,,,,,
2,B,8894411,3359,,,,,,,,,,,,,,,,67.812,-45.500,13.500
2,S,8894411,3359,0.160,1.120,2.720,-9.887,-0.477,0.328,,,,,,,,,,,,
2,A,8896535,2990,,,,,,,10.821,-0.724,0.611,,,,,,,,,
2,B,8897146,2735,,,,,,,,,,,,,-0.112,0.000,0.224,,,
2,S,8897146,2735,0.480,0.800,3.360,-9.902,-0.472,0.372,,,,,,,,,,,,
2,A,8900522,3987,,,,,,,10.801,-0.708,0.747,,,,,,,,,
2,B,8901209,4063,,,,,,,,,,-10.285,-0.430,-0.008,,,,,,
2,S,8901209,4063,0.800,0.160,3.040,-9.908,-0.477,0.432,,,,,,,,,,,,
2,A,8903512,2990,,,,,,,10.872,-0.633,0.813,,,,,,,,,
2,B,8904595,3386,,,,,,,,,,,,,,,,68.188,-45.500,14.062
2,S,8904595,3386,0.800,0.160,2.720,-9.902,-0.458,0.512,,,,,,,,,,,,
2,A,8906502,2990,,,,,,,10.936,-0.610,0.694,,,,,,,,,
2,B,8907303,2708,,,,,,,,,,-10.344,-0.422,0.105,,,,,,
2,S,8907303,2708,0.800,0.160,2.720,-9.893,-0.438,0.568,,,,,,,,,,,,
2,A,8909492,2990,,,,,,,10.931,-0.658,0.755,,,,,,,,,
2,B,8910689,3386,,,,,,,,,,,,,-0.112,-0.448,0.448,,,
2,S,8910689,3386,0.800,0.800,3.040,-9.932,-0.417,0.568,,,,,,,,,,,,
2,A,8912482,2990,,,,,,,10.781,-0.673,0.729,,,,,,,,,
2,B,8912721,2032,,,,,,,,,,-10.332,-0.336,0.230,,,,,,
2,S,8912721,2032,0.800,0.800,2.720,-9.967,-0.407,0.537,,,,,,,,,,,,
2,A,8915472,2990,,,,,,,10.827,-0.568,0.698,,,,,,,,,
2,B,8916106,3385,,,,,,,,,,,,,,,,68.062,-46.250,14.062
2,S,8916106,3385,0.800,1.120,2.400,-9.988,-0.393,0.502,,,,,,,,,,,,
2,A,8917465,2990,,,,,,,10.841,-0.617,0.596,,,,,,,,,
2,B,8918815,2709,,,,,,,,,,,,,0.000,-0.448,0.448,,,
2,S,8918815,2709,1.120,1.120,2.400,-9.973,-0.372,0.487,,,,,,,,,,,,
2,A,8921452,2990,,,,,,,10.808,-0.550,0.503,,,,,,,,,
2,B,8922200,3385,,,,,,,,,,-10.367,-0.297,0.145,,,,,,
2,S,8922200,3385,1.440,1.440,2.720,-9.932,-0.343,0.453,,,,,,,,,,,,
2,A,8924442,2990,,,,,,,10.765,-0.670,0.503,,,,,,,,,
2,B,8925586,3386,,,,,,,,,,,,,,,,69.000,-46.000,13.062
2,S,8925586,3386,1.440,1.760,2.720,-9.893,-0.333,0.398,,,,,,,,,,,,
2,A,8927432,2990,,,,,,,10.756,-0.601,0.512,,,,,,,,,
2,B,8928295,2709,,,,,,,,,,,,,0.000,-0.224,0.336,,,
2,S,8928295,2709,1.120,1.760,2.720,-9.873,-0.357,0.338,,,,,,,,,,,,
2,A,8930422,2990,,,,,,,10.730,-0.613,0.395,,,,,,,,,
2,B,8931003,2708,,,,,,,,,,-10.266,-0.297,0.078,,,,,,
2,S,8931003,2708,0.800,1.760,2.720,-9.857,-0.383,0.287,,,,,,,,,,,,
2,A,8933411,2989,,,,,,,10.719,-0.678,0.402,,,,,,,,,
2,B,8934389,3386,,,,,,,,,,,,,,,,69.250,-47.312,14.062
2,S,8934389,3386,0.480,1.440,2.720,-9.838,-0.383,0.253,,,,,,,,,,,,
2,A,8936401,2990,,,,,,,10.730,-0.737,0.412,,,,,,,,,
2,B,8937097,2708,,,,,,,,,,-10.242,-0.305,-0.098,,,,,,
2,S,8937097,2708,0.160,1.120,2.080,-9.832,-0.407,0.242,,,,,,,,,,,,
2,A,8939391,2990,,,,,,,10.717,-0.826,0.464,,,,,,,,,
2,B,8940484,3387,,,,,,,,,,,,,0.000,-0.112,0.112,,,
2,S,8940484,3387,0.160,0.800,1.760,-9.842,-0.472,0.237,,,,,,,,,,,,
2,A,8942381,2990,,,,,,,10.720,-0.801,0.504,,,,,,,,,
2,B,8943192,2708,,,,,,,,,,-10.270,-0.441,-0.105,,,,,,
2,S,8943192,2708,0.160,0.800,1.760,-9.848,-0.542,0.247,,,,,,,,,,,,
2,A,8945371,2990,,,,,,,10.704,-0.870,0.535,,,,,,,,,
2,B,8946578,3386,,,,,,,,,,,,,,,,67.938,-44.812,12.812
2,S,8946578,3386,0.480,0.800,2.080,-9.838,-0.593,0.287,,,,,,,,,,,,
2,A,8948361,2990,,,,,,,10.709,-0.815,0.544,,,,,,,,,
2,B,8948609,2031,,,,,,,,,,,,,0.000,-0.112,-0.224,,,
2,S,8948609,2031,0.800,0.800,2.080,-9.828,-0.608,0.328,,,,,,,,,,,,
2,A,8951352,2991,,,,,,,10.673,-0.815,0.611,,,,,,,,,
2,B,8951996,3387,,,,,,,,,,-10.246,-0.586,0.000,,,,,,
2,S,8951996,3387,0.800,0.800,2.080,-9.818,-0.613,0.388,,,,,,,,,,,,
2,A,8954342,2990,,,,,,,10.705,-0.802,0.627,,,,,,,,,
2,B,8955380,3384,,,,,,,,,,,,,,,,67.562,-45.250,13.938
2,S,8955380,3384,0.800,1.440,2.400,-9.828,-0.598,0.422,,,,,,,,,,,,
2,A,8957331,2989,,,,,,,10.697,-0.835,0.628,,,,,,,,,
2,B,8958089,2709,,,,,,,,,,,,,0.000,-0.224,-0.224,,,
2,S,8958089,2709,1.120,1.760,2.720,-9.828,-0.578,0.432,,,,,,,,,,,,
2,A,8960321,2990,,,,,,,10.705,-0.826,0.644,,,,,,,,,
2,B,8961475,3386,,,,,,,,,,-10.227,-0.566,0.086,,,,,,
2,S,8961475,3386,0.800,1.440,2.400,-9.807,-0.578,0.438,,,,,,,,,,,,
2,A,8964308,3987,,,,,,,10.683,-0.780,0.720,,,,,,,,,
2,B,8964861,3386,,,,,,,,,,,,,,,,69.125,-44.812,12.938
2,S,8964861,3386,0.480,0.480,2.400,-9.803,-0.593,0.463,,,,,,,,,,,,
2,A,8966301,1993,,,,,,,10.694,-0.752,0.722,,,,,,,,,
2,B,8966893,2032,,,,,,,,,,,,,0.000,-0.336,0.112,,,
2,S,8966893,2032,0.800,0.160,2.400,-9.803,-0.583,0.487,,,,,,,,,,,,
2,A,8970288,3987,,,,,,,10.723,-0.662,0.696,,,,,,,,,
2,B,8971632,4739,,,,,,,,,,-10.246,-0.555,0.105,,,,,,
2,S,8971632,4739,1.120,0.800,2.720,-9.818,-0.512,0.507,,,,,,,,,,,,
2,A,8974275,3987,,,,,,,10.753,-0.633,0.667,,,,,,,,,
2,B,8975017,3385,,,,,,,,,,,,,,,,67.688,-45.562,13.750
2,S,8975017,3385,0.800,1.120,3.360,-9.832,-0.453,0.497,,,,,,,,,,,,
2,A,8976268,1993,,,,,,,10.769,-0.604,0.661,,,,,,,,,
2,B,8977049,2032,,,,,,,,,,,,,0.000,-0.224,0.336,,,
2,S,8977049,2032,1.120,1.440,3.360,-9.842,-0.417,0.492,,,,,,,,,,,,
2,A,8981256,4988,,,,,,,10.804,-0.484,0.610,,,,,,,,,
2,B,8981790,4741,,,,,,,,,,-10.227,-0.449,0.164,,,,,,
2,S,8981790,4741,1.120,1.760,2.400,-9.867,-0.357,0.472,,,,,,,,,,,,
2,A,8984241,2985,,,,,,,10.770,-0.453,0.652,,,,,,,,,
2,B,8985175,3385,,,,,,,,,,,,,,,,69.062,-45.375,13.312
2,S,8985175,3385,0.800,1.760,2.080,-9.893,-0.302,0.453,,,,,,,,,,,,
2,A,8986235,1994,,,,,,,10.811,-0.425,0.652,,,,,,,,,
2,B,8987206,2031,,,,,,,,,,,,,0.112,-0.112,0.560,,,
2,S,8987206,2031,0.480,1.760,1.760,-9.902,-0.258,0.443,,,,,,,,,,,,
2,A,8990221,3986,,,,,,,10.850,-0.361,0.591,,,,,,,,,
2,B,8990592,3386,,,,,,,,,,-10.316,-0.152,0.098,,,,,,
2,S,8990592,3386,0.800,1.440,2.080,-9.902,-0.182,0.427,,,,,,,,,,,,
2,A,8993211,2990,,,,,,,10.851,-0.400,0.630,,,,,,,,,
2,B,8993979,3387,,,,,,,,,,,,,,,,68.562,-45.625,13.312
2,S,8993979,3387,1.120,1.120,3.040,-9.902,-0.142,0.427,,,,,,,,,,,,
2,A,8996201,2990,,,,,,,10.862,-0.405,0.680,,,,,,,,,
2,B,8996687,2708,,,,,,,,,,,,,0.112,0.000,0.448,,,
2,S,8996687,2708,1.440,1.120,3.040,-9.928,-0.142,0.438,,,,,,,,,,,,
2,A,9000188,3987,,,,,,,10.863,-0.473,0.689,,,,,,,,,
2,B,9000750,4063,,,,,,,,,,-10.328,-0.066,0.098,,,,,,
2,S,9000750,4063,1.120,1.760,2.400,-9.953,-0.172,0.472,,,,,,,,,,,,
2,A,9003178,2990,,,,,,,10.861,-0.471,0.659,,,,,,,,,
2,B,9003458,2708,,,,,,,,,,-10.395,-0.133,0.152,,,,,,
2,S,9003458,2708,1.440,2.080,2.080,-9.963,-0.203,0.492,,,,,,,,,,,,
2,A,9006168,2990,,,,,,,10.830,-0.535,0.711,,,,,,,,,
2,B,9006844,3386,,,,,,,,,,,,,,,,68.688,-45.938,13.125
2,S,9006844,3386,1.760,1.760,1.760,-9.967,-0.233,0.497,,,,,,,,,,,,
2,A,9008161,1993,,,,,,,10.825,-0.579,0.734,,,,,,,,,
2,B,9009552,2708,,,,,,,,,,,,,0.000,0.000,0.000,,,
2,S,9009552,2708,1.120,1.440,1.120,-9.967,-0.258,0.487,,,,,,,,,,,,
2,A,9012148,3987,,,,,,,10.855,-0.665,0.718,,,,,,,,,
2,B,9012939,3387,,,,,,,,,,-10.387,-0.250,0.152,,,,,,
2,S,9012939,3387,0.800,0.800,0.800,-9.967,-0.312,0.497,,,,,,,,,,,,
2,A,9015138,2990,,,,,,,10.846,-0.691,0.768,,,,,,,,,
2,B,9016323,3384,,,,,,,,,,,,,,,,68.750,-45.750,13.500
2,S,9016323,3384,0.480,0.800,1.440,-9.953,-0.393,0.542,,,,,,,,,,,,
2,A,9018128,2990,,,,,,,10.837,-0.760,0.749,,,,,,,,,
2,B,9018355,2032,,,,,,,,,,,,,0.000,0.000,-0.448,,,
2,S,9018355,2032,0.480,0.800,1.760,-9.947,-0.432,0.568,,,,,,,,,,,,
2,A,9021117,2989,,,,,,,10.819,-0.777,0.705,,,,,,,,,
2,B,9021741,3386,,,,,,,,,,-10.402,-0.402,0.219,,,,,,
2,S,9021741,3386,1.120,1.120,1.760,-9.947,-0.492,0.573,,,,,,,,,,,,
2,A,9024107,2990,,,,,,,10.821,-0.835,0.727,,,,,,,,,
2,B,9025126,3385,,,,,,,,,,,,,,,,68.500,-46.188,13.688
2,S,9025126,3385,1.440,1.440,0.800,-9.943,-0.537,0.542,,,,,,,,,,,,
2,A,9027097,2990,,,,,,,10.791,-0.850,0.683,,,,,,,,,
2,B,9027835,2709,,,,,,,,,,,,,0.000,0.112,-0.671,,,
2,S,9027835,2709,1.120,1.440,0.480,-9.938,-0.568,0.527,,,,,,,,,,,,
2,A,9030087,2990,,,,,,,10.743,-0.854,0.677,,,,,,,,,
2,B,9031220,3385,,,,,,,,,,-10.348,-0.516,0.184,,,,,,
2,S,9031220,3385,1.120,1.440,1.440,-9.912,-0.603,0.517,,,,,,,,,,,,
2,A,9033077,2990,,,,,,,10.757,-0.815,0.660,,,,,,,,,
2,B,9034607,3387,,,,,,,,,,,,,,,,68.625,-46.062,13.438
2,S,9034607,3387,1.120,1.440,3.040,-9.887,-0.623,0.507,,,,,,,,,,,,
2,A,9036067,2990,,,,,,,10.727,-0.792,0.631,,,,,,,,,
2,B,9036638,2031,,,,,,,,,,,,,0.000,0.224,-0.671,,,
2,S,9036638,2031,1.440,1.120,3.360,-9.873,-0.623,0.492,,,,,,,,,,,,
2,A,9040054,3987,,,,,,,10.729,-0.727,0.555,,,,,,,,,
2,B,9041378,4740,,,,,,,,,,-10.305,-0.574,0.164,,,,,,
2,S,9041378,4740,1.440,1.120,2.080,-9.852,-0.568,0.432,,,,,,,,,,,,
2,A,9043044,2990,,,,,,,10.697,-0.707,0.539,,,,,,,,,
2,B,9043409,2031,,,,,,,,,,-10.230,-0.496,0.066,,,,,,
2,S,9043409,2031,1.120,1.760,1.440,-9.848,-0.532,0.407,,,,,,,,,,,,
2,A,9045037,1993,,,,,,,10.672,-0.690,0.541,,,,,,,,,
2,B,9046117,2708,,,,,,,,,,,,,,,,68.062,-45.625,13.688
2,S,9046117,2708,0.800,2.080,1.120,-9.838,-0.492,0.378,,,,,,,,,,,,
2,A,9048027,2990,,,,,,,10.653,-0.656,0.548,,,,,,,,,
2,B,9048827,2710,,,,,,,,,,,,,0.000,0.448,-0.336,,,
2,S,9048827,2710,0.800,2.080,1.440,-9.828,-0.458,0.357,,,,,,,,,,,,
2,A,9051017,2990,,,,,,,10.622,-0.665,0.496,,,,,,,,,
2,B,9052212,3385,,,,,,,,,,-10.219,-0.410,0.008,,,,,,
2,S,9052212,3385,1.120,1.760,2.080,-9.793,-0.432,0.343,,,,,,,,,,,,
2,A,9055004,3987,,,,,,,10.652,-0.607,0.490,,,,,,,,,
2,B,9055598,3386,,,,,,,,,,,,,,,,68.375,-45.312,12.812
2,S,9055598,3386,0.800,2.400,2.400,-9.748,-0.412,0.323,,,,,,,,,,,,
2,A,9056999,1995,,,,,,,10.625,-0.587,0.483,,,,,,,,,
2,B,9057630,2032,,,,,,,,,,,,,0.000,0.448,0.000,,,
2,S,9057630,2032,0.480,2.400,2.400,-9.732,-0.398,0.312,,,,,,,,,,,,
2,A,9059989,2990,,,,,,,10.655,-0.557,0.547,,,,,,,,,
2,B,9061014,3384,,,,,,,,,,-10.121,-0.355,-0.039,,,,,,
2,S,9061014,3384,0.480,1.760,2.080,-9.732,-0.362,0.312,,,,,,,,,,,,
2,A,9063975,3986,,,,,,,10.662,-0.609,0.529,,,,,,,,,
2,B,9064401,3387,,,,,,,,,,,,,,,,69.125,-46.312,12.875
2,S,9064401,3387,0.800,1.120,1.760,-9.748,-0.338,0.323,,,,,,,,,,,,
2,A,9065969,1994,,,,,,,10.661,-0.607,0.511,,,,,,,,,
2,B,9067109,2708,,,,,,,,,,,,,0.000,0.224,0.112,,,
2,S,9067109,2708,1.120,0.800,1.760,-9.758,-0.338,0.338,,,,,,,,,,,,
2,A,9070952,4983,,,,,,,10.668,-0.668,0.578,,,,,,,,,
2,B,9071164,4055,,,,,,,,,,-10.176,-0.277,0.000,,,,,,
2,S,9071164,4055,1.440,1.120,2.080,-9.783,-0.352,0.347,,,,,,,,,,,,
2,A,9072945,1993,,,,,,,10.638,-0.712,0.604,,,,,,,,,
2,B,9073881,2717,,,,,,,,,,-10.219,-0.355,0.000,,,,,,
2,S,9073881,2717,1.120,1.120,2.080,-9.797,-0.372,0.357,,,,,,,,,,,,
2,A,9075935,3987,,,,,,,10.501,-0.742,0.701,,,,,,,,,
2,B,9077266,3385,,,,,,,,,,,,,,,,68.188,-45.000,13.000
2,S,9077266,3385,1.120,0.800,1.760,-9.768,-0.438,0.398,,,,,,,,,,,,
2,A,9078925,1993,,,,,,,10.541,-0.809,0.688,,,,,,,,,
2,B,9079976,2710,,,,,,,,,,,,,-0.112,0.112,-0.112,,,
2,S,9079976,2710,1.120,0.800,1.440,-9.707,-0.492,0.453,,,,,,,,,,,,
2,A,9081915,2990,,,,,,,10.668,-0.812,0.648,,,,,,,,,
2,B,9083361,3385,,,,,,,,,,-10.086,-0.488,0.145,,,,,,
2,S,9083361,3385,0.800,0.800,1.440,-9.662,-0.552,0.502,,,,,,,,,,,,
2,A,9085902,3987,,,,,,,10.973,-0.830,0.594,,,,,,,,,
2,B,9086733,3372,,,,,,,,,,,,,,,,68.312,-45.375,13.750
2,S,9086733,3372,0.800,1.440,1.760,-9.748,-0.588,0.482,,,,,,,,,,,,
2,A,9087895,1993,,,,,,,11.040,-0.811,0.584,,,,,,,,,
2,B,9088778,2045,,,,,,,,,,,,,-0.112,0.000,-0.224,,,
2,S,9088778,2045,1.120,1.760,2.080,-9.867,-0.593,0.448,,,,,,,,,,,,
2,A,9091882,3987,,,,,,,11.230,-0.744,0.581,,,,,,,,,
2,B,9092163,3385,,,,,,,,,,-10.363,-0.535,0.086,,,,,,
2,S,9092163,3385,1.120,1.760,2.080,-10.107,-0.593,0.388,,,,,,,,,,,,
2,A,9094872,2990,,,,,,,11.084,-0.691,0.609,,,,,,,,,
2,B,9095549,3386,,,,,,,,,,,,,,,,67.625,-45.125,13.688
2,S,9095549,3386,1.440,1.760,1.760,-10.277,-0.562,0.378,,,,,,,,,,,,
2,A,9096865,1993,,,,,,,10.974,-0.713,0.620,,,,,,,,,
2,B,9098258,2709,,,,,,,,,,,,,-0.112,0.000,-0.224,,,
2,S,9098258,2709,1.120,1.760,1.760,-10.297,-0.512,0.412,,,,,,,,,,,,
2,A,9100852,3987,,,,,,,10.897,-0.749,0.553,,,,,,,,,
2,B,9101625,3367,,,,,,,,,,-10.684,-0.461,0.066,,,,,,
2,S,9101625,6094,1.120,1.760,2.080,-10.057,-0.482,0.422,,,,,,,,,,,,
2,A,9103842,2990,,,,,,,10.825,-0.816,0.512,,,,,,,,,
2,B,9105029,3404,,,,,,,,,,,,,,,,68.438,-45.688,13.625
2,S,9105029,677,1.760,1.760,2.080,-10.033,-0.497,0.412,,,,,,,,,,,,
2,A,9106837,2995,,,,,,,10.791,-0.772,0.519,,,,,,,,,
2,B,9107060,2031,,,,,,,,,,,,,-0.112,0.112,-0.224,,,
2,S,9107060,2031,1.760,1.760,1.760,-9.977,-0.532,0.372,,,,,,,,,,,,
2,A,9110819,3982,,,,,,,10.794,-0.711,0.481,,,,,,,,,
2,B,9111801,4741,,,,,,,,,,-10.438,-0.469,0.047,,,,,,
2,S,9111801,4741,1.440,0.480,2.080,-9.922,-0.557,0.318,,,,,,,,,,,,
2,A,9113809,2990,,,,,,,10.807,-0.676,0.484,,,,,,,,,
2,B,9115186,3385,,,,,,,,,,,,,,,,68.250,-44.312,13.250
2,S,9115186,3385,0.800,0.160,1.760,-9.893,-0.502,0.307,,,,,,,,,,,,
2,A,9116799,2990,,,,,,,10.840,-0.646,0.454,,,,,,,,,
2,B,9117212,2026,,,,,,,,,,,,,0.000,0.112,-0.112,,,
2,S,9117212,2026,0.480,0.480,1.760,-9.893,-0.468,0.307,,,,,,,,,,,,
2,A,9120786,3987,,,,,,,10.824,-0.699,0.522,,,,,,,,,
2,B,9121959,4747,,,,,,,,,,-10.312,-0.496,-0.039,,,,,,
2,S,9121959,4747,0.480,1.120,2.080,-9.943,-0.443,0.297,,,,,,,,,,,,
2,A,9123776,2990,,,,,,,10.827,-0.669,0.613,,,,,,,,,
2,B,9125343,3384,,,,,,,,,,,,,,,,69.438,-46.000,13.625
2,S,9125343,3384,1.120,1.120,2.080,-9.957,-0.458,0.318,,,,,,,,,,,,
2,A,9126766,2990,,,,,,,10.798,-0.706,0.643,,,,,,,,,
2,B,9127375,2032,,,,,,,,,,,,,0.000,0.000,-0.112,,,
2,S,9127375,2032,1.440,0.800,2.080,-9.947,-0.463,0.352,,,,,,,,,,,,
2,A,9129756,2990,,,,,,,10.768,-0.753,0.643,,,,,,,,,
2,B,9130761,3386,,,,,,,,,,-10.352,-0.402,0.059,,,,,,
2,S,9130761,3386,1.440,0.800,2.400,-9.932,-0.463,0.427,,,,,,,,,,,,
2,A,9133742,3986,,,,,,,10.681,-0.740,0.724,,,,,,,,,
2,B,9134146,3385,,,,,,,,,,,,,,,,69.125,-46.375,13.812
2,S,9134146,3385,1.120,0.480,2.080,-9.902,-0.468,0.472,,,,,,,,,,,,
2,A,9135736,1994,,,,,,,10.624,-0.768,0.734,,,,,,,,,
2,B,9136855,2709,,,,,,,,,,,,,-0.112,-0.112,0.000,,,
2,S,9136855,2709,0.480,0.480,2.080,-9.863,-0.482,0.497,,,,,,,,,,,,
2,A,9140719,4983,,,,,,,10.562,-0.871,0.691,,,,,,,,,
2,B,9140919,4064,,,,,,,,,,-10.281,-0.441,0.125,,,,,,
2,S,9140919,4064,0.160,1.440,2.720,-9.758,-0.507,0.522,,,,,,,,,,,,
2,A,9142713,1994,,,,,,,10.606,-0.692,0.603,,,,,,,,,
2,B,9143627,2708,,,,,,,,,,-10.109,-0.480,0.191,,,,,,
2,S,9143627,2708,0.160,1.440,2.400,-9.697,-0.527,0.512,,,,,,,,,,,,
2,A,9145703,2990,,,,,,,10.514,-0.778,0.594,,,,,,,,,
2,B,9147012,3385,,,,,,,,,,,,,,,,68.625,-46.062,13.438
2,S,9147012,5392,0.480,1.440,2.400,-9.658,-0.537,0.438,,,,,,,,,,,,
2,A,9148693,2990,,,,,,,10.625,-0.661,0.506,,,,,,,,,
2,B,9149697,2685,,,,,,,,,,,,,-0.112,0.000,0.000,,,
2,S,9149697,678,1.120,1.440,2.400,-9.658,-0.532,0.422,,,,,,,,,,,,
2,A,9151683,2990,,,,,,,10.635,-0.614,0.459,,,,,,,,,
2,B,9152429,2732,,,,,,,,,,-10.074,-0.449,0.047,,,,,,
2,S,9152429,2732,1.120,1.440,2.720,-9.668,-0.492,0.372,,,,,,,,,,,,
2,A,9155671,3988,,,,,,,10.629,-0.519,0.428,,,,,,,,,
2,B,9155816,3387,,,,,,,,,,,,,,,,67.500,-45.812,14.375
2,S,9155816,3387,1.120,1.760,2.400,-9.707,-0.407,0.323,,,,,,,,,,,,
2,A,9157663,1992,,,,,,,10.643,-0.539,0.425,,,,,,,,,
2,B,9158524,2708,,,,,,,,,,,,,-0.112,0.112,0.336,,,
2,S,9158524,2708,1.120,1.760,2.080,-9.727,-0.357,0.297,,,,,,,,,,,,
2,A,9160653,2990,,,,,,,10.683,-0.520,0.433,,,,,,,,,
2,B,9161910,3386,,,,,,,,,,-10.160,-0.297,-0.066,,,,,,
2,S,9161910,3386,0.800,1.440,2.400,-9.748,-0.323,0.268,,,,,,,,,,,,
2,A,9164640,3987,,,,,,,10.715,-0.522,0.419,,,,,,,,,
2,B,9165295,3385,,,,,,,,,,,,,,,,68.500,-46.188,13.688
2,S,9165295,3385,0.800,1.440,2.720,-9.773,-0.287,0.242,,,,,,,,,,,,
2,A,9166633,1993,,,,,,,10.747,-0.496,0.413,,,,,,,,,
2,B,9168003,2708,,,,,,,,,,,,,0.000,0.224,0.336,,,
2,S,9168003,5418,1.120,1.120,2.080,-9.832,-0.258,0.233,,,,,,,,,,,,
2,A,9170620,3987,,,,,,,10.772,-0.502,0.428,,,,,,,,,
2,B,9171389,3386,,,,,,,,,,-10.188,-0.219,-0.105,,,,,,
2,S,9171389,676,1.440,0.800,2.080,-9.842,-0.258,0.233,,,,,,,,,,,,
2,A,9173610,2990,,,,,,,10.762,-0.539,0.510,,,,,,,,,
2,B,9174750,3361,,,,,,,,,,,,,,,,68.500,-45.500,14.000
2,S,9174750,3361,1.440,0.800,2.400,-9.867,-0.258,0.253,,,,,,,,,,,,
2,A,9176600,2990,,,,,,,10.757,-0.594,0.553,,,,,,,,,
2,B,9176807,2057,,,,,,,,,,,,,0.000,0.112,0.224,,,
2,S,9176807,2057,1.120,0.800,2.400,-9.873,-0.263,0.273,,,,,,,,,,,,
2,A,9180587,3987,,,,,,,10.779,-0.626,0.649,,,,,,,,,
2,B,9181547,4740,,,,,,,,,,-10.266,-0.164,-0.086,,,,,,
2,S,9181547,4740,1.120,1.120,2.080,-9.857,-0.333,0.347,,,,,,,,,,,,
2,A,9182580,1993,,,,,,,10.798,-0.662,0.701,,,,,,,,,
2,B,9183578,2031,,,,,,,,,,-10.270,-0.277,0.020,,,,,,
2,S,9183578,2031,1.120,0.800,1.440,-9.863,-0.367,0.393,,,,,,,,,,,,
2,A,9185570,2990,,,,,,,10.811,-0.695,0.818,,,,,,,,,
2,B,9186286,2708,,,,,,,,,,,,,,,,69.062,-45.375,13.312
2,S,9186286,2708,0.800,0.160,1.440,-9.887,-0.403,0.468,,,,,,,,,,,,
2,A,9187563,1993,,,,,,,10.846,-0.721,0.845,,,,,,,,,
2,B,9188996,2710,,,,,,,,,,,,,0.000,-0.336,-0.112,,,
2,S,9188996,2710,0.800,0.160,1.440,-9.918,-0.427,0.557,,,,,,,,,,,,
2,A,9191550,3987,,,,,,,10.946,-0.773,0.955,,,,,,,,,
2,B,9192381,3385,,,,,,,,,,-10.367,-0.402,0.230,,,,,,
2,S,9192381,3385,1.120,0.480,2.080,-9.963,-0.458,0.657,,,,,,,,,,,,
2,A,9194540,2990,,,,,,,10.908,-0.558,1.021,,,,,,,,,
2,B,9195767,3386,,,,,,,,,,,,,,,,69.062,-45.375,13.312
2,S,9195767,3386,1.440,1.440,2.080,-10.023,-0.468,0.723,,,,,,,,,,,,
2,A,9197535,2995,,,,,,,10.983,-0.685,1.037,,,,,,,,,
2,B,9197798,2031,,,,,,,,,,,,,0.000,-0.560,-0.336,,,
2,S,9197798,2031,1.760,1.760,1.760,-10.053,-0.438,0.762,,,,,,,,,,,,
2,A,9200520,2985,,,,,,,10.979,-0.695,0.999,,,,,,,,,
2,B,9201183,3385,,,,,,,,,,-10.449,-0.383,0.469,,,,,,
2,S,9201183,3385,1.760,1.440,1.440,-10.092,-0.398,0.812,,,,,,,,,,,,
2,A,9203510,2990,,,,,,,10.926,-0.779,0.930,,,,,,,,,
2,B,9204570,3387,,,,,,,,,,,,,,,,68.625,-45.438,13.688
2,S,9204570,3387,1.120,1.120,1.120,-10.113,-0.417,0.818,,,,,,,,,,,,
2,A,9206500,2990,,,,,,,10.946,-0.770,0.849,,,,,,,,,
2,B,9207278,2708,,,,,,,,,,,,,0.000,-0.448,-0.336,,,
2,S,9207278,2708,1.120,1.440,1.440,-10.102,-0.472,0.777,,,,,,,,,,,,
2,A,9210486,3986,,,,,,,10.913,-0.799,0.713,,,,,,,,,
2,B,9211341,4063,,,,,,,,,,-10.500,-0.422,0.496,,,,,,
2,S,9211341,4063,1.440,2.400,2.080,-10.072,-0.557,0.667,,,,,,,,,,,,
2,A,9213476,2990,,,,,,,10.903,-0.763,0.628,,,,,,,,,
2,B,9214049,2708,,,,,,,,,,-10.453,-0.516,0.277,,,,,,
2,S,9214049,2708,0.800,2.080,1.760,-10.047,-0.583,0.588,,,,,,,,,,,,
2,A,9216466,2990,,,,,,,10.891,-0.643,0.563,,,,,,,,,
2,B,9217435,3386,,,,,,,,,,,,,,,,68.750,-45.375,12.750
2,S,9217435,3386,-0.160,1.760,1.760,-10.033,-0.562,0.482,,,,,,,,,,,,
2,A,9219456,2990,,,,,,,10.925,-0.607,0.516,,,,,,,,,
2,B,9220124,2689,,,,,,,,,,,,,0.000,0.112,-0.336,,,
2,S,9220124,2689,-0.160,1.760,2.080,-10.033,-0.522,0.432,,,,,,,,,,,,
2,A,9222446,2990,,,,,,,10.820,-0.575,0.553,,,,,,,,,
2,B,9222853,2729,,,,,,,,,,-10.410,-0.363,0.039,,,,,,
2,S,9222853,2729,0.160,1.440,2.400,-10.027,-0.432,0.362,,,,,,,,,,,,
2,A,9225436,2990,,,,,,,10.678,-0.547,0.508,,,,,,,,,
2,B,9226238,3385,,,,,,,,,,,,,,,,68.438,-44.688,13.062
2,S,9226238,3385,0.480,1.440,2.400,-9.977,-0.362,0.338,,,,,,,,,,,,
2,A,9228426,2990,,,,,,,10.633,-0.521,0.511,,,,,,,,,
2,B,9228947,2709,,,,,,,,,,,,,0.000,0.560,-0.224,,,
2,S,9228947,2709,0.480,1.440,1.760,-9.883,-0.318,0.343,,,,,,,,,,,,
2,A,9231416,2990,,,,,,,10.622,-0.535,0.434,,,,,,,,,
2,B,9232332,3385,,,,,,,,,,-10.242,-0.258,-0.008,,,,,,
2,S,9232332,3385,0.800,1.760,1.440,-9.748,-0.287,0.347,,,,,,,,,,,,
2,A,9234406,2990,,,,,,,10.646,-0.499,0.462,,,,,,,,,
2,B,9235718,3386,,,,,,,,,,,,,,,,68.375,-45.250,13.500
2,S,9235718,5418,1.440,1.440,2.080,-9.713,-0.282,0.278,,,,,,,,,,,,
2,A,9237396,2990,,,,,,,10.706,-0.499,0.527,,,,,,,,,
2,B,9238427,2709,,,,,,,,,,,,,0.000,0.671,-0.224,,,
2,S,9238427,677,2.080,1.760,2.080,-9.723,-0.282,0.273,,,,,,,,,,,,
2,A,9240386,2990,,,,,,,10.709,-0.532,0.577,,,,,,,,,
2,B,9241813,3386,,,,,,,,,,-10.137,-0.211,-0.047,,,,,,
2,S,9241813,3386,2.080,1.760,1.440,-9.787,-0.282,0.292,,,,,,,,,,,,
2,A,9244399,4013,,,,,,,10.635,-0.532,0.591,,,,,,,,,
2,B,9244521,2708,,,,,,,,,,,,,,,,68.250,-46.000,13.500
2,S,9244521,2708,1.120,1.440,1.440,-9.818,-0.278,0.343,,,,,,,,,,,,
2,A,9246366,1967,,,,,,,10.607,-0.556,0.628,,,,,,,,,
2,B,9247229,2708,,,,,,,,,,,,,0.000,0.560,-0.224,,,
2,S,9247229,2708,0.480,1.120,1.440,-9.803,-0.273,0.388,,,,,,,,,,,,
2,A,9250353,3987,,,,,,,10.590,-0.623,0.590,,,,,,,,,
2,B,9251970,4741,,,,,,,,,,-10.223,-0.211,0.008,,,,,,
2,S,9251970,4741,0.160,1.440,1.120,-9.717,-0.297,0.417,,,,,,,,,,,,
2,A,9253343,2990,,,,,,,10.579,-0.661,0.568,,,,,,,,,
2,B,9254000,2030,,,,,,,,,,,,,,,,68.250,-46.000,13.500
2,S,9254000,2030,0.480,1.440,0.160,-9.688,-0.328,0.412,,,,,,,,,,,,
2,A,9255336,1993,,,,,,,10.588,-0.648,0.570,,,,,,,,,
2,B,9256710,2710,,,,,,,,,,,,,0.000,0.448,-0.560,,,
2,S,9256710,2710,0.160,1.760,-0.160,-9.678,-0.378,0.403,,,,,,,,,,,,
2,A,9261316,5980,,,,,,,10.716,-0.698,0.583,,,,,,,,,
2,B,9262126,5416,,,,,,,,,,-10.121,-0.289,0.059,,,,,,
2,S,9262126,5416,0.160,1.440,1.440,-9.723,-0.438,0.383,,,,,,,,,,,,
2,A,9263309,1993,,,,,,,10.747,-0.698,0.503,,,,,,,,,
2,B,9264816,2690,,,,,,,,,,,,,,,,68.625,-45.438,13.688
2,S,9264816,2690,1.120,1.440,1.760,-9.748,-0.448,0.372,,,,,,,,,,,,
2,A,9266299,2990,,,,,,,10.730,-0.812,0.500,,,,,,,,,
2,B,9266867,2051,,,,,,,,,,,,,0.000,0.336,-0.783,,,
2,S,9266867,2051,1.440,1.440,1.760,-9.787,-0.477,0.357,,,,,,,,,,,,
2,A,9271283,4984,,,,,,,10.756,-0.831,0.484,,,,,,,,,
2,B,9272284,5417,,,,,,,,,,-10.109,-0.402,0.047,,,,,,
2,S,9272284,5417,1.760,1.440,1.120,-9.842,-0.557,0.312,,,,,,,,,,,,
2,A,9274273,2990,,,,,,,10.785,-0.835,0.506,,,,,,,,,
2,B,9274993,2709,,,,,,,,,,,,,,,,68.562,-44.938,13.562
2,S,9274993,2709,0.800,1.120,1.440,-9.867,-0.588,0.307,,,,,,,,,,,,
2,A,9276266,1993,,,,,,,10.784,-0.866,0.482,,,,,,,,,
2,B,9277023,2030,,,,,,,,,,,,,-0.112,0.224,-0.895,,,
2,S,9277023,2030,0.800,0.800,1.440,-9.883,-0.603,0.307,,,,,,,,,,,,
2,A,9281249,4983,,,,,,,10.801,-0.919,0.489,,,,,,,,,
2,B,9281764,4741,,,,,,,,,,-10.309,-0.555,-0.039,,,,,,
2,S,9281764,4741,0.480,0.160,1.440,-9.908,-0.647,0.312,,,,,,,,,,,,
2,A,9283243,1994,,,,,,,10.834,-0.936,0.498,,,,,,,,,
2,B,9284472,2708,,,,,,,,,,-10.348,-0.613,-0.039,,,,,,
2,S,9284472,2708,0.800,0.160,1.120,-9.918,-0.672,0.312,,,,,,,,,,,,
2,A,9286233,2990,,,,,,,10.810,-0.946,0.519,,,,,,,,,
2,B,9287181,2709,,,,,,,,,,,,,,,,68.312,-44.812,13.375
2,S,9287181,2709,1.120,0.480,1.440,-9.932,-0.698,0.312,,,,,,,,,,,,
2,A,9289223,2990,,,,,,,10.827,-0.900,0.523,,,,,,,,,
2,B,9289890,2709,,,,,,,,,,,,,-0.112,0.112,-0.783,,,
2,S,9289890,2709,0.800,1.120,1.760,-9.947,-0.713,0.318,,,,,,,,,,,,
2,A,9292213,2990,,,,,,,10.875,-0.894,0.507,,,,,,,,,
2,B,9293275,3385,,,,,,,,,,-10.359,-0.672,-0.027,,,,,,
2,S,9293275,3385,0.800,1.760,2.720,-9.957,-0.698,0.328,,,,,,,,,,,,
2,A,9296199,3986,,,,,,,10.840,-0.924,0.538,,,,,,,,,
2,B,9296661,3386,,,,,,,,,,,,,,,,69.562,-45.312,12.938
2,S,9296661,3386,0.800,1.120,3.040,-9.967,-0.677,0.343,,,,,,,,,,,,
2,A,9298193,1994,,,,,,,10.828,-0.894,0.582,,,,,,,,,
2,B,9299370,2709,,,,,,,,,,,,,-0.112,0.000,-0.336,,,
2,S,9299370,2709,1.120,0.800,3.360,-9.967,-0.677,0.357,,,,,,,,,,,,
2,A,9301183,3986,,,,,,,10.811,-0.907,0.617,,,,,,,,,
2,B,9302756,3386,,,,,,,,,,-10.395,-0.633,0.020,,,,,,
2,S,9302756,6094,1.440,0.480,2.720,-9.957,-0.672,0.403,,,,,,,,,,,,
2,A,9305169,2990,,,,,,,10.827,-0.873,0.616,,,,,,,,,
2,B,9306141,3385,,,,,,,,,,,,,,,,69.375,-44.500,13.000
2,S,9306141,677,0.800,0.800,2.400,-9.957,-0.672,0.403,,,,,,,,,,,,
2,A,9307162,1993,,,,,,,10.822,-0.870,0.617,,,,,,,,,
2,B,9308172,2031,,,,,,,,,,,,,0.000,-0.112,0.000,,,
2,S,9308172,2031,0.800,0.480,2.400,-9.943,-0.667,0.417,,,,,,,,,,,,
2,A,9311149,3987,,,,,,,10.819,-0.823,0.651,,,,,,,,,
2,B,9311558,3386,,,,,,,,,,-10.348,-0.633,0.066,,,,,,
2,S,9311558,3386,0.800,0.160,2.720,-9.928,-0.657,0.438,,,,,,,,,,,,
2,A,9314139,2990,,,,,,,10.814,-0.774,0.612,,,,,,,,,
2,B,9314945,3387,,,,,,,,,,,,,,,,68.500,-46.750,14.125
2,S,9314945,3387,0.480,0.800,2.720,-9.932,-0.623,0.448,,,,,,,,,,,,
2,A,9317129,2990,,,,,,,10.815,-0.722,0.592,,,,,,,,,
2,B,9317653,2708,,,,,,,,,,,,,0.112,-0.224,0.448,,,
2,S,9317653,2708,-0.160,1.120,2.400,-9.938,-0.583,0.443,,,,,,,,,,,,
2,A,9321116,3987,,,,,,,10.786,-0.639,0.610,,,,,,,,,
2,B,9321716,4063,,,,,,,,,,-10.332,-0.547,0.105,,,,,,
2,S,9321716,4063,0.160,0.800,2.400,-9.922,-0.517,0.422,,,,,,,,,,,,
2,A,9323109,1993,,,,,,,10.765,-0.617,0.594,,,,,,,,,
2,B,9324424,2708,,,,,,,,,,,,,,,,68.500,-46.750,14.125
2,S,9324424,2708,0.800,0.480,2.720,-9.908,-0.472,0.412,,,,,,,,,,,,
2,A,9326099,2990,,,,,,,10.763,-0.604,0.631,,,,,,,,,
2,B,9327132,2708,,,,,,,,,,,,,0.112,-0.224,0.560,,,
2,S,9327132,2708,1.120,0.480,2.720,-9.887,-0.422,0.412,,,,,,,,,,,,
2,A,9330086,3987,,,,,,,10.715,-0.604,0.636,,,,,,,,,
2,B,9331195,4063,,,,,,,,,,-10.320,-0.410,0.066,,,,,,
2,S,9331195,4063,1.120,0.800,2.720,-9.863,-0.367,0.427,,,,,,,,,,,,
2,A,9333076,2990,,,,,,,10.713,-0.541,0.685,,,,,,,,,
2,B,9333905,2710,,,,,,,,,,,,,,,,68.500,-46.750,14.125
2,S,9333905,2710,1.120,0.480,2.080,-9.838,-0.352,0.448,,,,,,,,,,,,
2,A,9335069,1993,,,,,,,10.715,-0.486,0.705,,,,,,,,,
2,B,9335936,2031,,,,,,,,,,-10.246,-0.316,0.086,,,,,,
2,S,9335936,2031,0.480,0.480,1.440,-9.822,-0.343,0.463,,,,,,,,,,,,
2,A,9339056,3987,,,,,,,10.711,-0.530,0.691,,,,,,,,,
2,B,9339321,3385,,,,,,,,,,,,,0.112,-0.112,0.671,,,
2,S,9339321,3385,0.160,1.120,1.760,-9.818,-0.297,0.487,,,,,,,,,,,,
2,A,9341049,1993,,,,,,,10.700,-0.530,0.694,,,,,,,,,
2,B,9342029,2708,,,,,,,,,,-10.242,-0.238,0.125,,,,,,
2,S,9342029,2708,0.480,1.440,1.760,-9.822,-0.268,0.502,,,,,,,,,,,,
2,A,9344039,3987,,,,,,,10.710,-0.538,0.703,,,,,,,,,
2,B,9345415,3386,,,,,,,,,,,,,,,,67.625,-45.125,13.688
2,S,9345415,3386,0.800,0.800,1.760,-9.812,-0.263,0.502,,,,,,,,,,,,
2,A,9348025,2989,,,,,,,10.679,-0.579,0.693,,,,,,,,,
2,B,9348802,3387,,,,,,,,,,,,,0.112,-0.112,0.448,,,
2,S,9348802,3387,0.480,1.120,1.440,-9.807,-0.287,0.512,,,,,,,,,,,,
2,A,9350019,1994,,,,,,,10.694,-0.622,0.688,,,,,,,,,
2,B,9351510,2708,,,,,,,,,,-10.227,-0.219,0.152,,,,,,
2,S,9351510,2708,0.160,1.120,1.440,-9.807,-0.312,0.507,,,,,,,,,,,,
2,A,9354005,3986,,,,,,,10.700,-0.632,0.659,,,,,,,,,
2,B,9354877,3367,,,,,,,,,,,,,,,,69.812,-45.000,13.000
2,S,9354877,3367,0.160,1.120,1.440,-9.797,-0.343,0.497,,,,,,,,,,,,
2,A,9356000,1995,,,,,,,10.732,-0.641,0.647,,,,,,,,,
2,B,9356928,2051,,,,,,,,,,-10.207,-0.289,0.145,,,,,,
2,S,9356928,2051,0.480,1.120,2.080,-9.793,-0.367,0.482,,,,,,,,,,,,
2,A,9359987,3987,,,,,,,10.754,-0.690,0.607,,,,,,,,,
2,B,9360313,3385,,,,,,,,,,,,,0.000,0.112,0.224,,,
2,S,9360313,3385,0.800,1.120,2.400,-9.812,-0.403,0.463,,,,,,,,,,,,
2,A,9362977,2990,,,,,,,10.785,-0.690,0.602,,,,,,,,,
2,B,9363699,3386,,,,,,,,,,-10.242,-0.383,0.078,,,,,,
2,S,9363699,3386,0.480,0.800,2.080,-9.842,-0.443,0.448,,,,,,,,,,,,
2,A,9365967,2990,,,,,,,10.808,-0.724,0.573,,,,,,,,,
2,B,9367084,3385,,,,,,,,,,,,,,,,69.562,-47.875,14.375
2,S,9367084,3385,-0.160,1.120,2.400,-9.883,-0.472,0.417,,,,,,,,,,,,
2,A,9368957,2990,,,,,,,10.792,-0.709,0.542,,,,,,,,,
2,B,9369793,2709,,,,,,,,,,,,,0.000,0.224,-0.112,,,
2,S,9369793,5417,0.160,1.440,2.400,-9.922,-0.468,0.372,,,,,,,,,,,,
2,A,9371947,2990,,,,,,,10.819,-0.678,0.542,,,,,,,,,
2,B,9373178,3385,,,,,,,,,,-10.316,-0.402,0.008,,,,,,
2,S,9373178,677,0.800,1.120,2.080,-9.928,-0.468,0.372,,,,,,,,,,,,
2,A,9374937,2990,,,,,,,10.821,-0.676,0.552,,,,,,,,,
2,B,9376564,3386,,,,,,,,,,,,,,,,68.312,-47.375,14.125
2,S,9376564,3386,0.800,1.440,2.080,-9.938,-0.468,0.362,,,,,,,,,,,,
2,A,9377927,2990,,,,,,,10.824,-0.643,0.553,,,,,,,,,
2,B,9378596,2032,,,,,,,,,,,,,-0.112,0.224,-0.224,,,
2,S,9378596,2032,0.800,1.440,1.760,-9.938,-0.453,0.367,,,,,,,,,,,,
2,A,9380917,2990,,,,,,,10.804,-0.645,0.565,,,,,,,,,
2,B,9381982,3386,,,,,,,,,,-10.367,-0.402,0.008,,,,,,
2,S,9381982,3386,0.800,1.760,1.760,-9.938,-0.417,0.367,,,,,,,,,,,,
2,A,9384904,3987,,,,,,,10.827,-0.630,0.570,,,,,,,,,
2,B,9385367,3385,,,,,,,,,,,,,,,,68.500,-45.062,13.875
2,S,9385367,3385,1.120,1.760,2.400,-9.943,-0.398,0.367,,,,,,,,,,,,
2,A,9386897,1993,,,,,,,10.814,-0.613,0.614,,,,,,,,,
2,B,9388075,2708,,,,,,,,,,,,,-0.112,0.224,0.000,,,
2,S,9388075,2708,1.440,1.760,2.720,-9.943,-0.398,0.378,,,,,,,,,,,,
2,A,9390884,3987,,,,,,,10.822,-0.630,0.685,,,,,,,,,
2,B,9391461,3386,,,,,,,,,,-10.383,-0.336,0.039,,,,,,
2,S,9391461,3386,1.440,1.760,2.720,-9.922,-0.393,0.412,,,,,,,,,,,,
2,A,9393874,2990,,,,,,,10.804,-0.636,0.673,,,,,,,,,
2,B,9394848,3387,,,,,,,,,,,,,,,,68.375,-45.750,12.938
2,S,9394848,3387,0.800,0.800,2.400,-9.908,-0.393,0.453,,,,,,,,,,,,
2,A,9395867,1993,,,,,,,10.826,-0.626,0.699,,,,,,,,,
2,B,9396879,2031,,,,,,,,,,,,,0.000,0.000,0.224,,,
2,S,9396879,2031,-0.160,0.800,2.400,-9.908,-0.398,0.482,,,,,,,,,,,,
2,A,9400851,4984,,,,,,,10.801,-0.645,0.786,,,,,,,,,
2,B,9401608,4729,,,,,,,,,,-10.355,-0.344,0.086,,,,,,
2,S,9401608,4729,-0.160,1.120,2.720,-9.922,-0.407,0.532,,,,,,,,,,,,
2,A,9403841,2990,,,,,,,10.804,-0.606,0.783,,,,,,,,,
2,B,9405004,3396,,,,,,,,,,,,,,,,68.500,-46.188,13.688
2,S,9405004,3396,0.800,1.440,3.040,-9.922,-0.398,0.562,,,,,,,,,,,,
2,A,9406836,2995,,,,,,,10.811,-0.633,0.825,,,,,,,,,
2,B,9407035,2031,,,,,,,,,,,,,0.112,0.000,0.336,,,
2,S,9407035,2031,0.800,1.760,3.040,-9.922,-0.388,0.588,,,,,,,,,,,,
2,A,9410817,3981,,,,,,,10.797,-0.626,0.802,,,,,,,,,
2,B,9411776,4741,,,,,,,,,,-10.348,-0.336,0.184,,,,,,
2,S,9411776,4741,0.800,1.120,2.080,-9.912,-0.372,0.632,,,,,,,,,,,,
2,A,9412811,1994,,,,,,,10.780,-0.620,0.757,,,,,,,,,
2,B,9413808,2032,,,,,,,,,,,,,,,,68.062,-45.625,13.688
2,S,9413808,2032,1.120,0.800,2.080,-9.908,-0.378,0.632,,,,,,,,,,,,
2,A,9415800,2989,,,,,,,10.780,-0.616,0.737,,,,,,,,,
2,B,9416516,2708,,,,,,,,,,,,,0.000,0.000,0.336,,,
2,S,9416516,2708,1.120,0.800,2.080,-9.898,-0.383,0.613,,,,,,,,,,,,
2,A,9419787,3987,,,,,,,10.782,-0.574,0.730,,,,,,,,,
2,B,9421255,4739,,,,,,,,,,-10.301,-0.316,0.270,,,,,,
2,S,9421255,4739,1.120,1.760,2.400,-9.883,-0.378,0.562,,,,,,,,,,,,
2,A,9423774,3987,,,,,,,10.772,-0.515,0.643,,,,,,,,,
2,B,9423965,2710,,,,,,,,,,,,,,,,68.812,-45.188,13.125
2,S,9423965,2710,1.120,2.080,2.400,-9.877,-0.357,0.532,,,,,,,,,,,,
2,A,9425767,1993,,,,,,,10.772,-0.517,0.619,,,,,,,,,
2,B,9426673,2708,,,,,,,,,,-10.305,-0.277,0.172,,,,,,
2,S,9426673,2708,1.120,2.080,1.760,-9.877,-0.328,0.502,,,,,,,,,,,,
2,A,9429754,3987,,,,,,,10.748,-0.517,0.589,,,,,,,,,
2,B,9430058,3385,,,,,,,,,,,,,-0.112,0.224,0.112,,,
2,S,9430058,3385,1.120,1.440,1.120,-9.873,-0.302,0.458,,,,,,,,,,,,
2,A,9431747,1993,,,,,,,10.738,-0.515,0.552,,,,,,,,,
2,B,9432768,2710,,,,,,,,,,,,,,,,69.812,-46.062,13.562
2,S,9432768,2710,1.120,0.800,1.120,-9.857,-0.292,0.427,,,,,,,,,,,,
2,A,9434737,2990,,,,,,,10.720,-0.518,0.507,,,,,,,,,
2,B,9436152,3384,,,,,,,,,,-10.277,-0.219,0.086,,,,,,
2,S,9436152,3384,1.440,1.440,1.440,-9.842,-0.278,0.388,,,,,,,,,,,,
2,A,9438724,3987,,,,,,,10.693,-0.567,0.449,,,,,,,,,
2,B,9439539,3387,,,,,,,,,,,,,-0.112,0.560,-0.112,,,
2,S,9439539,3387,1.440,2.400,1.440,-9.822,-0.278,0.343,,,,,,,,,,,,
2,A,9440717,1993,,,,,,,10.691,-0.638,0.451,,,,,,,,,
2,B,9441570,2031,,,,,,,,,,-10.223,-0.219,-0.020,,,,,,
2,S,9441570,2031,0.800,2.720,1.440,-9.818,-0.292,0.302,,,,,,,,,,,,
2,A,9444708,3991,,,,,,,10.726,-0.720,0.467,,,,,,,,,
2,B,9444956,3386,,,,,,,,,,,,,,,,69.938,-46.375,13.375
2,S,9444956,3386,0.800,2.720,1.120,-9.812,-0.347,0.263,,,,,,,,,,,,
2,A,9446697,1989,,,,,,,10.715,-0.759,0.460,,,,,,,,,
2,B,9447665,2709,,,,,,,,,,,,,0.000,0.671,-0.448,,,
2,S,9447665,2709,0.480,2.400,0.800,-9.818,-0.407,0.258,,,,,,,,,,,,
2,A,9450684,3987,,,,,,,10.690,-0.875,0.404,,,,,,,,,
2,B,9451728,4063,,,,,,,,,,,,,,,,69.188,-44.688,12.625
2,S,9451728,4063,0.480,1.120,0.480,-9.822,-0.522,0.273,,,,,,,,,,,,
2,A,9453674,2990,,,,,,,10.669,-0.942,0.425,,,,,,,,,
2,B,9454436,2708,,,,,,,,,,-10.203,-0.363,-0.066,,,,,,
2,S,9454436,2708,1.120,0.800,0.480,-9.818,-0.608,0.273,,,,,,,,,,,,
2,A,9455667,1993,,,,,,,10.688,-1.001,0.416,,,,,,,,,
2,B,9457144,2708,,,,,,,,,,-10.227,-0.621,-0.078,,,,,,
2,S,9457144,2708,0.480,0.800,0.800,-9.803,-0.693,0.263,,,,,,,,,,,,
2,A,9459653,3986,,,,,,,10.657,-1.130,0.408,,,,,,,,,
2,B,9460530,3386,,,,,,,,,,,,,0.000,0.448,-0.783,,,
2,S,9460530,3386,-0.160,0.480,1.120,-9.793,-0.782,0.237,,,,,,,,,,,,
2,A,9461647,1994,,,,,,,10.710,-1.135,0.356,,,,,,,,,
2,B,9462562,2032,,,,,,,,,,,,,,,,68.625,-46.062,13.438
2,S,9462562,2032,-0.160,0.480,1.440,-9.793,-0.843,0.233,,,,,,,,,,,,
2,A,9465633,3986,,,,,,,10.726,-1.145,0.327,,,,,,,,,
2,B,9465948,3386,,,,,,,,,,-10.234,-0.793,-0.113,,,,,,
2,S,9465948,3386,0.480,0.800,1.760,-9.822,-0.917,0.212,,,,,,,,,,,,
2,A,9468623,2990,,,,,,,10.743,-1.120,0.285,,,,,,,,,
2,B,9469333,3385,,,,,,,,,,,,,0.000,0.224,-0.671,,,
2,S,9469333,3385,1.440,1.120,2.400,-9.852,-0.958,0.177,,,,,,,,,,,,
2,A,9471613,2990,,,,,,,10.746,-1.069,0.296,,,,,,,,,
2,B,9472041,2708,,,,,,,,,,,,,,,,69.312,-46.188,13.250
2,S,9472041,2708,1.120,1.440,2.720,-9.873,-0.943,0.147,,,,,,,,,,,,
2,A,9474603,2990,,,,,,,10.785,-1.010,0.289,,,,,,,,,
2,B,9475427,3386,,,,,,,,,,-10.273,-0.844,-0.172,,,,,,
2,S,9475427,3386,0.800,0.800,3.040,-9.877,-0.892,0.122,,,,,,,,,,,,
2,A,9476596,1993,,,,,,,10.782,-0.982,0.347,,,,,,,,,
2,B,9478135,2708,,,,,,,,,,,,,0.000,0.000,-0.112,,,
2,S,9478135,2708,0.800,0.480,3.360,-9.883,-0.838,0.122,,,,,,,,,,,,
2,A,9480583,3987,,,,,,,10.825,-0.900,0.333,,,,,,,,,
2,B,9480845,2710,,,,,,,,,,-10.312,-0.746,-0.199,,,,,,
2,S,9480845,2710,0.800,0.160,3.680,-9.898,-0.782,0.128,,,,,,,,,,,,
2,A,9483573,2990,,,,,,,10.847,-0.782,0.331,,,,,,,,,
2,B,9484230,3385,,,,,,,,,,,,,,,,69.375,-46.062,12.938
2,S,9484230,3385,1.120,-0.480,3.360,-9.918,-0.718,0.128,,,,,,,,,,,,
2,A,9486580,3007,,,,,,,10.867,-0.708,0.327,,,,,,,,,
2,B,9486940,2710,,,,,,,,,,,,,0.000,-0.448,0.560,,,
2,S,9486940,2710,0.800,-0.160,3.360,-9.932,-0.652,0.128,,,,,,,,,,,,
2,A,9490549,3969,,,,,,,10.836,-0.570,0.360,,,,,,,,,
2,B,9491660,4720,,,,,,,,,,-10.344,-0.555,-0.199,,,,,,
2,S,9491660,4720,0.800,0.160,4.000,-9.967,-0.507,0.133,,,,,,,,,,,,
2,A,9492543,1994,,,,,,,10.821,-0.539,0.407,,,,,,,,,
2,B,9493711,2051,,,,,,,,,,-10.363,-0.297,-0.164,,,,,,
2,S,9493711,2051,1.120,-0.160,4.000,-9.973,-0.403,0.147,,,,,,,,,,,,
2,A,9496529,3986,,,,,,,10.803,-0.480,0.547,,,,,,,,,
2,B,9497096,3385,,,,,,,,,,,,,,,,68.250,-45.438,13.125
2,S,9497096,3385,1.120,-0.480,3.680,-9.943,-0.297,0.207,,,,,,,,,,,,
2,A,9498523,1994,,,,,,,10.811,-0.443,0.654,,,,,,,,,
2,B,9499805,2709,,,,,,,,,,,,,0.000,-1.007,1.231,,,
2,S,9499805,2709,1.120,-1.120,3.360,-9.912,-0.247,0.292,,,,,,,,,,,,
2,A,9502509,3986,,,,,,,10.801,-0.406,0.754,,,,,,,,,
2,B,9503190,3385,,,,,,,,,,,,,,,,67.875,-45.375,13.188
2,S,9503190,3385,0.800,-1.440,3.040,-9.887,-0.212,0.407,,,,,,,,,,,,
2,A,9505500,2991,,,,,,,10.780,-0.402,0.861,,,,,,,,,
2,B,9506576,3386,,,,,,,,,,-10.285,-0.133,0.008,,,,,,
2,S,9506576,6094,1.120,-1.120,2.720,-9.877,-0.152,0.603,,,,,,,,,,,,
2,A,9508490,2990,,,,,,,10.795,-0.383,0.928,,,,,,,,,
2,B,9509962,3386,,,,,,,,,,,,,-0.112,-1.455,1.343,,,
2,S,9509962,678,1.440,-0.800,2.720,-9.873,-0.147,0.623,,,,,,,,,,,,
2,A,9512476,3986,,,,,,,10.795,-0.389,1.017,,,,,,,,,
2,B,9513347,3385,,,,,,,,,,-10.281,-0.078,0.289,,,,,,
2,S,9513347,3385,1.440,-0.480,3.040,-9.867,-0.128,0.713,,,,,,,,,,,,
2,A,9515466,2990,,,,,,,10.788,-0.394,1.056,,,,,,,,,
2,B,9516056,2709,,,,,,,,,,,,,,,,68.125,-46.125,13.812
2,S,9516056,2709,1.440,0.160,2.720,-9.867,-0.128,0.777,,,,,,,,,,,,
2,A,9518456,2990,,,,,,,10.788,-0.408,1.086,,,,,,,,,
2,B,9518765,2709,,,,,,,,,,,,,-0.112,-1.455,0.895,,,
2,S,9518765,2709,1.120,0.480,2.400,-9.867,-0.133,0.833,,,,,,,,,,,,
2,A,9521446,2990,,,,,,,10.792,-0.403,1.142,,,,,,,,,
2,B,9522150,3385,,,,,,,,,,-10.273,-0.047,0.508,,,,,,
2,S,9522150,3385,0.800,0.800,2.080,-9.873,-0.142,0.877,,,,,,,,,,,,
2,A,9524436,2990,,,,,,,10.795,-0.425,1.062,,,,,,,,,
2,B,9525536,3386,,,,,,,,,,,,,,,,68.375,-45.812,13.875
2,S,9525536,3386,0.480,0.800,1.440,-9.877,-0.147,0.892,,,,,,,,,,,,
2,A,9527426,2990,,,,,,,10.775,-0.418,1.043,,,,,,,,,
2,B,9528244,2708,,,,,,,,,,,,,0.000,-0.895,0.224,,,
2,S,9528244,2708,1.120,0.800,1.440,-9.883,-0.158,0.887,,,,,,,,,,,,
2,A,9530416,2990,,,,,,,10.770,-0.444,0.939,,,,,,,,,
2,B,9531631,3387,,,,,,,,,,-10.297,-0.066,0.586,,,,,,
2,S,9531631,3387,1.120,0.800,1.440,-9.877,-0.172,0.853,,,,,,,,,,,,
2,A,9533406,2990,,,,,,,10.762,-0.480,0.900,,,,,,,,,
2,B,9535015,3384,,,,,,,,,,,,,,,,69.250,-45.125,12.750
2,S,9535015,3384,1.120,1.440,1.120,-9.873,-0.198,0.782,,,,,,,,,,,,
2,A,9536396,2990,,,,,,,10.808,-0.518,0.872,,,,,,,,,
2,B,9537047,2032,,,,,,,,,,,,,-0.112,0.000,-0.448,,,
2,S,9537047,2032,1.440,2.080,1.120,-9.873,-0.217,0.738,,,,,,,,,,,,
2,A,9540383,3987,,,,,,,10.836,-0.565,0.719,,,,,,,,,
2,B,9541788,4741,,,,,,,,,,-10.281,-0.125,0.469,,,,,,
2,S,9541788,7449,1.440,2.720,0.480,-9.943,-0.312,0.573,,,,,,,,,,,,
2,A,9544370,3987,,,,,,,10.876,-0.613,0.617,,,,,,,,,
2,B,9545173,3385,,,,,,,,,,,,,,,,68.688,-45.312,13.438
2,S,9545173,677,1.120,3.040,0.480,-9.947,-0.323,0.552,,,,,,,,,,,,
2,A,9546363,1993,,,,,,,10.832,-0.675,0.548,,,,,,,,,
2,B,9547204,2031,,,,,,,,,,-10.320,-0.219,0.289,,,,,,
2,S,9547204,2031,1.120,3.040,0.480,-9.967,-0.347,0.497,,,,,,,,,,,,
2,A,9550350,3987,,,,,,,10.765,-0.784,0.399,,,,,,,,,
2,B,9550591,3387,,,,,,,,,,,,,-0.112,0.783,-1.007,,,
2,S,9550591,3387,1.120,3.040,0.160,-9.973,-0.407,0.383,,,,,,,,,,,,
2,A,9552343,1993,,,,,,,10.736,-0.834,0.339,,,,,,,,,
2,B,9553299,2708,,,,,,,,,,-10.359,-0.336,0.098,,,,,,
2,S,9553299,2708,1.120,2.400,0.160,-9.943,-0.472,0.287,,,,,,,,,,,,
2,A,9555333,2990,,,,,,,10.731,-0.872,0.288,,,,,,,,,
2,B,9556685,3386,,,,,,,,,,,,,,,,68.938,-45.562,12.938
2,S,9556685,3386,1.120,2.080,0.480,-9.887,-0.562,0.193,,,,,,,,,,,,
2,A,9559320,3987,,,,,,,10.700,-0.988,0.299,,,,,,,,,
2,B,9560070,3385,,,,,,,,,,,,,-0.112,1.343,-1.343,,,
2,S,9560070,3385,1.120,1.760,0.480,-9.848,-0.652,0.142,,,,,,,,,,,,
2,A,9561313,1993,,,,,,,10.717,-0.995,0.298,,,,,,,,,
2,B,9562102,2032,,,,,,,,,,-10.281,-0.527,-0.145,,,,,,
2,S,9562102,2032,1.440,1.760,0.480,-9.832,-0.698,0.128,,,,,,,,,,,,
2,A,9565330,4017,,,,,,,10.718,-1.036,0.292,,,,,,,,,
2,B,9565488,3386,,,,,,,,,,,,,,,,69.188,-45.250,13.000
2,S,9565488,3386,1.120,1.440,0.800,-9.828,-0.743,0.102,,,,,,,,,,,,
2,A,9567294,1964,,,,,,,10.722,-1.041,0.317,,,,,,,,,
2,B,9568196,2708,,,,,,,,,,,,,-0.112,1.119,-1.119,,,
2,S,9568196,2708,0.480,1.120,1.440,-9.828,-0.772,0.092,,,,,,,,,,,,
2,A,9570284,2990,,,,,,,10.707,-1.029,0.372,,,,,,,,,
2,B,9571582,3386,,,,,,,,,,-10.246,-0.672,-0.199,,,,,,
2,S,9571582,3386,0.480,0.480,2.400,-9.832,-0.797,0.098,,,,,,,,,,,,
2,A,9574270,3986,,,,,,,10.709,-0.968,0.396,,,,,,,,,
2,B,9574968,3386,,,,,,,,,,,,,,,,68.938,-45.000,13.500
2,S,9574968,3386,0.800,0.160,3.040,-9.852,-0.812,0.138,,,,,,,,,,,,
2,A,9576264,1994,,,,,,,10.697,-0.977,0.416,,,,,,,,,
2,B,9577677,2709,,,,,,,,,,,,,-0.112,0.224,-0.448,,,
2,S,9577677,2709,1.440,0.160,3.040,-9.857,-0.797,0.188,,,,,,,,,,,,
2,A,9581247,4983,,,,,,,10.723,-0.929,0.567,,,,,,,,,
2,B,9581740,4063,,,,,,,,,,-10.273,-0.746,-0.184,,,,,,
2,S,9581740,4063,1.760,-0.480,3.040,-9.857,-0.757,0.273,,,,,,,,,,,,
2,A,9583241,1994,,,,,,,10.701,-0.878,0.584,,,,,,,,,
2,B,9584448,2708,,,,,,,,,,,,,,,,67.688,-45.562,13.750
2,S,9584448,2708,1.120,-0.160,3.360,-9.848,-0.728,0.328,,,,,,,,,,,,
2,A,9586231,2990,,,,,,,10.723,-0.813,0.667,,,,,,,,,
2,B,9586479,2031,,,,,,,,,,,,,-0.112,-0.560,0.336,,,
2,S,9586479,2031,0.800,-0.160,3.680,-9.842,-0.698,0.362,,,,,,,,,,,,
2,A,9590217,3986,,,,,,,10.785,-0.702,0.711,,,,,,,,,
2,B,9591219,4740,,,,,,,,,,-10.277,-0.613,0.047,,,,,,
2,S,9591219,4740,0.800,-0.480,4.000,-9.842,-0.603,0.453,,,,,,,,,,,,
2,A,9593208,2991,,,,,,,10.822,-0.610,0.779,,,,,,,,,
2,B,9593909,2690,,,,,,,,,,,,,,,,68.688,-46.875,14.312
2,S,9593909,2690,0.800,-0.160,4.320,-9.852,-0.542,0.492,,,,,,,,,,,,
2,A,9595201,1993,,,,,,,10.851,-0.579,0.789,,,,,,,,,
2,B,9595960,2051,,,,,,,,,,,,,0.000,-1.119,1.119,,,
2,S,9595960,6108,1.120,0.160,4.320,-9.918,-0.338,0.588,,,,,,,,,,,,
2,A,9599188,3987,,,,,,,10.857,-0.490,0.812,,,,,,,,,
2,B,9600695,4735,,,,,,,,,,-10.309,-0.383,0.191,,,,,,
2,S,9600695,678,0.800,0.800,4.320,-9.922,-0.323,0.593,,,,,,,,,,,,
2,A,9602178,2990,,,,,,,10.845,-0.412,0.809,,,,,,,,,
2,B,9602731,2036,,,,,,,,,,-10.320,-0.184,0.270,,,,,,
2,S,9602731,2036,0.800,1.120,4.320,-9.932,-0.268,0.608,,,,,,,,,,,,
2,A,9605168,2990,,,,,,,10.827,-0.361,0.799,,,,,,,,,
2,B,9606116,3385,,,,,,,,,,,,,,,,68.625,-45.500,13.000
2,S,9606116,3385,0.800,1.120,3.360,-9.943,-0.193,0.623,,,,,,,,,,,,
2,A,9608158,2990,,,,,,,10.811,-0.310,0.805,,,,,,,,,
2,B,9608826,2710,,,,,,,,,,,,,0.000,-1.119,1.455,,,
2,S,9608826,2710,0.800,0.800,2.720,-9.938,-0.142,0.623,,,,,,,,,,,,
2,A,9611148,2990,,,,,,,10.790,-0.253,0.809,,,,,,,,,
2,B,9612210,3384,,,,,,,,,,,,,,,,68.625,-45.500,13.000
2,S,9612210,3384,0.800,1.120,2.400,-9.912,-0.092,0.618,,,,,,,,,,,,
2,A,9614138,2990,,,,,,,10.754,-0.272,0.751,,,,,,,,,
2,B,9615573,3363,,,,,,,,,,-10.301,-0.027,0.277,,,,,,
2,S,9615573,3363,1.120,2.080,2.400,-9.877,-0.043,0.598,,,,,,,,,,,,
2,A,9617128,2990,,,,,,,10.759,-0.286,0.749,,,,,,,,,
2,B,9617628,2055,,,,,,,,,,,,,0.000,-0.671,1.119,,,
2,S,9617628,2055,1.120,2.080,2.080,-9.857,-0.022,0.583,,,,,,,,,,,,
2,A,9621115,3987,,,,,,,10.751,-0.301,0.701,,,,,,,,,
2,B,9622368,4740,,,,,,,,,,,,,,,,68.375,-46.312,13.312
2,S,9622368,4740,0.800,1.120,1.760,-9.838,-0.018,0.537,,,,,,,,,,,,
2,A,9624105,2990,,,,,,,10.725,-0.368,0.655,,,,,,,,,
2,B,9625076,2708,,,,,,,,,,-10.238,0.066,0.211,,,,,,
2,S,9625076,2708,0.800,1.760,1.440,-9.828,-0.043,0.517,,,,,,,,,,,,
2,A,9626098,1993,,,,,,,10.729,-0.411,0.625,,,,,,,,,
2,B,9627107,2031,,,,,,,,,,,,,0.000,0.000,0.336,,,
2,S,9627107,2031,1.120,1.760,1.440,-9.822,-0.072,0.502,,,,,,,,,,,,
2,A,9631082,4984,,,,,,,10.706,-0.584,0.583,,,,,,,,,
2,B,9631849,4742,,,,,,,,,,-10.199,-0.008,0.133,,,,,,
2,S,9631849,4742,1.120,1.440,0.800,-9.793,-0.168,0.453,,,,,,,,,,,,
2,A,9633075,1993,,,,,,,10.684,-0.649,0.544,,,,,,,,,
2,B,9633880,2031,,,,,,,,,,-10.199,-0.238,0.066,,,,,,
2,S,9633880,2031,0.800,1.440,0.160,-9.787,-0.233,0.432,,,,,,,,,,,,
2,A,9637032,3957,,,,,,,10.710,-0.801,0.495,,,,,,,,,
2,B,9637235,3355,,,,,,,,,,,,,,,,69.500,-44.875,12.812
2,S,9637235,3355,0.800,1.760,-0.480,-9.787,-0.367,0.393,,,,,,,,,,,,
2,A,9639055,2023,,,,,,,10.733,-0.868,0.495,,,,,,,,,
2,B,9639974,2739,,,,,,,,,,,,,0.000,0.560,-0.671,,,
2,S,9639974,2739,0.480,2.400,-0.160,-9.803,-0.482,0.367,,,,,,,,,,,,
2,A,9642045,2990,,,,,,,10.753,-0.947,0.510,,,,,,,,,
2,B,9643359,3385,,,,,,,,,,,,,,,,69.375,-45.500,13.500
2,S,9643359,3385,0.160,2.400,-0.160,-9.832,-0.608,0.343,,,,,,,,,,,,
2,A,9646032,3987,,,,,,,10.787,-1.016,0.425,,,,,,,,,
2,B,9646746,3387,,,,,,,,,,-10.230,-0.547,0.000,,,,,,
2,S,9646746,3387,0.160,1.120,-0.160,-9.863,-0.708,0.312,,,,,,,,,,,,
2,A,9649022,2990,,,,,,,10.811,-1.056,0.403,,,,,,,,,
2,B,9650130,3384,,,,,,,,,,,,,0.000,0.895,-1.455,,,
2,S,9650130,3384,0.160,0.800,-0.160,-9.902,-0.782,0.273,,,,,,,,,,,,
2,A,9652012,2990,,,,,,,10.873,-1.057,0.375,,,,,,,,,
2,B,9653517,3387,,,,,,,,,,-10.344,-0.738,-0.066,,,,,,
2,S,9653517,3387,0.160,1.120,0.800,-9.947,-0.828,0.242,,,,,,,,,,,,
2,A,9656000,3988,,,,,,,10.866,-1.032,0.352,,,,,,,,,
2,B,9656903,3386,,,,,,,,,,,,,,,,68.188,-45.562,13.375
2,S,9656903,3386,-0.160,1.440,1.440,-9.977,-0.848,0.223,,,,,,,,,,,,
2,A,9657993,1993,,,,,,,10.872,-1.026,0.376,,,,,,,,,
2,B,9658934,2031,,,,,,,,,,,,,-0.112,0.895,-1.455,,,
2,S,9658934,2031,-0.480,1.760,1.120,-9.988,-0.843,0.207,,,,,,,,,,,,
2,A,9661980,3987,,,,,,,10.886,-0.925,0.356,,,,,,,,,
2,B,9662319,3385,,,,,,,,,,-10.398,-0.785,-0.133,,,,,,
2,S,9662319,3385,-0.160,1.760,1.120,-10.002,-0.818,0.193,,,,,,,,,,,,
2,A,9664970,2990,,,,,,,10.872,-0.896,0.389,,,,,,,,,
2,B,9665706,3387,,,,,,,,,,,,,,,,67.688,-47.188,14.688
2,S,9665706,3387,0.160,1.120,1.440,-10.008,-0.767,0.182,,,,,,,,,,,,
2,A,9667960,2990,,,,,,,10.857,-0.818,0.404,,,,,,,,,
2,B,9668414,2708,,,,,,,,,,,,,-0.112,0.671,-0.895,,,
2,S,9668414,2708,0.160,0.160,1.760,-10.002,-0.708,0.193,,,,,,,,,,,,
2,A,9670950,2990,,,,,,,10.821,-0.765,0.442,,,,,,,,,
2,B,9671800,3386,,,,,,,,,,-10.418,-0.699,-0.164,,,,,,
2,S,9671800,3386,0.160,0.160,2.720,-9.988,-0.623,0.228,,,,,,,,,,,,
2,A,9673940,2990,,,,,,,10.817,-0.688,0.499,,,,,,,,,
2,B,9675185,3385,,,,,,,,,,,,,,,,67.875,-44.875,13.750
2,S,9675185,3385,0.800,0.160,3.360,-9.957,-0.547,0.268,,,,,,,,,,,,
2,A,9676930,2990,,,,,,,10.824,-0.636,0.574,,,,,,,,,
2,B,9677216,2031,,,,,,,,,,,,,0.000,0.112,-0.112,,,
3,S,9677216,2031,1.440,0.160,3.680,-9.932,-0.512,0.292,,,,,,,,,,,,
3,A,9680917,3987,,,,,,,10.678,-0.571,0.620,,,,,,,,,
3,B,9681957,4741,,,,,,,,,,-10.383,-0.527,-0.078,,,,,,
3,S,9681957,4741,1.440,0.160,2.720,-9.887,-0.427,0.372,,,,,,,,,,,,
3,A,9683908,2991,,,,,,,10.733,-0.526,0.601,,,,,,,,,
3,B,9684646,2689,,,,,,,,,,,,,,,,67.875,-44.875,13.750
3,S,9684646,2689,1.440,0.160,2.400,-9.867,-0.393,0.407,,,,,,,,,,,,
3,A,9685900,1992,,,,,,,10.785,-0.500,0.688,,,,,,,,,
3,B,9686697,2051,,,,,,,,,,-10.320,-0.363,0.027,,,,,,
3,S,9686697,2051,1.440,-0.160,2.400,-9.832,-0.352,0.432,,,,,,,,,,,,
3,A,9688891,2991,,,,,,,10.664,-0.565,0.873,,,,,,,,,
3,B,9690082,3385,,,,,,,,,,,,,0.000,-0.448,0.448,,,
3,S,9690082,3385,1.120,-0.480,2.720,-9.832,-0.307,0.477,,,,,,,,,,,,
3,A,9691881,2990,,,,,,,10.454,-0.578,0.944,,,,,,,,,
3,B,9692791,2709,,,,,,,,,,-10.219,-0.250,0.113,,,,,,
3,S,9692791,2709,0.800,-0.160,2.720,-9.807,-0.297,0.568,,,,,,,,,,,,
3,A,9694871,2990,,,,,,,10.479,-0.592,1.001,,,,,,,,,
3,B,9696176,3385,,,,,,,,,,,,,,,,66.875,-46.062,14.375
3,S,9696176,3385,0.800,0.480,2.720,-9.678,-0.328,0.713,,,,,,,,,,,,
3,A,9697861,2990,,,,,,,10.743,-0.533,0.855,,,,,,,,,
3,B,9698208,2032,,,,,,,,,,,,,0.000,-0.671,0.671,,,
3,S,9698208,2032,0.800,0.800,2.400,-9.607,-0.343,0.772,,,,,,,,,,,,
3,A,9700851,2990,,,,,,,10.941,-0.525,0.765,,,,,,,,,
3,B,9701594,3386,,,,,,,,,,-10.047,-0.250,0.410,,,,,,
3,S,9701594,3386,0.800,1.120,2.080,-9.658,-0.323,0.762,,,,,,,,,,,,
3,A,9704837,3986,,,,,,,10.924,-0.535,0.763,,,,,,,,,
3,B,9704980,3386,,,,,,,,,,,,,,,,69.375,-46.062,12.938
3,S,9704980,3386,0.800,0.800,2.400,-9.912,-0.278,0.642,,,,,,,,,,,,
3,A,9706831,1994,,,,,,,10.816,-0.512,0.784,,,,,,,,,
3,B,9707689,2709,,,,,,,,,,-10.367,-0.211,0.277,,,,,,
3,S,9707689,2709,0.160,0.800,2.400,-10.078,-0.258,0.568,,,,,,,,,,,,
3,A,9709821,2990,,,,,,,10.749,-0.539,0.767,,,,,,,,,
3,B,9711074,3385,,,,,,,,,,,,,0.000,-0.560,0.560,,,
3,S,9711074,3385,0.480,1.440,2.720,-10.053,-0.263,0.552,,,,,,,,,,,,
3,A,9712811,2990,,,,,,,10.717,-0.504,0.727,,,,,,,,,
3,B,9713783,2709,,,,,,,,,,,,,,,,68.625,-45.500,13.000
3,S,9713783,2709,0.800,2.080,2.720,-9.922,-0.273,0.568,,,,,,,,,,,,
3,A,9715801,2990,,,,,,,10.664,-0.550,0.700,,,,,,,,,
3,B,9717168,3385,,,,,,,,,,-10.359,-0.219,0.230,,,,,,
3,S,9717168,3385,1.120,2.080,2.720,-9.797,-0.278,0.552,,,,,,,,,,,,
3,A,9719787,3986,,,,,,,10.599,-0.508,0.667,,,,,,,,,
3,B,9719878,2710,,,,,,,,,,,,,0.000,-0.224,0.336,,,
3,S,9719878,2710,1.120,1.440,2.400,-9.762,-0.278,0.517,,,,,,,,,,,,
3,A,9721781,1994,,,,,,,10.624,-0.548,0.681,,,,,,,,,
3,B,9722586,2708,,,,,,,,,,-10.176,-0.230,0.133,,,,,,
3,S,9722586,2708,0.800,0.800,2.080,-9.752,-0.273,0.482,,,,,,,,,,,,
3,A,9724771,2990,,,,,,,10.674,-0.588,0.686,,,,,,,,,
3,B,9725972,3386,,,,,,,,,,,,,,,,69.750,-46.688,13.250
3,S,9725972,3386,0.480,0.480,2.080,-9.732,-0.278,0.477,,,,,,,,,,,,
3,A,9727761,2990,,,,,,,10.809,-0.616,0.625,,,,,,,,,
3,B,9728680,2708,,,,,,,,,,,,,0.000,0.000,0.000,,,
3,S,9728680,2708,0.800,0.800,2.080,-9.742,-0.318,0.492,,,,,,,,,,,,
3,A,9730751,2990,,,,,,,10.824,-0.613,0.588,,,,,,,,,
3,B,9732065,3385,,,,,,,,,,-10.152,-0.277,0.113,,,,,,
3,S,9732065,3385,1.120,1.120,1.760,-9.828,-0.367,0.477,,,,,,,,,,,,
3,A,9734737,3986,,,,,,,10.817,-0.691,0.613,,,,,,,,,
3,B,9735451,3386,,,,,,,,,,,,,,,,69.312,-46.188,13.250
3,S,9735451,3386,1.440,1.440,1.760,-9.918,-0.398,0.427,,,,,,,,,,,,
3,A,9736731,1994,,,,,,,10.808,-0.735,0.636,,,,,,,,,
3,B,9737483,2032,,,,,,,,,,,,,0.000,0.224,-0.336,,,
3,S,9737483,2032,1.440,1.440,1.760,-9.938,-0.417,0.403,,,,,,,,,,,,
3,A,9740718,3987,,,,,,,10.805,-0.810,0.767,,,,,,,,,
3,B,9742223,4740,,,,,,,,,,-10.355,-0.336,0.059,,,,,,
3,S,9742223,4740,1.120,2.080,1.440,-9.912,-0.502,0.422,,,,,,,,,,,,
3,A,9743708,2990,,,,,,,10.730,-0.846,0.607,,,,,,,,,
3,B,9744254,2031,,,,,,,,,,-10.320,-0.461,0.098,,,,,,
3,S,9744254,2031,0.800,2.080,1.440,-9.902,-0.542,0.443,,,,,,,,,,,,
3,A,9746698,2990,,,,,,,10.674,-0.921,0.593,,,,,,,,,
3,B,9747640,3386,,,,,,,,,,,,,,,,68.312,-45.875,13.250
3,S,9747640,3386,1.120,2.400,1.760,-9.877,-0.608,0.453,,,,,,,,,,,,
3,A,9749688,2990,,,,,,,10.632,-0.909,0.574,,,,,,,,,
3,B,9750348,2708,,,,,,,,,,,,,0.000,0.336,-0.671,,,
3,S,9750348,2708,1.440,2.400,2.080,-9.842,-0.647,0.427,,,,,,,,,,,,
3,A,9752678,2990,,,,,,,10.696,-0.917,0.511,,,,,,,,,
3,B,9753735,3387,,,,,,,,,,-10.219,-0.633,0.078,,,,,,
3,S,9753735,3387,1.120,2.400,2.400,-9.787,-0.688,0.393,,,,,,,,,,,,
3,A,9756665,3987,,,,,,,10.878,-0.925,0.401,,,,,,,,,
3,B,9757120,3385,,,,,,,,,,,,,,,,68.000,-45.688,13.000
3,S,9757120,5416,1.120,2.400,2.720,-9.857,-0.708,0.323,,,,,,,,,,,,
3,A,9758658,1993,,,,,,,10.925,-0.937,0.385,,,,,,,,,
3,B,9759829,2709,,,,,,,,,,,,,-0.112,0.336,-0.671,,,
3,S,9759829,678,1.440,2.080,2.720,-9.883,-0.713,0.307,,,,,,,,,,,,
3,A,9761648,2990,,,,,,,10.947,-0.892,0.322,,,,,,,,,
3,B,9763214,3385,,,,,,,,,,-10.305,-0.660,-0.027,,,,,,
3,S,9763214,3385,1.440,1.120,2.400,-10.018,-0.713,0.217,,,,,,,,,,,,
3,A,9765635,3987,,,,,,,10.975,-0.913,0.325,,,,,,,,,
3,B,9765924,2710,,,,,,,,,,,,,,,,68.250,-44.875,13.688
3,S,9765924,2710,0.800,0.480,1.760,-10.082,-0.708,0.158,,,,,,,,,,,,
3,A,9767628,1993,,,,,,,10.925,-0.890,0.350,,,,,,,,,
3,B,9768632,2708,,,,,,,,,,,,,-0.112,0.224,-0.336,,,
3,S,9768632,2708,0.480,-0.160,1.760,-10.107,-0.693,0.138,,,,,,,,,,,,
3,A,9771615,3987,,,,,,,10.794,-0.872,0.412,,,,,,,,,
3,B,9772017,3385,,,,,,,,,,-10.500,-0.633,-0.184,,,,,,
3,S,9772017,3385,0.480,0.160,2.400,-10.078,-0.667,0.158,,,,,,,,,,,,
3,A,9774605,2990,,,,,,,10.719,-0.860,0.412,,,,,,,,,
3,B,9775403,3386,,,,,,,,,,,,,,,,69.375,-46.062,12.938
3,S,9775403,3386,1.120,0.480,3.040,-9.982,-0.647,0.203,,,,,,,,,,,,
3,A,9776598,1993,,,,,,,10.736,-0.826,0.430,,,,,,,,,
3,B,9778111,2708,,,,,,,,,,-10.383,-0.613,-0.145,,,,,,
3,S,9778111,2708,1.440,0.800,3.360,-9.893,-0.637,0.233,,,,,,,,,,,,
3,A,9780585,2990,,,,,,,10.752,-0.763,0.491,,,,,,,,,
3,B,9781497,3386,,,,,,,,,,,,,-0.112,0.000,0.224,,,
3,S,9781497,3386,1.120,0.480,3.360,-9.832,-0.613,0.263,,,,,,,,,,,,
3,A,9782578,1993,,,,,,,10.803,-0.756,0.545,,,,,,,,,
3,B,9783529,2032,,,,,,,,,,,,,,,,68.750,-45.375,12.750
3,S,9783529,2032,0.480,0.160,3.360,-9.838,-0.593,0.282,,,,,,,,,,,,
3,A,9786565,3987,,,,,,,10.800,-0.679,0.545,,,,,,,,,
3,B,9786915,3386,,,,,,,,,,-10.230,-0.566,-0.039,,,,,,
3,S,9786915,3386,0.480,0.160,3.360,-9.883,-0.542,0.318,,,,,,,,,,,,
3,A,9789555,2990,,,,,,,10.788,-0.627,0.575,,,,,,,,,
3,B,9790290,3375,,,,,,,,,,,,,-0.112,-0.336,0.671,,,
3,S,9790290,3375,1.120,-0.480,3.040,-9.938,-0.477,0.352,,,,,,,,,,,,
3,A,9792545,2990,,,,,,,10.723,-0.557,0.620,,,,,,,,,
3,B,9793008,2718,,,,,,,,,,-10.324,-0.410,0.008,,,,,,
3,S,9793008,2718,1.120,-0.160,3.040,-9.938,-0.417,0.372,,,,,,,,,,,,
3,A,9795535,2990,,,,,,,10.678,-0.477,0.670,,,,,,,,,
3,B,9796394,3386,,,,,,,,,,,,,,,,68.750,-44.750,13.000
3,S,9796394,3386,0.800,0.480,3.680,-9.877,-0.347,0.417,,,,,,,,,,,,
3,A,9797528,1993,,,,,,,10.616,-0.462,0.689,,,,,,,,,
3,B,9799083,2689,,,,,,,,,,,,,-0.112,-0.560,1.007,,,
3,S,9799083,2689,1.120,0.480,3.680,-9.822,-0.302,0.453,,,,,,,,,,,,
3,A,9801514,3986,,,,,,,10.602,-0.383,0.736,,,,,,,,,
3,B,9801812,2729,,,,,,,,,,-10.199,-0.230,0.105,,,,,,
3,S,9801812,2729,1.760,0.160,3.360,-9.732,-0.237,0.502,,,,,,,,,,,,
3,A,9804505,2991,,,,,,,10.623,-0.387,0.750,,,,,,,,,
3,B,9805181,3369,,,,,,,,,,,,,,,,68.688,-46.500,13.500
3,S,9805181,3369,2.080,0.800,2.400,-9.682,-0.172,0.547,,,,,,,,,,,,
3,A,9807517,3012,,,,,,,10.674,-0.414,0.708,,,,,,,,,
3,B,9807907,2726,,,,,,,,,,-10.098,-0.059,0.199,,,,,,
3,S,9807907,2726,1.760,1.440,1.760,-9.682,-0.142,0.557,,,,,,,,,,,,
3,A,9810485,2968,,,,,,,10.733,-0.455,0.669,,,,,,,,,
3,B,9811292,3385,,,,,,,,,,,,,-0.112,-0.560,0.895,,,
3,S,9811292,3385,1.120,1.760,1.760,-9.727,-0.152,0.537,,,,,,,,,,,,
3,A,9812478,1993,,,,,,,10.777,-0.496,0.703,,,,,,,,,
3,B,9814000,2708,,,,,,,,,,,,,,,,69.000,-46.562,13.438
3,S,9814000,2708,0.160,1.760,1.760,-9.787,-0.182,0.512,,,,,,,,,,,,
3,A,9816465,3987,,,,,,,10.807,-0.539,0.621,,,,,,,,,
3,B,9817386,3386,,,,,,,,,,,,,0.000,-0.224,0.448,,,
3,S,9817386,3386,0.160,1.120,2.400,-9.857,-0.233,0.472,,,,,,,,,,,,
3,A,9820451,3986,,,,,,,10.788,-0.671,0.577,,,,,,,,,
3,B,9821449,4063,,,,,,,,,,-10.195,-0.113,0.133,,,,,,
3,S,9821449,4063,1.120,0.800,2.080,-9.908,-0.328,0.438,,,,,,,,,,,,
3,A,9823441,2990,,,,,,,10.757,-0.730,0.596,,,,,,,,,
3,B,9824157,2708,,,,,,,,,,,,,,,,69.000,-46.562,13.438
3,S,9824157,2708,1.760,0.800,1.760,-9.908,-0.398,0.417,,,,,,,,,,,,
3,A,9825435,1994,,,,,,,10.737,-0.816,0.578,,,,,,,,,
3,B,9826189,2032,,,,,,,,,,-10.316,-0.289,0.086,,,,,,
3,S,9826189,2032,1.760,0.800,1.440,-9.893,-0.448,0.407,,,,,,,,,,,,
3,A,9829421,3986,,,,,,,10.742,-0.864,0.550,,,,,,,,,
3,B,9829575,3386,,,,,,,,,,,,,0.000,0.000,-0.224,,,
3,S,9829575,3386,1.760,1.120,1.440,-9.863,-0.537,0.388,,,,,,,,,,,,
3,A,9831415,1994,,,,,,,10.742,-0.913,0.581,,,,,,,,,
3,B,9832283,2708,,,,,,,,,,-10.273,-0.488,0.047,,,,,,
3,S,9832283,2708,1.120,1.120,1.440,-9.867,-0.598,0.383,,,,,,,,,,,,
3,A,9834404,2989,,,,,,,10.762,-0.962,0.569,,,,,,,,,
3,B,9835669,3386,,,,,,,,,,,,,,,,69.000,-46.562,13.438
3,S,9835669,3386,0.800,0.480,1.120,-9.893,-0.657,0.383,,,,,,,,,,,,
3,A,9837394,2990,,,,,,,10.819,-0.968,0.600,,,,,,,,,
3,B,9838378,2709,,,,,,,,,,,,,-0.112,0.000,-0.448,,,
3,S,9838378,2709,0.800,0.480,1.120,-9.908,-0.693,0.398,,,,,,,,,,,,
3,A,9841381,3987,,,,,,,10.873,-0.894,0.603,,,,,,,,,
3,B,9842440,4062,,,,,,,,,,-10.316,-0.672,0.059,,,,,,
3,S,9842440,4062,0.800,0.480,2.400,-9.932,-0.733,0.412,,,,,,,,,,,,
3,A,9844371,2990,,,,,,,10.863,-0.893,0.649,,,,,,,,,
3,B,9845149,2709,,,,,,,,,,-10.387,-0.652,0.105,,,,,,
3,S,9845149,2709,0.800,0.800,3.040,-9.963,-0.723,0.417,,,,,,,,,,,,
3,A,9847361,2990,,,,,,,10.802,-0.828,0.693,,,,,,,,,
3,B,9848535,3386,,,,,,,,,,,,,,,,69.750,-44.562,12.938
3,S,9848535,6094,0.800,1.120,3.360,-9.973,-0.637,0.492,,,,,,,,,,,,
3,A,9850351,2990,,,,,,,10.811,-0.818,0.727,,,,,,,,,
3,B,9851921,3386,,,,,,,,,,,,,-0.112,-0.112,-0.224,,,
3,S,9851921,678,0.800,1.440,3.360,-9.967,-0.627,0.502,,,,,,,,,,,,
3,A,9854338,3987,,,,,,,10.742,-0.704,0.712,,,,,,,,,
3,B,9855306,3385,,,,,,,,,,-10.355,-0.535,0.172,,,,,,
3,S,9855306,3385,0.800,0.800,2.720,-9.928,-0.583,0.537,,,,,,,,,,,,
3,A,9858324,3986,,,,,,,10.785,-0.616,0.709,,,,,,,,,
3,B,9859369,4063,,,,,,,,,,,,,,,,68.625,-44.812,13.312
3,S,9859369,4063,1.440,0.480,2.400,-9.887,-0.502,0.532,,,,,,,,,,,,
3,A,9861314,2990,,,,,,,10.822,-0.570,0.703,,,,,,,,,
3,B,9862077,2708,,,,,,,,,,,,,-0.112,-0.336,0.224,,,
3,S,9862077,2708,1.120,0.480,3.040,-9.887,-0.438,0.507,,,,,,,,,,,,
3,A,9863308,1994,,,,,,,10.840,-0.534,0.683,,,,,,,,,
3,B,9864109,2032,,,,,,,,,,-10.301,-0.410,0.172,,,,,,
3,S,9864109,2032,0.800,0.480,3.360,-9.902,-0.388,0.492,,,,,,,,,,,,
3,A,9867294,3986,,,,,,,10.848,-0.493,0.720,,,,,,,,,
3,B,9867495,3386,,,,,,,,,,,,,,,,68.562,-45.000,12.938
3,S,9867495,3386,0.800,0.800,3.360,-9.932,-0.318,0.492,,,,,,,,,,,,
3,A,9869288,1994,,,,,,,10.865,-0.488,0.719,,,,,,,,,
3,B,9870203,2708,,,,,,,,,,,,,0.000,-0.448,0.671,,,
3,S,9870203,2708,0.480,1.120,3.040,-9.957,-0.278,0.502,,,,,,,,,,,,
3,A,9872278,2990,,,,,,,10.814,-0.484,0.704,,,,,,,,,
3,B,9873589,3386,,,,,,,,,,-10.352,-0.230,0.145,,,,,,
3,S,9873589,3386,0.800,1.120,3.040,-9.967,-0.253,0.512,,,,,,,,,,,,
3,A,9876265,3987,,,,,,,10.812,-0.490,0.700,,,,,,,,,
3,B,9876976,3387,,,,,,,,,,,,,,,,68.438,-46.250,14.000
3,S,9876976,3387,1.120,1.120,2.720,-9.953,-0.247,0.507,,,,,,,,,,,,
3,A,9878258,1993,,,,,,,10.781,-0.401,0.675,,,,,,,,,
3,B,9879664,2688,,,,,,,,,,,,,0.000,-0.224,0.895,,,
3,S,9879664,2688,1.440,1.120,2.720,-9.932,-0.247,0.502,,,,,,,,,,,,
3,A,9882254,3996,,,,,,,10.783,-0.389,0.672,,,,,,,,,
3,B,9882392,2728,,,,,,,,,,-10.348,-0.172,0.184,,,,,,
3,S,9882392,2728,1.120,1.440,2.720,-9.902,-0.212,0.492,,,,,,,,,,,,
3,A,9885235,2981,,,,,,,10.746,-0.378,0.693,,,,,,,,,
3,B,9885778,3386,,,,,,,,,,,,,,,,68.375,-45.250,13.500
3,S,9885778,3386,1.440,1.440,2.080,-9.883,-0.147,0.492,,,,,,,,,,,,
3,A,9887228,1993,,,,,,,10.765,-0.389,0.737,,,,,,,,,
3,B,9888487,2709,,,,,,,,,,,,,0.000,-0.112,0.671,,,
3,S,9888487,2709,1.440,0.800,1.760,-9.867,-0.113,0.497,,,,,,,,,,,,
3,A,9891215,3987,,,,,,,10.745,-0.385,0.721,,,,,,,,,
3,B,9891873,3386,,,,,,,,,,-10.297,-0.133,0.145,,,,,,
3,S,9891873,3386,1.760,0.800,1.760,-9.852,-0.122,0.512,,,,,,,,,,,,
3,A,9894205,2990,,,,,,,10.754,-0.388,0.754,,,,,,,,,
3,B,9895258,3385,,,,,,,,,,,,,,,,68.250,-46.000,13.500
3,S,9895258,5416,1.760,2.080,2.080,-9.857,-0.142,0.552,,,,,,,,,,,,
3,A,9897195,2990,,,,,,,10.746,-0.388,0.842,,,,,,,,,
3,B,9897967,2709,,,,,,,,,,,,,0.000,0.000,0.224,,,
3,S,9897967,678,2.080,3.040,2.080,-9.852,-0.142,0.562,,,,,,,,,,,,
3,A,9901182,3987,,,,,,,10.741,-0.499,0.831,,,,,,,,,
3,B,9902029,4062,,,,,,,,,,-10.262,-0.039,0.184,,,,,,
3,S,9902029,4062,1.760,2.400,1.440,-9.842,-0.138,0.618,,,,,,,,,,,,
3,A,9904172,2990,,,,,,,10.705,-0.553,0.720,,,,,,,,,
3,B,9904738,2709,,,,,,,,,,,,,,,,68.625,-46.062,13.438
3,S,9904738,2709,1.120,1.760,0.800,-9.822,-0.182,0.652,,,,,,,,,,,,
3,A,9906165,1993,,,,,,,10.688,-0.598,0.636,,,,,,,,,
3,B,9906770,2032,,,,,,,,,,,,,0.000,0.224,-0.336,,,
3,S,9906770,2032,0.480,1.440,0.800,-9.807,-0.242,0.647,,,,,,,,,,,,
3,A,9910152,3987,,,,,,,10.603,-0.630,0.470,,,,,,,,,
3,B,9911509,4739,,,,,,,,,,-10.199,-0.191,0.270,,,,,,
3,S,9911509,4739,0.160,1.760,0.160,-9.777,-0.362,0.482,,,,,,,,,,,,
3,A,9913142,2990,,,,,,,10.608,-0.622,0.318,,,,,,,,,
3,B,9914198,2689,,,,,,,,,,,,,,,,68.750,-45.750,13.500
3,S,9914198,2689,0.480,2.080,0.480,-9.748,-0.388,0.383,,,,,,,,,,,,
3,A,9915135,1993,,,,,,,10.647,-0.625,0.215,,,,,,,,,
3,B,9916249,2051,,,,,,,,,,-10.109,-0.344,-0.066,,,,,,
3,S,9916249,2051,0.480,2.400,0.800,-9.707,-0.398,0.253,,,,,,,,,,,,
3,A,9919122,3987,,,,,,,10.749,-0.581,0.069,,,,,,,,,
3,B,9919636,3387,,,,,,,,,,,,,-0.112,0.671,-1.007,,,
3,S,9919636,3387,0.480,2.080,1.120,-9.727,-0.388,0.092,,,,,,,,,,,,
3,A,9921115,1993,,,,,,,10.779,-0.613,0.037,,,,,,,,,
3,B,9922344,2708,,,,,,,,,,,,,,,,69.062,-46.438,13.188
3,S,9922344,2708,0.800,1.760,0.800,-9.787,-0.372,-0.022,,,,,,,,,,,,
3,A,9925124,4009,,,,,,,10.816,-0.736,0.109,,,,,,,,,
3,B,9925730,3386,,,,,,,,,,-10.234,-0.336,-0.383,,,,,,
3,S,9925730,3386,0.800,0.800,0.480,-9.877,-0.398,-0.098,,,,,,,,,,,,
3,A,9927095,1971,,,,,,,10.815,-0.811,0.145,,,,,,,,,
3,B,9927761,2031,,,,,,,,,,,,,-0.224,0.671,-1.343,,,
3,S,9927761,2031,1.120,0.480,0.480,-9.912,-0.438,-0.098,,,,,,,,,,,,
3,A,9931082,3987,,,,,,,10.818,-0.888,0.273,,,,,,,,,
3,B,9932501,4740,,,,,,,,,,,,,,,,69.625,-45.750,13.062
3,S,9932501,4740,1.440,0.160,0.480,-9.943,-0.578,-0.022,,,,,,,,,,,,
3,A,9935069,3987,,,,,,,10.798,-1.047,0.455,,,,,,,,,
3,B,9935887,3386,,,,,,,,,,-10.352,-0.488,-0.395,,,,,,
3,S,9935887,3386,0.800,0.480,0.480,-9.928,-0.682,0.072,,,,,,,,,,,,
3,A,9937062,1993,,,,,,,10.828,-1.093,0.510,,,,,,,,,
3,B,9937919,2032,,,,,,,,,,,,,-0.224,0.112,-1.455,,,
3,S,9937919,2032,0.800,0.480,0.480,-9.922,-0.738,0.152,,,,,,,,,,,,
3,A,9942045,4983,,,,,,,10.889,-1.128,0.679,,,,,,,,,
3,B,9942659,4740,,,,,,,,,,-10.363,-0.707,-0.145,,,,,,
3,S,9942659,4740,1.120,-0.160,0.800,-9.957,-0.877,0.347,,,,,,,,,,,,
3,A,9944039,1994,,,,,,,10.873,-1.138,0.740,,,,,,,,,
3,B,9945367,2708,,,,,,,,,,,,,,,,67.875,-46.375,13.688
3,S,9945367,2708,1.440,0.160,1.120,-10.008,-0.917,0.432,,,,,,,,,,,,
3,A,9947029,2990,,,,,,,10.851,-1.112,0.809,,,,,,,,,
3,B,9947398,2031,,,,,,,,,,-10.406,-0.844,0.145,,,,,,
3,S,9947398,2031,1.760,0.800,1.440,-10.027,-0.922,0.492,,,,,,,,,,,,
3,A,9950019,2990,,,,,,,10.835,-1.066,0.861,,,,,,,,,
3,B,9950784,3386,,,,,,,,,,,,,-0.112,-0.671,-1.119,,,
3,S,9950784,3386,1.760,0.480,1.760,-10.018,-0.907,0.588,,,,,,,,,,,,
3,A,9953009,2990,,,,,,,10.819,-1.001,0.910,,,,,,,,,
3,B,9953493,2709,,,,,,,,,,,,,,,,67.625,-47.188,14.000
3,S,9953493,2709,1.440,-0.160,2.080,-9.988,-0.873,0.652,,,,,,,,,,,,
3,A,9956000,2991,,,,,,,10.804,-0.951,0.956,,,,,,,,,
3,B,9956879,3386,,,,,,,,,,-10.387,-0.793,0.336,,,,,,
3,S,9956879,3386,0.800,-0.160,2.400,-9.957,-0.812,0.718,,,,,,,,,,,,
3,A,9958990,2990,,,,,,,10.785,-0.874,0.948,,,,,,,,,
3,B,9960264,3385,,,,,,,,,,,,,-0.112,-0.895,-0.448,,,
3,S,9960264,3385,0.800,0.480,2.720,-9.932,-0.743,0.757,,,,,,,,,,,,
3,A,9961980,2990,,,,,,,10.755,-0.796,0.939,,,,,,,,,
3,B,9962295,2031,,,,,,,,,,,,,,,,68.562,-44.000,13.062
3,S,9962295,2031,1.120,1.120,2.720,-9.918,-0.693,0.762,,,,,,,,,,,,
3,A,9964970,2990,,,,,,,10.723,-0.679,0.870,,,,,,,,,
3,B,9965682,3387,,,,,,,,,,-10.348,-0.641,0.449,,,,,,
3,S,9965682,3387,1.440,1.120,2.720,-9.877,-0.593,0.752,,,,,,,,,,,,
3,A,9967984,3014,,,,,,,10.716,-0.608,0.838,,,,,,,,,
3,B,9968390,2708,,,,,,,,,,,,,0.000,-0.560,0.224,,,
3,S,9968390,2708,1.440,1.120,2.400,-9.848,-0.522,0.728,,,,,,,,,,,,
3,A,9970951,2967,,,,,,,10.757,-0.555,0.769,,,,,,,,,
3,B,9971776,3386,,,,,,,,,,-10.246,-0.422,0.363,,,,,,
3,S,9971776,3386,1.440,1.120,2.720,-9.822,-0.427,0.672,,,,,,,,,,,,
3,A,9973941,2990,,,,,,,10.739,-0.535,0.681,,,,,,,,,
3,B,9975161,3385,,,,,,,,,,,,,,,,68.875,-46.688,13.750
3,S,9975161,3385,0.800,1.760,2.720,-9.832,-0.333,0.593,,,,,,,,,,,,
3,A,9976931,2990,,,,,,,10.729,-0.522,0.587,,,,,,,,,
3,B,9977870,2709,,,,,,,,,,,,,0.000,0.000,0.560,,,
3,S,9977870,2709,0.800,2.080,2.400,-9.842,-0.282,0.522,,,,,,,,,,,,
3,A,9980918,3987,,,,,,,10.674,-0.543,0.434,,,,,,,,,
3,B,9981933,4063,,,,,,,,,,-10.234,-0.211,0.172,,,,,,
3,S,9981933,4063,0.800,1.760,2.080,-9.822,-0.273,0.412,,,,,,,,,,,,
3,A,9983908,2990,,,,,,,10.645,-0.602,0.329,,,,,,,,,
3,B,9984642,2709,,,,,,,,,,,,,,,,68.688,-44.938,12.625
3,S,9984642,2709,0.160,1.440,2.080,-9.793,-0.292,0.328,,,,,,,,,,,,
3,A,9985901,1993,,,,,,,10.623,-0.617,0.286,,,,,,,,,
3,B,9986673,2031,,,,,,,,,,-10.180,-0.238,-0.047,,,,,,
3,S,9986673,2031,-0.160,1.440,2.080,-9.768,-0.318,0.253,,,,,,,,,,,,
3,A,9989888,3987,,,,,,,10.603,-0.704,0.220,,,,,,,,,
3,B,9990058,3385,,,,,,,,,,,,,0.000,0.560,0.560,,,
3,S,9990058,3385,0.480,1.760,2.400,-9.732,-0.362,0.133,,,,,,,,,,,,
3,A,9991881,1993,,,,,,,10.630,-0.751,0.168,,,,,,,,,
3,B,9992768,2710,,,,,,,,,,,,,,,,67.562,-44.750,12.875
3,S,9992768,2710,1.440,1.760,2.720,-9.723,-0.403,0.058,,,,,,,,,,,,
3,A,9994871,2990,,,,,,,10.651,-0.838,0.181,,,,,,,,,
3,B,9996152,3384,,,,,,,,,,-10.133,-0.375,-0.297,,,,,,
3,S,9996152,3384,1.440,1.120,2.400,-9.723,-0.482,0.013,,,,,,,,,,,,
3,A,9998858,3987,,,,,,,10.688,-0.951,0.223,,,,,,,,,
3,B,9999539,3387,,,,,,,,,,,,,0.000,0.560,0.336,,,
3,S,9999539,3387,0.480,0.160,2.080,-9.752,-0.583,0.013,,,,,,,,,,,,
3,A,10000851,1993,,,,,,,10.702,-1.000,0.249,,,,,,,,,
3,B,10002247,2708,,,,,,,,,,,,,,,,68.438,-44.688,13.062
3,S,10002247,2708,0.160,-0.480,2.080,-9.783,-0.657,0.028,,,,,,,,,,,,
3,A,10004838,3987,,,,,,,10.708,-0.974,0.353,,,,,,,,,
3,B,10004956,2709,,,,,,,,,,-10.188,-0.594,-0.336,,,,,,
3,S,10004956,2709,0.480,0.160,2.720,-9.812,-0.728,0.068,,,,,,,,,,,,
3,A,10006831,1993,,,,,,,10.724,-1.017,0.434,,,,,,,,,
3,B,10007665,2709,,,,,,,,,,,,,0.000,0.000,0.112,,,
3,S,10007665,2709,1.120,-0.800,3.680,-9.857,-0.672,0.432,,,,,,,,,,,,
3,A,10018792,11961,,,,,,,10.818,-0.690,0.767,,,,,,,,,
3,B,10019854,12189,,,,,,,,,,,,,,,,68.625,-43.875,12.812
3,S,10019854,12189,0.800,-0.480,4.000,-9.867,-0.627,0.472,,,,,,,,,,,,
3,A,10019789,997,,,,,,,10.852,-0.629,0.755,,,,,,,,,
3,B,10021207,1353,,,,,,,,,,,,,0.000,-0.783,0.448,,,
3,S,10021207,1353,0.800,-0.480,4.640,-9.877,-0.578,0.502,,,,,,,,,,,,
3,A,10024772,4983,,,,,,,10.910,-0.464,0.894,,,,,,,,,
3,B,10025270,4063,,,,,,,,,,-10.305,-0.633,0.039,,,,,,
3,S,10025270,4063,1.120,0.160,4.320,-9.932,-0.372,0.557,,,,,,,,,,,,
3,A,10027762,2990,,,,,,,10.905,-0.241,0.855,,,,,,,,,
3,B,10028656,3386,,,,,,,,,,,,,,,,68.062,-46.250,14.062
3,S,10028656,3386,1.760,0.160,3.040,-9.977,-0.198,0.603,,,,,,,,,,,,
3,A,10029755,1993,,,,,,,10.904,-0.199,0.897,,,,,,,,,
3,B,10030688,2032,,,,,,,,,,,,,-0.112,-1.231,1.007,,,
3,S,10030688,2032,1.120,0.160,2.720,-9.992,-0.113,0.637,,,,,,,,,,,,
3,A,10033742,3987,,,,,,,10.955,-0.181,0.917,,,,,,,,,
3,B,10034073,3385,,,,,,,,,,-10.414,0.027,0.336,,,,,,
3,S,10034073,3385,1.120,0.480,2.720,-10.008,-0.003,0.688,,,,,,,,,,,,
3,A,10036732,2990,,,,,,,10.951,-0.093,0.939,,,,,,,,,
3,B,10037459,3386,,,,,,,,,,,,,,,,69.250,-45.688,13.125
3,S,10037459,3386,0.800,0.480,2.400,-10.023,0.058,0.718,,,,,,,,,,,,
3,A,10038725,1993,,,,,,,10.954,-0.129,0.871,,,,,,,,,
3,B,10040148,2689,,,,,,,,,,,,,-0.112,-1.119,1.231,,,
3,S,10040148,2689,1.120,0.800,2.400,-10.033,0.087,0.733,,,,,,,,,,,,
3,A,10042712,3987,,,,,,,10.954,-0.189,0.920,,,,,,,,,
3,B,10042877,2729,,,,,,,,,,-10.434,0.191,0.375,,,,,,
3,S,10042877,2729,1.120,1.120,2.080,-10.027,0.122,0.738,,,,,,,,,,,,
3,A,10045702,2990,,,,,,,10.927,-0.202,0.894,,,,,,,,,
3,B,10046262,3385,,,,,,,,,,,,,,,,67.938,-45.312,13.875
3,S,10046262,3385,1.440,1.440,1.760,-10.018,0.128,0.738,,,,,,,,,,,,
3,A,10047696,1994,,,,,,,10.923,-0.302,0.963,,,,,,,,,
3,B,10048971,2709,,,,,,,,,,,,,0.000,-0.560,0.895,,,
3,S,10048971,2709,1.440,1.440,1.440,-10.012,0.098,0.743,,,,,,,,,,,,
3,A,10051683,3987,,,,,,,10.892,-0.421,1.045,,,,,,,,,
3,B,10052356,3385,,,,,,,,,,-10.418,0.184,0.383,,,,,,
3,S,10052356,3385,1.120,1.440,0.800,-10.008,0.022,0.752,,,,,,,,,,,,
3,A,10054673,2990,,,,,,,10.843,-0.444,0.943,,,,,,,,,
3,B,10055064,2708,,,,,,,,,,,,,,,,69.062,-46.438,13.188
3,S,10055064,2708,0.480,2.080,0.480,-9.992,-0.058,0.757,,,,,,,,,,,,
3,A,10056666,1993,,,,,,,10.811,-0.489,0.966,,,,,,,,,
3,B,10057774,2710,,,,,,,,,,,,,0.000,0.112,-0.112,,,
3,S,10057774,2710,0.480,2.400,0.160,-9.963,-0.138,0.762,,,,,,,,,,,,
3,A,10060653,3987,,,,,,,10.739,-0.621,0.929,,,,,,,,,
3,B,10061837,4063,,,,,,,,,,-10.391,-0.008,0.383,,,,,,
3,S,10061837,4063,0.800,2.720,0.800,-9.912,-0.258,0.757,,,,,,,,,,,,
3,A,10063643,2990,,,,,,,10.697,-0.716,0.874,,,,,,,,,
3,B,10064545,2708,,,,,,,,,,-10.309,-0.277,0.402,,,,,,
3,S,10064545,2708,0.480,2.720,0.480,-9.877,-0.343,0.748,,,,,,,,,,,,
3,A,10066633,2990,,,,,,,10.671,-0.760,0.870,,,,,,,,,
3,B,10067253,2708,,,,,,,,,,,,,,,,68.938,-45.562,12.938
3,S,10067253,2708,0.160,2.720,0.160,-9.842,-0.432,0.723,,,,,,,,,,,,
3,A,10068626,1993,,,,,,,10.653,-0.792,0.830,,,,,,,,,
3,B,10069963,2710,,,,,,,,,,,,,-0.112,0.783,-1.007,,,
3,S,10069963,2710,0.480,2.400,0.160,-9.807,-0.502,0.688,,,,,,,,,,,,
3,A,10072613,3987,,,,,,,10.642,-0.841,0.740,,,,,,,,,
3,B,10073348,3385,,,,,,,,,,-10.223,-0.496,0.336,,,,,,
3,S,10073348,3385,0.800,2.080,0.160,-9.773,-0.557,0.632,,,,,,,,,,,,
3,A,10075603,2990,,,,,,,10.666,-0.848,0.549,,,,,,,,,
3,B,10076734,3386,,,,,,,,,,,,,,,,69.375,-46.062,12.938
3,S,10076734,3386,0.800,2.080,0.480,-9.752,-0.588,0.552,,,,,,,,,,,,
3,A,10078606,3003,,,,,,,10.665,-0.819,0.491,,,,,,,,,
3,B,10078765,2031,,,,,,,,,,,,,-0.112,1.343,-1.455,,,
3,S,10078765,2031,0.160,2.080,0.800,-9.752,-0.608,0.492,,,,,,,,,,,,
3,A,10081584,2978,,,,,,,10.655,-0.848,0.432,,,,,,,,,
3,B,10082150,3385,,,,,,,,,,-10.191,-0.555,0.164,,,,,,
3,S,10082150,3385,0.160,3.040,1.120,-9.762,-0.647,0.398,,,,,,,,,,,,
3,A,10084574,2990,,,,,,,10.655,-0.899,0.402,,,,,,,,,
3,B,10085536,3386,,,,,,,,,,,,,,,,67.875,-45.938,13.625
3,S,10085536,3386,0.480,3.040,1.440,-9.762,-0.642,0.307,,,,,,,,,,,,
3,A,10087564,2990,,,,,,,10.649,-0.882,0.351,,,,,,,,,
3,B,10088245,2709,,,,,,,,,,-10.207,-0.574,-0.066,,,,,,
3,S,10088245,2709,0.160,2.720,1.440,-9.762,-0.637,0.247,,,,,,,,,,,,
3,A,10090554,2990,,,,,,,10.659,-0.890,0.334,,,,,,,,,
3,B,10091631,3386,,,,,,,,,,,,,-0.112,1.679,-1.455,,,
3,S,10091631,3386,0.160,2.400,1.120,-9.768,-0.642,0.188,,,,,,,,,,,,
3,A,10093544,2990,,,,,,,10.681,-0.851,0.307,,,,,,,,,
3,B,10094339,2708,,,,,,,,,,,,,,,,68.750,-45.375,12.750
3,S,10094339,2708,0.480,2.720,1.440,-9.777,-0.647,0.158,,,,,,,,,,,,
3,A,10096534,2990,,,,,,,10.706,-0.822,0.332,,,,,,,,,
3,B,10097706,3367,,,,,,,,,,-10.188,-0.613,-0.184,,,,,,
3,S,10097706,3367,1.120,2.080,2.400,-9.793,-0.632,0.133,,,,,,,,,,,,
3,A,10099524,2990,,,,,,,10.728,-0.812,0.366,,,,,,,,,
3,B,10100434,2728,,,,,,,,,,,,,0.000,1.567,-1.007,,,
3,S,10100434,2728,0.800,1.120,2.720,-9.828,-0.603,0.133,,,,,,,,,,,,
3,A,10102514,2990,,,,,,,10.738,-0.942,0.428,,,,,,,,,
3,B,10103142,2708,,,,,,,,,,,,,,,,68.312,-45.875,13.250
3,S,10103142,2708,0.800,0.800,2.080,-9.852,-0.588,0.152,,,,,,,,,,,,
3,A,10105504,2990,,,,,,,10.765,-0.863,0.441,,,,,,,,,
3,B,10106528,3386,,,,,,,,,,-10.270,-0.547,-0.172,,,,,,
3,S,10106528,3386,0.480,1.120,1.760,-9.873,-0.632,0.207,,,,,,,,,,,,
3,A,10109491,3987,,,,,,,10.760,-0.823,0.468,,,,,,,,,
3,B,10109914,3386,,,,,,,,,,,,,0.000,1.119,-0.448,,,
3,S,10109914,3386,1.120,1.760,1.760,-9.877,-0.672,0.253,,,,,,,,,,,,
3,A,10111484,1993,,,,,,,10.736,-0.809,0.455,,,,,,,,,
3,B,10112622,2708,,,,,,,,,,-10.285,-0.621,-0.047,,,,,,
3,S,10112622,5417,1.440,1.440,2.400,-9.863,-0.613,0.278,,,,,,,,,,,,
3,A,10114475,2991,,,,,,,10.743,-0.794,0.473,,,,,,,,,
3,B,10116007,3385,,,,,,,,,,,,,,,,69.312,-45.562,12.875
3,S,10116007,676,0.160,0.800,2.400,-9.857,-0.598,0.282,,,,,,,,,,,,
3,A,10117465,2990,,,,,,,10.740,-0.741,0.454,,,,,,,,,
3,B,10118039,2032,,,,,,,,,,-10.266,-0.496,-0.078,,,,,,
3,S,10118039,2032,0.160,0.800,2.720,-9.852,-0.557,0.287,,,,,,,,,,,,
3,A,10120455,2990,,,,,,,10.785,-0.757,0.511,,,,,,,,,
3,B,10121425,3386,,,,,,,,,,,,,0.000,0.560,0.000,,,
3,S,10121425,3386,-0.160,0.800,2.720,-9.857,-0.522,0.312,,,,,,,,,,,,
3,A,10123445,2990,,,,,,,10.797,-0.763,0.535,,,,,,,,,
3,B,10124133,2708,,,,,,,,,,,,,,,,68.125,-46.125,13.812
3,S,10124133,2708,0.800,1.120,2.720,-9.873,-0.517,0.328,,,,,,,,,,,,
3,A,10126435,2990,,,,,,,10.775,-0.724,0.521,,,,,,,,,
3,B,10127520,3387,,,,,,,,,,-10.305,-0.480,-0.027,,,,,,
3,S,10127520,3387,0.800,1.440,2.720,-9.883,-0.522,0.343,,,,,,,,,,,,
3,A,10129425,2990,,,,,,,10.775,-0.607,0.520,,,,,,,,,
3,B,10130906,3386,,,,,,,,,,,,,0.112,0.000,0.448,,,
3,S,10130906,3386,0.480,1.120,3.040,-9.877,-0.497,0.338,,,,,,,,,,,,
3,A,10132415,2990,,,,,,,10.821,-0.589,0.515,,,,,,,,,
3,B,10132937,2031,,,,,,,,,,,,,,,,68.688,-47.438,13.062
3,S,10132937,2031,0.800,1.120,3.040,-9.873,-0.463,0.338,,,,,,,,,,,,
3,A,10135405,2990,,,,,,,10.872,-0.628,0.573,,,,,,,,,
3,B,10136322,3385,,,,,,,,,,-10.301,-0.375,-0.008,,,,,,
3,S,10136322,3385,1.120,1.440,3.040,-9.893,-0.398,0.352,,,,,,,,,,,,
3,A,10139392,3987,,,,,,,10.883,-0.636,0.619,,,,,,,,,
3,B,10139709,3387,,,,,,,,,,,,,0.000,-0.224,0.560,,,
3,S,10139709,3387,1.120,1.760,2.720,-9.947,-0.367,0.383,,,,,,,,,,,,
3,A,10142382,2990,,,,,,,10.903,-0.638,0.610,,,,,,,,,
3,B,10143094,3385,,,,,,,,,,-10.391,-0.316,0.027,,,,,,
3,S,10143094,3385,1.440,1.440,2.400,-9.988,-0.383,0.412,,,,,,,,,,,,
3,A,10145372,2990,,,,,,,10.906,-0.609,0.603,,,,,,,,,
3,B,10146480,3386,,,,,,,,,,,,,,,,68.562,-45.625,13.312
3,S,10146480,3386,1.440,1.120,2.400,-9.998,-0.398,0.432,,,,,,,,,,,,
3,A,10148362,2990,,,,,,,10.869,-0.629,0.652,,,,,,,,,
3,B,10149188,2708,,,,,,,,,,,,,-0.112,-0.224,0.448,,,
3,S,10149188,2708,1.120,0.800,2.400,-9.998,-0.393,0.448,,,,,,,,,,,,
3,A,10151352,2990,,,,,,,10.856,-0.623,0.649,,,,,,,,,
3,B,10152574,3386,,,,,,,,,,-10.410,-0.336,0.098,,,,,,
3,S,10152574,3386,1.120,1.120,2.400,-9.992,-0.383,0.458,,,,,,,,,,,,
3,A,10155339,3987,,,,,,,10.822,-0.652,0.607,,,,,,,,,
3,B,10155960,3386,,,,,,,,,,,,,,,,68.000,-45.688,13.000
3,S,10155960,3386,1.440,2.080,2.400,-9.977,-0.388,0.463,,,,,,,,,,,,
3,A,10157333,1994,,,,,,,10.802,-0.673,0.611,,,,,,,,,
3,B,10157992,2032,,,,,,,,,,,,,-0.112,-0.112,0.224,,,
3,S,10157992,2032,0.800,2.400,2.400,-9.967,-0.403,0.458,,,,,,,,,,,,
3,A,10161319,3986,,,,,,,10.799,-0.691,0.536,,,,,,,,,
3,B,10162732,4740,,,,,,,,,,-10.359,-0.336,0.098,,,,,,
3,S,10162732,4740,0.800,1.760,2.080,-9.922,-0.443,0.422,,,,,,,,,,,,
3,A,10164309,2990,,,,,,,10.720,-0.721,0.518,,,,,,,,,
3,B,10164763,2031,,,,,,,,,,-10.297,-0.395,0.059,,,,,,
3,S,10164763,2031,0.800,1.440,2.080,-9.912,-0.458,0.398,,,,,,,,,,,,
3,A,10167299,2990,,,,,,,10.709,-0.720,0.451,,,,,,,,,
3,B,10168145,3382,,,,,,,,,,,,,,,,69.688,-46.188,13.188
3,S,10168145,3382,0.480,1.120,1.760,-9.883,-0.472,0.357,,,,,,,,,,,,
3,A,10170289,2990,,,,,,,10.686,-0.737,0.455,,,,,,,,,
3,B,10170858,2713,,,,,,,,,,,,,-0.224,0.224,-0.112,,,
3,S,10170858,2713,0.160,1.120,1.760,-9.838,-0.477,0.328,,,,,,,,,,,,
3,A,10173279,2990,,,,,,,10.669,-0.743,0.434,,,,,,,,,
3,B,10174243,3385,,,,,,,,,,-10.230,-0.449,-0.047,,,,,,
3,S,10174243,3385,0.160,0.800,1.760,-9.787,-0.492,0.287,,,,,,,,,,,,
3,A,10176269,3987,,,,,,,10.609,-0.795,0.342,,,,,,,,,
3,B,10177629,3386,,,,,,,,,,,,,,,,69.125,-46.375,13.812
3,S,10177629,3386,1.120,1.120,2.400,-9.758,-0.527,0.263,,,,,,,,,,,,
3,A,10179259,1993,,,,,,,10.599,-0.805,0.341,,,,,,,,,
3,B,10180337,2708,,,,,,,,,,,,,-0.112,0.448,-0.336,,,
3,S,10180337,2708,2.400,1.440,2.400,-9.752,-0.552,0.237,,,,,,,,,,,,
3,A,10182249,2990,,,,,,,10.642,-0.861,0.386,,,,,,,,,
3,B,10183704,3367,,,,,,,,,,-10.141,-0.496,-0.086,,,,,,
3,S,10183704,3367,2.400,1.120,1.760,-9.758,-0.588,0.207,,,,,,,,,,,,
3,A,10186236,3987,,,,,,,10.629,-0.919,0.327,,,,,,,,,
3,B,10186431,2727,,,,,,,,,,,,,,,,67.750,-45.562,12.812
3,S,10186431,2727,1.760,0.480,1.440,-9.762,-0.613,0.188,,,,,,,,,,,,
3,A,10188229,1993,,,,,,,10.720,-0.873,0.346,,,,,,,,,
3,B,10189140,2709,,,,,,,,,,,,,0.000,0.336,-0.336,,,
3,S,10189140,2709,1.120,0.480,1.760,-9.758,-0.647,0.172,,,,,,,,,,,,
3,A,10192216,3987,,,,,,,10.642,-0.919,0.455,,,,,,,,,
3,B,10192526,3386,,,,,,,,,,-10.184,-0.594,-0.152,,,,,,
3,S,10192526,3386,0.480,0.480,2.080,-9.773,-0.677,0.163,,,,,,,,,,,,
3,A,10195206,2990,,,,,,,10.509,-0.903,0.519,,,,,,,,,
3,B,10195912,3386,,,,,,,,,,,,,,,,69.562,-46.375,12.812
3,S,10195912,3386,-0.160,0.480,2.400,-9.787,-0.698,0.193,,,,,,,,,,,,
3,A,10197199,1993,,,,,,,10.494,-0.919,0.571,,,,,,,,,
3,B,10198604,2692,,,,,,,,,,,,,0.000,-0.112,-0.112,,,
3,S,10198604,2692,0.160,0.800,2.720,-9.738,-0.693,0.263,,,,,,,,,,,,
3,A,10202183,4984,,,,,,,10.583,-0.882,0.672,,,,,,,,,
3,B,10202683,4079,,,,,,,,,,-10.195,-0.633,-0.133,,,,,,
3,S,10202683,4079,0.800,0.480,2.720,-9.627,-0.693,0.403,,,,,,,,,,,,
3,A,10205173,2990,,,,,,,10.896,-0.822,0.678,,,,,,,,,
3,B,10206068,3385,,,,,,,,,,,,,,,,67.750,-46.062,13.875
3,S,10206068,3385,1.120,-0.160,2.720,-9.652,-0.682,0.487,,,,,,,,,,,,
3,A,10208172,2999,,,,,,,11.112,-0.675,0.686,,,,,,,,,
3,B,10208778,2710,,,,,,,,,,-10.023,-0.641,0.098,,,,,,
3,S,10208778,2710,0.480,0.160,3.040,-9.812,-0.632,0.512,,,,,,,,,,,,
3,A,10211153,2981,,,,,,,11.175,-0.598,0.758,,,,,,,,,
3,B,10212163,3385,,,,,,,,,,,,,0.000,-0.560,0.336,,,
3,S,10212163,3385,0.480,0.160,3.680,-10.102,-0.517,0.512,,,,,,,,,,,,
3,A,10213146,1993,,,,,,,11.113,-0.562,0.814,,,,,,,,,
3,B,10214186,2023,,,,,,,,,,-10.496,-0.480,0.133,,,,,,
3,S,10214186,2023,1.120,0.160,4.000,-10.238,-0.438,0.512,,,,,,,,,,,,
3,A,10217133,3987,,,,,,,10.948,-0.492,0.844,,,,,,,,,
3,B,10217580,3394,,,,,,,,,,,,,,,,69.312,-45.562,12.875
3,S,10217580,3394,1.440,0.480,4.320,-10.293,-0.328,0.547,,,,,,,,,,,,
3,A,10219126,1993,,,,,,,10.867,-0.453,0.831,,,,,,,,,
3,B,10220289,2709,,,,,,,,,,,,,0.000,-0.895,0.783,,,
3,S,10220289,2709,1.120,-0.160,4.000,-10.182,-0.278,0.603,,,,,,,,,,,,
3,A,10223113,3987,,,,,,,10.795,-0.344,0.851,,,,,,,,,
3,B,10223675,3386,,,,,,,,,,-10.609,-0.230,0.258,,,,,,
3,S,10223675,3386,1.120,-0.480,3.040,-9.998,-0.228,0.647,,,,,,,,,,,,
3,A,10226103,2990,,,,,,,10.765,-0.341,0.845,,,,,,,,,
3,B,10227060,3385,,,,,,,,,,,,,,,,68.125,-45.062,13.312
3,S,10227060,3385,0.800,-0.160,2.720,-9.883,-0.152,0.647,,,,,,,,,,,,
3,A,10229087,2984,,,,,,,10.809,-0.334,0.857,,,,,,,,,
3,B,10229744,2684,,,,,,,,,,,,,0.000,-0.895,1.007,,,
3,S,10229744,2684,0.480,0.160,2.720,-9.857,-0.107,0.637,,,,,,,,,,,,
3,A,10232083,2996,,,,,,,10.845,-0.342,0.849,,,,,,,,,
3,B,10232478,2734,,,,,,,,,,-10.297,-0.078,0.305,,,,,,
3,S,10232478,2734,0.480,0.800,2.400,-9.867,-0.068,0.627,,,,,,,,,,,,
3,A,10235073,2990,,,,,,,10.850,-0.356,0.831,,,,,,,,,
3,B,10235864,3386,,,,,,,,,,,,,,,,68.375,-46.312,13.312
3,S,10235864,3386,0.480,0.480,2.080,-9.912,-0.068,0.637,,,,,,,,,,,,
3,A,10238063,2990,,,,,,,10.860,-0.437,0.881,,,,,,,,,
3,B,10238572,2708,,,,,,,,,,,,,0.000,-0.671,0.783,,,
3,S,10238572,2708,0.160,0.160,2.080,-9.947,-0.087,0.652,,,,,,,,,,,,
3,A,10242050,3987,,,,,,,10.852,-0.473,0.849,,,,,,,,,
3,B,10242635,4063,,,,,,,,,,-10.305,0.000,0.289,,,,,,
3,S,10242635,4063,0.800,0.800,2.080,-9.967,-0.138,0.667,,,,,,,,,,,,
3,A,10245040,2990,,,,,,,10.869,-0.509,0.829,,,,,,,,,
3,B,10246020,3385,,,,,,,,,,,,,,,,67.812,-44.938,13.062
3,S,10246020,3385,0.800,1.120,1.760,-9.957,-0.203,0.662,,,,,,,,,,,,
3,A,10248030,2990,,,,,,,10.892,-0.575,0.861,,,,,,,,,
3,B,10248729,2709,,,,,,,,,,-10.383,-0.066,0.305,,,,,,
3,S,10248729,2709,0.480,0.800,1.440,-9.953,-0.258,0.662,,,,,,,,,,,,
3,A,10251020,2990,,,,,,,10.869,-0.610,0.812,,,,,,,,,
3,B,10252114,3385,,,,,,,,,,,,,0.000,-0.336,0.224,,,
3,S,10252114,3385,0.480,0.800,1.120,-9.973,-0.323,0.652,,,,,,,,,,,,
3,A,10254010,2990,,,,,,,10.795,-0.615,0.739,,,,,,,,,
3,B,10254824,2710,,,,,,,,,,-10.398,-0.219,0.305,,,,,,
3,S,10254824,2710,0.800,1.440,0.800,-9.988,-0.352,0.623,,,,,,,,,,,,
3,A,10257000,2990,,,,,,,10.730,-0.637,0.684,,,,,,,,,
3,B,10258209,3385,,,,,,,,,,,,,,,,68.812,-45.188,13.125
3,S,10258209,3385,0.480,2.400,0.800,-9.957,-0.378,0.552,,,,,,,,,,,,
3,A,10259992,2992,,,,,,,10.665,-0.646,0.558,,,,,,,,,
3,B,10260240,2031,,,,,,,,,,,,,-0.112,0.224,-0.224,,,
3,S,10260240,2031,0.160,2.720,1.120,-9.912,-0.393,0.507,,,,,,,,,,,,
3,A,10262982,2990,,,,,,,10.602,-0.672,0.467,,,,,,,,,
3,B,10263627,3387,,,,,,,,,,-10.355,-0.344,0.191,,,,,,
3,S,10263627,3387,0.480,2.080,1.760,-9.822,-0.422,0.422,,,,,,,,,,,,
3,A,10265972,2990,,,,,,,10.585,-0.685,0.346,,,,,,,,,
3,B,10267011,3384,,,,,,,,,,,,,,,,68.750,-46.375,13.250
3,S,10267011,3384,1.120,1.440,1.760,-9.748,-0.453,0.323,,,,,,,,,,,,
3,A,10268962,2990,,,,,,,10.605,-0.715,0.307,,,,,,,,,
3,B,10269721,2710,,,,,,,,,,,,,0.000,0.671,-0.448,,,
3,S,10269721,2710,1.120,1.440,1.440,-9.707,-0.468,0.242,,,,,,,,,,,,
3,A,10271952,2990,,,,,,,10.612,-0.684,0.238,,,,,,,,,
3,B,10273106,3385,,,,,,,,,,-10.172,-0.375,0.008,,,,,,
3,S,10273106,3385,1.120,1.760,1.760,-9.697,-0.468,0.152,,,,,,,,,,,,
3,A,10275939,3987,,,,,,,10.618,-0.665,0.203,,,,,,,,,
3,B,10276492,3386,,,,,,,,,,,,,,,,68.688,-47.000,13.625
3,S,10276492,3386,1.120,2.080,1.760,-9.703,-0.458,0.077,,,,,,,,,,,,
3,A,10277932,1993,,,,,,,10.626,-0.682,0.179,,,,,,,,,
3,B,10278524,2032,,,,,,,,,,-10.133,-0.395,-0.199,,,,,,
3,S,10278524,2032,0.800,1.760,1.440,-9.707,-0.443,0.043,,,,,,,,,,,,
3,A,10280922,2990,,,,,,,10.623,-0.721,0.132,,,,,,,,,
3,B,10281910,3386,,,,,,,,,,,,,-0.112,0.895,-0.448,,,
3,S,10281910,3386,0.800,1.120,1.120,-9.707,-0.443,0.003,,,,,,,,,,,,
3,A,10283912,2990,,,,,,,10.597,-0.693,0.135,,,,,,,,,
3,B,10284618,2708,,,,,,,,,,-10.121,-0.375,-0.336,,,,,,
3,S,10284618,2708,0.800,0.800,1.120,-9.717,-0.463,-0.013,,,,,,,,,,,,
3,A,10286902,2990,,,,,,,10.619,-0.795,0.183,,,,,,,,,
3,B,10288003,3385,,,,,,,,,,,,,,,,68.438,-45.688,13.625
3,S,10288003,3385,0.800,0.160,1.440,-9.723,-0.492,-0.018,,,,,,,,,,,,
3,A,10289892,2990,,,,,,,10.642,-0.824,0.245,,,,,,,,,
3,B,10290713,2710,,,,,,,,,,,,,-0.112,0.560,-0.448,,,
3,S,10290713,5418,0.800,0.160,2.080,-9.717,-0.562,0.043,,,,,,,,,,,,
3,A,10292883,2991,,,,,,,10.652,-0.924,0.387,,,,,,,,,
3,B,10294097,3384,,,,,,,,,,-10.121,-0.469,-0.375,,,,,,
3,S,10294097,676,0.160,0.160,2.080,-9.723,-0.578,0.058,,,,,,,,,,,,
3,A,10295873,2990,,,,,,,10.706,-0.981,0.450,,,,,,,,,
3,B,10297484,3387,,,,,,,,,,,,,,,,69.625,-46.812,13.562
3,S,10297484,3387,0.160,0.160,2.400,-9.768,-0.662,0.163,,,,,,,,,,,,
3,A,10298863,2990,,,,,,,10.767,-1.020,0.542,,,,,,,,,
3,B,10299515,2031,,,,,,,,,,,,,-0.112,-0.224,-0.224,,,
3,S,10299515,2031,1.440,-0.160,2.400,-9.797,-0.723,0.233,,,,,,,,,,,,
3,A,10301853,2990,,,,,,,10.810,-1.081,0.719,,,,,,,,,
3,B,10302902,3387,,,,,,,,,,-10.176,-0.633,-0.172,,,,,,
3,S,10302902,3387,1.760,-0.800,2.080,-9.857,-0.792,0.338,,,,,,,,,,,,
3,A,10305839,3986,,,,,,,10.881,-1.078,0.760,,,,,,,,,
3,B,10306286,3384,,,,,,,,,,,,,,,,67.938,-44.812,12.812
3,S,10306286,3384,1.440,-0.800,2.080,-9.922,-0.853,0.448,,,,,,,,,,,,
3,A,10307833,1994,,,,,,,10.921,-1.059,0.835,,,,,,,,,
3,B,10308996,2710,,,,,,,,,,-10.320,-0.785,0.086,,,,,,
3,S,10308996,2710,1.120,-0.480,2.720,-9.977,-0.882,0.527,,,,,,,,,,,,
3,A,10311820,3987,,,,,,,10.948,-0.981,0.888,,,,,,,,,
3,B,10312381,3385,,,,,,,,,,,,,0.000,-0.895,0.000,,,
3,S,10312381,3385,1.120,-0.480,3.360,-10.033,-0.873,0.623,,,,,,,,,,,,
3,A,10313813,1993,,,,,,,10.954,-1.002,0.935,,,,,,,,,
3,B,10314412,2031,,,,,,,,,,-10.473,-0.793,0.316,,,,,,
3,S,10314412,2031,0.800,-0.160,3.680,-10.057,-0.848,0.672,,,,,,,,,,,,
3,A,10316803,2990,,,,,,,11.004,-0.937,0.968,,,,,,,,,
3,B,10317799,3387,,,,,,,,,,,,,,,,68.125,-46.125,13.812
3,S,10317799,3387,0.800,0.800,4.000,-10.082,-0.792,0.738,,,,,,,,,,,,
3,A,10319793,2990,,,,,,,11.001,-0.822,0.958,,,,,,,,,
3,B,10320507,2708,,,,,,,,,,,,,0.000,-1.231,0.448,,,
3,S,10320507,2708,1.120,1.440,4.320,-10.098,-0.743,0.762,,,,,,,,,,,,
3,A,10322783,2990,,,,,,,10.970,-0.727,0.955,,,,,,,,,
3,B,10323893,3386,,,,,,,,,,-10.488,-0.672,0.469,,,,,,
3,S,10323893,3386,1.120,1.760,4.000,-10.113,-0.647,0.772,,,,,,,,,,,,
3,A,10326775,3992,,,,,,,10.942,-0.612,0.892,,,,,,,,,
3,B,10327278,3385,,,,,,,,,,,,,,,,69.812,-46.562,13.000
3,S,10327278,5417,1.120,1.760,3.680,-10.098,-0.443,0.748,,,,,,,,,,,,
3,A,10328763,1988,,,,,,,10.924,-0.536,0.876,,,,,,,,,
3,B,10329988,2710,,,,,,,,,,,,,0.000,-0.895,1.007,,,
3,S,10329988,678,1.120,1.760,3.040,-10.092,-0.422,0.743,,,,,,,,,,,,
3,A,10331753,2990,,,,,,,10.897,-0.486,0.838,,,,,,,,,
3,B,10333353,3365,,,,,,,,,,-10.477,-0.422,0.430,,,,,,
3,S,10333353,3365,1.120,1.760,3.040,-10.053,-0.338,0.723,,,,,,,,,,,,
3,A,10335740,3987,,,,,,,10.831,-0.438,0.732,,,,,,,,,
3,B,10336081,2728,,,,,,,,,,,,,,,,68.562,-46.000,14.125
3,S,10336081,2728,0.480,1.440,3.040,-10.002,-0.242,0.672,,,,,,,,,,,,
3,A,10337734,1994,,,,,,,10.804,-0.441,0.668,,,,,,,,,
3,B,10338790,2709,,,,,,,,,,,,,-0.112,-0.224,1.231,,,
3,S,10338790,2709,0.160,1.120,3.360,-9.967,-0.193,0.603,,,,,,,,,,,,
3,A,10341720,3986,,,,,,,10.735,-0.455,0.609,,,,,,,,,
3,B,10342175,3385,,,,,,,,,,-10.367,-0.172,0.297,,,,,,
3,S,10342175,3385,0.480,1.120,3.040,-9.912,-0.172,0.512,,,,,,,,,,,,
3,A,10344711,2991,,,,,,,10.669,-0.488,0.548,,,,,,,,,
3,B,10345561,3386,,,,,,,,,,,,,,,,69.000,-47.000,13.562
3,S,10345561,3386,1.440,1.760,2.720,-9.842,-0.198,0.438,,,,,,,,,,,,
3,A,10347701,2990,,,,,,,10.638,-0.543,0.457,,,,,,,,,
3,B,10348270,2709,,,,,,,,,,,,,0.000,0.336,1.007,,,
3,S,10348270,2709,2.400,2.080,2.400,-9.787,-0.228,0.393,,,,,,,,,,,,
3,A,10351687,3986,,,,,,,10.651,-0.582,0.431,,,,,,,,,
3,B,10352333,4063,,,,,,,,,,-10.242,-0.125,0.145,,,,,,
3,S,10352333,4063,2.400,2.080,1.440,-9.742,-0.287,0.318,,,,,,,,,,,,
3,A,10353681,1994,,,,,,,10.651,-0.639,0.426,,,,,,,,,
3,B,10355041,2708,,,,,,,,,,,,,,,,69.000,-47.000,13.562
3,S,10355041,2708,1.440,2.400,1.440,-9.742,-0.328,0.282,,,,,,,,,,,,
3,A,10356671,2990,,,,,,,10.634,-0.708,0.478,,,,,,,,,
3,B,10357072,2031,,,,,,,,,,-10.148,-0.211,-0.020,,,,,,
3,S,10357072,2031,1.440,2.720,1.760,-9.752,-0.362,0.263,,,,,,,,,,,,
3,A,10359661,2990,,,,,,,10.604,-0.764,0.480,,,,,,,,,
3,B,10360459,3387,,,,,,,,,,,,,0.000,0.783,0.336,,,
3,S,10360459,3387,1.440,2.720,1.760,-9.762,-0.432,0.268,,,,,,,,,,,,
3,A,10362651,2990,,,,,,,10.642,-0.760,0.444,,,,,,,,,
3,B,10363167,2708,,,,,,,,,,-10.160,-0.383,-0.078,,,,,,
3,S,10363167,2708,0.800,2.720,1.760,-9.758,-0.487,0.278,,,,,,,,,,,,
3,A,10365641,2990,,,,,,,10.671,-0.773,0.486,,,,,,,,,
3,B,10366553,3386,,,,,,,,,,,,,,,,68.625,-44.375,13.188
3,S,10366553,3386,0.480,2.080,2.080,-9.762,-0.527,0.287,,,,,,,,,,,,
3,A,10368631,2990,,,,,,,10.711,-0.753,0.486,,,,,,,,,
3,B,10369939,3386,,,,,,,,,,,,,0.112,0.783,-0.112,,,
3,S,10369939,3386,0.800,1.440,2.400,-9.777,-0.532,0.297,,,,,,,,,,,,
3,A,10371621,2990,,,,,,,10.719,-0.746,0.467,,,,,,,,,
3,B,10372647,2708,,,,,,,,,,-10.199,-0.469,-0.047,,,,,,
3,S,10372647,2708,1.440,1.440,2.720,-9.793,-0.522,0.307,,,,,,,,,,,,
3,A,10374611,2990,,,,,,,10.729,-0.716,0.464,,,,,,,,,
3,B,10376032,3385,,,,,,,,,,,,,,,,68.750,-45.375,12.750
3,S,10376032,3385,1.440,1.440,2.720,-9.818,-0.502,0.297,,,,,,,,,,,,
3,A,10377601,2990,,,,,,,10.735,-0.697,0.447,,,,,,,,,
3,B,10378064,2032,,,,,,,,,,-10.262,-0.449,-0.027,,,,,,
3,S,10378064,2032,0.800,1.440,2.400,-9.838,-0.492,0.287,,,,,,,,,,,,
3,A,10380591,2990,,,,,,,10.704,-0.676,0.447,,,,,,,,,
3,B,10381450,3386,,,,,,,,,,,,,0.000,0.560,-0.112,,,
3,S,10381450,3386,0.480,1.120,2.400,-9.852,-0.487,0.282,,,,,,,,,,,,
3,A,10383581,3987,,,,,,,10.720,-0.598,0.430,,,,,,,,,
3,B,10384836,3386,,,,,,,,,,-10.262,-0.441,-0.066,,,,,,
3,S,10384836,3386,0.480,0.800,2.720,-9.838,-0.453,0.278,,,,,,,,,,,,
3,A,10387568,2990,,,,,,,10.759,-0.488,0.403,,,,,,,,,
3,B,10388221,3385,,,,,,,,,,,,,,,,69.188,-44.750,11.938
3,S,10388221,3385,0.480,1.120,2.720,-9.828,-0.388,0.247,,,,,,,,,,,,
3,A,10389562,1994,,,,,,,10.755,-0.454,0.404,,,,,,,,,
3,B,10390931,2710,,,,,,,,,,,,,-0.112,0.224,0.112,,,
3,S,10390931,2710,0.800,1.120,2.080,-9.848,-0.318,0.228,,,,,,,,,,,,
3,A,10393548,3986,,,,,,,10.780,-0.395,0.396,,,,,,,,,
3,B,10394316,3385,,,,,,,,,,-10.258,-0.230,-0.098,,,,,,
3,S,10394316,6088,1.120,0.160,2.400,-9.867,-0.182,0.217,,,,,,,,,,,,
3,A,10396538,2990,,,,,,,10.785,-0.389,0.406,,,,,,,,,
3,B,10397697,3381,,,,,,,,,,,,,,,,68.500,-45.125,13.188
3,S,10397697,678,1.120,0.480,2.400,-9.863,-0.172,0.217,,,,,,,,,,,,
3,A,10399528,2990,,,,,,,10.896,-0.376,0.483,,,,,,,,,
3,B,10399734,2037,,,,,,,,,,,,,0.000,-0.224,0.448,,,
3,S,10399734,2037,1.120,0.480,2.400,-9.867,-0.147,0.223,,,,,,,,,,,,
3,A,10402518,2990,,,,,,,10.922,-0.434,0.594,,,,,,,,,
3,B,10403119,3385,,,,,,,,,,-10.285,-0.078,-0.145,,,,,,
3,S,10403119,3385,1.120,-0.160,1.760,-9.918,-0.128,0.247,,,,,,,,,,,,
3,A,10405509,2991,,,,,,,10.932,-0.476,0.757,,,,,,,,,
3,B,10406505,3386,,,,,,,,,,,,,,,,67.812,-47.438,14.500
3,S,10406505,3386,0.480,0.160,1.440,-9.992,-0.142,0.333,,,,,,,,,,,,
3,A,10408499,2990,,,,,,,10.907,-0.465,0.890,,,,,,,,,
3,B,10409213,2708,,,,,,,,,,,,,0.000,-0.671,0.336,,,
3,S,10409213,2708,0.800,0.480,1.760,-10.033,-0.172,0.448,,,,,,,,,,,,
3,A,10411489,2990,,,,,,,10.896,-0.510,1.013,,,,,,,,,
3,B,10412588,3375,,,,,,,,,,-10.410,-0.078,-0.020,,,,,,
3,S,10412588,3375,1.440,0.160,2.400,-10.027,-0.223,0.618,,,,,,,,,,,,
3,A,10414479,2990,,,,,,,10.903,-0.582,1.139,,,,,,,,,
3,B,10415985,3397,,,,,,,,,,,,,,,,68.875,-45.062,12.812
3,S,10415985,3397,1.440,-0.160,1.760,-10.002,-0.268,0.772,,,,,,,,,,,,
3,A,10417469,2990,,,,,,,10.817,-0.621,1.211,,,,,,,,,
3,B,10418016,2031,,,,,,,,,,-10.398,-0.199,0.344,,,,,,
3,S,10418016,2031,0.800,-0.160,1.440,-9.988,-0.302,0.863,,,,,,,,,,,,
3,A,10420459,2990,,,,,,,10.938,-0.729,1.151,,,,,,,,,
3,B,10421402,3386,,,,,,,,,,,,,-0.112,-1.119,0.000,,,
3,S,10421402,3386,0.480,0.160,1.120,-9.973,-0.367,0.973,,,,,,,,,,,,
3,A,10423449,2990,,,,,,,10.919,-0.719,1.258,,,,,,,,,
3,B,10424110,2708,,,,,,,,,,-10.398,-0.336,0.672,,,,,,
3,S,10424110,2708,0.480,0.800,1.440,-10.002,-0.422,0.998,,,,,,,,,,,,
3,A,10426439,2990,,,,,,,10.902,-0.815,1.188,,,,,,,,,
3,B,10427481,3371,,,,,,,,,,,,,,,,68.000,-46.312,13.438
3,S,10427481,5418,0.480,1.120,2.400,-10.053,-0.517,0.998,,,,,,,,,,,,
3,A,10429429,2990,,,,,,,10.875,-0.749,1.148,,,,,,,,,
3,B,10430205,2724,,,,,,,,,,,,,-0.112,-0.895,-0.336,,,
3,S,10430205,677,1.120,1.440,2.400,-10.047,-0.527,0.993,,,,,,,,,,,,
3,A,10432419,2990,,,,,,,10.860,-0.772,1.043,,,,,,,,,
3,B,10433591,3386,,,,,,,,,,-10.441,-0.461,0.699,,,,,,
3,S,10433591,3386,1.120,1.440,2.080,-10.008,-0.547,0.968,,,,,,,,,,,,
3,A,10435409,2990,,,,,,,10.793,-0.786,0.984,,,,,,,,,
3,B,10436299,2708,,,,,,,,,,,,,,,,69.062,-44.875,12.250
3,S,10436299,2708,1.120,2.080,1.120,-9.973,-0.537,0.912,,,,,,,,,,,,
3,A,10438399,2990,,,,,,,10.752,-0.773,0.838,,,,,,,,,
3,B,10439007,2708,,,,,,,,,,,,,0.000,0.000,-0.336,,,
3,S,10439007,2708,1.120,3.040,1.120,-9.947,-0.532,0.828,,,,,,,,,,,,
3,A,10441389,2990,,,,,,,10.739,-0.783,0.660,,,,,,,,,
3,B,10442394,3387,,,,,,,,,,-10.367,-0.488,0.547,,,,,,
3,S,10442394,3387,0.800,3.680,1.440,-9.902,-0.527,0.703,,,,,,,,,,,,
3,A,10445376,3987,,,,,,,10.619,-0.757,0.425,,,,,,,,,
3,B,10445780,3386,,,,,,,,,,,,,,,,67.562,-47.312,14.312
3,S,10445780,3386,0.480,4.320,2.400,-9.848,-0.517,0.552,,,,,,,,,,,,
3,A,10447369,1993,,,,,,,10.698,-0.718,0.415,,,,,,,,,
3,B,10448488,2708,,,,,,,,,,-10.270,-0.449,0.230,,,,,,
3,S,10448488,2708,0.800,4.320,2.720,-9.803,-0.492,0.403,,,,,,,,,,,,
3,A,10450359,2990,,,,,,,10.593,-0.765,0.304,,,,,,,,,
3,B,10451874,3386,,,,,,,,,,,,,0.000,1.119,-0.336,,,
3,S,10451874,3386,0.800,3.360,2.400,-9.768,-0.477,0.228,,,,,,,,,,,,
3,A,10453349,2990,,,,,,,10.581,-0.651,0.186,,,,,,,,,
3,B,10453906,2032,,,,,,,,,,-10.172,-0.422,-0.164,,,,,,
3,S,10453906,2032,0.160,2.720,2.080,-9.742,-0.477,0.147,,,,,,,,,,,,
3,A,10456340,2991,,,,,,,10.577,-0.679,0.163,,,,,,,,,
3,B,10457291,3385,,,,,,,,,,,,,,,,68.438,-45.688,13.625
3,S,10457291,3385,-0.160,2.720,2.080,-9.693,-0.468,0.052,,,,,,,,,,,,
3,A,10459330,2990,,,,,,,10.547,-0.724,0.074,,,,,,,,,
3,B,10459999,2708,,,,,,,,,,,,,0.000,1.679,-0.224,,,
3,S,10459999,2708,0.160,2.400,2.080,-9.668,-0.463,-0.003,,,,,,,,,,,,
3,A,10462320,2990,,,,,,,10.554,-0.695,0.045,,,,,,,,,
3,B,10463385,3386,,,,,,,,,,-10.066,-0.441,-0.355,,,,,,
3,S,10463385,3386,0.800,1.440,1.760,-9.662,-0.472,-0.068,,,,,,,,,,,,
3,A,10465310,3986,,,,,,,10.583,-0.764,0.110,,,,,,,,,
3,B,10466771,3386,,,,,,,,,,,,,,,,68.250,-44.375,12.625
3,S,10466771,3386,1.760,1.440,1.760,-9.658,-0.507,-0.102,,,,,,,,,,,,
3,A,10468300,1994,,,,,,,10.585,-0.868,0.178,,,,,,,,,
3,B,10469460,2689,,,,,,,,,,,,,0.112,1.455,-0.224,,,
3,S,10469460,2689,1.440,1.760,1.440,-9.658,-0.532,-0.092,,,,,,,,,,,,
3,A,10472286,3986,,,,,,,10.582,-0.875,0.246,,,,,,,,,
3,B,10473543,4083,,,,,,,,,,-10.086,-0.480,-0.422,,,,,,
3,S,10473543,6114,1.120,1.120,1.440,-9.693,-0.642,0.043,,,,,,,,,,,,
3,A,10475276,2990,,,,,,,10.627,-0.931,0.356,,,,,,,,,
3,B,10476251,2708,,,,,,,,,,-10.137,-0.594,-0.270,,,,,,
3,S,10476251,677,0.480,0.160,1.440,-9.697,-0.652,0.062,,,,,,,,,,,,
3,A,10479263,3987,,,,,,,10.671,-0.939,0.488,,,,,,,,,
3,B,10480314,4063,,,,,,,,,,,,,,,,68.812,-46.188,13.625
3,S,10480314,4063,0.480,-0.160,1.760,-9.732,-0.698,0.168,,,,,,,,,,,,
3,A,10482253,2990,,,,,,,10.733,-0.966,0.576,,,,,,,,,
3,B,10483022,2708,,,,,,,,,,,,,0.112,0.560,-0.112,,,
3,S,10483022,2708,0.480,0.160,2.080,-9.762,-0.718,0.247,,,,,,,,,,,,
3,A,10484247,1994,,,,,,,10.756,-0.947,0.582,,,,,,,,,
3,B,10485053,2031,,,,,,,,,,-10.203,-0.660,-0.027,,,,,,
3,S,10485053,2031,0.480,0.480,2.080,-9.787,-0.733,0.312,,,,,,,,,,,,
3,A,10488233,3986,,,,,,,10.836,-0.872,0.639,,,,,,,,,
3,B,10488440,3387,,,,,,,,,,,,,,,,68.812,-46.812,14.062
3,S,10488440,3387,0.480,0.480,2.400,-9.852,-0.748,0.407,,,,,,,,,,,,
3,A,10490227,1994,,,,,,,10.848,-0.840,0.651,,,,,,,,,
3,B,10491148,2708,,,,,,,,,,,,,0.000,-0.224,0.112,,,
3,S,10491148,2708,0.160,0.160,3.040,-9.908,-0.723,0.453,,,,,,,,,,,,
3,A,10493217,2990,,,,,,,10.863,-0.770,0.627,,,,,,,,,
3,B,10494534,3386,,,,,,,,,,-10.355,-0.633,0.098,,,,,,
3,S,10494534,3386,0.160,0.160,4.000,-9.957,-0.652,0.463,,,,,,,,,,,,
3,A,10497203,3986,,,,,,,10.889,-0.685,0.590,,,,,,,,,
3,B,10497921,3387,,,,,,,,,,,,,,,,68.625,-45.500,13.000
3,S,10497921,3387,0.480,0.160,4.000,-9.982,-0.568,0.448,,,,,,,,,,,,
3,A,10499197,1994,,,,,,,10.857,-0.630,0.568,,,,,,,,,
3,B,10500629,2708,,,,,,,,,,,,,0.000,-0.671,0.560,,,
3,S,10500629,2708,0.800,0.160,3.360,-9.988,-0.497,0.432,,,,,,,,,,,,
3,A,10503183,3986,,,,,,,10.900,-0.542,0.559,,,,,,,,,
3,B,10503337,2708,,,,,,,,,,-10.406,-0.480,0.105,,,,,,
3,S,10503337,2708,0.800,0.160,3.040,-9.982,-0.427,0.407,,,,,,,,,,,,
3,A,10506173,2990,,,,,,,10.902,-0.472,0.546,,,,,,,,,
3,B,10506723,3386,,,,,,,,,,,,,,,,68.500,-44.562,12.812
3,S,10506723,3386,1.120,-0.160,2.720,-9.967,-0.343,0.367,,,,,,,,,,,,
3,A,10509163,2990,,,,,,,10.924,-0.439,0.528,,,,,,,,,
3,B,10509431,2708,,,,,,,,,,,,,0.000,-0.671,0.895,,,
3,S,10509431,2708,0.800,0.160,2.720,-9.973,-0.278,0.347,,,,,,,,,,,,
3,A,10512153,2990,,,,,,,10.949,-0.444,0.526,,,,,,,,,
3,B,10512818,3387,,,,,,,,,,-10.367,-0.238,0.000,,,,,,
3,S,10512818,3387,0.480,0.800,2.720,-9.992,-0.223,0.343,,,,,,,,,,,,
3,A,10515143,2990,,,,,,,10.942,-0.376,0.583,,,,,,,,,
3,B,10516203,3385,,,,,,,,,,,,,,,,67.938,-45.812,13.312
3,S,10516203,3385,1.120,1.760,2.720,-10.018,-0.207,0.347,,,,,,,,,,,,
3,A,10518133,2990,,,,,,,10.871,-0.444,0.646,,,,,,,,,
3,B,10518912,2709,,,,,,,,,,-10.383,-0.133,-0.008,,,,,,
3,S,10518912,2709,1.440,1.440,2.400,-10.027,-0.198,0.357,,,,,,,,,,,,
3,A,10521124,2991,,,,,,,10.842,-0.455,0.714,,,,,,,,,
3,B,10522297,3385,,,,,,,,,,,,,0.000,-0.560,0.895,,,
3,S,10522297,3385,1.440,0.800,2.080,-10.002,-0.193,0.403,,,,,,,,,,,,
3,A,10524114,2990,,,,,,,10.853,-0.515,0.802,,,,,,,,,
3,B,10524329,2032,,,,,,,,,,-10.406,-0.105,0.098,,,,,,
3,S,10524329,2032,1.440,0.160,1.760,-9.973,-0.203,0.453,,,,,,,,,,,,
3,A,10527104,2990,,,,,,,10.839,-0.570,0.900,,,,,,,,,
3,B,10527715,3386,,,,,,,,,,,,,,,,69.062,-45.438,12.625
3,S,10527715,3386,1.120,0.160,1.760,-9.938,-0.237,0.542,,,,,,,,,,,,
3,A,10529097,1993,,,,,,,10.795,-0.578,0.868,,,,,,,,,
3,B,10530423,2708,,,,,,,,,,,,,0.000,-0.448,0.448,,,
3,S,10530423,2708,1.120,0.480,2.080,-9.922,-0.273,0.608,,,,,,,,,,,,
3,A,10533084,3987,,,,,,,10.781,-0.623,0.889,,,,,,,,,
3,B,10533809,3386,,,,,,,,,,-10.348,-0.211,0.270,,,,,,
3,S,10533809,3386,1.120,1.440,2.080,-9.908,-0.328,0.672,,,,,,,,,,,,
3,A,10536074,2990,,,,,,,10.749,-0.675,0.883,,,,,,,,,
3,B,10537194,3385,,,,,,,,,,,,,,,,69.000,-46.000,13.062
3,S,10537194,3385,0.800,2.400,2.080,-9.887,-0.372,0.718,,,,,,,,,,,,
3,A,10539064,2990,,,,,,,10.740,-0.711,0.848,,,,,,,,,
3,B,10539226,2032,,,,,,,,,,,,,0.000,-0.112,-0.112,,,
3,S,10539226,2032,0.800,2.400,1.760,-9.877,-0.403,0.728,,,,,,,,,,,,
3,A,10542054,2990,,,,,,,10.719,-0.737,0.844,,,,,,,,,
3,B,10542612,3386,,,,,,,,,,-10.301,-0.355,0.363,,,,,,
3,S,10542612,3386,1.120,2.400,1.120,-9.867,-0.458,0.708,,,,,,,,,,,,
3,A,10545044,2990,,,,,,,10.695,-0.770,0.802,,,,,,,,,
3,B,10545997,3385,,,,,,,,,,,,,,,,68.625,-44.812,13.312
3,S,10545997,3385,1.440,2.400,1.120,-9.857,-0.507,0.667,,,,,,,,,,,,
3,A,10548034,2990,,,,,,,10.691,-0.808,0.724,,,,,,,,,
3,B,10548706,2709,,,,,,,,,,,,,0.000,0.448,-0.448,,,
3,S,10548706,2709,1.440,2.080,1.440,-9.832,-0.537,0.627,,,,,,,,,,,,
3,A,10552021,3987,,,,,,,10.689,-0.831,0.659,,,,,,,,,
3,B,10552769,4063,,,,,,,,,,-10.230,-0.480,0.324,,,,,,
3,S,10552769,4063,1.120,2.720,1.120,-9.812,-0.578,0.557,,,,,,,,,,,,
3,A,10555011,2990,,,,,,,10.688,-0.816,0.592,,,,,,,,,
3,B,10555478,2709,,,,,,,,,,-10.230,-0.527,0.184,,,,,,
3,S,10555478,2709,1.120,3.040,1.440,-9.807,-0.593,0.512,,,,,,,,,,,,
3,A,10557004,1993,,,,,,,10.681,-0.827,0.524,,,,,,,,,
3,B,10558186,2708,,,,,,,,,,,,,,,,69.125,-45.812,13.438
3,S,10558186,2708,1.440,2.720,1.760,-9.807,-0.598,0.458,,,,,,,,,,,,
3,A,10559996,2992,,,,,,,10.686,-0.822,0.485,,,,,,,,,
3,B,10560217,2031,,,,,,,,,,,,,0.000,0.895,-0.448,,,
3,S,10560217,2031,1.440,2.400,1.440,-9.803,-0.598,0.412,,,,,,,,,,,,
3,A,10562986,2990,,,,,,,10.689,-0.772,0.430,,,,,,,,,
3,B,10563604,3387,,,,,,,,,,-10.238,-0.535,0.020,,,,,,
3,S,10563604,3387,1.440,2.080,1.440,-9.793,-0.598,0.343,,,,,,,,,,,,
3,A,10565976,2990,,,,,,,10.710,-0.745,0.405,,,,,,,,,
3,B,10566990,3386,,,,,,,,,,,,,,,,68.625,-46.062,13.438
3,S,10566990,3386,1.120,2.080,1.440,-9.797,-0.588,0.282,,,,,,,,,,,,
3,A,10568966,2990,,,,,,,10.689,-0.690,0.357,,,,,,,,,
3,B,10569698,2708,,,,,,,,,,,,,0.000,1.119,-0.336,,,
3,S,10569698,2708,0.800,1.760,1.440,-9.803,-0.557,0.237,,,,,,,,,,,,
3,A,10571956,2990,,,,,,,10.661,-0.674,0.409,,,,,,,,,
3,B,10573083,3385,,,,,,,,,,-10.246,-0.469,-0.133,,,,,,
3,S,10573083,3385,0.160,1.120,2.080,-9.793,-0.502,0.203,,,,,,,,,,,,
3,A,10575965,4009,,,,,,,10.660,-0.552,0.424,,,,,,,,,
3,B,10576469,3386,,,,,,,,,,,,,,,,69.000,-46.062,12.375
3,S,10576469,5418,0.480,1.120,2.400,-9.748,-0.388,0.223,,,,,,,,,,,,
3,A,10577936,1971,,,,,,,10.675,-0.537,0.464,,,,,,,,,
3,B,10579177,2708,,,,,,,,,,,,,0.000,0.895,0.000,,,
3,S,10579177,676,0.160,1.440,2.720,-9.742,-0.372,0.228,,,,,,,,,,,,
3,A,10581923,3987,,,,,,,10.708,-0.489,0.529,,,,,,,,,
3,B,10583240,4063,,,,,,,,,,-10.188,-0.324,-0.113,,,,,,
3,S,10583240,4063,0.480,0.800,3.040,-9.752,-0.282,0.268,,,,,,,,,,,,
3,A,10584913,2990,,,,,,,10.778,-0.466,0.539,,,,,,,,,
3,B,10585950,2710,,,,,,,,,,-10.219,-0.211,-0.047,,,,,,
3,S,10585950,5418,1.120,0.480,1.760,-9.838,-0.233,0.333,,,,,,,,,,,,
3,A,10587903,2990,,,,,,,10.770,-0.472,0.591,,,,,,,,,
3,B,10589335,3385,,,,,,,,,,,,,,,,69.062,-45.438,12.625
3,S,10589335,677,1.120,0.160,1.760,-9.848,-0.233,0.343,,,,,,,,,,,,
3,A,10590893,2990,,,,,,,10.822,-0.477,0.649,,,,,,,,,
3,B,10591366,2031,,,,,,,,,,,,,0.000,0.336,0.224,,,
3,S,10591366,2031,1.120,0.160,1.760,-9.873,-0.228,0.367,,,,,,,,,,,,
3,A,10593883,2990,,,,,,,10.837,-0.493,0.691,,,,,,,,,
3,B,10594753,3387,,,,,,,,,,-10.297,-0.172,0.066,,,,,,
3,S,10594753,3387,0.800,-0.160,2.400,-9.912,-0.233,0.417,,,,,,,,,,,,
3,A,10597869,3986,,,,,,,10.842,-0.536,0.744,,,,,,,,,
3,B,10598138,3385,,,,,,,,,,,,,,,,69.312,-46.188,13.250
3,S,10598138,3385,0.800,-0.160,2.400,-9.932,-0.242,0.468,,,,,,,,,,,,
3,A,10599863,1994,,,,,,,10.855,-0.512,0.728,,,,,,,,,
3,B,10600847,2709,,,,,,,,,,,,,0.000,-0.224,0.336,,,
3,S,10600847,2709,0.800,-0.160,2.080,-9.947,-0.247,0.502,,,,,,,,,,,,
3,A,10602853,2990,,,,,,,10.846,-0.584,0.787,,,,,,,,,
3,B,10604232,3385,,,,,,,,,,-10.320,-0.199,0.172,,,,,,
3,S,10604232,3385,1.120,0.160,1.440,-9.963,-0.278,0.537,,,,,,,,,,,,
3,A,10606839,3986,,,,,,,10.876,-0.648,0.753,,,,,,,,,
3,B,10607618,3386,,,,,,,,,,,,,,,,68.125,-45.062,13.312
3,S,10607618,3386,1.120,0.160,1.760,-9.982,-0.323,0.547,,,,,,,,,,,,
3,A,10608833,1994,,,,,,,10.863,-0.632,0.726,,,,,,,,,
3,B,10609650,2032,,,,,,,,,,,,,0.000,-0.448,0.000,,,
3,S,10609650,2032,0.800,0.160,1.760,-9.988,-0.352,0.547,,,,,,,,,,,,
3,A,10612826,3993,,,,,,,10.844,-0.672,0.753,,,,,,,,,
3,B,10613035,3385,,,,,,,,,,-10.398,-0.270,0.199,,,,,,
3,S,10613035,3385,0.480,0.480,1.760,-9.992,-0.398,0.547,,,,,,,,,,,,
3,A,10615809,2983,,,,,,,10.833,-0.720,0.735,,,,,,,,,
3,B,10616421,3386,,,,,,,,,,,,,,,,68.438,-46.250,13.062
3,S,10616421,3386,0.160,0.800,1.440,-9.982,-0.432,0.552,,,,,,,,,,,,
3,A,10617803,1994,,,,,,,10.800,-0.733,0.717,,,,,,,,,
3,B,10619129,2708,,,,,,,,,,,,,-0.112,-0.224,-0.112,,,
3,S,10619129,2708,0.160,1.120,1.440,-9.957,-0.458,0.552,,,,,,,,,,,,
3,A,10622786,4983,,,,,,,10.787,-0.694,0.688,,,,,,,,,
3,B,10623184,4055,,,,,,,,,,-10.363,-0.383,0.230,,,,,,
3,S,10623184,4055,0.480,0.800,1.440,-9.928,-0.472,0.522,,,,,,,,,,,,
3,A,10625776,2990,,,,,,,10.726,-0.702,0.624,,,,,,,,,
3,B,10626579,3395,,,,,,,,,,,,,,,,69.000,-46.000,13.062
3,S,10626579,3395,1.120,0.800,1.760,-9.908,-0.472,0.487,,,,,,,,,,,,
3,A,10628766,2990,,,,,,,10.705,-0.716,0.585,,,,,,,,,
3,B,10629287,2708,,,,,,,,,,,,,-0.112,0.000,-0.224,,,
3,S,10629287,2708,0.800,1.120,2.080,-9.877,-0.468,0.458,,,,,,,,,,,,
3,A,10632753,3987,,,,,,,10.669,-0.714,0.591,,,,,,,,,
3,B,10633350,4063,,,,,,,,,,-10.348,-0.422,0.164,,,,,,
3,S,10633350,4063,0.800,1.120,2.400,-9.812,-0.468,0.427,,,,,,,,,,,,
3,A,10635743,2990,,,,,,,10.629,-0.708,0.579,,,,,,,,,
3,B,10636736,3386,,,,,,,,,,,,,,,,69.312,-47.625,13.188
3,S,10636736,3386,0.800,1.760,2.400,-9.777,-0.482,0.412,,,,,,,,,,,,
3,A,10638733,2990,,,,,,,10.697,-0.704,0.494,,,,,,,,,
3,B,10639428,2692,,,,,,,,,,,,,-0.112,0.336,-0.112,,,
3,S,10639428,2692,0.800,2.400,2.400,-9.758,-0.482,0.398,,,,,,,,,,,,
3,A,10641723,2990,,,,,,,10.744,-0.731,0.469,,,,,,,,,
3,B,10642830,3402,,,,,,,,,,-10.172,-0.430,0.039,,,,,,
3,S,10642830,3402,1.120,2.400,2.400,-9.762,-0.487,0.362,,,,,,,,,,,,
3,A,10645710,3987,,,,,,,10.774,-0.684,0.464,,,,,,,,,
3,B,10646215,3385,,,,,,,,,,,,,,,,68.000,-45.250,12.938
