Phase,ID,Time_uS,Delta_uS,SCH_Deg_s_X,SCH_Deg_s_Y,SCH_Deg_s_Z,SCH_m_s2_X,SCH_m_s2_Y,SCH_m_s2_Z,ADXL_m_s2_X,ADXL_m_s2_Y,ADXL_m_s2_Z,BNO_m_s2_X,BNO_m_s2_Y,BNO_m_s2_Z,BNO_Deg_s_X,BNO_Deg_s_Y,BNO_Deg_s_Z,BNO_Mag_X,BNO_Mag_Y,BNO_Mag_Z
2,S,5686068,20,0.800,1.760,3.040,-9.898,-0.237,0.403,,,,,,,,,,,,
2,B,5686068,20,,,,,,,,,,-10.176,-0.133,0.008,,,,,,
2,S,5688389,2321,0.800,1.760,3.040,-9.898,-0.223,0.393,,,,,,,,,,,,
2,S,5690689,2300,1.120,1.760,3.360,-9.893,-0.152,0.357,,,,,,,,,,,,
2,B,5690689,4621,,,,,,,,,,,,,,,,73.688,-72.625,15.188
2,S,5692976,2287,1.120,2.080,3.360,-9.887,-0.107,0.338,,,,,,,,,,,,
2,B,5692976,2287,,,,,,,,,,-10.156,0.039,-0.086,,,,,,
2,S,5696259,3283,1.120,2.080,3.360,-9.883,-0.052,0.312,,,,,,,,,,,,
2,B,5696259,3283,,,,,,,,,,-10.145,0.133,-0.039,,,,,,
2,S,5702580,6321,1.120,1.440,3.360,-9.887,-0.007,0.302,,,,,,,,,,,,
2,B,5702580,6321,,,,,,,,,,,,,,,,72.438,-72.188,16.625
2,S,5707865,5285,0.480,0.800,2.400,-9.902,0.048,0.352,,,,,,,,,,,,
2,B,5707865,5285,,,,,,,,,,-10.133,0.113,0.098,,,,,,
2,S,5710149,2284,0.800,0.800,2.400,-9.867,0.033,0.453,,,,,,,,,,,,
2,B,5710149,2284,,,,,,,,,,-10.141,0.027,0.270,,,,,,
2,S,5718433,8284,1.440,0.800,2.400,-9.857,0.013,0.497,,,,,,,,,,,,
2,B,5718433,8284,,,,,,,,,,-10.156,-0.027,0.383,,,,,,
2,S,5726719,8286,1.440,0.480,1.760,-9.883,-0.062,0.672,,,,,,,,,,,,
2,S,5732526,5807,1.440,0.800,1.760,-9.898,-0.117,0.743,,,,,,,,,,,,
2,B,5732526,14093,,,,,,,,,,,,,,,,70.312,-70.062,16.688
2,S,5733811,1285,0.480,2.080,2.400,-9.883,-0.117,0.723,,,,,,,,,,,,
2,B,5733811,1285,,,,,,,,,,-10.160,-0.039,0.363,,,,,,
2,S,5737096,3285,1.440,2.080,2.400,-9.883,-0.113,0.708,,,,,,,,,,,,
2,S,5740396,3300,1.440,1.440,2.400,-9.883,-0.098,0.647,,,,,,,,,,,,
2,B,5740396,6585,,,,,,,,,,,,,0.000,0.112,0.000,,,
2,S,5742680,2284,1.440,1.120,2.080,-9.877,-0.083,0.562,,,,,,,,,,,,
2,B,5742680,2284,,,,,,,,,,-10.152,0.020,0.191,,,,,,
2,S,5746965,4285,1.120,1.120,2.080,-9.877,-0.077,0.512,,,,,,,,,,,,
2,B,5746965,4285,,,,,,,,,,,,,,,,69.688,-72.938,19.812
2,S,5749248,2283,0.800,1.440,2.080,-9.867,-0.068,0.412,,,,,,,,,,,,
2,B,5749248,2283,,,,,,,,,,,,,0.000,0.448,0.000,,,
2,S,5751534,2286,0.800,2.080,1.760,-9.857,-0.052,0.347,,,,,,,,,,,,
2,B,5751534,2286,,,,,,,,,,-10.152,0.027,0.000,,,,,,
2,S,5754820,3286,0.800,1.760,1.440,-9.848,-0.048,0.302,,,,,,,,,,,,
2,B,5754820,3286,,,,,,,,,,,,,0.000,0.671,0.000,,,
2,S,5759104,4284,0.480,1.440,1.120,-9.832,-0.043,0.233,,,,,,,,,,,,
2,B,5759104,4284,,,,,,,,,,,,,,,,68.625,-72.188,19.688
2,S,5761401,2297,0.160,1.120,1.760,-9.807,-0.062,0.188,,,,,,,,,,,,
2,B,5761401,2297,,,,,,,,,,-10.090,0.027,-0.133,,,,,,
2,S,5763686,2285,0.480,1.440,2.080,-9.807,-0.083,0.182,,,,,,,,,,,,
2,B,5763686,2285,,,,,,,,,,,,,0.112,0.560,-0.224,,,
2,S,5767971,4285,0.160,1.440,2.400,-9.828,-0.107,0.193,,,,,,,,,,,,
2,B,5767971,4285,,,,,,,,,,-10.105,-0.039,-0.184,,,,,,
2,S,5770255,2284,0.480,0.800,2.080,-9.898,-0.147,0.228,,,,,,,,,,,,
2,B,5770255,2284,,,,,,,,,,-10.219,-0.098,-0.098,,,,,,
2,S,5773540,3285,1.120,0.800,1.760,-9.938,-0.172,0.263,,,,,,,,,,,,
2,B,5773540,3285,,,,,,,,,,,,,,,,69.125,-72.688,20.375
2,S,5775827,2287,1.120,0.480,2.080,-9.943,-0.193,0.323,,,,,,,,,,,,
2,B,5775827,2287,,,,,,,,,,,,,0.112,0.000,-0.224,,,
2,S,5780110,4283,0.800,0.480,2.080,-9.928,-0.203,0.362,,,,,,,,,,,,
2,B,5780110,4283,,,,,,,,,,,,,,,,68.750,-73.125,19.875
2,S,5783394,3284,0.800,-0.160,2.080,-9.902,-0.233,0.438,,,,,,,,,,,,
2,B,5783394,3284,,,,,,,,,,-10.191,-0.152,0.047,,,,,,
2,S,5785680,2286,0.800,-0.160,1.760,-9.887,-0.242,0.502,,,,,,,,,,,,
2,B,5785680,2286,,,,,,,,,,,,,0.000,-0.448,-0.112,,,
2,S,5788978,3298,0.800,0.160,2.080,-9.863,-0.233,0.552,,,,,,,,,,,,
2,B,5788978,3298,,,,,,,,,,-10.117,-0.164,0.199,,,,,,
2,S,5792262,3284,1.120,0.800,2.080,-9.842,-0.212,0.598,,,,,,,,,,,,
2,B,5792262,3284,,,,,,,,,,,,,,,,69.312,-71.375,19.250
2,S,5794547,2285,1.120,1.120,2.080,-9.838,-0.188,0.632,,,,,,,,,,,,
2,B,5794547,2285,,,,,,,,,,,,,0.000,-0.560,0.112,,,
2,S,5798832,4285,1.120,0.480,2.400,-9.852,-0.163,0.652,,,,,,,,,,,,
2,B,5798832,4285,,,,,,,,,,-10.156,-0.078,0.277,,,,,,
2,S,5801116,2284,0.800,0.480,2.400,-9.877,-0.117,0.657,,,,,,,,,,,,
2,B,5801116,2284,,,,,,,,,,,,,,,,69.625,-73.500,20.250
2,S,5804400,3284,0.800,0.800,2.400,-9.887,-0.087,0.657,,,,,,,,,,,,
2,B,5804400,3284,,,,,,,,,,,,,0.000,-0.448,0.336,,,
2,S,5808685,4285,1.120,2.080,2.720,-9.893,-0.037,0.652,,,,,,,,,,,,
2,B,5808685,4285,,,,,,,,,,-10.191,0.020,0.270,,,,,,
2,S,5810971,2286,2.080,2.400,3.360,-9.898,0.007,0.637,,,,,,,,,,,,
2,B,5810971,2286,,,,,,,,,,-10.180,0.105,0.219,,,,,,
2,S,5814256,3285,1.760,1.760,3.040,-9.898,0.033,0.618,,,,,,,,,,,,
2,B,5814256,3285,,,,,,,,,,,,,,,,68.375,-72.062,19.438
2,S,5816553,2297,1.120,2.080,2.400,-9.902,0.058,0.583,,,,,,,,,,,,
2,B,5816553,2297,,,,,,,,,,,,,0.000,-0.112,0.336,,,
2,S,5819839,3286,0.800,2.400,1.760,-9.898,0.062,0.557,,,,,,,,,,,,
2,B,5819839,3286,,,,,,,,,,-10.184,0.164,0.164,,,,,,
2,S,5823122,3283,0.800,2.080,1.440,-9.887,0.058,0.512,,,,,,,,,,,,
2,B,5823122,3283,,,,,,,,,,,,,,,,69.938,-72.125,18.750
2,S,5825406,2284,0.480,1.440,1.440,-9.877,0.043,0.487,,,,,,,,,,,,
2,B,5825406,2284,,,,,,,,,,,,,0.000,0.112,0.224,,,
2,S,5829691,4285,0.160,1.440,1.440,-9.873,0.033,0.477,,,,,,,,,,,,
2,B,5829691,4285,,,,,,,,,,-10.160,0.125,0.086,,,,,,
2,S,5831977,2286,0.480,1.120,1.760,-9.883,-0.007,0.453,,,,,,,,,,,,
2,B,5831977,2286,,,,,,,,,,,,,,,,68.688,-73.250,20.188
2,S,5835261,3284,1.120,1.440,1.440,-9.893,-0.033,0.443,,,,,,,,,,,,
2,B,5835261,3284,,,,,,,,,,,,,0.112,0.224,-0.224,,,
2,S,5839546,4285,1.120,2.080,1.760,-9.898,-0.083,0.427,,,,,,,,,,,,
2,B,5839546,4285,,,,,,,,,,-10.191,0.020,0.059,,,,,,
2,S,5841832,2286,1.120,2.080,1.760,-9.893,-0.158,0.432,,,,,,,,,,,,
2,B,5841832,2286,,,,,,,,,,-10.176,-0.125,0.066,,,,,,
2,S,5845127,3295,1.760,1.760,1.760,-9.887,-0.203,0.438,,,,,,,,,,,,
2,B,5845127,3295,,,,,,,,,,,,,,,,69.750,-71.875,18.250
2,S,5848413,3286,1.760,1.120,1.120,-9.887,-0.268,0.453,,,,,,,,,,,,
2,B,5848413,3286,,,,,,,,,,,,,0.112,0.224,-0.560,,,
2,S,5851698,3285,0.800,0.800,1.120,-9.898,-0.323,0.458,,,,,,,,,,,,
2,B,5851698,3285,,,,,,,,,,-10.160,-0.277,0.086,,,,,,
2,S,5854984,3286,0.480,1.120,1.120,-9.893,-0.357,0.448,,,,,,,,,,,,
2,B,5854984,3286,,,,,,,,,,,,,,,,69.062,-72.688,19.688
2,S,5857269,2285,1.120,1.120,1.120,-9.867,-0.388,0.438,,,,,,,,,,,,
2,B,5857269,2285,,,,,,,,,,,,,0.112,0.224,-0.560,,,
2,S,5860553,3284,1.440,0.800,1.440,-9.852,-0.407,0.427,,,,,,,,,,,,
2,B,5860553,3284,,,,,,,,,,-10.145,-0.355,0.066,,,,,,
2,S,5863838,3285,1.440,0.480,1.760,-9.838,-0.422,0.412,,,,,,,,,,,,
2,B,5863838,3285,,,,,,,,,,,,,,,,69.312,-72.938,19.188
2,S,5866121,2283,0.480,0.480,1.440,-9.838,-0.407,0.403,,,,,,,,,,,,
2,B,5866121,2283,,,,,,,,,,,,,0.000,0.224,-0.336,,,
2,S,5869406,3285,0.160,1.120,1.760,-9.838,-0.388,0.398,,,,,,,,,,,,
2,B,5869406,3285,,,,,,,,,,-10.102,-0.316,0.047,,,,,,
2,S,5872702,3296,0.480,2.080,2.400,-9.842,-0.347,0.383,,,,,,,,,,,,
2,B,5872702,3296,,,,,,,,,,,,,,,,69.938,-72.062,19.500
2,S,5874988,2286,0.800,2.400,2.400,-9.852,-0.292,0.367,,,,,,,,,,,,
2,B,5874988,2286,,,,,,,,,,,,,0.000,0.112,0.112,,,
2,S,5879272,4284,0.800,2.080,2.720,-9.857,-0.258,0.372,,,,,,,,,,,,
2,B,5879272,4284,,,,,,,,,,-10.152,-0.219,0.000,,,,,,
2,S,5882557,3285,0.800,1.120,3.360,-9.883,-0.128,0.393,,,,,,,,,,,,
2,B,5882557,3285,,,,,,,,,,,,,,,,70.438,-72.500,18.500
2,S,5884841,2284,-0.160,0.480,3.360,-9.887,-0.113,0.398,,,,,,,,,,,,
2,B,5884841,2284,,,,,,,,,,,,,0.000,0.000,0.560,,,
2,S,5889124,4283,0.160,0.480,3.680,-9.893,-0.083,0.407,,,,,,,,,,,,
2,B,5889124,4283,,,,,,,,,,-10.156,-0.078,-0.008,,,,,,
2,S,5891408,2284,0.480,1.440,4.000,-9.902,-0.028,0.438,,,,,,,,,,,,
2,B,5891408,2284,,,,,,,,,,,,,,,,70.438,-72.500,18.500
2,S,5893693,2285,0.800,1.760,4.320,-9.893,0.003,0.463,,,,,,,,,,,,
2,B,5893693,2285,,,,,,,,,,-10.172,0.047,0.039,,,,,,
2,S,5896977,3284,1.440,1.760,4.640,-9.887,0.013,0.482,,,,,,,,,,,,
2,B,5896977,3284,,,,,,,,,,,,,0.112,-0.336,0.671,,,
2,S,5899271,2294,1.760,1.440,4.000,-9.887,0.028,0.532,,,,,,,,,,,,
2,B,5899271,2294,,,,,,,,,,-10.160,0.145,0.145,,,,,,
2,S,5902556,3285,1.440,1.440,3.680,-9.893,0.033,0.557,,,,,,,,,,,,
2,B,5902556,3285,,,,,,,,,,,,,,,,69.812,-73.375,19.875
2,S,5904841,2285,1.440,1.120,2.720,-9.887,0.052,0.598,,,,,,,,,,,,
2,B,5904841,2285,,,,,,,,,,-10.152,0.152,0.219,,,,,,
2,S,5908125,3284,1.440,0.800,1.760,-9.883,0.062,0.618,,,,,,,,,,,,
2,B,5908125,3284,,,,,,,,,,,,,0.112,-0.448,0.560,,,
2,S,5910410,2285,1.120,0.160,1.760,-9.877,0.062,0.647,,,,,,,,,,,,
2,B,5910410,2285,,,,,,,,,,,,,,,,68.875,-71.938,19.750
2,S,5913694,3284,0.800,0.480,2.400,-9.883,0.052,0.667,,,,,,,,,,,,
2,B,5913694,3284,,,,,,,,,,-10.188,0.125,0.297,,,,,,
2,S,5916978,3284,1.120,1.760,3.040,-9.883,0.033,0.682,,,,,,,,,,,,
2,B,5916978,3284,,,,,,,,,,,,,0.112,-0.336,0.336,,,
2,S,5919261,2283,1.440,2.080,2.720,-9.883,0.013,0.677,,,,,,,,,,,,
2,B,5919261,2283,,,,,,,,,,,,,,,,68.500,-72.875,20.375
2,S,5922545,3284,1.760,2.080,2.080,-9.877,0.003,0.662,,,,,,,,,,,,
2,B,5922545,3284,,,,,,,,,,-10.176,0.105,0.277,,,,,,
2,S,5924840,2295,1.440,1.760,1.760,-9.883,-0.013,0.637,,,,,,,,,,,,
2,B,5924840,2295,,,,,,,,,,,,,0.112,0.000,0.000,,,
2,S,5929125,4285,0.800,1.760,2.080,-9.887,-0.018,0.618,,,,,,,,,,,,
2,B,5929125,4285,,,,,,,,,,,,,,,,69.625,-72.000,19.562
2,S,5931410,2285,0.800,1.440,2.400,-9.898,-0.048,0.578,,,,,,,,,,,,
2,B,5931410,2285,,,,,,,,,,-10.180,0.039,0.230,,,,,,
2,S,5933695,2285,1.120,2.080,2.400,-9.898,-0.072,0.537,,,,,,,,,,,,
2,B,5933695,2285,,,,,,,,,,-10.156,-0.027,0.105,,,,,,
2,S,5936980,3285,1.120,2.720,2.080,-9.893,-0.087,0.502,,,,,,,,,,,,
2,B,5936980,3285,,,,,,,,,,,,,0.000,0.336,-0.336,,,
2,S,5939264,2284,0.800,2.400,2.080,-9.893,-0.102,0.443,,,,,,,,,,,,
2,B,5939264,2284,,,,,,,,,,,,,,,,69.312,-72.438,19.750
2,S,5942548,3284,0.160,2.400,2.080,-9.893,-0.113,0.412,,,,,,,,,,,,
2,B,5942548,3284,,,,,,,,,,-10.156,-0.086,0.000,,,,,,
2,S,5944833,2285,0.160,2.080,1.760,-9.893,-0.138,0.362,,,,,,,,,,,,
2,B,5944833,2285,,,,,,,,,,,,,0.000,0.560,-0.448,,,
2,S,5949116,4283,0.800,2.080,1.760,-9.893,-0.158,0.328,,,,,,,,,,,,
2,B,5949116,4283,,,,,,,,,,,,,,,,69.312,-72.438,19.750
2,S,5951413,2297,0.800,1.760,1.760,-9.887,-0.168,0.282,,,,,,,,,,,,
2,B,5951413,2297,,,,,,,,,,-10.191,-0.078,-0.105,,,,,,
2,S,5953697,2284,1.120,1.440,2.080,-9.893,-0.172,0.268,,,,,,,,,,,,
2,B,5953697,2284,,,,,,,,,,,,,0.000,0.560,-0.448,,,
2,S,5958981,5284,1.440,1.440,2.400,-9.898,-0.182,0.258,,,,,,,,,,,,
2,B,5958981,5284,,,,,,,,,,,,,,,,69.500,-72.188,19.188
2,S,5962264,3283,1.440,1.120,2.400,-9.898,-0.193,0.268,,,,,,,,,,,,
2,B,5962264,3283,,,,,,,,,,-10.188,-0.113,-0.125,,,,,,
2,S,5964548,2284,1.440,0.800,2.400,-9.857,-0.182,0.282,,,,,,,,,,,,
2,B,5964548,2284,,,,,,,,,,,,,0.000,0.224,-0.224,,,
2,S,5968832,4284,1.120,0.800,2.080,-9.807,-0.168,0.292,,,,,,,,,,,,
2,B,5968832,4284,,,,,,,,,,,,,,,,69.000,-73.875,20.562
2,S,5971115,2283,1.120,1.120,2.400,-9.738,-0.147,0.318,,,,,,,,,,,,
2,B,5971115,2283,,,,,,,,,,-10.062,-0.059,-0.059,,,,,,
2,S,5973399,2284,1.440,1.440,2.400,-9.727,-0.142,0.347,,,,,,,,,,,,
2,B,5973399,2284,,,,,,,,,,-10.062,-0.059,0.047,,,,,,
2,S,5975684,2285,1.440,1.440,2.720,-9.752,-0.152,0.398,,,,,,,,,,,,
2,B,5975684,2285,,,,,,,,,,,,,-0.112,-0.112,-0.112,,,
2,S,5979979,4295,1.440,1.120,3.040,-9.797,-0.163,0.438,,,,,,,,,,,,
2,B,5979979,4295,,,,,,,,,,,,,,,,68.375,-72.562,20.562
2,S,5983263,3284,1.440,0.480,2.720,-9.918,-0.188,0.497,,,,,,,,,,,,
2,B,5983263,3284,,,,,,,,,,-10.230,-0.105,0.152,,,,,,
2,S,5985548,2285,1.440,0.480,2.720,-9.967,-0.207,0.542,,,,,,,,,,,,
2,B,5985548,2285,,,,,,,,,,,,,-0.112,-0.560,0.000,,,
2,S,5989833,4285,1.120,1.120,2.720,-9.967,-0.212,0.583,,,,,,,,,,,,
2,B,5989833,4285,,,,,,,,,,,,,,,,67.688,-72.812,19.875
2,S,5993116,3283,1.120,1.440,2.720,-9.938,-0.212,0.627,,,,,,,,,,,,
2,B,5993116,3283,,,,,,,,,,-10.234,-0.125,0.250,,,,,,
2,S,5995401,2285,1.120,1.120,2.720,-9.902,-0.203,0.637,,,,,,,,,,,,
2,B,5995401,2285,,,,,,,,,,,,,0.000,-0.560,0.224,,,
2,S,5999685,4284,1.120,0.800,3.040,-9.877,-0.193,0.637,,,,,,,,,,,,
2,B,5999685,4284,,,,,,,,,,,,,,,,70.125,-72.500,18.562
2,S,6001970,2285,1.120,1.120,3.680,-9.818,-0.133,0.627,,,,,,,,,,,,
2,B,6001970,2285,,,,,,,,,,-10.137,-0.059,0.289,,,,,,
2,S,6004253,2283,1.120,1.440,3.360,-9.822,-0.102,0.623,,,,,,,,,,,,
2,B,6004253,2283,,,,,,,,,,,,,0.000,-0.448,0.336,,,
2,S,6008548,4295,1.120,1.760,3.360,-9.842,-0.077,0.618,,,,,,,,,,,,
2,B,6008548,4295,,,,,,,,,,-10.152,0.008,0.270,,,,,,
2,S,6010833,2285,1.120,2.720,3.040,-9.938,-0.043,0.598,,,,,,,,,,,,
2,B,6010833,2285,,,,,,,,,,,,,,,,69.500,-73.250,19.688
2,S,6013117,2284,1.120,2.720,2.720,-9.973,-0.028,0.593,,,,,,,,,,,,
2,B,6013117,2284,,,,,,,,,,-10.270,0.086,0.211,,,,,,
2,S,6015402,2285,1.440,2.400,2.400,-9.992,-0.018,0.588,,,,,,,,,,,,
2,B,6015402,2285,,,,,,,,,,,,,0.112,-0.112,0.336,,,
2,S,6019686,4284,1.760,1.440,1.440,-9.992,-0.013,0.568,,,,,,,,,,,,
2,B,6019686,4284,,,,,,,,,,,,,,,,69.750,-71.938,19.250
2,S,6022970,3284,1.760,0.480,1.440,-9.953,-0.018,0.542,,,,,,,,,,,,
2,B,6022970,3284,,,,,,,,,,-10.207,0.059,0.172,,,,,,
2,S,6025254,2284,0.800,0.800,2.080,-9.908,-0.033,0.512,,,,,,,,,,,,
2,B,6025254,2284,,,,,,,,,,,,,0.112,0.112,0.112,,,
2,S,6029538,4284,0.480,1.440,2.080,-9.887,-0.043,0.497,,,,,,,,,,,,
2,B,6029538,4284,,,,,,,,,,,,,,,,69.188,-74.188,20.312
2,S,6032822,3284,0.800,2.400,2.080,-9.857,-0.087,0.477,,,,,,,,,,,,
2,B,6032822,3284,,,,,,,,,,-10.152,-0.008,0.113,,,,,,
2,S,6035116,2294,0.800,2.080,2.400,-9.842,-0.117,0.468,,,,,,,,,,,,
2,B,6035116,2294,,,,,,,,,,,,,0.000,0.224,-0.224,,,
2,S,6039401,4285,0.800,1.760,2.400,-9.832,-0.138,0.458,,,,,,,,,,,,
2,B,6039401,4285,,,,,,,,,,-10.137,-0.059,0.078,,,,,,
2,S,6041686,2285,1.120,2.080,2.080,-9.848,-0.172,0.453,,,,,,,,,,,,
2,B,6041686,2285,,,,,,,,,,,,,,,,70.188,-71.938,18.188
2,S,6043970,2284,1.440,2.080,1.760,-9.877,-0.193,0.443,,,,,,,,,,,,
2,B,6043970,2284,,,,,,,,,,,,,-0.112,0.336,-0.336,,,
2,S,6048253,4283,1.120,1.760,1.760,-9.898,-0.207,0.427,,,,,,,,,,,,
2,B,6048253,4283,,,,,,,,,,-10.184,-0.113,0.066,,,,,,
2,S,6050538,2285,0.480,1.120,1.120,-9.902,-0.233,0.398,,,,,,,,,,,,
2,B,6050538,2285,,,,,,,,,,-10.172,-0.184,0.008,,,,,,
2,S,6053823,3285,0.160,0.480,1.440,-9.877,-0.247,0.383,,,,,,,,,,,,
2,B,6053823,3285,,,,,,,,,,,,,,,,68.688,-73.188,20.875
2,S,6056107,2284,0.160,0.480,2.080,-9.848,-0.258,0.372,,,,,,,,,,,,
2,B,6056107,2284,,,,,,,,,,,,,-0.112,0.224,-0.336,,,
2,S,6060391,4284,0.480,0.480,2.400,-9.832,-0.263,0.367,,,,,,,,,,,,
2,B,6060391,4284,,,,,,,,,,,,,,,,69.688,-73.000,19.125
2,S,6063688,3297,0.800,0.800,2.720,-9.828,-0.268,0.383,,,,,,,,,,,,
2,B,6063688,3297,,,,,,,,,,-10.133,-0.184,0.020,,,,,,
2,S,6065974,2286,1.120,0.800,2.400,-9.828,-0.268,0.393,,,,,,,,,,,,
2,B,6065974,2286,,,,,,,,,,,,,-0.112,0.112,-0.224,,,
2,S,6070257,4283,0.480,0.800,2.400,-9.818,-0.268,0.398,,,,,,,,,,,,
2,B,6070257,4283,,,,,,,,,,,,,,,,69.750,-74.000,20.375
2,S,6072542,2285,0.480,0.800,2.400,-9.783,-0.258,0.407,,,,,,,,,,,,
2,B,6072542,2285,,,,,,,,,,-10.094,-0.199,0.008,,,,,,
2,S,6074826,2284,1.440,0.800,2.720,-9.787,-0.247,0.412,,,,,,,,,,,,
2,B,6074826,2284,,,,,,,,,,,,,-0.112,-0.112,0.112,,,
2,S,6079110,4284,1.440,0.480,2.720,-9.797,-0.233,0.417,,,,,,,,,,,,
2,B,6079110,4284,,,,,,,,,,-10.102,-0.133,0.059,,,,,,
2,S,6081394,2284,1.760,0.480,2.400,-9.838,-0.182,0.448,,,,,,,,,,,,
2,B,6081394,2284,,,,,,,,,,,,,,,,68.375,-72.000,20.188
2,S,6083679,2285,1.120,0.480,2.400,-9.848,-0.152,0.463,,,,,,,,,,,,
2,B,6083679,2285,,,,,,,,,,-10.152,-0.039,0.125,,,,,,
2,S,6085963,2284,0.480,0.480,2.400,-9.857,-0.107,0.482,,,,,,,,,,,,
2,B,6085963,2284,,,,,,,,,,,,,0.000,-0.224,0.336,,,
2,S,6090257,4294,0.160,0.160,2.720,-9.873,-0.077,0.492,,,,,,,,,,,,
2,B,6090257,4294,,,,,,,,,,,,,,,,69.375,-72.312,19.500
2,S,6093543,3286,0.160,-0.160,3.040,-9.922,-0.022,0.517,,,,,,,,,,,,
2,B,6093543,3286,,,,,,,,,,-10.227,0.078,0.125,,,,,,
2,S,6095827,2284,0.800,0.480,2.720,-9.967,0.018,0.532,,,,,,,,,,,,
2,B,6095827,2284,,,,,,,,,,,,,0.000,-0.336,0.671,,,
2,S,6101110,5283,1.440,1.120,2.720,-9.973,0.043,0.537,,,,,,,,,,,,
2,B,6101110,5283,,,,,,,,,,,,,,,,68.938,-72.375,19.938
2,S,6103394,2284,1.440,1.120,2.080,-9.947,0.087,0.547,,,,,,,,,,,,
2,B,6103394,2284,,,,,,,,,,-10.258,0.164,0.172,,,,,,
2,S,6105678,2284,0.480,1.440,2.400,-9.928,0.092,0.552,,,,,,,,,,,,
2,B,6105678,2284,,,,,,,,,,,,,0.000,-0.224,0.560,,,
2,S,6109962,4284,0.480,1.760,2.400,-9.912,0.098,0.557,,,,,,,,,,,,
2,B,6109962,4284,,,,,,,,,,-10.195,0.191,0.184,,,,,,
2,S,6112247,2285,0.800,1.440,2.400,-9.908,0.098,0.568,,,,,,,,,,,,
2,B,6112247,2285,,,,,,,,,,,,,,,,70.188,-73.500,19.875
2,S,6114531,2284,1.760,1.440,2.400,-9.922,0.092,0.573,,,,,,,,,,,,
2,B,6114531,2284,,,,,,,,,,,,,0.000,-0.112,0.224,,,
2,S,6118827,4296,1.440,1.440,2.080,-9.943,0.083,0.578,,,,,,,,,,,,
2,B,6118827,4296,,,,,,,,,,-10.230,0.184,0.191,,,,,,
2,S,6121111,2284,0.800,1.120,1.440,-9.902,0.058,0.552,,,,,,,,,,,,
2,B,6121111,2284,,,,,,,,,,-10.055,0.145,0.145,,,,,,
2,S,6124395,3284,0.160,1.440,1.760,-9.807,0.048,0.522,,,,,,,,,,,,
2,B,6124395,3284,,,,,,,,,,,,,,,,70.875,-72.562,19.125
2,S,6126679,2284,0.480,2.080,1.760,-9.742,0.028,0.517,,,,,,,,,,,,
2,B,6126679,2284,,,,,,,,,,,,,-0.112,0.112,-0.112,,,
2,S,6129963,3284,0.800,2.080,1.760,-9.787,-0.003,0.522,,,,,,,,,,,,
2,B,6129963,3284,,,,,,,,,,,,,,,,70.375,-74.250,19.750
2,S,6133246,3283,0.800,1.440,1.440,-9.947,-0.072,0.517,,,,,,,,,,,,
2,B,6133246,3283,,,,,,,,,,-10.242,0.008,0.164,,,,,,
2,S,6135530,2284,0.800,1.120,1.440,-10.043,-0.147,0.492,,,,,,,,,,,,
2,B,6135530,2284,,,,,,,,,,,,,-0.224,0.224,-0.560,,,
2,S,6139814,4284,0.800,1.440,1.440,-10.033,-0.198,0.482,,,,,,,,,,,,
2,B,6139814,4284,,,,,,,,,,,,,,,,69.062,-73.750,20.250
2,S,6142098,2284,0.800,1.760,1.120,-9.912,-0.278,0.468,,,,,,,,,,,,
2,B,6142098,2284,,,,,,,,,,-10.262,-0.145,0.113,,,,,,
2,S,6144395,2297,0.800,1.760,1.120,-9.842,-0.328,0.458,,,,,,,,,,,,
2,B,6144395,2297,,,,,,,,,,-10.105,-0.277,0.078,,,,,,
2,S,6147679,3284,0.800,1.440,1.120,-9.818,-0.347,0.443,,,,,,,,,,,,
2,B,6147679,3284,,,,,,,,,,,,,-0.112,0.448,-0.671,,,
2,S,6149963,2284,0.800,1.120,1.760,-9.793,-0.362,0.412,,,,,,,,,,,,
2,B,6149963,2284,,,,,,,,,,,,,,,,69.812,-72.812,19.500
2,S,6153247,3284,1.440,0.800,1.760,-9.762,-0.352,0.398,,,,,,,,,,,,
2,B,6153247,3284,,,,,,,,,,-10.035,-0.258,0.020,,,,,,
2,S,6155531,2284,1.440,0.800,1.440,-9.723,-0.323,0.383,,,,,,,,,,,,
2,B,6155531,2284,,,,,,,,,,,,,0.112,0.336,-0.448,,,
2,S,6159816,4285,1.120,0.800,1.120,-9.748,-0.297,0.378,,,,,,,,,,,,
2,B,6159816,4285,,,,,,,,,,,,,,,,69.812,-73.438,19.938
2,S,6163100,3284,0.800,1.440,2.720,-9.863,-0.268,0.388,,,,,,,,,,,,
2,B,6163100,3284,,,,,,,,,,-10.191,-0.211,0.020,,,,,,
2,S,6165384,2284,1.760,1.760,3.680,-9.947,-0.253,0.407,,,,,,,,,,,,
2,B,6165384,2284,,,,,,,,,,,,,0.224,0.112,0.000,,,
2,S,6169669,4285,2.080,2.080,3.680,-9.977,-0.237,0.412,,,,,,,,,,,,
2,B,6169669,4285,,,,,,,,,,,,,,,,70.562,-72.938,19.312
2,S,6171965,2296,2.080,2.080,3.040,-9.967,-0.193,0.403,,,,,,,,,,,,
2,B,6171965,2296,,,,,,,,,,-10.258,-0.113,0.039,,,,,,
2,S,6174249,2284,1.440,1.440,2.720,-9.932,-0.163,0.398,,,,,,,,,,,,
2,B,6174249,2284,,,,,,,,,,,,,0.112,-0.112,0.336,,,
2,S,6178534,4285,1.440,1.120,2.720,-9.887,-0.128,0.403,,,,,,,,,,,,
2,B,6178534,4285,,,,,,,,,,-10.102,0.020,0.059,,,,,,
2,S,6180818,2284,1.440,0.800,3.360,-9.787,-0.048,0.422,,,,,,,,,,,,
2,B,6180818,2284,,,,,,,,,,,,,,,,69.625,-73.125,19.438
2,S,6183102,2284,1.120,1.120,3.040,-9.777,-0.022,0.438,,,,,,,,,,,,
2,B,6183102,2284,,,,,,,,,,-10.090,0.105,0.086,,,,,,
2,S,6185386,2284,0.800,1.120,2.720,-9.783,-0.003,0.448,,,,,,,,,,,,
2,B,6185386,2284,,,,,,,,,,,,,0.000,-0.224,0.560,,,
2,S,6189670,4284,0.800,0.480,2.400,-9.803,0.022,0.468,,,,,,,,,,,,
2,B,6189670,4284,,,,,,,,,,,,,,,,69.562,-72.125,18.875
2,S,6191955,2285,0.480,0.480,1.440,-9.838,0.048,0.492,,,,,,,,,,,,
2,B,6191955,2285,,,,,,,,,,-10.172,0.133,0.133,,,,,,
2,S,6194238,2283,0.480,0.800,1.440,-9.857,0.052,0.502,,,,,,,,,,,,
2,B,6194238,2283,,,,,,,,,,,,,-0.224,-0.224,0.336,,,
2,S,6198533,4295,0.160,1.120,1.440,-9.902,0.048,0.512,,,,,,,,,,,,
2,B,6198533,4295,,,,,,,,,,,,,,,,70.188,-73.500,19.875
2,S,6201818,3285,-0.160,0.480,1.440,-9.953,0.028,0.527,,,,,,,,,,,,
2,B,6201818,3285,,,,,,,,,,-10.262,0.113,0.184,,,,,,
2,S,6204101,2283,0.160,0.160,1.120,-9.967,-0.003,0.547,,,,,,,,,,,,
2,B,6204101,2283,,,,,,,,,,,,,-0.336,-0.224,0.000,,,
2,S,6209385,5284,0.160,0.480,1.120,-9.963,-0.022,0.562,,,,,,,,,,,,
2,B,6209385,5284,,,,,,,,,,,,,,,,70.312,-73.812,19.625
2,S,6211670,2285,0.480,0.800,0.800,-9.922,-0.113,0.588,,,,,,,,,,,,
2,B,6211670,2285,,,,,,,,,,-10.234,-0.020,0.238,,,,,,
2,S,6213955,2285,0.800,0.480,0.800,-9.898,-0.168,0.603,,,,,,,,,,,,
2,B,6213955,2285,,,,,,,,,,-10.176,-0.145,0.250,,,,,,
2,S,6218239,4284,0.800,0.480,0.800,-9.883,-0.207,0.618,,,,,,,,,,,,
2,B,6218239,4284,,,,,,,,,,,,,-0.112,-0.112,-0.336,,,
2,S,6220523,2284,0.480,1.120,1.440,-9.873,-0.282,0.618,,,,,,,,,,,,
2,B,6220523,2284,,,,,,,,,,,,,,,,70.938,-73.062,18.500
2,S,6223807,3284,-0.160,1.760,2.080,-9.873,-0.318,0.603,,,,,,,,,,,,
2,B,6223807,3284,,,,,,,,,,-10.141,-0.277,0.211,,,,,,
2,S,6226102,2295,0.480,2.400,2.400,-9.857,-0.343,0.583,,,,,,,,,,,,
2,B,6226102,2295,,,,,,,,,,,,,-0.112,0.112,-0.448,,,
2,S,6229387,3285,1.440,2.080,2.400,-9.832,-0.357,0.557,,,,,,,,,,,,
2,B,6229387,3285,,,,,,,,,,,,,,,,70.125,-73.000,19.750
2,S,6232672,3285,2.080,1.120,2.400,-9.828,-0.347,0.532,,,,,,,,,,,,
2,B,6232672,3285,,,,,,,,,,-10.152,-0.277,0.133,,,,,,
2,S,6234957,2285,1.760,0.800,2.400,-9.857,-0.323,0.507,,,,,,,,,,,,
2,B,6234957,2285,,,,,,,,,,,,,0.000,0.224,-0.336,,,
2,S,6240241,5284,1.440,1.120,2.400,-9.877,-0.307,0.492,,,,,,,,,,,,
2,B,6240241,5284,,,,,,,,,,,,,,,,69.562,-72.625,20.000
2,S,6242527,2286,1.120,0.800,2.720,-9.902,-0.237,0.463,,,,,,,,,,,,
2,B,6242527,2286,,,,,,,,,,-10.191,-0.164,0.086,,,,,,
2,S,6244812,2285,1.440,0.800,3.040,-9.902,-0.207,0.448,,,,,,,,,,,,
2,B,6244812,2285,,,,,,,,,,,,,0.112,0.224,0.112,,,
2,S,6249096,4284,1.760,1.120,3.040,-9.898,-0.182,0.432,,,,,,,,,,,,
2,B,6249096,4284,,,,,,,,,,,,,,,,69.875,-72.188,19.812
2,S,6251381,2285,1.760,1.440,3.040,-9.877,-0.122,0.393,,,,,,,,,,,,
2,B,6251381,2285,,,,,,,,,,-10.184,-0.066,0.047,,,,,,
2,S,6253676,2295,1.440,1.120,3.040,-9.848,-0.077,0.372,,,,,,,,,,,,
2,B,6253676,2295,,,,,,,,,,-10.141,0.027,-0.020,,,,,,
2,S,6255962,2286,1.440,0.480,3.040,-9.848,-0.072,0.367,,,,,,,,,,,,
2,B,6255962,2286,,,,,,,,,,,,,0.112,0.112,0.448,,,
2,S,6260246,4284,1.440,0.160,3.040,-9.842,-0.052,0.367,,,,,,,,,,,,
2,B,6260246,4284,,,,,,,,,,,,,,,,68.500,-71.312,19.438
2,S,6263531,3285,1.120,0.480,2.400,-9.848,-0.013,0.367,,,,,,,,,,,,
2,B,6263531,3285,,,,,,,,,,-10.141,0.105,0.027,,,,,,
2,S,6265816,2285,0.800,1.120,2.720,-9.863,0.033,0.383,,,,,,,,,,,,
2,B,6265816,2285,,,,,,,,,,,,,0.000,0.000,0.560,,,
2,S,6270100,4284,0.800,1.440,3.360,-9.877,0.052,0.398,,,,,,,,,,,,
2,B,6270100,4284,,,,,,,,,,,,,,,,68.062,-72.938,20.750
2,S,6273385,3285,0.480,0.480,2.720,-9.918,0.068,0.438,,,,,,,,,,,,
2,B,6273385,3285,,,,,,,,,,-10.184,0.152,0.059,,,,,,
2,S,6275670,2285,0.160,0.160,1.760,-9.938,0.052,0.463,,,,,,,,,,,,
2,B,6275670,2285,,,,,,,,,,,,,0.000,-0.112,0.448,,,
2,S,6279955,4285,0.160,0.480,1.120,-9.938,0.048,0.472,,,,,,,,,,,,
2,B,6279955,4285,,,,,,,,,,,,,,,,70.688,-72.250,18.625
2,S,6282250,2295,0.160,1.120,1.440,-9.918,0.028,0.492,,,,,,,,,,,,
2,B,6282250,2295,,,,,,,,,,-10.223,0.152,0.125,,,,,,
2,S,6284535,2285,0.160,1.760,1.440,-9.887,-0.003,0.502,,,,,,,,,,,,
2,B,6284535,2285,,,,,,,,,,,,,0.000,-0.112,0.112,,,
2,S,6288820,4285,0.160,1.440,1.440,-9.863,-0.028,0.512,,,,,,,,,,,,
2,B,6288820,4285,,,,,,,,,,-10.145,0.066,0.152,,,,,,
2,S,6291104,2284,0.160,1.120,1.440,-9.822,-0.068,0.537,,,,,,,,,,,,
2,B,6291104,2284,,,,,,,,,,,,,,,,68.812,-73.062,20.625
2,S,6293389,2285,0.480,1.440,1.440,-9.818,-0.102,0.552,,,,,,,,,,,,
2,B,6293389,2285,,,,,,,,,,-10.113,-0.039,0.191,,,,,,
2,S,6295673,2284,1.120,1.760,1.440,-9.818,-0.133,0.557,,,,,,,,,,,,
2,B,6295673,2284,,,,,,,,,,,,,0.000,0.000,-0.336,,,
2,S,6299958,4285,1.120,1.760,1.440,-9.822,-0.168,0.557,,,,,,,,,,,,
2,B,6299958,4285,,,,,,,,,,,,,,,,70.188,-73.500,19.875
2,S,6303242,3284,1.440,2.080,2.080,-9.842,-0.212,0.552,,,,,,,,,,,,
2,B,6303242,3284,,,,,,,,,,-10.145,-0.164,0.191,,,,,,
2,S,6305528,2286,1.440,2.080,1.760,-9.857,-0.228,0.547,,,,,,,,,,,,
2,B,6305528,2286,,,,,,,,,,,,,0.000,0.112,-0.448,,,
2,S,6309823,4295,1.440,1.760,1.440,-9.873,-0.233,0.537,,,,,,,,,,,,
2,B,6309823,4295,,,,,,,,,,,,,,,,70.188,-72.438,19.312
2,S,6312108,2285,1.120,1.440,1.440,-9.898,-0.233,0.502,,,,,,,,,,,,
2,B,6312108,2285,,,,,,,,,,-10.191,-0.172,0.125,,,,,,
2,S,6314393,2285,1.120,1.120,1.760,-9.918,-0.228,0.482,,,,,,,,,,,,
2,B,6314393,2285,,,,,,,,,,,,,0.112,0.224,-0.336,,,
2,S,6319678,5285,1.120,1.120,1.760,-9.932,-0.217,0.468,,,,,,,,,,,,
2,B,6319678,5285,,,,,,,,,,-10.242,-0.113,0.047,,,,,,
2,S,6321962,2284,1.120,2.080,2.400,-9.947,-0.188,0.412,,,,,,,,,,,,
2,B,6321962,2284,,,,,,,,,,,,,,,,69.938,-73.750,19.750
2,S,6324245,2283,0.800,2.400,3.040,-9.943,-0.168,0.393,,,,,,,,,,,,
2,B,6324245,2283,,,,,,,,,,,,,0.224,0.112,0.000,,,
2,S,6328530,4285,1.120,2.400,3.360,-9.932,-0.138,0.383,,,,,,,,,,,,
2,B,6328530,4285,,,,,,,,,,-10.242,-0.039,0.020,,,,,,
2,S,6330816,2286,1.440,2.720,3.040,-9.928,-0.092,0.378,,,,,,,,,,,,
2,B,6330816,2286,,,,,,,,,,,,,,,,69.625,-73.125,19.438
2,S,6333099,2283,2.080,2.720,3.040,-9.918,-0.077,0.378,,,,,,,,,,,,
2,B,6333099,2283,,,,,,,,,,-10.184,0.039,0.020,,,,,,
2,S,6335395,2296,2.080,2.400,2.400,-9.857,-0.052,0.367,,,,,,,,,,,,
2,B,6335395,2296,,,,,,,,,,,,,0.112,0.000,0.224,,,
2,S,6339681,4286,1.760,1.760,2.400,-9.773,-0.018,0.362,,,,,,,,,,,,
2,B,6339681,4286,,,,,,,,,,,,,,,,70.125,-73.500,19.125
2,S,6342966,3285,1.760,0.800,1.760,-9.648,0.052,0.383,,,,,,,,,,,,
2,B,6342966,3285,,,,,,,,,,-9.984,0.145,0.020,,,,,,
2,S,6345250,2284,1.120,0.160,1.120,-9.807,0.028,0.422,,,,,,,,,,,,
2,B,6345250,2284,,,,,,,,,,,,,0.000,-0.112,0.224,,,
2,S,6350534,5284,0.800,-0.480,1.760,-10.158,-0.087,0.507,,,,,,,,,,,,
2,B,6350534,5284,,,,,,,,,,,,,,,,69.812,-72.812,19.500
2,S,6352819,2285,0.800,0.480,2.080,-10.123,-0.092,0.512,,,,,,,,,,,,
2,B,6352819,2285,,,,,,,,,,-10.430,0.020,0.125,,,,,,
2,S,6355103,2284,0.800,0.800,2.080,-9.977,-0.098,0.532,,,,,,,,,,,,
2,B,6355103,2284,,,,,,,,,,,,,0.000,-0.224,0.112,,,
2,S,6359387,4284,0.800,0.800,1.760,-9.838,-0.113,0.557,,,,,,,,,,,,
2,B,6359387,4284,,,,,,,,,,-10.121,-0.027,0.230,,,,,,
2,S,6361672,2285,0.480,1.440,1.440,-9.752,-0.182,0.598,,,,,,,,,,,,
2,B,6361672,2285,,,,,,,,,,,,,,,,69.375,-72.312,19.500
2,S,6363968,2296,0.800,1.760,1.760,-9.793,-0.212,0.598,,,,,,,,,,,,
2,B,6363968,2296,,,,,,,,,,-10.113,-0.145,0.211,,,,,,
2,S,6366253,2285,1.120,1.760,1.760,-9.818,-0.228,0.593,,,,,,,,,,,,
2,B,6366253,2285,,,,,,,,,,,,,-0.112,-0.224,-0.112,,,
2,S,6370537,4284,1.440,1.760,2.080,-9.793,-0.228,0.588,,,,,,,,,,,,
2,B,6370537,4284,,,,,,,,,,,,,,,,70.188,-73.500,19.875
2,S,6373822,3285,1.120,1.120,2.080,-9.758,-0.233,0.588,,,,,,,,,,,,
2,B,6373822,3285,,,,,,,,,,-10.074,-0.133,0.199,,,,,,
2,S,6376106,2284,1.120,0.480,1.440,-9.848,-0.253,0.593,,,,,,,,,,,,
2,B,6376106,2284,,,,,,,,,,,,,-0.112,-0.112,-0.224,,,
2,S,6381391,5285,1.440,0.160,1.120,-9.918,-0.263,0.593,,,,,,,,,,,,
2,B,6381391,5285,,,,,,,,,,,,,,,,68.625,-72.188,19.688
2,S,6383676,2285,1.120,1.120,2.400,-10.002,-0.263,0.578,,,,,,,,,,,,
2,B,6383676,2285,,,,,,,,,,-10.281,-0.199,0.211,,,,,,
2,S,6385962,2286,0.800,1.760,3.040,-9.998,-0.253,0.542,,,,,,,,,,,,
2,B,6385962,2286,,,,,,,,,,,,,0.000,0.000,0.000,,,
2,S,6390247,4285,0.480,1.760,3.360,-9.982,-0.237,0.517,,,,,,,,,,,,
2,B,6390247,4285,,,,,,,,,,-10.270,-0.164,0.133,,,,,,
2,S,6392542,2295,0.800,2.080,3.360,-9.928,-0.198,0.463,,,,,,,,,,,,
2,B,6392542,2295,,,,,,,,,,,,,,,,70.000,-72.625,18.938
2,S,6394827,2285,1.760,2.080,3.040,-9.883,-0.163,0.432,,,,,,,,,,,,
2,B,6394827,2285,,,,,,,,,,,,,0.112,0.112,0.112,,,
2,S,6399110,4283,1.760,1.760,2.720,-9.848,-0.133,0.412,,,,,,,,,,,,
2,B,6399110,4283,,,,,,,,,,-10.148,-0.020,0.059,,,,,,
2,S,6401395,2285,1.440,1.120,3.040,-9.793,-0.087,0.388,,,,,,,,,,,,
2,B,6401395,2285,,,,,,,,,,-10.090,0.078,0.008,,,,,,
2,S,6404680,3285,0.160,0.800,2.720,-9.773,-0.052,0.383,,,,,,,,,,,,
2,B,6404680,3285,,,,,,,,,,,,,,,,69.438,-72.750,19.562
2,S,6406964,2284,-0.160,0.800,1.760,-9.768,0.003,0.378,,,,,,,,,,,,
2,B,6406964,2284,,,,,,,,,,,,,0.000,0.112,0.336,,,
2,S,6410248,3284,0.160,0.800,1.440,-9.777,0.037,0.372,,,,,,,,,,,,
2,B,6410248,3284,,,,,,,,,,,,,,,,69.062,-71.688,19.188
2,S,6413533,3285,0.480,0.480,1.440,-9.842,0.072,0.362,,,,,,,,,,,,
2,B,6413533,3285,,,,,,,,,,-10.152,0.145,0.020,,,,,,
2,S,6415818,2285,0.480,0.800,2.400,-9.928,0.072,0.357,,,,,,,,,,,,
2,B,6415818,2285,,,,,,,,,,,,,0.000,0.000,0.336,,,
2,S,6420112,4294,0.480,1.440,2.400,-9.957,0.072,0.367,,,,,,,,,,,,
2,B,6420112,4294,,,,,,,,,,,,,,,,70.500,-73.562,19.062
2,S,6422398,2286,0.800,1.440,1.120,-9.953,0.048,0.407,,,,,,,,,,,,
2,B,6422398,2286,,,,,,,,,,-10.262,0.164,0.020,,,,,,
2,S,6424683,2285,1.120,0.800,0.480,-9.918,0.018,0.448,,,,,,,,,,,,
2,B,6424683,2285,,,,,,,,,,,,,-0.112,-0.112,0.000,,,
2,S,6428968,4285,0.800,0.800,0.480,-9.887,-0.007,0.472,,,,,,,,,,,,
2,B,6428968,4285,,,,,,,,,,-10.172,0.059,0.105,,,,,,
2,S,6431252,2284,0.480,0.480,1.440,-9.852,-0.077,0.507,,,,,,,,,,,,
2,B,6431252,2284,,,,,,,,,,,,,,,,69.938,-73.750,19.750
2,S,6433536,2284,0.800,0.480,1.440,-9.852,-0.138,0.527,,,,,,,,,,,,
2,B,6433536,2284,,,,,,,,,,-10.152,-0.125,0.199,,,,,,
2,S,6435820,2284,1.120,1.120,1.440,-9.863,-0.182,0.537,,,,,,,,,,,,
2,B,6435820,2284,,,,,,,,,,,,,-0.112,-0.112,-0.336,,,
2,S,6440103,4283,1.120,2.080,1.760,-9.873,-0.237,0.552,,,,,,,,,,,,
2,B,6440103,4283,,,,,,,,,,,,,,,,69.625,-73.125,19.438
2,S,6443387,3284,1.120,2.400,2.720,-9.867,-0.287,0.552,,,,,,,,,,,,
2,B,6443387,3284,,,,,,,,,,-10.152,-0.258,0.199,,,,,,
2,S,6445683,2296,1.440,1.120,2.400,-9.842,-0.307,0.542,,,,,,,,,,,,
2,B,6445683,2296,,,,,,,,,,,,,0.000,-0.112,-0.336,,,
2,S,6449968,4285,1.440,0.800,2.080,-9.832,-0.307,0.542,,,,,,,,,,,,
2,B,6449968,4285,,,,,,,,,,,,,,,,70.188,-73.500,19.875
2,S,6452252,2284,1.120,1.440,1.440,-9.828,-0.292,0.542,,,,,,,,,,,,
2,B,6452252,2284,,,,,,,,,,-10.109,-0.211,0.199,,,,,,
2,S,6454536,2284,1.120,1.760,1.440,-9.848,-0.278,0.537,,,,,,,,,,,,
2,B,6454536,2284,,,,,,,,,,,,,0.112,0.000,-0.224,,,
2,S,6458821,4285,1.120,2.080,1.440,-9.867,-0.263,0.527,,,,,,,,,,,,
2,B,6458821,4285,,,,,,,,,,-10.188,-0.164,0.133,,,,,,
2,S,6461105,2284,0.800,2.080,2.400,-9.918,-0.223,0.492,,,,,,,,,,,,
2,B,6461105,2284,,,,,,,,,,,,,,,,69.375,-73.938,20.438
2,S,6463389,2284,0.480,2.080,3.040,-9.938,-0.198,0.468,,,,,,,,,,,,
2,B,6463389,2284,,,,,,,,,,-10.203,-0.078,0.078,,,,,,
2,S,6465674,2285,0.480,2.400,3.680,-9.912,-0.158,0.432,,,,,,,,,,,,
2,B,6465674,2285,,,,,,,,,,,,,0.112,0.112,0.112,,,
2,S,6469958,4284,1.120,2.400,3.680,-9.908,-0.147,0.427,,,,,,,,,,,,
2,B,6469958,4284,,,,,,,,,,,,,,,,69.438,-73.375,20.062
2,S,6472254,2296,1.120,1.760,3.680,-9.857,-0.113,0.407,,,,,,,,,,,,
2,B,6472254,2296,,,,,,,,,,-10.141,0.000,0.027,,,,,,
2,S,6474538,2284,1.760,1.440,3.680,-9.842,-0.092,0.398,,,,,,,,,,,,
2,B,6474538,2284,,,,,,,,,,,,,0.224,0.112,0.336,,,
2,S,6478822,4284,1.760,1.440,3.680,-9.838,-0.068,0.393,,,,,,,,,,,,
2,B,6478822,4284,,,,,,,,,,,,,,,,69.438,-73.375,20.062
2,S,6481106,2284,1.120,1.120,3.040,-9.863,-0.022,0.398,,,,,,,,,,,,
2,B,6481106,2284,,,,,,,,,,-10.184,0.105,0.039,,,,,,
2,S,6483391,2285,0.480,0.800,2.720,-9.887,-0.003,0.403,,,,,,,,,,,,
2,B,6483391,2285,,,,,,,,,,,,,0.112,0.000,0.448,,,
2,S,6489676,6285,0.480,0.480,2.400,-9.928,0.022,0.412,,,,,,,,,,,,
2,B,6489676,6285,,,,,,,,,,,,,,,,70.125,-74.125,19.562
2,S,6491960,2284,0.800,0.800,1.760,-9.982,0.062,0.443,,,,,,,,,,,,
2,B,6491960,2284,,,,,,,,,,-10.285,0.164,0.059,,,,,,
2,S,6494244,2284,1.440,0.800,1.760,-9.982,0.068,0.453,,,,,,,,,,,,
2,B,6494244,2284,,,,,,,,,,-10.258,0.152,0.105,,,,,,
2,S,6498530,4286,1.120,1.120,2.400,-9.963,0.062,0.472,,,,,,,,,,,,
2,B,6498530,4286,,,,,,,,,,,,,0.000,-0.112,0.336,,,
2,S,6500827,2297,1.120,1.760,2.400,-9.908,0.043,0.507,,,,,,,,,,,,
2,B,6500827,2297,,,,,,,,,,,,,,,,68.562,-72.312,20.000
2,S,6504110,3283,1.120,2.080,2.080,-9.877,0.022,0.522,,,,,,,,,,,,
2,B,6504110,3283,,,,,,,,,,-10.117,0.078,0.172,,,,,,
2,S,6506394,2284,0.800,2.080,1.760,-9.838,-0.022,0.547,,,,,,,,,,,,
2,B,6506394,2284,,,,,,,,,,,,,-0.112,-0.112,0.000,,,
2,S,6510679,4285,0.800,1.760,1.440,-9.822,-0.072,0.562,,,,,,,,,,,,
2,B,6510679,4285,,,,,,,,,,,,,,,,68.375,-72.000,20.188
2,S,6513963,3284,0.800,1.440,1.120,-9.807,-0.138,0.568,,,,,,,,,,,,
2,B,6513963,3284,,,,,,,,,,-10.102,-0.059,0.211,,,,,,
2,S,6516247,2284,0.800,2.080,1.440,-9.797,-0.193,0.578,,,,,,,,,,,,
2,B,6516247,2284,,,,,,,,,,,,,-0.112,-0.112,-0.336,,,
2,S,6521532,5285,0.800,1.760,1.440,-9.793,-0.217,0.578,,,,,,,,,,,,
2,B,6521532,5285,,,,,,,,,,,,,,,,70.688,-73.875,19.562
2,S,6523818,2286,0.800,2.080,1.440,-9.787,-0.278,0.568,,,,,,,,,,,,
2,B,6523818,2286,,,,,,,,,,-10.102,-0.164,0.219,,,,,,
2,S,6526112,2294,1.440,2.400,1.440,-9.793,-0.297,0.552,,,,,,,,,,,,
2,B,6526112,2294,,,,,,,,,,,,,0.000,0.112,-0.448,,,
2,S,6530396,4284,1.440,2.720,1.440,-9.832,-0.307,0.542,,,,,,,,,,,,
2,B,6530396,4284,,,,,,,,,,-10.156,-0.211,0.164,,,,,,
2,S,6532682,2286,1.760,3.040,1.440,-9.902,-0.328,0.527,,,,,,,,,,,,
2,B,6532682,2286,,,,,,,,,,,,,,,,69.312,-73.500,19.625
2,S,6534967,2285,2.080,2.720,1.440,-9.898,-0.333,0.507,,,,,,,,,,,,
2,B,6534967,2285,,,,,,,,,,,,,0.112,0.224,-0.336,,,
2,S,6539250,4283,2.080,2.080,1.440,-9.838,-0.318,0.482,,,,,,,,,,,,
2,B,6539250,4283,,,,,,,,,,-10.117,-0.250,0.125,,,,,,
2,S,6541534,2284,1.760,1.440,1.440,-9.572,-0.207,0.407,,,,,,,,,,,,
2,B,6541534,2284,,,,,,,,,,-9.973,-0.086,0.000,,,,,,
2,S,6544819,3285,1.440,1.440,2.080,-9.533,-0.152,0.362,,,,,,,,,,,,
2,B,6544819,3285,,,,,,,,,,,,,,,,69.875,-72.188,19.812
2,S,6547104,2285,1.440,1.120,2.400,-9.822,-0.168,0.343,,,,,,,,,,,,
2,B,6547104,2285,,,,,,,,,,,,,0.112,0.336,-0.112,,,
2,S,6550389,3285,1.440,0.480,2.720,-10.238,-0.223,0.357,,,,,,,,,,,,
2,B,6550389,3285,,,,,,,,,,,,,,,,70.188,-72.875,19.438
2,S,6553684,3295,1.120,0.800,3.040,-10.418,-0.253,0.372,,,,,,,,,,,,
2,B,6553684,3295,,,,,,,,,,-10.625,-0.125,0.008,,,,,,
2,S,6555970,2286,1.440,1.120,3.360,-10.152,-0.207,0.357,,,,,,,,,,,,
2,B,6555970,2286,,,,,,,,,,,,,0.112,0.224,0.112,,,
2,S,6560254,4284,1.760,0.800,3.040,-9.953,-0.177,0.352,,,,,,,,,,,,
2,B,6560254,4284,,,,,,,,,,,,,,,,69.188,-72.625,19.375
2,S,6562539,2285,1.440,0.480,2.720,-9.832,-0.163,0.372,,,,,,,,,,,,
2,B,6562539,2285,,,,,,,,,,-10.172,-0.098,0.008,,,,,,
2,S,6564824,2285,0.800,0.480,3.360,-9.922,-0.168,0.393,,,,,,,,,,,,
2,B,6564824,2285,,,,,,,,,,-10.195,0.000,0.066,,,,,,
2,S,6568108,3284,1.120,0.800,3.680,-9.957,-0.142,0.403,,,,,,,,,,,,
2,B,6568108,3284,,,,,,,,,,,,,0.112,-0.112,0.336,,,
2,S,6570393,2285,1.440,0.480,3.680,-9.867,-0.068,0.403,,,,,,,,,,,,
2,B,6570393,2285,,,,,,,,,,,,,,,,69.250,-71.000,19.188
2,S,6573677,3284,1.120,0.160,3.040,-9.777,-0.022,0.417,,,,,,,,,,,,
2,B,6573677,3284,,,,,,,,,,-10.055,0.133,0.105,,,,,,
2,S,6575962,2285,0.480,-0.160,2.080,-9.723,0.033,0.477,,,,,,,,,,,,
2,B,6575962,2285,,,,,,,,,,,,,0.000,-0.448,0.560,,,
2,S,6580258,4296,-0.160,-0.160,1.760,-9.758,0.052,0.532,,,,,,,,,,,,
2,B,6580258,4296,,,,,,,,,,,,,,,,70.000,-73.188,19.312
2,S,6583543,3285,0.160,-0.160,1.440,-9.867,0.068,0.667,,,,,,,,,,,,
2,B,6583543,3285,,,,,,,,,,-10.180,0.145,0.363,,,,,,
2,S,6585828,2285,1.440,0.160,1.760,-9.918,0.043,0.733,,,,,,,,,,,,
2,B,6585828,2285,,,,,,,,,,,,,0.000,-0.671,0.448,,,
2,S,6590112,4284,1.760,0.480,2.080,-9.953,0.018,0.757,,,,,,,,,,,,
2,B,6590112,4284,,,,,,,,,,,,,,,,69.062,-73.750,20.250
2,S,6592397,2285,1.440,1.120,2.080,-10.008,-0.037,0.772,,,,,,,,,,,,
2,B,6592397,2285,,,,,,,,,,-10.316,0.047,0.441,,,,,,
2,S,6594682,2285,0.800,0.480,1.760,-9.988,-0.062,0.757,,,,,,,,,,,,
2,B,6594682,2285,,,,,,,,,,,,,0.000,-0.448,0.224,,,
2,S,6599966,5284,0.800,0.480,1.760,-9.943,-0.072,0.738,,,,,,,,,,,,
2,B,6599966,5284,,,,,,,,,,-10.172,0.008,0.336,,,,,,
2,S,6602250,2284,0.800,3.040,3.040,-9.793,-0.083,0.657,,,,,,,,,,,,
2,B,6602250,2284,,,,,,,,,,,,,,,,69.750,-72.438,18.688
2,S,6604535,2285,0.800,3.680,3.680,-9.758,-0.077,0.623,,,,,,,,,,,,
2,B,6604535,2285,,,,,,,,,,-10.047,0.059,0.191,,,,,,
2,S,6607832,3297,1.120,3.680,3.680,-9.742,-0.052,0.573,,,,,,,,,,,,
2,B,6607832,3297,,,,,,,,,,,,,0.000,0.224,0.000,,,
2,S,6610117,2285,2.080,2.720,2.400,-9.758,-0.013,0.502,,,,,,,,,,,,
2,B,6610117,2285,,,,,,,,,,,,,,,,70.062,-73.625,19.438
2,S,6613401,3284,2.720,2.080,1.760,-9.777,0.022,0.412,,,,,,,,,,,,
2,B,6613401,3284,,,,,,,,,,-10.102,0.152,-0.039,,,,,,
2,S,6615685,2284,2.400,1.760,1.440,-9.832,0.052,0.292,,,,,,,,,,,,
2,B,6615685,2284,,,,,,,,,,,,,0.112,0.671,-0.112,,,
2,S,6619969,4284,1.440,2.080,1.440,-9.877,0.068,0.233,,,,,,,,,,,,
2,B,6619969,4284,,,,,,,,,,,,,,,,69.375,-73.438,19.312
2,S,6623252,3283,0.800,1.760,1.440,-9.973,0.072,0.128,,,,,,,,,,,,
2,B,6623252,3283,,,,,,,,,,-10.277,0.164,-0.258,,,,,,
2,S,6625537,2285,0.480,1.120,1.440,-9.977,0.058,0.072,,,,,,,,,,,,
2,B,6625537,2285,,,,,,,,,,,,,0.000,0.783,-0.336,,,
2,S,6630821,5284,1.440,1.120,1.120,-9.922,0.022,0.058,,,,,,,,,,,,
2,B,6630821,5284,,,,,,,,,,,,,,,,68.312,-72.625,19.875
2,S,6633105,2284,2.080,1.440,0.800,-9.787,-0.058,0.098,,,,,,,,,,,,
2,B,6633105,2284,,,,,,,,,,-10.121,0.059,-0.289,,,,,,
2,S,6635401,2296,1.120,0.480,0.800,-9.752,-0.122,0.152,,,,,,,,,,,,
2,B,6635401,2296,,,,,,,,,,,,,0.000,0.448,-0.560,,,
2,S,6639687,4286,0.160,0.160,0.800,-9.762,-0.177,0.198,,,,,,,,,,,,
2,B,6639687,4286,,,,,,,,,,-10.090,-0.152,-0.145,,,,,,
2,S,6641972,2285,0.160,0.480,1.440,-9.822,-0.307,0.297,,,,,,,,,,,,
2,B,6641972,2285,,,,,,,,,,,,,,,,68.188,-72.750,20.188
2,S,6644255,2283,0.800,0.480,1.440,-9.828,-0.352,0.343,,,,,,,,,,,,
2,B,6644255,2283,,,,,,,,,,-10.113,-0.324,0.039,,,,,,
2,S,6646539,2284,0.800,0.160,1.760,-9.812,-0.383,0.398,,,,,,,,,,,,
2,B,6646539,2284,,,,,,,,,,,,,0.112,-0.224,-0.560,,,
2,S,6650823,4284,0.800,0.480,1.760,-9.787,-0.407,0.482,,,,,,,,,,,,
2,B,6650823,4284,,,,,,,,,,,,,,,,69.438,-72.750,19.562
2,S,6654107,3284,0.800,1.440,2.400,-9.793,-0.407,0.608,,,,,,,,,,,,
2,B,6654107,3284,,,,,,,,,,-10.137,-0.336,0.277,,,,,,
2,S,6656391,2284,1.440,1.440,2.720,-9.852,-0.383,0.698,,,,,,,,,,,,
2,B,6656391,2284,,,,,,,,,,,,,0.112,-0.783,-0.336,,,
2,S,6661676,5285,1.760,1.120,2.720,-9.908,-0.362,0.743,,,,,,,,,,,,
2,B,6661676,5285,,,,,,,,,,,,,,,,70.625,-73.375,19.438
2,S,6663973,2297,1.760,0.480,2.720,-10.047,-0.287,0.807,,,,,,,,,,,,
2,B,6663973,2297,,,,,,,,,,-10.309,-0.230,0.449,,,,,,
2,S,6666257,2284,1.120,0.480,2.400,-10.078,-0.263,0.812,,,,,,,,,,,,
2,B,6666257,2284,,,,,,,,,,,,,0.000,-0.671,0.224,,,
2,S,6670542,4285,1.120,0.160,2.720,-10.078,-0.233,0.802,,,,,,,,,,,,
2,B,6670542,4285,,,,,,,,,,-10.363,-0.133,0.469,,,,,,
2,S,6672826,2284,0.800,1.120,2.720,-10.008,-0.188,0.752,,,,,,,,,,,,
2,B,6672826,2284,,,,,,,,,,,,,,,,70.250,-71.312,18.500
2,S,6675110,2284,1.120,1.760,2.720,-9.963,-0.163,0.723,,,,,,,,,,,,
2,B,6675110,2284,,,,,,,,,,-10.203,-0.027,0.336,,,,,,
2,S,6678395,3285,1.120,2.080,2.720,-9.912,-0.128,0.688,,,,,,,,,,,,
2,B,6678395,3285,,,,,,,,,,,,,0.000,-0.224,0.560,,,
2,S,6680681,2286,1.120,2.080,2.720,-9.867,-0.077,0.637,,,,,,,,,,,,
2,B,6680681,2286,,,,,,,,,,,,,,,,70.562,-74.562,20.250
2,S,6683965,3284,1.120,1.760,3.040,-9.852,-0.043,0.613,,,,,,,,,,,,
2,B,6683965,3284,,,,,,,,,,-10.133,0.113,0.191,,,,,,
2,S,6686248,2283,1.120,1.760,3.680,-9.842,0.022,0.552,,,,,,,,,,,,
2,B,6686248,2283,,,,,,,,,,,,,0.000,0.112,0.671,,,
2,S,6690544,4296,1.440,1.440,3.360,-9.848,0.062,0.512,,,,,,,,,,,,
2,B,6690544,4296,,,,,,,,,,,,,,,,68.750,-72.625,20.500
2,S,6693830,3286,1.440,1.760,2.080,-9.887,0.122,0.422,,,,,,,,,,,,
2,B,6693830,3286,,,,,,,,,,-10.180,0.238,0.066,,,,,,
2,S,6696114,2284,1.120,2.400,2.080,-9.912,0.142,0.398,,,,,,,,,,,,
2,B,6696114,2284,,,,,,,,,,,,,-0.112,0.448,0.448,,,
2,S,6700399,4285,0.800,2.080,1.760,-9.918,0.138,0.383,,,,,,,,,,,,
2,B,6700399,4285,,,,,,,,,,,,,,,,69.812,-72.812,19.500
2,S,6702684,2285,1.120,1.760,1.120,-9.883,0.102,0.372,,,,,,,,,,,,
2,B,6702684,2285,,,,,,,,,,-10.172,0.219,0.008,,,,,,
2,S,6704968,2284,1.120,1.440,0.800,-9.842,0.062,0.383,,,,,,,,,,,,
2,B,6704968,2284,,,,,,,,,,-10.102,0.066,0.059,,,,,,
2,S,6708251,3283,0.480,1.120,0.480,-9.822,0.018,0.393,,,,,,,,,,,,
2,B,6708251,3283,,,,,,,,,,,,,-0.112,0.336,-0.112,,,
2,S,6710536,2285,-0.160,0.800,0.160,-9.803,-0.083,0.427,,,,,,,,,,,,
2,B,6710536,2285,,,,,,,,,,,,,,,,69.938,-72.688,19.938
2,S,6713820,3284,-0.160,0.800,0.480,-9.803,-0.147,0.443,,,,,,,,,,,,
2,B,6713820,3284,,,,,,,,,,-10.121,-0.184,0.125,,,,,,
2,S,6716116,2296,0.480,1.120,0.800,-9.812,-0.247,0.472,,,,,,,,,,,,
2,B,6716116,2296,,,,,,,,,,,,,0.000,0.224,-0.671,,,
2,S,6720401,4285,1.120,1.760,1.440,-9.812,-0.302,0.482,,,,,,,,,,,,
2,B,6720401,4285,,,,,,,,,,,,,,,,70.062,-71.500,19.062
2,S,6723685,3284,1.120,2.080,1.440,-9.762,-0.427,0.487,,,,,,,,,,,,
2,B,6723685,3284,,,,,,,,,,-10.086,-0.336,0.125,,,,,,
2,S,6725969,2284,0.800,2.080,1.440,-9.762,-0.432,0.487,,,,,,,,,,,,
2,B,6725969,2284,,,,,,,,,,,,,0.000,0.224,-0.671,,,
2,S,6730253,4284,0.800,1.760,2.400,-9.773,-0.443,0.472,,,,,,,,,,,,
2,B,6730253,4284,,,,,,,,,,,,,,,,69.750,-71.375,18.188
2,S,6732537,2284,1.120,0.800,3.040,-9.838,-0.438,0.448,,,,,,,,,,,,
2,B,6732537,2284,,,,,,,,,,-10.156,-0.355,0.098,,,,,,
2,S,6734821,2284,0.800,0.480,3.040,-9.893,-0.407,0.427,,,,,,,,,,,,
2,B,6734821,2284,,,,,,,,,,,,,-0.112,0.224,-0.448,,,
2,S,6740104,5283,0.800,0.800,3.040,-9.932,-0.383,0.407,,,,,,,,,,,,
2,B,6740104,5283,,,,,,,,,,-10.258,-0.277,-0.008,,,,,,
2,S,6742388,2284,1.120,1.760,2.720,-9.953,-0.297,0.338,,,,,,,,,,,,
2,B,6742388,2284,,,,,,,,,,,,,,,,69.125,-72.125,19.312
2,S,6744684,2296,1.440,1.760,3.040,-9.918,-0.233,0.307,,,,,,,,,,,,
2,B,6744684,2296,,,,,,,,,,-10.203,-0.105,-0.059,,,,,,
2,S,6748970,4286,0.480,1.120,3.040,-9.908,-0.223,0.302,,,,,,,,,,,,
2,B,6748970,4286,,,,,,,,,,,,,0.000,0.112,0.224,,,
2,S,6751254,2284,0.160,-0.160,2.720,-9.877,-0.142,0.287,,,,,,,,,,,,
2,B,6751254,2284,,,,,,,,,,,,,,,,70.188,-74.000,19.250
2,S,6754538,3284,0.480,0.160,3.040,-9.863,-0.107,0.287,,,,,,,,,,,,
2,B,6754538,3284,,,,,,,,,,-10.133,0.027,-0.039,,,,,,
2,S,6756823,2285,1.120,0.480,3.680,-9.848,-0.058,0.302,,,,,,,,,,,,
2,B,6756823,2285,,,,,,,,,,,,,0.112,-0.112,0.783,,,
2,S,6761106,4283,2.080,0.480,4.000,-9.838,-0.033,0.328,,,,,,,,,,,,
2,B,6761106,4283,,,,,,,,,,,,,,,,68.750,-71.500,19.000
2,S,6763390,2284,2.080,-0.800,2.720,-9.867,0.013,0.407,,,,,,,,,,,,
2,B,6763390,2284,,,,,,,,,,-10.156,0.145,0.039,,,,,,
2,S,6765675,2285,1.440,-0.800,2.400,-9.943,0.062,0.492,,,,,,,,,,,,
2,B,6765675,2285,,,,,,,,,,,,,0.112,-0.448,0.895,,,
2,S,6769959,4284,1.440,-0.160,2.400,-9.953,0.072,0.507,,,,,,,,,,,,
2,B,6769959,4284,,,,,,,,,,,,,,,,70.438,-72.625,19.562
2,S,6772254,2295,1.440,0.800,3.040,-9.988,0.122,0.593,,,,,,,,,,,,
2,B,6772254,2295,,,,,,,,,,-10.246,0.211,0.230,,,,,,
2,S,6774540,2286,2.080,0.800,3.040,-9.988,0.147,0.632,,,,,,,,,,,,
2,B,6774540,2286,,,,,,,,,,-10.242,0.277,0.336,,,,,,
2,S,6778826,4286,1.760,0.800,3.040,-9.977,0.172,0.682,,,,,,,,,,,,
2,B,6778826,4286,,,,,,,,,,,,,0.112,-0.671,0.671,,,
2,S,6781110,2284,1.440,1.120,2.400,-9.953,0.188,0.723,,,,,,,,,,,,
2,B,6781110,2284,,,,,,,,,,,,,,,,70.438,-72.125,18.438
2,S,6784395,3285,0.800,1.440,1.760,-9.943,0.182,0.738,,,,,,,,,,,,
2,B,6784395,3285,,,,,,,,,,-10.246,0.250,0.422,,,,,,
2,S,6786681,2286,0.800,1.440,1.440,-9.932,0.168,0.748,,,,,,,,,,,,
2,B,6786681,2286,,,,,,,,,,,,,0.000,-0.448,0.224,,,
2,S,6790966,4285,1.440,1.760,2.080,-9.912,0.147,0.743,,,,,,,,,,,,
2,B,6790966,4285,,,,,,,,,,,,,,,,69.875,-72.250,19.125
2,S,6794250,3284,1.440,2.720,2.400,-9.863,0.102,0.703,,,,,,,,,,,,
2,B,6794250,3284,,,,,,,,,,-10.141,0.184,0.344,,,,,,
2,S,6796535,2285,0.800,2.400,1.760,-9.832,0.068,0.642,,,,,,,,,,,,
2,B,6796535,2285,,,,,,,,,,,,,0.000,0.000,-0.224,,,
2,S,6801831,5296,0.160,1.440,1.120,-9.822,0.048,0.608,,,,,,,,,,,,
2,B,6801831,5296,,,,,,,,,,,,,,,,70.625,-71.375,18.375
2,S,6804115,2284,0.160,1.760,0.160,-9.838,-0.013,0.502,,,,,,,,,,,,
2,B,6804115,2284,,,,,,,,,,-10.141,0.105,0.184,,,,,,
2,S,6806400,2285,1.120,2.080,0.160,-9.848,-0.037,0.453,,,,,,,,,,,,
2,B,6806400,2285,,,,,,,,,,,,,-0.112,0.560,-0.560,,,
2,S,6810685,4285,1.120,2.400,0.480,-9.857,-0.068,0.388,,,,,,,,,,,,
2,B,6810685,4285,,,,,,,,,,-10.156,0.008,0.020,,,,,,
2,S,6812970,2285,0.800,2.720,1.760,-9.852,-0.122,0.292,,,,,,,,,,,,
2,B,6812970,2285,,,,,,,,,,,,,,,,70.500,-72.062,19.125
2,S,6815254,2284,0.160,2.400,2.080,-9.842,-0.152,0.258,,,,,,,,,,,,
2,B,6815254,2284,,,,,,,,,,,,,0.000,0.783,-0.895,,,
2,S,6819538,4284,-0.160,2.400,1.760,-9.828,-0.198,0.223,,,,,,,,,,,,
2,B,6819538,4284,,,,,,,,,,-10.121,-0.105,-0.105,,,,,,
2,S,6821823,2285,0.160,2.400,1.440,-9.812,-0.263,0.193,,,,,,,,,,,,
2,B,6821823,2285,,,,,,,,,,-10.109,-0.258,-0.145,,,,,,
2,S,6825107,3284,1.120,2.400,1.760,-9.807,-0.297,0.188,,,,,,,,,,,,
2,B,6825107,3284,,,,,,,,,,,,,,,,69.812,-72.812,19.500
2,S,6827404,2297,1.440,1.120,1.760,-9.803,-0.343,0.193,,,,,,,,,,,,
2,B,6827404,2297,,,,,,,,,,,,,0.000,0.560,-0.783,,,
2,S,6830688,3284,1.440,0.160,1.760,-9.803,-0.378,0.217,,,,,,,,,,,,
2,B,6830688,3284,,,,,,,,,,,,,,,,70.938,-72.562,19.125
2,S,6833972,3284,1.760,0.160,1.760,-9.818,-0.407,0.253,,,,,,,,,,,,
2,B,6833972,3284,,,,,,,,,,-10.121,-0.336,-0.098,,,,,,
2,S,6836255,2283,1.440,0.480,1.760,-9.828,-0.417,0.292,,,,,,,,,,,,
2,B,6836255,2283,,,,,,,,,,,,,0.000,0.000,-0.448,,,
2,S,6840540,4285,1.120,0.480,1.760,-9.848,-0.412,0.343,,,,,,,,,,,,
2,B,6840540,4285,,,,,,,,,,,,,,,,71.250,-71.562,18.500
2,S,6842826,2286,0.800,0.160,2.720,-9.883,-0.398,0.422,,,,,,,,,,,,
2,B,6842826,2286,,,,,,,,,,-10.180,-0.355,0.027,,,,,,
2,S,6845110,2284,0.800,0.800,3.040,-9.902,-0.383,0.463,,,,,,,,,,,,
2,B,6845110,2284,,,,,,,,,,,,,0.112,-0.560,0.000,,,
2,S,6849394,4284,1.120,1.120,3.040,-9.912,-0.357,0.507,,,,,,,,,,,,
2,B,6849394,4284,,,,,,,,,,-10.203,-0.258,0.172,,,,,,
2,S,6851679,2285,0.800,0.480,2.400,-9.928,-0.297,0.568,,,,,,,,,,,,
2,B,6851679,2285,,,,,,,,,,,,,,,,70.062,-71.000,17.938
2,S,6853975,2296,-0.160,-0.160,1.760,-9.938,-0.247,0.598,,,,,,,,,,,,
2,B,6853975,2296,,,,,,,,,,-10.234,-0.105,0.277,,,,,,
2,S,6856259,2284,-0.160,-0.160,1.440,-9.947,-0.207,0.623,,,,,,,,,,,,
2,B,6856259,2284,,,,,,,,,,,,,0.000,-0.671,0.448,,,
2,S,6860544,4285,0.480,-0.480,1.440,-9.953,-0.168,0.642,,,,,,,,,,,,
2,B,6860544,4285,,,,,,,,,,,,,,,,70.062,-71.000,17.938
2,S,6862830,2286,0.480,0.160,3.040,-9.943,-0.087,0.667,,,,,,,,,,,,
2,B,6862830,2286,,,,,,,,,,-10.227,0.039,0.305,,,,,,
2,S,6865114,2284,0.480,0.800,3.360,-9.922,-0.058,0.672,,,,,,,,,,,,
2,B,6865114,2284,,,,,,,,,,,,,0.000,-0.560,0.671,,,
2,S,6869399,4285,0.160,1.120,3.040,-9.908,-0.022,0.672,,,,,,,,,,,,
2,B,6869399,4285,,,,,,,,,,,,,,,,70.938,-72.000,18.688
2,S,6872684,3285,0.160,1.120,2.720,-9.883,0.033,0.652,,,,,,,,,,,,
2,B,6872684,3285,,,,,,,,,,-10.188,0.133,0.305,,,,,,
2,S,6874969,2285,1.120,1.120,2.400,-9.887,0.037,0.652,,,,,,,,,,,,
2,B,6874969,2285,,,,,,,,,,,,,0.000,-0.336,0.671,,,
2,S,6880253,5284,0.800,1.120,2.080,-9.893,0.043,0.657,,,,,,,,,,,,
2,B,6880253,5284,,,,,,,,,,,,,,,,69.875,-73.312,19.688
2,S,6882549,2296,0.480,1.120,1.760,-9.908,0.018,0.647,,,,,,,,,,,,
2,B,6882549,2296,,,,,,,,,,-10.188,0.152,0.277,,,,,,
2,S,6884834,2285,-0.160,1.120,2.080,-9.902,-0.003,0.632,,,,,,,,,,,,
2,B,6884834,2285,,,,,,,,,,-10.191,0.059,0.250,,,,,,
2,S,6888116,3282,0.160,1.120,2.080,-9.893,-0.022,0.623,,,,,,,,,,,,
2,B,6888116,3282,,,,,,,,,,,,,0.000,0.000,0.224,,,
2,S,6890402,2286,0.800,1.760,2.080,-9.873,-0.068,0.608,,,,,,,,,,,,
2,B,6890402,2286,,,,,,,,,,,,,,,,69.812,-71.812,19.000
2,S,6893686,3284,1.120,2.080,2.080,-9.857,-0.107,0.598,,,,,,,,,,,,
2,B,6893686,3284,,,,,,,,,,-10.176,-0.086,0.199,,,,,,
2,S,6895971,2285,0.480,1.440,1.760,-9.852,-0.158,0.578,,,,,,,,,,,,
2,B,6895971,2285,,,,,,,,,,,,,0.000,0.224,-0.336,,,
2,S,6900256,4285,-0.160,1.120,1.440,-9.852,-0.193,0.557,,,,,,,,,,,,
2,B,6900256,4285,,,,,,,,,,,,,,,,69.875,-71.688,18.688
2,S,6903541,3285,0.160,1.760,2.080,-9.852,-0.253,0.522,,,,,,,,,,,,
2,B,6903541,3285,,,,,,,,,,-10.160,-0.191,0.164,,,,,,
2,S,6905825,2284,1.440,2.400,1.760,-9.848,-0.292,0.492,,,,,,,,,,,,
2,B,6905825,2284,,,,,,,,,,,,,-0.112,0.448,-0.560,,,
2,S,6910120,4295,2.400,2.720,1.760,-9.848,-0.312,0.477,,,,,,,,,,,,
2,B,6910120,4295,,,,,,,,,,,,,,,,70.500,-71.500,18.000
2,S,6912406,2286,2.080,2.080,1.760,-9.842,-0.338,0.427,,,,,,,,,,,,
2,B,6912406,2286,,,,,,,,,,-10.145,-0.250,0.066,,,,,,
2,S,6914691,2285,1.440,1.760,2.400,-9.838,-0.333,0.383,,,,,,,,,,,,
2,B,6914691,2285,,,,,,,,,,-10.160,-0.238,0.027,,,,,,
2,S,6918976,4285,1.120,1.440,2.400,-9.838,-0.328,0.378,,,,,,,,,,,,
2,B,6918976,4285,,,,,,,,,,,,,-0.112,0.448,-0.336,,,
2,S,6921259,2283,1.120,0.800,3.040,-9.838,-0.287,0.343,,,,,,,,,,,,
2,B,6921259,2283,,,,,,,,,,,,,,,,70.250,-72.312,19.000
2,S,6924544,3285,1.120,0.800,3.360,-9.848,-0.263,0.323,,,,,,,,,,,,
2,B,6924544,3285,,,,,,,,,,-10.172,-0.105,-0.047,,,,,,
2,S,6926828,2284,1.120,2.080,3.040,-9.863,-0.212,0.297,,,,,,,,,,,,
2,B,6926828,2284,,,,,,,,,,,,,0.000,0.224,0.112,,,
2,S,6931112,4284,0.480,3.040,2.400,-9.867,-0.163,0.292,,,,,,,,,,,,
2,B,6931112,4284,,,,,,,,,,,,,,,,71.062,-72.875,18.938
2,S,6934397,3285,0.160,1.760,2.720,-9.867,-0.092,0.292,,,,,,,,,,,,
2,B,6934397,3285,,,,,,,,,,-10.180,0.027,-0.078,,,,,,
2,S,6936692,2295,0.800,0.480,4.000,-9.863,-0.037,0.287,,,,,,,,,,,,
2,B,6936692,2295,,,,,,,,,,,,,0.000,0.000,0.448,,,
2,S,6941978,5286,2.080,0.480,4.320,-9.863,-0.013,0.297,,,,,,,,,,,,
2,B,6941978,5286,,,,,,,,,,,,,,,,70.062,-71.000,17.938
2,S,6944262,2284,2.080,1.120,3.360,-9.867,0.058,0.343,,,,,,,,,,,,
2,B,6944262,2284,,,,,,,,,,-10.184,0.133,-0.020,,,,,,
2,S,6946547,2285,0.480,0.480,2.720,-9.873,0.077,0.362,,,,,,,,,,,,
2,B,6946547,2285,,,,,,,,,,,,,0.112,-0.112,0.671,,,
2,S,6950832,4285,0.480,-0.480,2.080,-9.893,0.098,0.388,,,,,,,,,,,,
2,B,6950832,4285,,,,,,,,,,-10.199,0.191,0.059,,,,,,
2,S,6953116,2284,0.800,-0.480,1.760,-9.922,0.107,0.438,,,,,,,,,,,,
2,B,6953116,2284,,,,,,,,,,,,,,,,69.375,-72.312,19.500
2,S,6955401,2285,1.120,-0.480,2.080,-9.938,0.107,0.468,,,,,,,,,,,,
2,B,6955401,2285,,,,,,,,,,-10.242,0.211,0.113,,,,,,
2,S,6958686,3285,1.120,-0.480,2.720,-9.938,0.107,0.502,,,,,,,,,,,,
2,B,6958686,3285,,,,,,,,,,,,,0.112,-0.336,0.448,,,
2,S,6960970,2284,1.120,0.800,2.400,-9.928,0.098,0.532,,,,,,,,,,,,
2,B,6960970,2284,,,,,,,,,,,,,,,,70.750,-72.250,19.312
2,S,6964266,3296,1.440,1.760,2.080,-9.912,0.083,0.547,,,,,,,,,,,,
2,B,6964266,3296,,,,,,,,,,-10.230,0.172,0.191,,,,,,
2,S,6966550,2284,1.120,1.120,0.800,-9.898,0.052,0.573,,,,,,,,,,,,
2,B,6966550,2284,,,,,,,,,,,,,0.112,-0.448,0.112,,,
2,S,6970835,4285,0.480,0.160,0.480,-9.893,0.037,0.588,,,,,,,,,,,,
2,B,6970835,4285,,,,,,,,,,,,,,,,68.688,-72.812,20.125
2,S,6974119,3284,0.480,-0.480,2.080,-9.893,0.003,0.593,,,,,,,,,,,,
2,B,6974119,3284,,,,,,,,,,-10.203,0.098,0.230,,,,,,
2,S,6976404,2285,1.760,0.160,2.400,-9.887,-0.028,0.583,,,,,,,,,,,,
2,B,6976404,2285,,,,,,,,,,,,,0.000,-0.224,-0.224,,,
2,S,6980688,4284,2.080,1.120,1.440,-9.883,-0.048,0.578,,,,,,,,,,,,
2,B,6980688,4284,,,,,,,,,,,,,,,,70.625,-71.375,18.375
2,S,6982973,2285,1.120,1.440,1.760,-9.852,-0.068,0.562,,,,,,,,,,,,
2,B,6982973,2285,,,,,,,,,,-10.172,0.047,0.211,,,,,,
2,S,6985256,2283,-0.160,2.080,2.720,-9.838,-0.077,0.552,,,,,,,,,,,,
2,B,6985256,2283,,,,,,,,,,,,,0.112,0.000,-0.448,,,
2,S,6990540,5284,0.480,2.080,2.400,-9.852,-0.113,0.512,,,,,,,,,,,,
2,B,6990540,5284,,,,,,,,,,-10.160,0.008,0.172,,,,,,
2,S,6992835,2295,2.080,1.120,2.080,-9.857,-0.113,0.507,,,,,,,,,,,,
2,B,6992835,2295,,,,,,,,,,,,,,,,70.000,-71.562,19.125
2,S,6995119,2284,1.760,1.120,2.080,-9.873,-0.122,0.492,,,,,,,,,,,,
2,B,6995119,2284,,,,,,,,,,-10.188,-0.039,0.125,,,,,,
2,S,6998403,3284,0.480,1.120,2.080,-9.883,-0.138,0.482,,,,,,,,,,,,
2,B,6998403,3284,,,,,,,,,,,,,0.112,0.224,-0.336,,,
2,S,7000688,2285,-0.160,1.120,2.400,-9.887,-0.147,0.458,,,,,,,,,,,,
2,B,7000688,2285,,,,,,,,,,,,,,,,70.688,-72.250,18.625
2,S,7003972,3284,0.160,1.120,2.400,-9.883,-0.152,0.443,,,,,,,,,,,,
2,B,7003972,3284,,,,,,,,,,-10.184,-0.059,0.105,,,,,,
2,S,7006256,2284,0.480,1.440,2.080,-9.873,-0.163,0.438,,,,,,,,,,,,
2,B,7006256,2284,,,,,,,,,,,,,0.112,0.224,-0.336,,,
2,S,7010540,4284,0.480,1.760,1.760,-9.857,-0.177,0.438,,,,,,,,,,,,
2,B,7010540,4284,,,,,,,,,,,,,,,,69.625,-71.500,18.500
2,S,7012825,2285,0.480,1.440,2.080,-9.863,-0.193,0.438,,,,,,,,,,,,
2,B,7012825,2285,,,,,,,,,,-10.172,-0.078,0.078,,,,,,
2,S,7015109,2284,0.480,0.160,1.760,-9.877,-0.193,0.443,,,,,,,,,,,,
2,B,7015109,2284,,,,,,,,,,,,,0.000,0.224,-0.336,,,
2,S,7020405,5296,0.800,-0.160,1.760,-9.898,-0.198,0.453,,,,,,,,,,,,
2,B,7020405,5296,,,,,,,,,,,,,,,,71.438,-72.938,18.875
2,S,7022691,2286,0.800,1.120,1.120,-9.912,-0.228,0.458,,,,,,,,,,,,
2,B,7022691,2286,,,,,,,,,,-10.227,-0.113,0.098,,,,,,
2,S,7024975,2284,0.160,1.760,0.800,-9.912,-0.242,0.458,,,,,,,,,,,,
2,B,7024975,2284,,,,,,,,,,-10.207,-0.164,0.113,,,,,,
2,S,7028258,3283,0.480,2.400,1.440,-9.908,-0.253,0.458,,,,,,,,,,,,
2,B,7028258,3283,,,,,,,,,,,,,0.000,0.112,-0.224,,,
2,S,7030543,2285,1.440,1.440,2.080,-9.898,-0.273,0.463,,,,,,,,,,,,
2,B,7030543,2285,,,,,,,,,,,,,,,,70.875,-72.625,18.438
2,S,7033828,3285,2.080,0.160,1.760,-9.887,-0.282,0.472,,,,,,,,,,,,
2,B,7033828,3285,,,,,,,,,,-10.184,-0.211,0.113,,,,,,
2,S,7036111,2283,1.120,-0.160,2.400,-9.883,-0.292,0.482,,,,,,,,,,,,
2,B,7036111,2283,,,,,,,,,,,,,0.000,0.000,-0.224,,,
2,S,7040395,4284,-0.160,-0.160,3.040,-9.877,-0.302,0.487,,,,,,,,,,,,
2,B,7040395,4284,,,,,,,,,,,,,,,,71.125,-72.312,18.562
2,S,7043679,3284,0.160,1.120,4.000,-9.863,-0.302,0.487,,,,,,,,,,,,
2,B,7043679,3284,,,,,,,,,,-10.148,-0.219,0.145,,,,,,
2,S,7045975,2296,1.440,1.120,2.720,-9.842,-0.302,0.487,,,,,,,,,,,,
2,B,7045975,2296,,,,,,,,,,,,,0.000,-0.112,0.000,,,
2,S,7051259,5284,1.760,1.120,1.760,-9.832,-0.302,0.487,,,,,,,,,,,,
2,B,7051259,5284,,,,,,,,,,,,,,,,70.750,-73.312,19.125
2,S,7053544,2285,1.760,0.480,1.120,-9.832,-0.297,0.502,,,,,,,,,,,,
2,B,7053544,2285,,,,,,,,,,-10.148,-0.211,0.113,,,,,,
2,S,7055830,2286,1.760,0.480,1.760,-9.842,-0.282,0.502,,,,,,,,,,,,
2,B,7055830,2286,,,,,,,,,,,,,0.000,-0.112,0.112,,,
2,S,7060113,4283,2.080,0.480,2.400,-9.848,-0.268,0.507,,,,,,,,,,,,
2,B,7060113,4283,,,,,,,,,,-10.141,-0.172,0.133,,,,,,
2,S,7062398,2285,2.080,0.160,2.720,-9.857,-0.233,0.512,,,,,,,,,,,,
2,B,7062398,2285,,,,,,,,,,,,,,,,69.750,-71.375,18.875
2,S,7065683,3285,2.080,-0.160,3.040,-9.863,-0.203,0.522,,,,,,,,,,,,
2,B,7065683,3285,,,,,,,,,,,,,0.000,-0.112,0.224,,,
2,S,7069967,4284,1.440,1.120,2.720,-9.873,-0.172,0.532,,,,,,,,,,,,
2,B,7069967,4284,,,,,,,,,,-10.180,-0.105,0.172,,,,,,
2,S,7072251,2284,0.800,2.080,2.400,-9.902,-0.133,0.547,,,,,,,,,,,,
2,B,7072251,2284,,,,,,,,,,-10.230,-0.027,0.184,,,,,,
2,S,7075548,3297,0.160,1.760,2.720,-9.912,-0.113,0.557,,,,,,,,,,,,
2,B,7075548,3297,,,,,,,,,,,,,,,,71.438,-71.375,17.938
2,S,7077832,2284,0.160,1.120,3.040,-9.928,-0.083,0.562,,,,,,,,,,,,
2,B,7077832,2284,,,,,,,,,,,,,0.000,-0.112,0.336,,,
2,S,7081115,3283,0.160,0.800,3.040,-9.928,-0.062,0.562,,,,,,,,,,,,
2,B,7081115,3283,,,,,,,,,,-10.223,0.047,0.219,,,,,,
2,S,7084399,3284,0.160,1.760,3.360,-9.922,-0.043,0.552,,,,,,,,,,,,
2,B,7084399,3284,,,,,,,,,,,,,,,,70.438,-71.062,17.875
2,S,7086684,2285,1.760,2.400,3.360,-9.912,-0.022,0.552,,,,,,,,,,,,
2,B,7086684,2285,,,,,,,,,,,,,0.000,-0.112,0.336,,,
2,S,7090968,4284,3.040,2.400,3.360,-9.908,0.003,0.547,,,,,,,,,,,,
2,B,7090968,4284,,,,,,,,,,-10.195,0.086,0.191,,,,,,
2,S,7093252,2284,2.720,1.120,3.040,-9.908,0.028,0.537,,,,,,,,,,,,
2,B,7093252,2284,,,,,,,,,,,,,,,,71.125,-72.312,18.562
2,S,7095538,2286,0.160,1.120,3.040,-9.902,0.028,0.532,,,,,,,,,,,,
2,B,7095538,2286,,,,,,,,,,,,,0.000,0.000,0.336,,,
2,S,7099824,4286,-0.160,1.760,2.720,-9.898,0.028,0.517,,,,,,,,,,,,
2,B,7099824,4286,,,,,,,,,,-10.199,0.145,0.133,,,,,,
2,S,7102119,2295,0.480,1.120,1.760,-9.877,0.033,0.492,,,,,,,,,,,,
2,B,7102119,2295,,,,,,,,,,-10.172,0.133,0.105,,,,,,
2,S,7105403,3284,2.080,0.480,0.800,-9.867,0.033,0.477,,,,,,,,,,,,
2,B,7105403,3284,,,,,,,,,,,,,,,,70.438,-72.062,19.125
2,S,7107687,2284,2.080,1.760,0.160,-9.867,0.022,0.463,,,,,,,,,,,,
2,B,7107687,2284,,,,,,,,,,,,,0.000,0.112,0.112,,,
2,S,7110971,3284,0.800,3.040,1.120,-9.867,0.003,0.448,,,,,,,,,,,,
2,B,7110971,3284,,,,,,,,,,,,,,,,70.438,-71.562,17.250
2,S,7114254,3283,0.160,3.360,2.080,-9.873,-0.018,0.432,,,,,,,,,,,,
2,B,7114254,3283,,,,,,,,,,-10.180,0.086,0.066,,,,,,
2,S,7116538,2284,0.480,2.720,1.440,-9.867,-0.048,0.412,,,,,,,,,,,,
2,B,7116538,2284,,,,,,,,,,,,,-0.112,0.224,-0.112,,,
2,S,7120823,4285,1.120,2.080,1.120,-9.863,-0.068,0.398,,,,,,,,,,,,
2,B,7120823,4285,,,,,,,,,,,,,,,,69.875,-71.688,18.688
2,S,7123106,2283,1.120,2.080,1.440,-9.857,-0.087,0.378,,,,,,,,,,,,
2,B,7123106,2283,,,,,,,,,,-10.188,0.027,0.039,,,,,,
2,S,7125391,2285,1.440,2.080,1.760,-9.857,-0.107,0.367,,,,,,,,,,,,
2,B,7125391,2285,,,,,,,,,,-10.180,-0.039,0.008,,,,,,
2,S,7128687,3296,1.760,1.440,1.760,-9.867,-0.147,0.343,,,,,,,,,,,,
2,B,7128687,3296,,,,,,,,,,,,,0.000,0.224,-0.224,,,
2,S,7130973,2286,2.400,1.440,2.400,-9.873,-0.147,0.343,,,,,,,,,,,,
2,B,7130973,2286,,,,,,,,,,,,,,,,70.312,-71.750,18.625
2,S,7134256,3283,2.400,1.440,2.080,-9.877,-0.158,0.338,,,,,,,,,,,,
2,B,7134256,3283,,,,,,,,,,-10.191,-0.059,-0.020,,,,,,
2,S,7136541,2285,2.400,1.760,1.440,-9.883,-0.158,0.333,,,,,,,,,,,,
2,B,7136541,2285,,,,,,,,,,,,,0.000,0.224,-0.224,,,
2,S,7140825,4284,1.120,2.080,1.440,-9.883,-0.158,0.338,,,,,,,,,,,,
2,B,7140825,4284,,,,,,,,,,,,,,,,70.312,-71.750,18.625
2,S,7143109,2284,0.160,1.760,2.400,-9.873,-0.163,0.338,,,,,,,,,,,,
2,B,7143109,2284,,,,,,,,,,-10.184,-0.020,0.000,,,,,,
2,S,7145393,2284,-0.800,1.440,2.400,-9.867,-0.152,0.343,,,,,,,,,,,,
2,B,7145393,2284,,,,,,,,,,,,,0.112,0.000,-0.112,,,
2,S,7149678,4285,-0.160,1.120,2.080,-9.873,-0.113,0.378,,,,,,,,,,,,
2,B,7149678,4285,,,,,,,,,,,,,,,,70.500,-71.500,18.000
2,S,7152963,3285,-0.160,-0.160,2.400,-9.873,-0.107,0.383,,,,,,,,,,,,
2,B,7152963,3285,,,,,,,,,,-10.156,-0.008,0.039,,,,,,
2,S,7155258,2295,-0.480,-0.160,3.040,-9.873,-0.098,0.407,,,,,,,,,,,,
2,B,7155258,2295,,,,,,,,,,,,,0.112,-0.224,0.112,,,
2,S,7160544,5286,-1.440,0.160,3.040,-9.863,-0.087,0.438,,,,,,,,,,,,
2,B,7160544,5286,,,,,,,,,,,,,,,,71.125,-73.375,19.062
2,S,7162828,2284,-1.440,0.160,3.040,-9.852,-0.068,0.482,,,,,,,,,,,,
2,B,7162828,2284,,,,,,,,,,-10.156,0.027,0.105,,,,,,
2,S,7165112,2284,0.160,-0.160,2.720,-9.852,-0.062,0.507,,,,,,,,,,,,
2,B,7165112,2284,,,,,,,,,,-10.156,0.047,0.191,,,,,,
2,S,7168397,3285,0.160,-0.480,1.760,-9.857,-0.058,0.532,,,,,,,,,,,,
2,B,7168397,3285,,,,,,,,,,,,,0.000,-0.448,0.224,,,
2,S,7170683,2286,0.160,-0.160,-0.160,-9.857,-0.058,0.573,,,,,,,,,,,,
2,B,7170683,2286,,,,,,,,,,,,,,,,70.875,-72.562,19.188
2,S,7173968,3285,-0.160,0.800,0.160,-9.863,-0.062,0.593,,,,,,,,,,,,
2,B,7173968,3285,,,,,,,,,,-10.152,0.027,0.270,,,,,,
2,S,7176251,2283,0.160,1.440,1.120,-9.863,-0.062,0.608,,,,,,,,,,,,
2,B,7176251,2283,,,,,,,,,,,,,0.112,-0.448,0.224,,,
2,S,7180536,4285,1.760,1.440,1.440,-9.873,-0.062,0.627,,,,,,,,,,,,
2,B,7180536,4285,,,,,,,,,,,,,,,,71.688,-72.125,17.812
2,S,7183832,3296,3.040,0.800,1.120,-9.898,-0.072,0.657,,,,,,,,,,,,
2,B,7183832,3296,,,,,,,,,,-10.195,0.047,0.297,,,,,,
2,S,7186117,2285,2.080,0.480,1.440,-9.912,-0.077,0.667,,,,,,,,,,,,
2,B,7186117,2285,,,,,,,,,,,,,0.112,-0.224,0.112,,,
2,S,7191402,5285,-0.160,1.440,1.760,-9.918,-0.087,0.662,,,,,,,,,,,,
2,B,7191402,5285,,,,,,,,,,,,,,,,70.312,-73.312,18.500
2,S,7193687,2285,-0.160,3.360,2.720,-9.918,-0.107,0.627,,,,,,,,,,,,
2,B,7193687,2285,,,,,,,,,,-10.219,0.000,0.316,,,,,,
2,S,7195972,2285,0.480,2.720,2.400,-9.918,-0.128,0.603,,,,,,,,,,,,
2,B,7195972,2285,,,,,,,,,,,,,0.112,0.000,-0.112,,,
2,S,7200255,4283,0.480,2.080,1.440,-9.912,-0.142,0.583,,,,,,,,,,,,
2,B,7200255,4283,,,,,,,,,,-10.188,-0.078,0.230,,,,,,
2,S,7202541,2286,0.160,0.480,0.480,-9.912,-0.177,0.542,,,,,,,,,,,,
2,B,7202541,2286,,,,,,,,,,,,,,,,70.125,-71.438,18.062
2,S,7205825,3284,0.480,0.480,1.120,-9.912,-0.193,0.517,,,,,,,,,,,,
2,B,7205825,3284,,,,,,,,,,,,,0.000,0.224,-0.336,,,
2,S,7210110,4285,0.480,0.480,1.760,-9.902,-0.207,0.492,,,,,,,,,,,,
2,B,7210110,4285,,,,,,,,,,-10.203,-0.105,0.113,,,,,,
2,S,7212406,2296,0.480,0.480,3.360,-9.877,-0.237,0.443,,,,,,,,,,,,
2,B,7212406,2296,,,,,,,,,,-10.180,-0.184,0.078,,,,,,
2,S,7215691,3285,-0.160,1.120,3.360,-9.863,-0.253,0.427,,,,,,,,,,,,
2,B,7215691,3285,,,,,,,,,,,,,,,,71.062,-71.875,18.438
2,S,7217976,2285,-0.160,2.080,2.080,-9.848,-0.268,0.407,,,,,,,,,,,,
2,B,7217976,2285,,,,,,,,,,,,,0.112,0.224,-0.448,,,
2,S,7221261,3285,0.800,1.760,1.760,-9.842,-0.273,0.393,,,,,,,,,,,,
2,B,7221261,3285,,,,,,,,,,-10.133,-0.219,0.039,,,,,,
2,S,7224545,3284,1.440,1.120,2.720,-9.838,-0.287,0.372,,,,,,,,,,,,
2,B,7224545,3284,,,,,,,,,,,,,,,,69.938,-72.750,19.188
2,S,7226830,2285,1.440,1.760,4.000,-9.832,-0.307,0.372,,,,,,,,,,,,
2,B,7226830,2285,,,,,,,,,,,,,0.000,0.224,-0.336,,,
2,S,7231115,4285,1.440,2.080,4.320,-9.832,-0.312,0.383,,,,,,,,,,,,
2,B,7231115,4285,,,,,,,,,,-10.152,-0.238,0.059,,,,,,
2,S,7233400,2285,1.440,0.800,3.040,-9.832,-0.307,0.407,,,,,,,,,,,,
2,B,7233400,2285,,,,,,,,,,,,,,,,70.062,-72.000,19.250
2,S,7235684,2284,0.480,1.120,2.400,-9.838,-0.307,0.422,,,,,,,,,,,,
2,B,7235684,2284,,,,,,,,,,,,,0.000,0.000,-0.224,,,
2,S,7239979,4295,0.160,2.080,2.400,-9.842,-0.302,0.432,,,,,,,,,,,,
2,B,7239979,4295,,,,,,,,,,-10.133,-0.219,0.078,,,,,,
2,S,7242262,2283,0.480,2.080,2.400,-9.848,-0.287,0.448,,,,,,,,,,,,
2,B,7242262,2283,,,,,,,,,,-10.184,-0.172,0.125,,,,,,
2,S,7245547,3285,0.480,1.440,2.080,-9.852,-0.273,0.458,,,,,,,,,,,,
2,B,7245547,3285,,,,,,,,,,,,,,,,70.812,-72.125,19.062
2,S,7247831,2284,0.800,1.120,2.400,-9.863,-0.247,0.472,,,,,,,,,,,,
2,B,7247831,2284,,,,,,,,,,,,,0.000,-0.112,0.112,,,
2,S,7251114,3283,1.440,1.760,3.360,-9.867,-0.228,0.477,,,,,,,,,,,,
2,B,7251114,3283,,,,,,,,,,,,,,,,70.312,-72.188,18.750
2,S,7254399,3285,2.080,1.120,3.360,-9.883,-0.177,0.487,,,,,,,,,,,,
2,B,7254399,3285,,,,,,,,,,-10.180,-0.098,0.133,,,,,,
2,S,7256683,2284,1.440,0.800,2.400,-9.893,-0.128,0.497,,,,,,,,,,,,
2,B,7256683,2284,,,,,,,,,,,,,0.000,-0.112,0.448,,,
2,S,7260967,4284,0.480,0.800,2.400,-9.893,-0.087,0.502,,,,,,,,,,,,
2,B,7260967,4284,,,,,,,,,,,,,,,,70.188,-72.375,18.312
2,S,7263251,2284,-0.160,1.440,2.080,-9.893,-0.033,0.507,,,,,,,,,,,,
2,B,7263251,2284,,,,,,,,,,-10.188,0.008,0.133,,,,,,
2,S,7265547,2296,-0.480,1.440,2.080,-9.893,-0.007,0.507,,,,,,,,,,,,
2,B,7265547,2296,,,,,,,,,,-10.203,0.164,0.145,,,,,,
2,S,7268832,3285,-0.480,1.440,2.720,-9.893,0.022,0.502,,,,,,,,,,,,
2,B,7268832,3285,,,,,,,,,,,,,0.000,-0.224,0.671,,,
2,S,7271115,2283,0.480,1.760,3.040,-9.893,0.052,0.497,,,,,,,,,,,,
2,B,7271115,2283,,,,,,,,,,,,,,,,69.500,-71.625,18.812
2,S,7274399,3284,2.720,1.760,2.400,-9.887,0.077,0.492,,,,,,,,,,,,
2,B,7274399,3284,,,,,,,,,,-10.180,0.211,0.125,,,,,,
2,S,7276683,2284,3.040,1.760,2.080,-9.883,0.092,0.487,,,,,,,,,,,,
2,B,7276683,2284,,,,,,,,,,,,,0.000,-0.112,0.560,,,
2,S,7280968,4285,1.440,1.760,2.080,-9.883,0.092,0.492,,,,,,,,,,,,
2,B,7280968,4285,,,,,,,,,,,,,,,,69.500,-71.625,18.812
2,S,7283252,2284,1.120,1.440,2.720,-9.887,0.083,0.502,,,,,,,,,,,,
2,B,7283252,2284,,,,,,,,,,-10.184,0.191,0.164,,,,,,
2,S,7285537,2285,0.800,1.760,3.040,-9.887,0.077,0.502,,,,,,,,,,,,
2,B,7285537,2285,,,,,,,,,,,,,0.112,-0.112,0.224,,,
2,S,7289822,4285,0.160,1.760,2.720,-9.887,0.072,0.502,,,,,,,,,,,,
2,B,7289822,4285,,,,,,,,,,,,,,,,69.875,-71.688,18.688
2,S,7293116,3294,-0.160,1.440,2.720,-9.887,0.043,0.512,,,,,,,,,,,,
2,B,7293116,3294,,,,,,,,,,-10.188,0.152,0.172,,,,,,
2,S,7295400,2284,1.120,1.440,2.080,-9.887,0.013,0.522,,,,,,,,,,,,
2,B,7295400,2284,,,,,,,,,,,,,0.112,0.000,0.000,,,
2,S,7300685,5285,1.760,2.080,1.760,-9.893,-0.007,0.527,,,,,,,,,,,,
2,B,7300685,5285,,,,,,,,,,,,,,,,70.562,-72.938,19.375
2,S,7302971,2286,0.800,1.760,1.760,-9.908,-0.052,0.512,,,,,,,,,,,,
2,B,7302971,2286,,,,,,,,,,-10.195,0.078,0.133,,,,,,
2,S,7305256,2285,0.480,1.440,1.120,-9.908,-0.077,0.502,,,,,,,,,,,,
2,B,7305256,2285,,,,,,,,,,-10.219,-0.008,0.125,,,,,,
2,S,7308541,3285,0.480,1.760,1.120,-9.902,-0.102,0.492,,,,,,,,,,,,
2,B,7308541,3285,,,,,,,,,,,,,0.112,0.112,-0.448,,,
2,S,7311825,3284,0.160,2.080,2.080,-9.898,-0.133,0.472,,,,,,,,,,,,
2,B,7311825,3284,,,,,,,,,,,,,,,,70.188,-71.938,18.188
2,S,7315109,3284,0.480,2.080,2.720,-9.893,-0.152,0.453,,,,,,,,,,,,
2,B,7315109,3284,,,,,,,,,,-10.207,-0.047,0.098,,,,,,
2,S,7317393,2284,-0.480,1.120,1.760,-9.887,-0.168,0.432,,,,,,,,,,,,
2,B,7317393,2284,,,,,,,,,,,,,0.112,0.224,-0.448,,,
2,S,7321689,4296,-0.800,0.800,1.760,-9.877,-0.177,0.412,,,,,,,,,,,,
2,B,7321689,4296,,,,,,,,,,,,,,,,69.812,-73.438,19.938
2,S,7324975,3286,-0.160,1.440,1.440,-9.863,-0.177,0.383,,,,,,,,,,,,
2,B,7324975,3286,,,,,,,,,,-10.176,-0.098,0.059,,,,,,
2,S,7327259,2284,1.440,1.440,-0.160,-9.863,-0.182,0.367,,,,,,,,,,,,
2,B,7327259,2284,,,,,,,,,,,,,0.000,0.224,-0.448,,,
2,S,7331544,4285,1.440,1.120,-0.800,-9.857,-0.188,0.357,,,,,,,,,,,,
2,B,7331544,4285,,,,,,,,,,,,,,,,71.188,-71.250,17.688
2,S,7333828,2284,1.760,1.120,1.120,-9.842,-0.188,0.352,,,,,,,,,,,,
2,B,7333828,2284,,,,,,,,,,-10.145,-0.086,0.008,,,,,,
2,S,7336112,2284,1.120,1.120,2.720,-9.838,-0.182,0.347,,,,,,,,,,,,
2,B,7336112,2284,,,,,,,,,,,,,0.000,0.112,-0.224,,,
2,S,7340396,4284,1.120,1.760,4.000,-9.832,-0.177,0.352,,,,,,,,,,,,
2,B,7340396,4284,,,,,,,,,,-10.117,-0.066,-0.008,,,,,,
2,S,7342682,2286,0.800,2.080,3.680,-9.822,-0.168,0.362,,,,,,,,,,,,
2,B,7342682,2286,,,,,,,,,,,,,,,,70.438,-71.688,19.062
2,S,7344967,2285,0.160,2.400,2.720,-9.828,-0.163,0.383,,,,,,,,,,,,
2,B,7344967,2285,,,,,,,,,,-10.145,-0.078,0.066,,,,,,
2,S,7347261,2294,1.120,2.080,2.400,-9.832,-0.168,0.403,,,,,,,,,,,,
2,B,7347261,2294,,,,,,,,,,,,,-0.112,-0.112,0.000,,,
2,S,7351546,4285,2.080,1.760,2.080,-9.838,-0.168,0.427,,,,,,,,,,,,
2,B,7351546,4285,,,,,,,,,,,,,,,,70.812,-72.125,19.062
2,S,7354831,3285,1.760,1.760,2.720,-9.842,-0.163,0.482,,,,,,,,,,,,
2,B,7354831,3285,,,,,,,,,,-10.145,-0.066,0.152,,,,,,
2,S,7357115,2284,-0.160,2.400,3.360,-9.857,-0.163,0.517,,,,,,,,,,,,
2,B,7357115,2284,,,,,,,,,,,,,-0.112,-0.336,0.112,,,
2,S,7361399,4284,0.160,2.400,3.040,-9.877,-0.163,0.547,,,,,,,,,,,,
2,B,7361399,4284,,,,,,,,,,,,,,,,70.625,-72.875,18.312
2,S,7364684,3285,1.120,1.440,3.040,-9.887,-0.152,0.578,,,,,,,,,,,,
2,B,7364684,3285,,,,,,,,,,-10.227,-0.066,0.219,,,,,,
2,S,7366969,2285,1.440,0.160,2.400,-9.898,-0.152,0.603,,,,,,,,,,,,
2,B,7366969,2285,,,,,,,,,,,,,0.000,-0.448,0.112,,,
2,S,7371253,4284,1.440,-0.160,2.080,-9.902,-0.152,0.613,,,,,,,,,,,,
2,B,7371253,4284,,,,,,,,,,-10.227,-0.059,0.277,,,,,,
2,S,7373538,2285,1.440,0.480,1.760,-9.918,-0.138,0.627,,,,,,,,,,,,
2,B,7373538,2285,,,,,,,,,,,,,,,,70.062,-72.562,19.625
2,S,7375834,2296,2.720,0.800,2.080,-9.918,-0.133,0.627,,,,,,,,,,,,
2,B,7375834,2296,,,,,,,,,,,,,0.000,-0.224,0.112,,,
2,S,7380119,4285,2.720,1.440,2.400,-9.922,-0.133,0.618,,,,,,,,,,,,
2,B,7380119,4285,,,,,,,,,,-10.219,-0.047,0.270,,,,,,
2,S,7382403,2284,2.720,2.080,2.080,-9.918,-0.133,0.593,,,,,,,,,,,,
2,B,7382403,2284,,,,,,,,,,-10.195,-0.020,0.211,,,,,,
2,S,7385687,3284,1.760,2.080,2.400,-9.918,-0.133,0.583,,,,,,,,,,,,
2,B,7385687,3284,,,,,,,,,,,,,,,,70.875,-72.625,18.438
2,S,7387972,2285,1.760,1.440,2.720,-9.908,-0.122,0.562,,,,,,,,,,,,
2,B,7387972,2285,,,,,,,,,,,,,0.000,0.000,0.112,,,
2,S,7392256,4284,2.720,0.800,2.720,-9.902,-0.117,0.547,,,,,,,,,,,,
2,B,7392256,4284,,,,,,,,,,,,,,,,70.375,-72.188,19.438
2,S,7395541,3285,2.720,1.120,1.760,-9.887,-0.133,0.477,,,,,,,,,,,,
2,B,7395541,3285,,,,,,,,,,-10.219,-0.020,0.133,,,,,,
2,S,7397827,2286,1.120,1.120,1.760,-9.887,-0.138,0.472,,,,,,,,,,,,
2,B,7397827,2286,,,,,,,,,,,,,0.000,0.112,0.000,,,
2,S,7401110,3283,1.120,1.440,2.400,-9.887,-0.142,0.463,,,,,,,,,,,,
2,B,7401110,3283,,,,,,,,,,-10.180,-0.027,0.078,,,,,,
2,S,7404406,3296,1.120,2.080,2.400,-9.877,-0.147,0.448,,,,,,,,,,,,
2,B,7404406,3296,,,,,,,,,,,,,,,,70.375,-72.688,18.812
2,S,7406692,2286,0.800,3.680,2.720,-9.873,-0.163,0.438,,,,,,,,,,,,
2,B,7406692,2286,,,,,,,,,,,,,0.112,0.224,-0.112,,,
2,S,7410976,4284,1.120,3.680,3.040,-9.873,-0.177,0.427,,,,,,,,,,,,
2,B,7410976,4284,,,,,,,,,,-10.184,-0.098,0.086,,,,,,
2,S,7413261,2285,1.760,2.080,1.760,-9.867,-0.203,0.422,,,,,,,,,,,,
2,B,7413261,2285,,,,,,,,,,,,,,,,71.312,-72.062,18.625
2,S,7416547,3286,2.400,1.120,1.120,-9.863,-0.212,0.422,,,,,,,,,,,,
2,B,7416547,3286,,,,,,,,,,,,,0.112,0.224,-0.224,,,
2,S,7420832,4285,2.720,1.760,1.440,-9.873,-0.223,0.422,,,,,,,,,,,,
2,B,7420832,4285,,,,,,,,,,-10.188,-0.125,0.078,,,,,,
2,S,7423115,2283,2.720,1.120,0.800,-9.873,-0.228,0.422,,,,,,,,,,,,
2,B,7423115,2283,,,,,,,,,,-10.172,-0.145,0.086,,,,,,
2,S,7426399,3284,2.400,0.800,1.120,-9.867,-0.228,0.427,,,,,,,,,,,,
2,B,7426399,3284,,,,,,,,,,,,,,,,70.625,-72.375,18.938
2,S,7428684,2285,2.720,0.800,2.720,-9.857,-0.217,0.432,,,,,,,,,,,,
2,B,7428684,2285,,,,,,,,,,,,,0.112,0.112,0.000,,,
2,S,7431982,3298,2.400,0.480,3.360,-9.848,-0.203,0.438,,,,,,,,,,,,
2,B,7431982,3298,,,,,,,,,,-10.176,-0.086,0.078,,,,,,
2,S,7435265,3283,1.760,0.800,3.360,-9.842,-0.182,0.438,,,,,,,,,,,,
2,B,7435265,3283,,,,,,,,,,,,,,,,70.750,-71.688,18.250
2,S,7437550,2285,1.440,1.760,2.080,-9.848,-0.163,0.438,,,,,,,,,,,,
2,B,7437550,2285,,,,,,,,,,,,,0.000,0.000,0.224,,,
2,S,7441834,4284,1.440,1.760,1.760,-9.852,-0.142,0.443,,,,,,,,,,,,
2,B,7441834,4284,,,,,,,,,,-10.145,-0.027,0.086,,,,,,
2,S,7444116,2282,1.440,0.800,2.400,-9.857,-0.113,0.453,,,,,,,,,,,,
2,B,7444116,2282,,,,,,,,,,,,,,,,69.188,-72.188,19.250
2,S,7447402,3286,0.160,0.480,2.400,-9.852,-0.098,0.453,,,,,,,,,,,,
2,B,7447402,3286,,,,,,,,,,,,,0.112,-0.112,0.336,,,
2,S,7451686,4284,-0.160,0.480,2.080,-9.857,-0.058,0.458,,,,,,,,,,,,
2,B,7451686,4284,,,,,,,,,,-10.172,0.066,0.078,,,,,,
2,S,7453972,2286,-0.160,-0.160,2.400,-9.863,-0.022,0.463,,,,,,,,,,,,
2,B,7453972,2286,,,,,,,,,,-10.160,0.098,0.086,,,,,,
2,S,7457255,3283,0.800,-0.160,2.400,-9.867,-0.003,0.468,,,,,,,,,,,,
2,B,7457255,3283,,,,,,,,,,,,,,,,70.750,-71.688,18.250
2,S,7459551,2296,1.440,-0.160,1.440,-9.883,0.018,0.472,,,,,,,,,,,,
2,B,7459551,2296,,,,,,,,,,,,,0.000,-0.112,0.336,,,
2,S,7462836,3285,1.120,-0.160,1.120,-9.887,0.028,0.472,,,,,,,,,,,,
2,B,7462836,3285,,,,,,,,,,-10.180,0.125,0.113,,,,,,
2,S,7466121,3285,0.480,0.800,3.040,-9.893,0.033,0.477,,,,,,,,,,,,
2,B,7466121,3285,,,,,,,,,,,,,,,,70.312,-71.250,18.250
2,S,7468406,2285,0.480,2.720,4.960,-9.898,0.022,0.477,,,,,,,,,,,,
2,B,7468406,2285,,,,,,,,,,,,,0.000,-0.112,0.224,,,
2,S,7471691,3285,2.080,2.720,4.320,-9.908,0.018,0.477,,,,,,,,,,,,
2,B,7471691,3285,,,,,,,,,,-10.203,0.125,0.145,,,,,,
2,S,7474975,3284,2.720,0.800,2.400,-9.918,0.007,0.477,,,,,,,,,,,,
2,B,7474975,3284,,,,,,,,,,,,,,,,70.562,-71.938,18.062
2,S,7477259,2284,2.080,-0.480,0.800,-9.928,-0.003,0.482,,,,,,,,,,,,
2,B,7477259,2284,,,,,,,,,,,,,0.000,-0.112,0.000,,,
2,S,7481543,4284,0.480,-0.480,0.800,-9.928,-0.013,0.487,,,,,,,,,,,,
2,B,7481543,4284,,,,,,,,,,-10.262,0.098,0.133,,,,,,
2,S,7483828,2285,0.160,0.160,1.440,-9.918,-0.058,0.497,,,,,,,,,,,,
2,B,7483828,2285,,,,,,,,,,-10.203,0.020,0.152,,,,,,
2,S,7487125,3297,1.120,0.160,1.440,-9.918,-0.072,0.492,,,,,,,,,,,,
2,B,7487125,3297,,,,,,,,,,,,,,,,69.438,-70.750,19.312
2,S,7489410,2285,1.440,0.800,1.760,-9.912,-0.092,0.482,,,,,,,,,,,,
2,B,7489410,2285,,,,,,,,,,,,,0.000,0.000,-0.112,,,
2,S,7492694,3284,1.440,1.760,1.760,-9.912,-0.102,0.482,,,,,,,,,,,,
2,B,7492694,3284,,,,,,,,,,,,,,,,71.250,-72.188,18.938
2,S,7495979,3285,1.120,1.760,1.440,-9.898,-0.117,0.482,,,,,,,,,,,,
2,B,7495979,3285,,,,,,,,,,-10.195,-0.047,0.133,,,,,,
2,S,7499263,3284,1.440,0.800,1.440,-9.887,-0.142,0.487,,,,,,,,,,,,
2,B,7499263,3284,,,,,,,,,,,,,0.000,0.000,-0.224,,,
2,S,7502547,3284,1.440,0.800,3.040,-9.863,-0.182,0.477,,,,,,,,,,,,
2,B,7502547,3284,,,,,,,,,,-10.156,-0.086,0.113,,,,,,
2,S,7505832,3285,1.440,1.440,3.040,-9.857,-0.182,0.477,,,,,,,,,,,,
2,B,7505832,3285,,,,,,,,,,,,,,,,70.188,-71.875,18.875
2,S,7508115,2283,1.440,0.800,3.040,-9.848,-0.188,0.477,,,,,,,,,,,,
2,B,7508115,2283,,,,,,,,,,,,,0.000,0.112,-0.224,,,
2,S,7512399,4284,0.800,0.160,2.400,-9.848,-0.193,0.482,,,,,,,,,,,,
2,B,7512399,4284,,,,,,,,,,-10.160,-0.086,0.145,,,,,,
2,S,7514694,2295,0.480,0.480,1.760,-9.848,-0.188,0.477,,,,,,,,,,,,
2,B,7514694,2295,,,,,,,,,,,,,,,,70.188,-72.938,18.750
2,S,7517979,3285,1.120,1.120,1.440,-9.848,-0.182,0.472,,,,,,,,,,,,
2,B,7517979,3285,,,,,,,,,,,,,0.000,0.112,-0.112,,,
2,S,7522263,4284,1.120,1.120,1.760,-9.848,-0.177,0.468,,,,,,,,,,,,
2,B,7522263,4284,,,,,,,,,,-10.156,-0.066,0.125,,,,,,
2,S,7524549,2286,0.800,0.800,0.160,-9.852,-0.163,0.472,,,,,,,,,,,,
2,B,7524549,2286,,,,,,,,,,-10.176,-0.086,0.113,,,,,,
2,S,7527834,3285,0.800,1.120,0.160,-9.857,-0.152,0.472,,,,,,,,,,,,
2,B,7527834,3285,,,,,,,,,,,,,,,,70.562,-70.375,17.938
2,S,7530117,2283,0.160,1.440,1.760,-9.863,-0.147,0.472,,,,,,,,,,,,
2,B,7530117,2283,,,,,,,,,,,,,0.112,0.000,0.000,,,
2,S,7533402,3285,0.160,1.760,2.720,-9.867,-0.147,0.468,,,,,,,,,,,,
2,B,7533402,3285,,,,,,,,,,-10.188,-0.027,0.113,,,,,,
2,S,7536687,3285,0.800,1.760,3.040,-9.867,-0.142,0.468,,,,,,,,,,,,
2,B,7536687,3285,,,,,,,,,,,,,,,,70.750,-72.750,18.750
2,S,7538972,2285,1.760,1.760,2.720,-9.867,-0.133,0.472,,,,,,,,,,,,
2,B,7538972,2285,,,,,,,,,,,,,0.112,0.000,0.112,,,
2,S,7542267,3295,1.760,1.760,3.040,-9.867,-0.122,0.477,,,,,,,,,,,,
2,B,7542267,3295,,,,,,,,,,-10.188,-0.008,0.133,,,,,,
2,S,7545552,3285,1.120,1.440,3.680,-9.873,-0.117,0.487,,,,,,,,,,,,
2,B,7545552,3285,,,,,,,,,,,,,,,,70.312,-71.750,18.625
2,S,7547836,2284,-0.160,1.440,3.040,-9.883,-0.117,0.487,,,,,,,,,,,,
2,B,7547836,2284,,,,,,,,,,,,,0.000,-0.112,0.112,,,
2,S,7552119,4283,-0.160,1.760,2.720,-9.887,-0.117,0.487,,,,,,,,,,,,
2,B,7552119,4283,,,,,,,,,,-10.191,0.000,0.105,,,,,,
2,S,7554404,2285,0.480,2.400,2.720,-9.877,-0.117,0.482,,,,,,,,,,,,
2,B,7554404,2285,,,,,,,,,,-10.184,-0.020,0.105,,,,,,
2,S,7557689,3285,2.080,2.080,2.720,-9.873,-0.117,0.482,,,,,,,,,,,,
2,B,7557689,3285,,,,,,,,,,,,,,,,69.625,-71.500,18.500
2,S,7559974,2285,3.040,1.760,2.080,-9.873,-0.117,0.487,,,,,,,,,,,,
2,B,7559974,2285,,,,,,,,,,,,,0.000,-0.112,0.112,,,
2,S,7563257,3283,3.040,2.080,1.760,-9.873,-0.122,0.487,,,,,,,,,,,,
2,B,7563257,3283,,,,,,,,,,,,,,,,70.000,-72.625,18.938
2,S,7566542,3285,2.080,2.400,2.080,-9.873,-0.138,0.492,,,,,,,,,,,,
2,B,7566542,3285,,,,,,,,,,-10.172,-0.039,0.133,,,,,,
2,S,7569838,3296,0.160,2.080,2.400,-9.867,-0.163,0.507,,,,,,,,,,,,
2,B,7569838,3296,,,,,,,,,,,,,0.000,0.000,0.000,,,
2,S,7573123,3285,-0.480,1.440,2.080,-9.873,-0.177,0.512,,,,,,,,,,,,
2,B,7573123,3285,,,,,,,,,,-10.176,-0.098,0.152,,,,,,
2,S,7576408,3285,1.120,1.440,2.720,-9.873,-0.188,0.517,,,,,,,,,,,,
2,B,7576408,3285,,,,,,,,,,,,,,,,70.125,-71.500,18.812
2,S,7578693,2285,2.080,1.760,3.040,-9.883,-0.198,0.517,,,,,,,,,,,,
2,B,7578693,2285,,,,,,,,,,,,,0.112,0.000,-0.112,,,
2,S,7581977,3284,0.800,2.080,3.040,-9.893,-0.203,0.517,,,,,,,,,,,,
2,B,7581977,3284,,,,,,,,,,-10.195,-0.125,0.184,,,,,,
2,S,7585261,3284,0.160,2.080,2.720,-9.902,-0.212,0.517,,,,,,,,,,,,
2,B,7585261,3284,,,,,,,,,,,,,,,,69.375,-72.312,19.500
2,S,7587546,2285,0.480,2.400,2.400,-9.912,-0.223,0.522,,,,,,,,,,,,
2,B,7587546,2285,,,,,,,,,,,,,0.112,0.000,-0.112,,,
2,S,7591831,4285,1.440,2.080,2.400,-9.918,-0.228,0.522,,,,,,,,,,,,
2,B,7591831,4285,,,,,,,,,,-10.223,-0.133,0.191,,,,,,
2,S,7594116,2285,1.120,1.440,3.040,-9.918,-0.223,0.512,,,,,,,,,,,,
2,B,7594116,2285,,,,,,,,,,-10.219,-0.086,0.145,,,,,,
2,S,7597411,3295,0.800,1.440,3.680,-9.912,-0.217,0.502,,,,,,,,,,,,
2,B,7597411,3295,,,,,,,,,,,,,,,,69.875,-71.688,18.688
2,S,7599696,2285,1.120,1.120,3.680,-9.898,-0.198,0.492,,,,,,,,,,,,
2,B,7599696,2285,,,,,,,,,,,,,0.112,0.000,0.000,,,
2,S,7602981,3285,0.480,0.800,3.040,-9.883,-0.182,0.487,,,,,,,,,,,,
2,B,7602981,3285,,,,,,,,,,-10.199,-0.066,0.125,,,,,,
2,S,7606265,3284,0.160,1.120,1.760,-9.867,-0.152,0.482,,,,,,,,,,,,
2,B,7606265,3284,,,,,,,,,,,,,,,,69.812,-73.500,19.250
2,S,7608550,2285,1.440,1.440,1.440,-9.863,-0.122,0.468,,,,,,,,,,,,
2,B,7608550,2285,,,,,,,,,,,,,0.112,0.000,0.112,,,
2,S,7611835,3285,2.720,2.080,1.760,-9.857,-0.102,0.463,,,,,,,,,,,,
2,B,7611835,3285,,,,,,,,,,-10.160,0.000,0.105,,,,,,
2,S,7615117,3282,2.720,2.400,2.400,-9.852,-0.068,0.448,,,,,,,,,,,,
2,B,7615117,3282,,,,,,,,,,,,,,,,70.500,-71.562,18.688
2,S,7617403,2286,1.760,1.440,2.080,-9.848,-0.037,0.438,,,,,,,,,,,,
2,B,7617403,2286,,,,,,,,,,,,,0.000,0.000,0.224,,,
2,S,7621687,4284,0.800,1.120,2.080,-9.848,-0.022,0.438,,,,,,,,,,,,
2,B,7621687,4284,,,,,,,,,,-10.141,0.098,0.078,,,,,,
2,S,7623983,2296,0.480,0.800,2.720,-9.852,-0.007,0.443,,,,,,,,,,,,
2,B,7623983,2296,,,,,,,,,,-10.156,0.105,0.098,,,,,,
2,S,7627267,3284,-0.160,0.480,2.400,-9.857,-0.003,0.443,,,,,,,,,,,,
2,B,7627267,3284,,,,,,,,,,,,,,,,69.500,-72.812,19.625
2,S,7629552,2285,-0.160,0.480,2.080,-9.857,-0.003,0.458,,,,,,,,,,,,
2,B,7629552,2285,,,,,,,,,,,,,0.000,0.000,0.224,,,
2,S,7632837,3285,-0.160,0.800,2.080,-9.857,-0.007,0.463,,,,,,,,,,,,
2,B,7632837,3285,,,,,,,,,,,,,,,,71.000,-73.500,19.375
2,S,7636121,3284,0.160,1.440,2.400,-9.867,-0.022,0.463,,,,,,,,,,,,
2,B,7636121,3284,,,,,,,,,,-10.176,0.078,0.098,,,,,,
2,S,7639406,3285,0.800,1.120,1.440,-9.883,-0.028,0.463,,,,,,,,,,,,
2,B,7639406,3285,,,,,,,,,,,,,0.000,0.000,0.112,,,
2,S,7642690,3284,0.800,0.160,0.800,-9.887,-0.043,0.472,,,,,,,,,,,,
2,B,7642690,3284,,,,,,,,,,-10.191,0.047,0.105,,,,,,
2,S,7645975,3285,0.480,-0.480,2.080,-9.898,-0.058,0.472,,,,,,,,,,,,
2,B,7645975,3285,,,,,,,,,,,,,,,,70.750,-72.750,18.000
2,S,7648259,2284,0.160,0.160,3.360,-9.898,-0.072,0.468,,,,,,,,,,,,
2,B,7648259,2284,,,,,,,,,,,,,0.000,0.000,0.000,,,
2,S,7652554,4295,-0.160,1.760,2.400,-9.898,-0.083,0.458,,,,,,,,,,,,
2,B,7652554,4295,,,,,,,,,,-10.203,0.039,0.113,,,,,,
2,S,7654840,2286,0.160,2.400,-0.160,-9.898,-0.098,0.453,,,,,,,,,,,,
2,B,7654840,2286,,,,,,,,,,,,,,,,69.938,-72.750,19.188
2,S,7658124,3284,1.440,2.080,-1.120,-9.898,-0.102,0.448,,,,,,,,,,,,
2,B,7658124,3284,,,,,,,,,,,,,0.000,0.000,-0.112,,,
2,S,7662409,4285,2.080,2.080,-0.800,-9.898,-0.117,0.438,,,,,,,,,,,,
2,B,7662409,4285,,,,,,,,,,-10.219,0.000,0.078,,,,,,
2,S,7664693,2284,2.080,0.800,1.440,-9.893,-0.133,0.427,,,,,,,,,,,,
2,B,7664693,2284,,,,,,,,,,-10.180,-0.027,0.047,,,,,,
2,S,7667978,3285,1.120,0.160,1.760,-9.887,-0.138,0.427,,,,,,,,,,,,
2,B,7667978,3285,,,,,,,,,,,,,,,,70.562,-73.000,18.625
2,S,7670262,2284,1.120,0.800,1.760,-9.877,-0.142,0.432,,,,,,,,,,,,
2,B,7670262,2284,,,,,,,,,,,,,0.112,0.000,-0.224,,,
2,S,7673547,3285,1.120,1.440,1.440,-9.873,-0.147,0.438,,,,,,,,,,,,
2,B,7673547,3285,,,,,,,,,,-10.148,-0.039,0.066,,,,,,
2,S,7676831,3284,0.800,2.400,1.760,-9.863,-0.152,0.453,,,,,,,,,,,,
2,B,7676831,3284,,,,,,,,,,,,,,,,70.125,-71.500,18.812
2,S,7679126,2295,0.160,1.440,2.400,-9.822,-0.158,0.477,,,,,,,,,,,,
2,B,7679126,2295,,,,,,,,,,,,,0.224,0.000,-0.224,,,
2,S,7682411,3285,0.480,0.160,2.400,-9.793,-0.158,0.492,,,,,,,,,,,,
2,B,7682411,3285,,,,,,,,,,-10.094,-0.047,0.145,,,,,,
2,S,7685696,3285,0.480,-1.440,1.760,-9.777,-0.147,0.497,,,,,,,,,,,,
2,B,7685696,3285,,,,,,,,,,,,,,,,69.938,-72.750,19.188
2,S,7687980,2284,0.800,-1.120,1.120,-9.848,-0.147,0.507,,,,,,,,,,,,
2,B,7687980,2284,,,,,,,,,,,,,0.112,-0.112,-0.112,,,
2,S,7692263,4283,0.800,-0.160,0.800,-9.922,-0.163,0.517,,,,,,,,,,,,
2,B,7692263,4283,,,,,,,,,,-10.234,-0.066,0.172,,,,,,
2,S,7694547,2284,1.120,1.120,2.080,-10.027,-0.207,0.568,,,,,,,,,,,,
2,B,7694547,2284,,,,,,,,,,-10.262,-0.113,0.219,,,,,,
2,S,7697831,3284,1.120,0.800,2.720,-9.998,-0.212,0.578,,,,,,,,,,,,
2,B,7697831,3284,,,,,,,,,,,,,,,,70.688,-72.812,19.000
2,S,7700114,2283,1.120,1.120,2.720,-9.908,-0.207,0.573,,,,,,,,,,,,
2,B,7700114,2283,,,,,,,,,,,,,0.000,-0.112,0.000,,,
2,S,7703398,3284,1.440,1.440,2.400,-9.873,-0.198,0.568,,,,,,,,,,,,
2,B,7703398,3284,,,,,,,,,,,,,,,,71.000,-71.938,17.688
2,S,7706694,3296,1.440,1.760,1.440,-9.893,-0.193,0.547,,,,,,,,,,,,
2,B,7706694,3296,,,,,,,,,,-10.203,-0.086,0.191,,,,,,
2,S,7709979,3285,1.120,2.400,0.160,-9.947,-0.198,0.532,,,,,,,,,,,,
2,B,7709979,3285,,,,,,,,,,,,,0.000,0.000,0.000,,,
2,S,7713262,3283,0.480,3.040,0.800,-9.953,-0.193,0.512,,,,,,,,,,,,
2,B,7713262,3283,,,,,,,,,,-10.227,-0.078,0.164,,,,,,
2,S,7716547,3285,-0.160,2.080,1.440,-9.807,-0.147,0.477,,,,,,,,,,,,
2,B,7716547,3285,,,,,,,,,,,,,,,,70.500,-72.500,19.250
2,S,7718832,2285,2.080,0.800,1.440,-9.793,-0.142,0.472,,,,,,,,,,,,
2,B,7718832,2285,,,,,,,,,,,,,0.000,0.112,0.112,,,
2,S,7722116,3284,2.080,0.800,1.760,-9.752,-0.133,0.472,,,,,,,,,,,,
2,B,7722116,3284,,,,,,,,,,-10.055,-0.047,0.105,,,,,,
2,S,7725401,3285,1.760,0.480,2.400,-9.748,-0.122,0.463,,,,,,,,,,,,
2,B,7725401,3285,,,,,,,,,,,,,,,,69.875,-72.250,19.125
2,S,7727686,2285,-0.160,0.480,1.440,-9.803,-0.128,0.443,,,,,,,,,,,,
2,B,7727686,2285,,,,,,,,,,-10.133,0.000,0.098,,,,,,
2,S,7730970,3284,-2.080,0.800,0.800,-9.848,-0.138,0.438,,,,,,,,,,,,
2,B,7730970,3284,,,,,,,,,,,,,-0.112,0.112,0.000,,,
2,S,7733265,2295,-1.760,1.440,1.760,-9.908,-0.163,0.443,,,,,,,,,,,,
2,B,7733265,2295,,,,,,,,,,,,,,,,69.438,-71.375,19.000
2,S,7736551,3286,-0.160,1.760,2.400,-9.922,-0.182,0.453,,,,,,,,,,,,
2,B,7736551,3286,,,,,,,,,,-10.191,-0.098,0.098,,,,,,
2,S,7739836,3285,0.480,1.440,2.400,-9.902,-0.212,0.472,,,,,,,,,,,,
2,B,7739836,3285,,,,,,,,,,,,,-0.112,0.112,0.000,,,
2,S,7742120,2284,0.800,1.760,1.760,-9.852,-0.242,0.482,,,,,,,,,,,,
2,B,7742120,2284,,,,,,,,,,,,,,,,70.312,-73.812,19.688
2,S,7745405,3285,0.800,2.400,1.760,-9.838,-0.253,0.487,,,,,,,,,,,,
2,B,7745405,3285,,,,,,,,,,-10.152,-0.145,0.133,,,,,,
2,S,7747690,2285,0.800,2.080,2.720,-9.848,-0.258,0.497,,,,,,,,,,,,
2,B,7747690,2285,,,,,,,,,,,,,0.000,0.000,0.000,,,
2,S,7751974,4284,1.120,0.800,3.040,-9.883,-0.258,0.512,,,,,,,,,,,,
2,B,7751974,4284,,,,,,,,,,,,,,,,69.312,-72.500,19.062
2,S,7754258,2284,1.760,0.480,3.040,-9.928,-0.253,0.512,,,,,,,,,,,,
2,B,7754258,2284,,,,,,,,,,-10.230,-0.191,0.145,,,,,,
2,S,7756542,2284,1.440,0.800,3.360,-9.928,-0.242,0.502,,,,,,,,,,,,
2,B,7756542,2284,,,,,,,,,,,,,0.000,0.000,0.112,,,
2,S,7760838,4296,0.800,0.480,3.680,-9.912,-0.217,0.482,,,,,,,,,,,,
2,B,7760838,4296,,,,,,,,,,-10.227,-0.078,0.125,,,,,,
2,S,7763122,2284,0.160,-0.160,3.680,-9.887,-0.152,0.458,,,,,,,,,,,,
2,B,7763122,2284,,,,,,,,,,,,,,,,69.625,-71.125,18.375
2,S,7766407,3285,-1.120,-0.800,3.040,-9.883,-0.113,0.448,,,,,,,,,,,,
2,B,7766407,3285,,,,,,,,,,,,,0.000,-0.112,0.336,,,
2,S,7770691,4284,-1.760,-1.120,1.760,-9.883,-0.043,0.438,,,,,,,,,,,,
2,B,7770691,4284,,,,,,,,,,-10.188,0.027,0.078,,,,,,
2,S,7772975,2284,-0.480,1.120,2.080,-9.887,0.022,0.438,,,,,,,,,,,,
2,B,7772975,2284,,,,,,,,,,-10.188,0.164,0.047,,,,,,
2,S,7776259,3284,1.440,2.400,2.720,-9.887,0.048,0.438,,,,,,,,,,,,
2,B,7776259,3284,,,,,,,,,,,,,,,,70.375,-72.688,18.812
2,S,7778543,2284,1.120,3.040,2.720,-9.883,0.083,0.443,,,,,,,,,,,,
2,B,7778543,2284,,,,,,,,,,,,,0.112,-0.112,0.560,,,
2,S,7781827,3284,1.120,2.400,2.720,-9.883,0.098,0.443,,,,,,,,,,,,
2,B,7781827,3284,,,,,,,,,,-10.160,0.211,0.066,,,,,,
2,S,7785109,3282,0.480,0.800,2.720,-9.873,0.113,0.443,,,,,,,,,,,,
2,B,7785109,3282,,,,,,,,,,,,,,,,70.562,-71.938,18.812
2,S,7787406,2297,-0.480,0.160,2.400,-9.867,0.107,0.458,,,,,,,,,,,,
2,B,7787406,2297,,,,,,,,,,,,,0.112,-0.112,0.448,,,
2,S,7791691,4285,-0.800,0.480,2.400,-9.867,0.102,0.472,,,,,,,,,,,,
2,B,7791691,4285,,,,,,,,,,-10.191,0.211,0.113,,,,,,
2,S,7793975,2284,-0.160,2.080,3.040,-9.883,0.092,0.512,,,,,,,,,,,,
2,B,7793975,2284,,,,,,,,,,,,,,,,69.375,-71.875,19.375
2,S,7796258,2283,1.120,2.080,3.040,-9.887,0.087,0.527,,,,,,,,,,,,
2,B,7796258,2283,,,,,,,,,,,,,0.000,-0.112,0.224,,,
2,S,7800543,4285,1.440,1.440,2.080,-9.902,0.072,0.537,,,,,,,,,,,,
2,B,7800543,4285,,,,,,,,,,-10.191,0.164,0.172,,,,,,
2,S,7802827,2284,3.040,0.480,2.080,-9.908,0.068,0.537,,,,,,,,,,,,
2,B,7802827,2284,,,,,,,,,,,,,,,,70.938,-73.000,19.250
2,S,7806112,3285,3.040,0.800,2.080,-9.918,0.052,0.532,,,,,,,,,,,,
2,B,7806112,3285,,,,,,,,,,-10.242,0.152,0.152,,,,,,
2,S,7808397,2285,2.400,2.080,2.720,-9.932,0.022,0.527,,,,,,,,,,,,
2,B,7808397,2285,,,,,,,,,,,,,-0.112,-0.112,-0.224,,,
2,S,7811682,3285,1.120,2.400,3.040,-9.928,0.007,0.517,,,,,,,,,,,,
2,B,7811682,3285,,,,,,,,,,,,,,,,69.812,-71.812,19.000
2,S,7814979,3297,0.800,2.080,2.080,-9.912,-0.028,0.497,,,,,,,,,,,,
2,B,7814979,3297,,,,,,,,,,-10.219,0.078,0.133,,,,,,
2,S,7817264,2285,0.800,1.440,1.440,-9.887,-0.062,0.477,,,,,,,,,,,,
2,B,7817264,2285,,,,,,,,,,,,,-0.112,0.000,-0.448,,,
2,S,7821548,4284,1.120,1.440,1.440,-9.873,-0.087,0.468,,,,,,,,,,,,
2,B,7821548,4284,,,,,,,,,,,,,,,,70.062,-73.562,20.125
2,S,7823832,2284,1.440,1.760,1.760,-9.852,-0.142,0.432,,,,,,,,,,,,
2,B,7823832,2284,,,,,,,,,,-10.156,-0.008,0.105,,,,,,
2,S,7826115,2283,2.400,1.760,2.400,-9.848,-0.168,0.417,,,,,,,,,,,,
2,B,7826115,2283,,,,,,,,,,-10.152,-0.125,0.059,,,,,,
2,S,7830400,4285,1.760,1.440,2.400,-9.842,-0.198,0.407,,,,,,,,,,,,
2,B,7830400,4285,,,,,,,,,,,,,0.000,0.224,-0.560,,,
2,S,7832684,2284,1.120,0.800,1.440,-9.822,-0.258,0.393,,,,,,,,,,,,
2,B,7832684,2284,,,,,,,,,,,,,,,,70.562,-72.938,19.375
2,S,7835968,3284,0.800,1.440,1.120,-9.822,-0.278,0.393,,,,,,,,,,,,
2,B,7835968,3284,,,,,,,,,,-10.137,-0.199,0.047,,,,,,
2,S,7838252,2284,1.760,2.080,2.080,-9.822,-0.307,0.393,,,,,,,,,,,,
2,B,7838252,2284,,,,,,,,,,,,,0.000,0.112,-0.560,,,
2,S,7842549,4297,2.400,2.080,3.040,-9.822,-0.312,0.393,,,,,,,,,,,,
2,B,7842549,4297,,,,,,,,,,,,,,,,69.562,-71.688,19.500
2,S,7845833,3284,2.080,1.760,3.040,-9.828,-0.328,0.403,,,,,,,,,,,,
2,B,7845833,3284,,,,,,,,,,-10.156,-0.230,0.066,,,,,,
2,S,7848117,2284,1.440,1.440,1.760,-9.842,-0.333,0.422,,,,,,,,,,,,
2,B,7848117,2284,,,,,,,,,,,,,0.000,0.000,-0.448,,,
2,S,7853401,5284,1.120,0.480,1.120,-9.873,-0.333,0.448,,,,,,,,,,,,
2,B,7853401,5284,,,,,,,,,,,,,,,,70.250,-72.312,19.000
2,S,7855686,2285,0.480,2.080,2.400,-9.908,-0.312,0.487,,,,,,,,,,,,
2,B,7855686,2285,,,,,,,,,,-10.195,-0.250,0.113,,,,,,
2,S,7857970,2284,0.480,2.720,2.720,-9.908,-0.302,0.502,,,,,,,,,,,,
2,B,7857970,2284,,,,,,,,,,,,,0.000,-0.112,-0.224,,,
2,S,7862253,4283,0.480,3.040,2.720,-9.908,-0.292,0.507,,,,,,,,,,,,
2,B,7862253,4283,,,,,,,,,,-10.246,-0.211,0.164,,,,,,
2,S,7864537,2284,0.800,2.720,2.080,-9.902,-0.268,0.537,,,,,,,,,,,,
2,B,7864537,2284,,,,,,,,,,,,,,,,69.000,-71.812,19.500
2,S,7867821,3284,1.440,2.080,2.400,-9.908,-0.258,0.547,,,,,,,,,,,,
2,B,7867821,3284,,,,,,,,,,,,,-0.112,-0.224,0.112,,,
2,S,7872117,4296,1.760,1.440,3.040,-9.912,-0.233,0.562,,,,,,,,,,,,
2,B,7872117,4296,,,,,,,,,,-10.230,-0.152,0.211,,,,,,
2,S,7874401,2284,2.080,0.800,3.680,-9.918,-0.198,0.568,,,,,,,,,,,,
2,B,7874401,2284,,,,,,,,,,-10.223,-0.078,0.230,,,,,,
2,S,7877685,3284,2.080,0.480,3.040,-9.922,-0.177,0.562,,,,,,,,,,,,
2,B,7877685,3284,,,,,,,,,,,,,,,,68.125,-72.375,20.375
2,S,7879970,2285,1.760,0.480,1.760,-9.918,-0.152,0.562,,,,,,,,,,,,
2,B,7879970,2285,,,,,,,,,,,,,-0.112,-0.224,0.336,,,
2,S,7883253,3283,1.440,0.160,1.440,-9.908,-0.128,0.557,,,,,,,,,,,,
2,B,7883253,3283,,,,,,,,,,-10.191,0.008,0.230,,,,,,
2,S,7886537,3284,1.440,-0.480,1.760,-9.883,-0.102,0.562,,,,,,,,,,,,
2,B,7886537,3284,,,,,,,,,,,,,,,,70.125,-73.000,19.750
2,S,7888822,2285,0.480,-0.480,1.440,-9.857,-0.077,0.557,,,,,,,,,,,,
2,B,7888822,2285,,,,,,,,,,,,,-0.112,-0.112,0.336,,,
2,S,7892106,3284,-0.480,0.480,0.800,-9.857,-0.068,0.547,,,,,,,,,,,,
2,B,7892106,3284,,,,,,,,,,-10.188,0.027,0.211,,,,,,
2,S,7895391,3285,-0.160,2.400,0.480,-9.867,-0.062,0.542,,,,,,,,,,,,
2,B,7895391,3285,,,,,,,,,,,,,,,,69.250,-73.625,20.625
2,S,7897688,2297,0.800,2.720,1.440,-9.857,-0.068,0.547,,,,,,,,,,,,
2,B,7897688,2297,,,,,,,,,,,,,-0.112,-0.112,0.224,,,
2,S,7901972,4284,0.480,2.400,2.080,-9.848,-0.077,0.542,,,,,,,,,,,,
2,B,7901972,4284,,,,,,,,,,-10.172,0.027,0.191,,,,,,
2,S,7904256,2284,0.800,2.400,2.400,-9.838,-0.102,0.537,,,,,,,,,,,,
2,B,7904256,2284,,,,,,,,,,-10.180,-0.039,0.184,,,,,,
2,S,7907541,3285,1.120,2.400,1.760,-9.848,-0.117,0.527,,,,,,,,,,,,
2,B,7907541,3285,,,,,,,,,,,,,,,,69.312,-73.000,20.188
2,S,7909826,2285,0.800,1.120,1.120,-9.857,-0.142,0.517,,,,,,,,,,,,
2,B,7909826,2285,,,,,,,,,,,,,-0.112,0.000,0.000,,,
2,S,7913109,3283,0.480,0.800,1.440,-9.867,-0.158,0.507,,,,,,,,,,,,
2,B,7913109,3283,,,,,,,,,,,,,,,,69.125,-71.688,19.125
2,S,7916393,3284,0.480,1.120,3.360,-9.867,-0.172,0.502,,,,,,,,,,,,
2,B,7916393,3284,,,,,,,,,,-10.191,-0.078,0.152,,,,,,
2,S,7919678,3285,0.800,2.080,3.360,-9.863,-0.168,0.492,,,,,,,,,,,,
2,B,7919678,3285,,,,,,,,,,,,,0.000,0.112,-0.112,,,
2,S,7922963,3285,1.760,1.760,2.720,-9.867,-0.163,0.477,,,,,,,,,,,,
2,B,7922963,3285,,,,,,,,,,-10.188,-0.059,0.125,,,,,,
2,S,7926259,3296,2.400,1.440,2.720,-9.877,-0.158,0.443,,,,,,,,,,,,
2,B,7926259,3296,,,,,,,,,,,,,,,,68.688,-72.750,20.812
2,S,7928544,2285,2.720,1.440,2.080,-9.883,-0.138,0.403,,,,,,,,,,,,
2,B,7928544,2285,,,,,,,,,,,,,0.112,0.224,-0.112,,,
2,S,7932828,4284,1.120,1.760,2.080,-9.883,-0.133,0.403,,,,,,,,,,,,
2,B,7932828,4284,,,,,,,,,,-10.219,-0.027,0.027,,,,,,
2,S,7935111,2283,0.800,1.120,2.400,-9.883,-0.098,0.378,,,,,,,,,,,,
2,B,7935111,2283,,,,,,,,,,,,,,,,69.625,-73.750,19.875
2,S,7938396,3285,0.160,-0.160,2.400,-9.877,-0.083,0.367,,,,,,,,,,,,
2,B,7938396,3285,,,,,,,,,,-10.199,0.039,-0.008,,,,,,
2,S,7941680,3284,0.800,-1.120,3.360,-9.863,-0.062,0.347,,,,,,,,,,,,
2,B,7941680,3284,,,,,,,,,,,,,0.112,0.224,0.112,,,
2,S,7943965,2285,1.120,-0.160,3.360,-9.857,-0.033,0.338,,,,,,,,,,,,
2,B,7943965,2285,,,,,,,,,,,,,,,,69.688,-71.938,19.312
2,S,7947248,3283,0.800,0.800,3.360,-9.863,-0.013,0.338,,,,,,,,,,,,
2,B,7947248,3283,,,,,,,,,,-10.180,0.113,0.008,,,,,,
2,S,7950532,3284,0.800,1.120,2.400,-9.877,0.007,0.352,,,,,,,,,,,,
2,B,7950532,3284,,,,,,,,,,,,,0.112,0.000,0.224,,,
2,S,7953829,3297,0.480,0.800,1.760,-9.877,0.018,0.378,,,,,,,,,,,,
2,B,7953829,3297,,,,,,,,,,-10.195,0.125,0.027,,,,,,
2,S,7957112,3283,0.160,0.160,2.720,-9.867,0.033,0.398,,,,,,,,,,,,
2,B,7957112,3283,,,,,,,,,,,,,,,,70.250,-72.312,19.000
2,S,7959396,2284,0.160,-0.160,2.720,-9.863,0.043,0.427,,,,,,,,,,,,
2,B,7959396,2284,,,,,,,,,,,,,0.000,-0.112,0.224,,,
2,S,7962680,3284,0.480,0.160,2.400,-9.867,0.048,0.448,,,,,,,,,,,,
2,B,7962680,3284,,,,,,,,,,-10.199,0.125,0.113,,,,,,
2,S,7965964,3284,0.800,1.120,2.400,-9.887,0.043,0.492,,,,,,,,,,,,
2,B,7965964,3284,,,,,,,,,,,,,,,,69.438,-72.375,18.812
2,S,7968248,2284,0.800,1.760,2.400,-9.902,0.022,0.522,,,,,,,,,,,,
2,B,7968248,2284,,,,,,,,,,,,,0.000,-0.336,0.224,,,
2,S,7972534,4286,0.160,1.760,2.080,-9.912,0.013,0.532,,,,,,,,,,,,
2,B,7972534,4286,,,,,,,,,,-10.191,0.125,0.164,,,,,,
2,S,7974819,2285,0.160,2.080,1.120,-9.928,0.003,0.552,,,,,,,,,,,,
2,B,7974819,2285,,,,,,,,,,-10.227,0.113,0.219,,,,,,
2,S,7978103,3284,1.120,1.440,1.440,-9.922,0.003,0.562,,,,,,,,,,,,
2,B,7978103,3284,,,,,,,,,,,,,,,,68.375,-73.688,20.438
2,S,7981398,3295,1.120,0.160,1.440,-9.912,-0.007,0.562,,,,,,,,,,,,
2,B,7981398,3295,,,,,,,,,,,,,0.000,-0.224,0.000,,,
2,S,7983683,2285,0.160,0.800,1.120,-9.902,-0.022,0.557,,,,,,,,,,,,
2,B,7983683,2285,,,,,,,,,,,,,,,,69.438,-72.375,19.500
2,S,7986967,3284,0.800,1.760,0.800,-9.902,-0.037,0.547,,,,,,,,,,,,
2,B,7986967,3284,,,,,,,,,,-10.230,0.078,0.199,,,,,,
2,S,7990251,3284,1.440,1.760,0.480,-9.902,-0.062,0.532,,,,,,,,,,,,
2,B,7990251,3284,,,,,,,,,,,,,0.000,-0.112,-0.112,,,
2,S,7993535,3284,2.400,1.440,0.160,-9.902,-0.077,0.502,,,,,,,,,,,,
2,B,7993535,3284,,,,,,,,,,-10.219,0.039,0.152,,,,,,
2,S,7996819,3284,2.720,0.480,0.480,-9.887,-0.087,0.472,,,,,,,,,,,,
2,B,7996819,3284,,,,,,,,,,,,,,,,68.875,-71.562,19.688
2,S,7999103,2284,2.720,0.480,0.800,-9.883,-0.102,0.458,,,,,,,,,,,,
2,B,7999103,2284,,,,,,,,,,,,,0.000,0.112,-0.336,,,
2,S,8002387,3284,1.760,0.160,1.120,-9.873,-0.117,0.448,,,,,,,,,,,,
2,B,8002387,3284,,,,,,,,,,-10.195,-0.020,0.078,,,,,,
2,S,8005671,3284,0.800,0.480,2.400,-9.867,-0.138,0.417,,,,,,,,,,,,
2,B,8005671,3284,,,,,,,,,,,,,,,,69.375,-73.562,19.625
2,S,8007966,2295,0.800,1.440,3.040,-9.863,-0.158,0.398,,,,,,,,,,,,
2,B,8007966,2295,,,,,,,,,,,,,0.000,0.224,-0.448,,,
2,S,8012251,4285,1.440,2.720,2.400,-9.852,-0.177,0.393,,,,,,,,,,,,
2,B,8012251,4285,,,,,,,,,,-10.145,-0.066,0.047,,,,,,
2,S,8014537,2286,2.080,2.400,2.080,-9.848,-0.217,0.403,,,,,,,,,,,,
2,B,8014537,2286,,,,,,,,,,-10.160,-0.152,0.066,,,,,,
2,S,8017821,3284,2.720,0.800,1.440,-9.838,-0.242,0.412,,,,,,,,,,,,
2,B,8017821,3284,,,,,,,,,,,,,,,,69.312,-73.000,20.188
2,S,8021104,3283,1.760,-0.160,0.160,-9.842,-0.258,0.417,,,,,,,,,,,,
2,B,8021104,3283,,,,,,,,,,,,,0.112,0.112,-0.448,,,
2,S,8024388,3284,1.120,0.160,0.160,-9.852,-0.273,0.432,,,,,,,,,,,,
2,B,8024388,3284,,,,,,,,,,-10.176,-0.211,0.098,,,,,,
2,S,8027673,3285,0.800,1.760,1.120,-9.863,-0.292,0.458,,,,,,,,,,,,
2,B,8027673,3285,,,,,,,,,,,,,,,,68.688,-72.250,19.688
2,S,8029958,2285,-0.480,2.720,1.760,-9.863,-0.307,0.487,,,,,,,,,,,,
2,B,8029958,2285,,,,,,,,,,,,,0.112,0.000,-0.336,,,
2,S,8033242,3284,0.160,2.080,1.760,-9.863,-0.318,0.497,,,,,,,,,,,,
2,B,8033242,3284,,,,,,,,,,-10.176,-0.250,0.164,,,,,,
2,S,8036539,3297,1.120,0.800,2.400,-9.873,-0.333,0.517,,,,,,,,,,,,
2,B,8036539,3297,,,,,,,,,,,,,,,,70.375,-73.250,19.250
2,S,8038824,2285,2.400,-0.480,3.040,-9.877,-0.328,0.532,,,,,,,,,,,,
2,B,8038824,2285,,,,,,,,,,,,,0.112,-0.112,-0.112,,,
2,S,8042108,3284,1.120,-0.480,3.360,-9.883,-0.323,0.547,,,,,,,,,,,,
2,B,8042108,3284,,,,,,,,,,-10.191,-0.250,0.199,,,,,,
2,S,8045393,3285,0.160,0.480,4.000,-9.883,-0.307,0.557,,,,,,,,,,,,
2,B,8045393,3285,,,,,,,,,,,,,,,,69.625,-72.125,18.875
2,S,8047678,2285,-0.800,1.440,3.040,-9.893,-0.292,0.562,,,,,,,,,,,,
2,B,8047678,2285,,,,,,,,,,,,,0.000,-0.224,0.112,,,
2,S,8051962,4284,0.480,1.760,2.400,-9.893,-0.273,0.562,,,,,,,,,,,,
2,B,8051962,4284,,,,,,,,,,-10.191,-0.184,0.230,,,,,,
2,S,8054245,2283,1.120,1.440,2.720,-9.887,-0.217,0.552,,,,,,,,,,,,
2,B,8054245,2283,,,,,,,,,,,,,,,,69.625,-72.125,18.875
2,S,8056529,2284,0.480,1.120,3.040,-9.887,-0.198,0.547,,,,,,,,,,,,
2,B,8056529,2284,,,,,,,,,,-10.180,-0.113,0.219,,,,,,
2,S,8059813,3284,0.160,1.120,3.680,-9.887,-0.177,0.537,,,,,,,,,,,,
2,B,8059813,3284,,,,,,,,,,,,,0.000,-0.112,0.336,,,
2,S,8063108,3295,0.480,1.120,3.360,-9.887,-0.152,0.532,,,,,,,,,,,,
2,B,8063108,3295,,,,,,,,,,-10.195,-0.027,0.172,,,,,,
2,S,8066393,3285,0.800,0.800,2.400,-9.883,-0.117,0.527,,,,,,,,,,,,
2,B,8066393,3285,,,,,,,,,,,,,,,,70.312,-73.812,19.688
2,S,8068678,2285,0.800,1.440,2.080,-9.883,-0.083,0.522,,,,,,,,,,,,
2,B,8068678,2285,,,,,,,,,,,,,0.112,0.000,0.448,,,
2,S,8072962,4284,0.480,2.080,2.720,-9.877,-0.072,0.517,,,,,,,,,,,,
2,B,8072962,4284,,,,,,,,,,-10.180,0.020,0.164,,,,,,
2,S,8075245,2283,-0.160,1.440,3.360,-9.873,-0.058,0.502,,,,,,,,,,,,
2,B,8075245,2283,,,,,,,,,,,,,,,,70.875,-72.625,18.438
2,S,8078530,3285,-0.160,1.120,3.360,-9.873,-0.052,0.502,,,,,,,,,,,,
2,B,8078530,3285,,,,,,,,,,,,,0.000,0.000,0.336,,,
2,S,8082815,4285,0.160,1.440,3.360,-9.877,-0.048,0.502,,,,,,,,,,,,
2,B,8082815,4285,,,,,,,,,,-10.223,0.039,0.145,,,,,,
2,S,8085100,2285,0.800,0.800,2.720,-9.887,-0.052,0.507,,,,,,,,,,,,
2,B,8085100,2285,,,,,,,,,,-10.230,0.039,0.133,,,,,,
2,S,8088395,3295,0.800,0.480,2.400,-9.898,-0.062,0.502,,,,,,,,,,,,
2,B,8088395,3295,,,,,,,,,,,,,,,,70.438,-72.625,19.562
2,S,8090681,2286,0.800,1.120,2.080,-9.902,-0.077,0.497,,,,,,,,,,,,
2,B,8090681,2286,,,,,,,,,,,,,0.000,0.112,0.112,,,
2,S,8093966,3285,0.480,1.440,2.080,-9.902,-0.087,0.497,,,,,,,,,,,,
2,B,8093966,3285,,,,,,,,,,-10.180,0.020,0.125,,,,,,
2,S,8097249,3283,0.480,1.440,2.080,-9.898,-0.098,0.487,,,,,,,,,,,,
2,B,8097249,3283,,,,,,,,,,,,,,,,69.812,-71.438,18.875
2,S,8099533,2284,0.480,2.080,2.400,-9.898,-0.107,0.472,,,,,,,,,,,,
2,B,8099533,2284,,,,,,,,,,,,,0.000,0.112,0.000,,,
2,S,8102817,3284,0.480,2.720,2.720,-9.898,-0.107,0.468,,,,,,,,,,,,
2,B,8102817,3284,,,,,,,,,,-10.203,-0.008,0.125,,,,,,
2,S,8106100,3283,1.120,2.720,2.400,-9.887,-0.107,0.453,,,,,,,,,,,,
2,B,8106100,3283,,,,,,,,,,,,,,,,69.625,-72.125,18.875
2,S,8108384,2284,1.760,1.760,1.760,-9.863,-0.117,0.443,,,,,,,,,,,,
2,B,8108384,2284,,,,,,,,,,,,,0.000,0.112,0.000,,,
2,S,8112668,4284,1.120,0.800,1.760,-9.852,-0.122,0.432,,,,,,,,,,,,
2,B,8112668,4284,,,,,,,,,,-10.176,0.000,0.086,,,,,,
2,S,8114963,2295,0.160,-0.160,2.400,-9.852,-0.122,0.407,,,,,,,,,,,,
2,B,8114963,2295,,,,,,,,,,-10.152,-0.008,0.047,,,,,,
2,S,8118246,3283,0.160,-0.160,2.720,-9.852,-0.113,0.393,,,,,,,,,,,,
2,B,8118246,3283,,,,,,,,,,,,,,,,68.750,-72.188,20.438
2,S,8120531,2285,-0.160,0.480,3.360,-9.852,-0.098,0.378,,,,,,,,,,,,
2,B,8120531,2285,,,,,,,,,,,,,0.000,0.112,0.000,,,
2,S,8123815,3284,0.480,1.120,3.040,-9.852,-0.087,0.378,,,,,,,,,,,,
2,B,8123815,3284,,,,,,,,,,,,,,,,69.812,-73.500,19.250
2,S,8127098,3283,1.120,1.440,2.080,-9.857,-0.077,0.378,,,,,,,,,,,,
2,B,8127098,3283,,,,,,,,,,-10.160,-0.008,0.027,,,,,,
2,S,8130383,3285,0.800,0.800,1.440,-9.863,-0.072,0.388,,,,,,,,,,,,
2,B,8130383,3285,,,,,,,,,,,,,0.000,0.000,0.112,,,
2,S,8133668,3285,-0.480,1.120,2.080,-9.863,-0.068,0.393,,,,,,,,,,,,
2,B,8133668,3285,,,,,,,,,,-10.172,0.039,0.047,,,,,,
2,S,8136954,3286,-0.480,1.120,2.720,-9.867,-0.062,0.398,,,,,,,,,,,,
2,B,8136954,3286,,,,,,,,,,,,,,,,69.500,-72.812,19.625
2,S,8139238,2284,0.160,0.480,3.680,-9.877,-0.062,0.403,,,,,,,,,,,,
2,B,8139238,2284,,,,,,,,,,,,,0.000,-0.112,0.112,,,
2,S,8142535,3297,1.760,-0.160,4.000,-9.887,-0.058,0.412,,,,,,,,,,,,
2,B,8142535,3297,,,,,,,,,,-10.191,0.066,0.066,,,,,,
2,S,8145819,3284,2.720,0.160,2.400,-9.887,-0.048,0.432,,,,,,,,,,,,
2,B,8145819,3284,,,,,,,,,,,,,,,,68.250,-73.312,20.562
2,S,8148103,2284,2.080,0.800,0.800,-9.893,-0.043,0.443,,,,,,,,,,,,
2,B,8148103,2284,,,,,,,,,,,,,0.000,-0.112,0.112,,,
2,S,8152388,4285,1.440,1.760,0.160,-9.898,-0.037,0.453,,,,,,,,,,,,
2,B,8152388,4285,,,,,,,,,,-10.230,0.086,0.098,,,,,,
2,S,8154673,2285,1.120,1.440,1.120,-9.898,-0.033,0.468,,,,,,,,,,,,
2,B,8154673,2285,,,,,,,,,,-10.199,0.078,0.145,,,,,,
2,S,8157957,3284,0.800,1.120,1.120,-9.898,-0.028,0.472,,,,,,,,,,,,
2,B,8157957,3284,,,,,,,,,,,,,,,,69.125,-72.750,19.688
2,S,8160241,2284,0.800,2.400,2.080,-9.893,-0.028,0.487,,,,,,,,,,,,
2,B,8160241,2284,,,,,,,,,,,,,0.000,-0.112,0.112,,,
2,S,8163527,3286,0.160,3.040,2.720,-9.893,-0.028,0.497,,,,,,,,,,,,
2,B,8163527,3286,,,,,,,,,,-10.223,0.059,0.164,,,,,,
2,S,8166811,3284,0.160,2.080,2.400,-9.898,-0.043,0.502,,,,,,,,,,,,
2,B,8166811,3284,,,,,,,,,,,,,,,,69.562,-73.250,19.750
2,S,8169106,2295,0.800,0.480,1.440,-9.898,-0.058,0.512,,,,,,,,,,,,
2,B,8169106,2295,,,,,,,,,,,,,0.000,-0.112,0.000,,,
2,S,8172391,3285,1.120,-0.160,0.480,-9.898,-0.068,0.522,,,,,,,,,,,,
2,B,8172391,3285,,,,,,,,,,-10.199,0.020,0.172,,,,,,
2,S,8175675,3284,0.800,0.800,0.800,-9.893,-0.083,0.537,,,,,,,,,,,,
2,B,8175675,3284,,,,,,,,,,,,,,,,71.188,-72.750,19.375
2,S,8177960,2285,1.120,1.440,1.440,-9.877,-0.098,0.542,,,,,,,,,,,,
2,B,8177960,2285,,,,,,,,,,,,,0.000,0.000,-0.224,,,
2,S,8182244,4284,1.440,1.760,2.080,-9.867,-0.113,0.537,,,,,,,,,,,,
2,B,8182244,4284,,,,,,,,,,-10.184,0.020,0.199,,,,,,
2,S,8184529,2285,1.440,1.440,1.440,-9.857,-0.128,0.527,,,,,,,,,,,,
2,B,8184529,2285,,,,,,,,,,-10.176,-0.059,0.191,,,,,,
2,S,8187813,3284,0.480,1.440,1.440,-9.863,-0.147,0.527,,,,,,,,,,,,
2,B,8187813,3284,,,,,,,,,,,,,,,,69.438,-72.375,19.500
2,S,8190097,2284,0.160,1.120,2.080,-9.867,-0.168,0.527,,,,,,,,,,,,
2,B,8190097,2284,,,,,,,,,,,,,0.000,0.000,-0.224,,,
2,S,8193381,3284,0.480,0.800,2.400,-9.863,-0.182,0.527,,,,,,,,,,,,
2,B,8193381,3284,,,,,,,,,,,,,,,,70.062,-73.188,19.312
2,S,8196677,3296,1.120,1.440,3.360,-9.863,-0.188,0.517,,,,,,,,,,,,
2,B,8196677,3296,,,,,,,,,,-10.160,-0.086,0.145,,,,,,
2,S,8199963,3286,1.440,2.400,3.680,-9.857,-0.198,0.507,,,,,,,,,,,,
2,B,8199963,3286,,,,,,,,,,,,,0.000,0.112,-0.224,,,
2,S,8203247,3284,1.440,2.080,2.720,-9.852,-0.207,0.502,,,,,,,,,,,,
2,B,8203247,3284,,,,,,,,,,-10.191,-0.105,0.152,,,,,,
2,S,8206533,3286,1.440,2.400,2.080,-9.863,-0.217,0.507,,,,,,,,,,,,
2,B,8206533,3286,,,,,,,,,,,,,,,,70.062,-72.625,18.938
2,S,8208819,2286,1.760,2.720,1.440,-9.877,-0.223,0.507,,,,,,,,,,,,
2,B,8208819,2286,,,,,,,,,,,,,0.000,0.112,-0.224,,,
2,S,8213103,4284,1.760,2.720,1.440,-9.883,-0.228,0.502,,,,,,,,,,,,
2,B,8213103,4284,,,,,,,,,,-10.199,-0.145,0.133,,,,,,
2,S,8215388,2285,1.120,1.120,3.040,-9.893,-0.233,0.492,,,,,,,,,,,,
2,B,8215388,2285,,,,,,,,,,,,,,,,70.312,-71.750,18.625
2,S,8218674,3286,-0.160,1.120,3.360,-9.887,-0.233,0.487,,,,,,,,,,,,
2,B,8218674,3286,,,,,,,,,,,,,0.000,0.112,-0.112,,,
2,S,8222959,4285,-0.160,1.120,3.040,-9.873,-0.228,0.482,,,,,,,,,,,,
2,B,8222959,4285,,,,,,,,,,-10.152,-0.133,0.145,,,,,,
2,S,8225254,2295,0.160,-0.160,2.400,-9.863,-0.203,0.477,,,,,,,,,,,,
2,B,8225254,2295,,,,,,,,,,-10.188,-0.098,0.133,,,,,,
2,S,8228540,3286,0.800,-0.160,2.080,-9.857,-0.198,0.477,,,,,,,,,,,,
2,B,8228540,3286,,,,,,,,,,,,,,,,69.062,-72.312,19.625
2,S,8230824,2284,0.480,0.480,1.760,-9.852,-0.198,0.472,,,,,,,,,,,,
2,B,8230824,2284,,,,,,,,,,,,,0.000,0.000,0.112,,,
2,S,8234107,3283,0.480,1.120,2.080,-9.857,-0.193,0.468,,,,,,,,,,,,
2,B,8234107,3283,,,,,,,,,,-10.172,-0.078,0.113,,,,,,
2,S,8237392,3285,0.800,1.440,2.720,-9.873,-0.182,0.468,,,,,,,,,,,,
2,B,8237392,3285,,,,,,,,,,,,,,,,69.750,-72.500,19.688
2,S,8239676,2284,1.120,2.080,2.720,-9.887,-0.172,0.477,,,,,,,,,,,,
2,B,8239676,2284,,,,,,,,,,,,,0.000,0.000,0.112,,,
2,S,8243961,4285,1.120,1.760,2.080,-9.887,-0.163,0.482,,,,,,,,,,,,
2,B,8243961,4285,,,,,,,,,,-10.188,-0.078,0.125,,,,,,
2,S,8247246,3285,0.800,0.800,1.440,-9.883,-0.158,0.487,,,,,,,,,,,,
2,B,8247246,3285,,,,,,,,,,,,,,,,68.250,-73.250,21.312
2,S,8249530,2284,0.480,0.480,2.080,-9.883,-0.152,0.477,,,,,,,,,,,,
2,B,8249530,2284,,,,,,,,,,,,,0.000,0.000,0.112,,,
2,S,8252826,3296,0.160,-0.160,2.720,-9.887,-0.152,0.477,,,,,,,,,,,,
2,B,8252826,3296,,,,,,,,,,-10.184,-0.059,0.133,,,,,,
2,S,8256110,3284,0.160,-0.160,2.720,-9.883,-0.152,0.482,,,,,,,,,,,,
2,B,8256110,3284,,,,,,,,,,,,,,,,70.312,-72.750,19.812
2,S,8258395,2285,0.800,1.120,1.760,-9.883,-0.152,0.487,,,,,,,,,,,,
2,B,8258395,2285,,,,,,,,,,,,,0.000,0.000,0.112,,,
2,S,8262680,4285,1.120,1.760,1.120,-9.883,-0.152,0.482,,,,,,,,,,,,
2,B,8262680,4285,,,,,,,,,,-10.191,-0.047,0.152,,,,,,
2,S,8265965,3285,1.120,0.800,1.760,-9.887,-0.152,0.477,,,,,,,,,,,,
2,B,8265965,3285,,,,,,,,,,,,,,,,69.938,-72.688,19.938
2,S,8268249,2284,0.800,0.160,2.080,-9.887,-0.147,0.463,,,,,,,,,,,,
2,B,8268249,2284,,,,,,,,,,,,,0.000,0.000,0.112,,,
2,S,8272533,4284,0.160,0.160,1.760,-9.887,-0.142,0.463,,,,,,,,,,,,
2,B,8272533,4284,,,,,,,,,,-10.203,-0.039,0.113,,,,,,
2,S,8275817,3284,0.160,0.160,1.760,-9.883,-0.133,0.463,,,,,,,,,,,,
2,B,8275817,3284,,,,,,,,,,,,,,,,70.062,-73.562,20.125
2,S,8278101,2284,0.480,0.160,2.720,-9.877,-0.122,0.463,,,,,,,,,,,,
2,B,8278101,2284,,,,,,,,,,,,,0.000,0.000,0.112,,,
2,S,8282396,4295,0.800,1.120,3.040,-9.873,-0.113,0.463,,,,,,,,,,,,
2,B,8282396,4295,,,,,,,,,,-10.199,0.020,0.098,,,,,,
2,S,8285682,3286,0.160,3.040,2.720,-9.873,-0.098,0.463,,,,,,,,,,,,
2,B,8285682,3286,,,,,,,,,,,,,,,,69.125,-72.750,19.688
2,S,8287966,2284,0.480,3.680,3.360,-9.873,-0.087,0.458,,,,,,,,,,,,
2,B,8287966,2284,,,,,,,,,,,,,0.000,0.000,0.112,,,
2,S,8292249,4283,0.800,3.360,3.680,-9.867,-0.083,0.458,,,,,,,,,,,,
2,B,8292249,4283,,,,,,,,,,-10.191,0.039,0.113,,,,,,
2,S,8294533,2284,1.120,2.400,3.040,-9.867,-0.068,0.453,,,,,,,,,,,,
2,B,8294533,2284,,,,,,,,,,-10.172,0.066,0.105,,,,,,
2,S,8297818,3285,1.120,2.080,2.400,-9.867,-0.062,0.458,,,,,,,,,,,,
2,B,8297818,3285,,,,,,,,,,,,,,,,70.125,-73.625,19.438
2,S,8300101,2283,1.120,1.120,2.080,-9.867,-0.058,0.468,,,,,,,,,,,,
2,B,8300101,2283,,,,,,,,,,,,,0.000,0.000,0.112,,,
2,S,8303385,3284,0.480,1.120,2.720,-9.867,-0.052,0.472,,,,,,,,,,,,
2,B,8303385,3284,,,,,,,,,,-10.180,0.086,0.105,,,,,,
2,S,8306670,3285,-0.160,1.440,2.720,-9.873,-0.043,0.472,,,,,,,,,,,,
2,B,8306670,3285,,,,,,,,,,,,,,,,69.750,-73.562,20.250
2,S,8308966,2296,-0.800,0.800,1.760,-9.877,-0.033,0.468,,,,,,,,,,,,
2,B,8308966,2296,,,,,,,,,,,,,-0.112,0.000,0.112,,,
2,S,8313251,4285,-0.800,0.480,1.440,-9.877,-0.033,0.468,,,,,,,,,,,,
2,B,8313251,4285,,,,,,,,,,-10.184,0.059,0.113,,,,,,
2,S,8315536,2285,-0.480,1.440,2.720,-9.883,-0.033,0.482,,,,,,,,,,,,
2,B,8315536,2285,,,,,,,,,,,,,,,,70.625,-72.375,18.938
2,S,8317821,2285,2.080,1.760,3.040,-9.883,-0.033,0.482,,,,,,,,,,,,
2,B,8317821,2285,,,,,,,,,,,,,-0.112,0.000,0.000,,,
2,S,8322105,4284,2.080,1.760,2.720,-9.887,-0.037,0.472,,,,,,,,,,,,
2,B,8322105,4284,,,,,,,,,,-10.188,0.059,0.125,,,,,,
2,S,8324390,2285,1.120,1.440,1.440,-9.902,-0.052,0.458,,,,,,,,,,,,
2,B,8324390,2285,,,,,,,,,,,,,,,,70.875,-73.625,18.938
2,S,8327676,3286,-0.160,0.800,1.440,-9.898,-0.062,0.458,,,,,,,,,,,,
2,B,8327676,3286,,,,,,,,,,,,,0.000,0.000,0.000,,,
2,S,8331960,4284,0.480,0.160,1.440,-9.887,-0.068,0.453,,,,,,,,,,,,
2,B,8331960,4284,,,,,,,,,,-10.195,0.039,0.113,,,,,,
2,S,8334244,2284,1.760,0.160,0.800,-9.877,-0.072,0.448,,,,,,,,,,,,
2,B,8334244,2284,,,,,,,,,,-10.180,0.027,0.113,,,,,,
2,S,8337539,3295,2.720,0.800,1.120,-9.877,-0.077,0.448,,,,,,,,,,,,
2,B,8337539,3295,,,,,,,,,,,,,,,,70.688,-71.812,18.500
2,S,8339825,2286,1.760,1.120,1.760,-9.877,-0.087,0.448,,,,,,,,,,,,
2,B,8339825,2286,,,,,,,,,,,,,0.112,0.000,0.000,,,
2,S,8343109,3284,0.480,0.800,2.400,-9.877,-0.102,0.453,,,,,,,,,,,,
2,B,8343109,3284,,,,,,,,,,-10.191,-0.008,0.098,,,,,,
2,S,8346394,3285,-0.480,0.160,2.720,-9.877,-0.117,0.468,,,,,,,,,,,,
2,B,8346394,3285,,,,,,,,,,,,,,,,70.188,-72.938,19.438
2,S,8348679,2285,0.160,0.800,2.400,-9.873,-0.133,0.472,,,,,,,,,,,,
2,B,8348679,2285,,,,,,,,,,,,,0.112,0.000,-0.112,,,
2,S,8352964,4285,1.120,1.120,2.400,-9.867,-0.138,0.468,,,,,,,,,,,,
2,B,8352964,4285,,,,,,,,,,-10.176,-0.020,0.125,,,,,,
2,S,8355248,2284,1.440,1.440,0.800,-9.867,-0.147,0.482,,,,,,,,,,,,
2,B,8355248,2284,,,,,,,,,,,,,,,,69.375,-71.875,19.375
2,S,8358532,3284,0.800,1.440,0.800,-9.867,-0.147,0.487,,,,,,,,,,,,
2,B,8358532,3284,,,,,,,,,,,,,0.000,0.000,-0.112,,,
2,S,8362817,4285,0.160,1.120,1.440,-9.867,-0.152,0.492,,,,,,,,,,,,
2,B,8362817,4285,,,,,,,,,,-10.172,-0.039,0.152,,,,,,
2,S,8365111,2294,0.480,1.760,2.080,-9.873,-0.168,0.497,,,,,,,,,,,,
2,B,8365111,2294,,,,,,,,,,-10.176,-0.039,0.164,,,,,,
2,S,8368396,3285,2.080,1.760,1.760,-9.873,-0.168,0.502,,,,,,,,,,,,
2,B,8368396,3285,,,,,,,,,,,,,,,,69.438,-72.938,19.938
2,S,8370681,2285,2.080,1.760,1.440,-9.877,-0.158,0.507,,,,,,,,,,,,
2,B,8370681,2285,,,,,,,,,,,,,0.000,-0.112,-0.112,,,
2,S,8373965,3284,1.440,1.440,1.440,-9.877,-0.147,0.512,,,,,,,,,,,,
2,B,8373965,3284,,,,,,,,,,-10.207,-0.047,0.164,,,,,,
2,S,8377248,3283,0.800,1.120,1.760,-9.883,-0.142,0.512,,,,,,,,,,,,
2,B,8377248,3283,,,,,,,,,,,,,,,,70.062,-72.000,19.250
2,S,8379533,2285,0.480,1.760,2.720,-9.887,-0.147,0.522,,,,,,,,,,,,
2,B,8379533,2285,,,,,,,,,,,,,0.000,-0.112,0.000,,,
2,S,8382817,3284,2.080,2.720,3.040,-9.887,-0.152,0.522,,,,,,,,,,,,
2,B,8382817,3284,,,,,,,,,,-10.180,-0.059,0.164,,,,,,
2,S,8386101,3284,2.720,3.360,3.360,-9.893,-0.147,0.522,,,,,,,,,,,,
2,B,8386101,3284,,,,,,,,,,,,,,,,70.000,-73.125,20.062
2,S,8388386,2285,2.080,2.720,2.720,-9.893,-0.142,0.512,,,,,,,,,,,,
2,B,8388386,2285,,,,,,,,,,,,,0.000,0.000,0.000,,,
2,S,8392683,4297,0.800,1.760,2.080,-9.887,-0.142,0.502,,,,,,,,,,,,
2,B,8392683,4297,,,,,,,,,,-10.207,-0.039,0.184,,,,,,
2,S,8394969,2286,0.480,0.480,1.760,-9.877,-0.147,0.497,,,,,,,,,,,,
2,B,8394969,2286,,,,,,,,,,-10.199,-0.047,0.125,,,,,,
2,S,8398252,3283,0.160,0.160,1.760,-9.873,-0.152,0.492,,,,,,,,,,,,
2,B,8398252,3283,,,,,,,,,,,,,,,,70.812,-73.188,18.875
2,S,8401537,3285,0.160,-0.160,2.400,-9.873,-0.168,0.487,,,,,,,,,,,,
2,B,8401537,3285,,,,,,,,,,,,,0.000,0.112,0.000,,,
2,S,8403822,2285,0.160,0.160,2.400,-9.883,-0.182,0.477,,,,,,,,,,,,
2,B,8403822,2285,,,,,,,,,,,,,,,,69.500,-71.750,19.125
2,S,8407105,3283,0.480,0.480,2.080,-9.883,-0.182,0.472,,,,,,,,,,,,
2,B,8407105,3283,,,,,,,,,,-10.188,-0.066,0.125,,,,,,
2,S,8410390,3285,0.480,0.800,1.120,-9.877,-0.177,0.463,,,,,,,,,,,,
2,B,8410390,3285,,,,,,,,,,,,,0.000,0.112,0.000,,,
2,S,8413675,3285,1.120,1.120,1.120,-9.873,-0.177,0.468,,,,,,,,,,,,
2,B,8413675,3285,,,,,,,,,,-10.199,-0.098,0.105,,,,,,
2,S,8416961,3286,1.440,0.480,2.400,-9.873,-0.188,0.472,,,,,,,,,,,,
2,B,8416961,3286,,,,,,,,,,,,,,,,69.000,-71.875,18.750
2,S,8419255,2294,1.440,-0.160,2.400,-9.873,-0.198,0.472,,,,,,,,,,,,
2,B,8419255,2294,,,,,,,,,,,,,0.000,0.112,0.000,,,
2,S,8423540,4285,1.120,-0.160,1.760,-9.873,-0.203,0.472,,,,,,,,,,,,
2,B,8423540,4285,,,,,,,,,,,,,,,,69.938,-73.312,19.625
2,S,8425825,2285,1.120,0.480,1.120,-9.873,-0.207,0.463,,,,,,,,,,,,
2,B,8425825,2285,,,,,,,,,,-10.191,-0.105,0.133,,,,,,
2,S,8428108,2283,1.440,1.440,1.760,-9.873,-0.207,0.463,,,,,,,,,,,,
2,B,8428108,2283,,,,,,,,,,,,,0.112,0.112,0.000,,,
2,S,8432393,4285,1.440,2.080,2.080,-9.877,-0.207,0.463,,,,,,,,,,,,
2,B,8432393,4285,,,,,,,,,,,,,,,,69.938,-72.312,19.125
2,S,8435677,3284,1.440,1.760,2.080,-9.883,-0.198,0.463,,,,,,,,,,,,
2,B,8435677,3284,,,,,,,,,,-10.180,-0.086,0.133,,,,,,
2,S,8437961,2284,1.120,1.440,1.440,-9.883,-0.188,0.463,,,,,,,,,,,,
2,B,8437961,2284,,,,,,,,,,,,,0.000,0.112,0.112,,,
2,S,8442244,4283,1.120,0.480,1.120,-9.887,-0.172,0.468,,,,,,,,,,,,
2,B,8442244,4283,,,,,,,,,,,,,,,,70.750,-73.312,19.188
2,S,8445530,3286,1.440,0.160,2.080,-9.887,-0.152,0.468,,,,,,,,,,,,
2,B,8445530,3286,,,,,,,,,,-10.191,-0.027,0.125,,,,,,
2,S,8447826,2296,1.440,0.800,2.720,-9.883,-0.133,0.472,,,,,,,,,,,,
2,B,8447826,2296,,,,,,,,,,,,,-0.112,0.000,0.224,,,
2,S,8452111,4285,1.440,0.800,2.720,-9.883,-0.122,0.468,,,,,,,,,,,,
2,B,8452111,4285,,,,,,,,,,,,,,,,70.875,-73.125,19.562
2,S,8454396,2285,1.440,0.800,3.040,-9.877,-0.098,0.463,,,,,,,,,,,,
2,B,8454396,2285,,,,,,,,,,-10.191,0.020,0.133,,,,,,
2,S,8456680,2284,1.440,1.120,3.360,-9.873,-0.083,0.463,,,,,,,,,,,,
2,B,8456680,2284,,,,,,,,,,-10.176,0.039,0.125,,,,,,
2,S,8460965,4285,1.440,1.440,3.040,-9.873,-0.068,0.468,,,,,,,,,,,,
2,B,8460965,4285,,,,,,,,,,,,,-0.112,-0.112,0.224,,,
2,S,8463248,2283,1.760,1.440,1.440,-9.877,-0.048,0.482,,,,,,,,,,,,
2,B,8463248,2283,,,,,,,,,,,,,,,,69.250,-71.625,19.625
2,S,8466533,3285,1.760,1.440,1.760,-9.883,-0.037,0.487,,,,,,,,,,,,
2,B,8466533,3285,,,,,,,,,,-10.156,0.078,0.145,,,,,,
2,S,8468818,2285,1.760,1.440,3.360,-9.883,-0.022,0.497,,,,,,,,,,,,
2,B,8468818,2285,,,,,,,,,,,,,0.000,-0.112,0.224,,,
2,S,8473102,4284,1.120,2.400,3.680,-9.883,-0.022,0.502,,,,,,,,,,,,
2,B,8473102,4284,,,,,,,,,,,,,,,,69.375,-72.438,19.812
2,S,8476398,3296,0.800,3.040,2.720,-9.883,-0.018,0.497,,,,,,,,,,,,
2,B,8476398,3296,,,,,,,,,,-10.180,0.059,0.164,,,,,,
2,S,8478682,2284,1.120,1.760,2.720,-9.877,-0.018,0.497,,,,,,,,,,,,
2,B,8478682,2284,,,,,,,,,,,,,0.000,-0.112,0.112,,,
2,S,8482967,4285,1.760,1.120,3.040,-9.877,-0.022,0.502,,,,,,,,,,,,
2,B,8482967,4285,,,,,,,,,,,,,,,,68.062,-73.062,20.125
2,S,8485251,2284,2.080,1.120,2.720,-9.883,-0.043,0.502,,,,,,,,,,,,
2,B,8485251,2284,,,,,,,,,,-10.207,0.066,0.184,,,,,,
2,S,8487536,2285,1.120,0.480,1.760,-9.887,-0.058,0.502,,,,,,,,,,,,
2,B,8487536,2285,,,,,,,,,,,,,0.000,0.000,0.000,,,
2,S,8491821,4285,0.800,0.160,1.440,-9.883,-0.068,0.497,,,,,,,,,,,,
2,B,8491821,4285,,,,,,,,,,-10.195,0.047,0.133,,,,,,
2,S,8494104,2283,0.480,0.480,2.720,-9.887,-0.083,0.492,,,,,,,,,,,,
2,B,8494104,2283,,,,,,,,,,,,,,,,69.625,-73.750,19.875
2,S,8496389,2285,0.800,1.760,3.360,-9.893,-0.092,0.487,,,,,,,,,,,,
2,B,8496389,2285,,,,,,,,,,-10.195,0.027,0.125,,,,,,
2,S,8498674,2285,1.120,2.400,3.040,-9.893,-0.102,0.482,,,,,,,,,,,,
2,B,8498674,2285,,,,,,,,,,,,,-0.112,0.112,-0.112,,,
2,S,8502970,4296,1.440,3.040,3.040,-9.893,-0.107,0.477,,,,,,,,,,,,
2,B,8502970,4296,,,,,,,,,,,,,,,,69.562,-72.250,19.250
2,S,8506255,3285,1.440,2.400,2.400,-9.887,-0.133,0.453,,,,,,,,,,,,
2,B,8506255,3285,,,,,,,,,,-10.188,-0.020,0.098,,,,,,
2,S,8508539,2284,1.120,1.760,2.400,-9.883,-0.133,0.448,,,,,,,,,,,,
2,B,8508539,2284,,,,,,,,,,,,,-0.112,0.112,-0.224,,,
2,S,8512824,4285,1.120,1.760,2.720,-9.877,-0.138,0.443,,,,,,,,,,,,
2,B,8512824,4285,,,,,,,,,,,,,,,,68.750,-71.688,19.312
2,S,8516108,3284,0.800,2.080,3.040,-9.867,-0.128,0.432,,,,,,,,,,,,
2,B,8516108,3284,,,,,,,,,,-10.191,-0.027,0.098,,,,,,
2,S,8518392,2284,1.120,1.440,3.360,-9.867,-0.122,0.432,,,,,,,,,,,,
2,B,8518392,2284,,,,,,,,,,,,,-0.224,0.112,-0.224,,,
2,S,8522676,4284,2.080,1.120,3.360,-9.873,-0.122,0.432,,,,,,,,,,,,
2,B,8522676,4284,,,,,,,,,,,,,,,,70.625,-72.375,18.938
2,S,8524960,2284,1.760,1.120,2.080,-9.877,-0.133,0.438,,,,,,,,,,,,
2,B,8524960,2284,,,,,,,,,,-10.160,-0.008,0.086,,,,,,
2,S,8527244,2284,0.480,1.120,1.760,-9.877,-0.133,0.438,,,,,,,,,,,,
2,B,8527244,2284,,,,,,,,,,,,,-0.112,0.000,-0.112,,,
2,S,8531539,4295,0.480,1.120,1.440,-9.877,-0.133,0.438,,,,,,,,,,,,
2,B,8531539,4295,,,,,,,,,,-10.203,-0.020,0.105,,,,,,
2,S,8533824,2285,1.440,1.440,1.760,-9.873,-0.138,0.438,,,,,,,,,,,,
2,B,8533824,2285,,,,,,,,,,,,,,,,69.500,-72.812,19.625
2,S,8536108,2284,2.720,1.760,2.080,-9.873,-0.142,0.438,,,,,,,,,,,,
2,B,8536108,2284,,,,,,,,,,-10.191,-0.027,0.086,,,,,,
2,S,8538393,2285,2.720,1.440,2.080,-9.873,-0.147,0.448,,,,,,,,,,,,
2,B,8538393,2285,,,,,,,,,,,,,0.000,0.000,-0.112,,,
2,S,8542679,4286,2.080,0.160,2.080,-9.873,-0.147,0.458,,,,,,,,,,,,
2,B,8542679,4286,,,,,,,,,,,,,,,,70.125,-72.438,19.375
2,S,8545964,3285,1.120,-1.120,2.400,-9.873,-0.147,0.472,,,,,,,,,,,,
2,B,8545964,3285,,,,,,,,,,-10.184,-0.059,0.152,,,,,,
2,S,8548248,2284,0.160,0.160,1.440,-9.873,-0.147,0.487,,,,,,,,,,,,
2,B,8548248,2284,,,,,,,,,,,,,0.000,-0.112,0.000,,,
2,S,8552532,4284,0.800,1.120,1.120,-9.873,-0.147,0.492,,,,,,,,,,,,
2,B,8552532,4284,,,,,,,,,,,,,,,,71.312,-72.062,18.625
2,S,8555816,3284,1.120,0.800,1.440,-9.867,-0.147,0.502,,,,,,,,,,,,
2,B,8555816,3284,,,,,,,,,,-10.184,-0.047,0.152,,,,,,
2,S,8558110,2294,1.760,-0.160,1.120,-9.873,-0.147,0.507,,,,,,,,,,,,
2,B,8558110,2294,,,,,,,,,,,,,0.000,-0.112,0.000,,,
2,S,8562396,4286,1.440,-0.160,1.440,-9.883,-0.147,0.507,,,,,,,,,,,,
2,B,8562396,4286,,,,,,,,,,-10.207,-0.039,0.164,,,,,,
2,S,8564681,2285,0.800,1.120,2.720,-9.887,-0.152,0.502,,,,,,,,,,,,
2,B,8564681,2285,,,,,,,,,,,,,,,,69.562,-72.250,19.250
2,S,8566967,2286,0.480,1.760,2.720,-9.887,-0.152,0.502,,,,,,,,,,,,
2,B,8566967,2286,,,,,,,,,,-10.199,-0.047,0.164,,,,,,
2,S,8570250,3283,0.800,1.440,2.400,-9.887,-0.147,0.502,,,,,,,,,,,,
2,B,8570250,3283,,,,,,,,,,,,,0.000,0.000,0.000,,,
2,S,8573535,3285,0.800,0.800,1.440,-9.877,-0.152,0.502,,,,,,,,,,,,
2,B,8573535,3285,,,,,,,,,,,,,,,,70.250,-71.375,18.500
2,S,8576819,3284,-0.160,0.800,1.440,-9.873,-0.158,0.497,,,,,,,,,,,,
2,B,8576819,3284,,,,,,,,,,-10.184,-0.059,0.152,,,,,,
2,S,8579102,2283,-0.800,1.120,2.080,-9.867,-0.158,0.492,,,,,,,,,,,,
2,B,8579102,2283,,,,,,,,,,,,,0.000,0.000,0.000,,,
2,S,8583386,4284,-0.480,1.120,2.400,-9.863,-0.163,0.492,,,,,,,,,,,,
2,B,8583386,4284,,,,,,,,,,,,,,,,69.375,-73.500,20.375
2,S,8586682,3296,-0.480,0.160,2.720,-9.867,-0.147,0.492,,,,,,,,,,,,
2,B,8586682,3296,,,,,,,,,,-10.199,-0.059,0.145,,,,,,
2,S,8588967,2285,-0.480,-0.160,2.720,-9.877,-0.147,0.492,,,,,,,,,,,,
2,B,8588967,2285,,,,,,,,,,,,,0.000,0.112,0.000,,,
2,S,8593250,4283,0.160,0.160,2.080,-9.883,-0.147,0.487,,,,,,,,,,,,
2,B,8593250,4283,,,,,,,,,,,,,,,,70.125,-71.125,18.000
2,S,8595535,2285,0.800,1.120,2.080,-9.877,-0.147,0.482,,,,,,,,,,,,
2,B,8595535,2285,,,,,,,,,,-10.191,-0.047,0.113,,,,,,
2,S,8597820,2285,1.760,1.440,1.760,-9.873,-0.147,0.482,,,,,,,,,,,,
2,B,8597820,2285,,,,,,,,,,,,,-0.112,0.112,0.000,,,
2,S,8602104,4284,2.080,1.120,1.120,-9.873,-0.142,0.477,,,,,,,,,,,,
2,B,8602104,4284,,,,,,,,,,-10.207,-0.039,0.125,,,,,,
2,S,8604389,2285,1.760,0.480,1.760,-9.887,-0.133,0.472,,,,,,,,,,,,
2,B,8604389,2285,,,,,,,,,,,,,,,,69.375,-71.500,19.312
2,S,8607674,3285,1.120,0.800,3.040,-9.887,-0.133,0.472,,,,,,,,,,,,
2,B,8607674,3285,,,,,,,,,,,,,-0.112,0.112,0.112,,,
2,S,8611959,4285,0.800,1.440,3.680,-9.887,-0.133,0.477,,,,,,,,,,,,
2,B,8611959,4285,,,,,,,,,,-10.180,-0.027,0.113,,,,,,
2,S,8614254,2295,0.480,1.440,2.720,-9.887,-0.138,0.492,,,,,,,,,,,,
2,B,8614254,2295,,,,,,,,,,-10.199,-0.039,0.164,,,,,,
2,S,8617539,3285,0.480,1.120,2.080,-9.887,-0.142,0.492,,,,,,,,,,,,
2,B,8617539,3285,,,,,,,,,,,,,,,,69.375,-72.438,19.812
2,S,8619824,2285,0.480,1.120,1.440,-9.877,-0.138,0.487,,,,,,,,,,,,
2,B,8619824,2285,,,,,,,,,,,,,0.000,0.000,0.000,,,
2,S,8623108,3284,0.480,1.440,1.440,-9.873,-0.128,0.487,,,,,,,,,,,,
2,B,8623108,3284,,,,,,,,,,-10.184,-0.020,0.113,,,,,,
2,S,8626393,3285,-0.160,1.440,2.400,-9.867,-0.117,0.492,,,,,,,,,,,,
2,B,8626393,3285,,,,,,,,,,,,,,,,69.500,-74.438,20.562
2,S,8628678,2285,-0.160,1.120,2.720,-9.867,-0.117,0.497,,,,,,,,,,,,
2,B,8628678,2285,,,,,,,,,,,,,0.000,0.000,0.000,,,
2,S,8632962,4284,0.160,1.440,2.720,-9.867,-0.117,0.497,,,,,,,,,,,,
2,B,8632962,4284,,,,,,,,,,-10.172,-0.008,0.125,,,,,,
2,S,8635245,2283,0.480,1.760,2.080,-9.867,-0.122,0.477,,,,,,,,,,,,
2,B,8635245,2283,,,,,,,,,,,,,,,,68.312,-72.250,19.062
2,S,8637530,2285,0.480,2.080,2.400,-9.867,-0.117,0.477,,,,,,,,,,,,
2,B,8637530,2285,,,,,,,,,,,,,-0.112,0.000,0.112,,,
2,S,8641825,4295,0.480,1.760,2.400,-9.863,-0.113,0.477,,,,,,,,,,,,
2,B,8641825,4295,,,,,,,,,,-10.188,0.020,0.125,,,,,,
2,S,8644109,2284,0.480,1.440,2.400,-9.852,-0.107,0.472,,,,,,,,,,,,
2,B,8644109,2284,,,,,,,,,,-10.172,0.000,0.105,,,,,,
2,S,8647393,3284,1.440,1.760,2.400,-9.852,-0.113,0.468,,,,,,,,,,,,
2,B,8647393,3284,,,,,,,,,,,,,,,,68.938,-72.438,19.188
2,S,8649678,2285,2.080,2.400,2.080,-9.867,-0.117,0.458,,,,,,,,,,,,
2,B,8649678,2285,,,,,,,,,,,,,0.000,0.000,0.112,,,
2,S,8652962,3284,2.080,2.080,2.080,-9.877,-0.117,0.463,,,,,,,,,,,,
2,B,8652962,3284,,,,,,,,,,,,,,,,69.438,-72.375,19.500
2,S,8656246,3284,1.760,0.800,2.080,-9.887,-0.113,0.463,,,,,,,,,,,,
2,B,8656246,3284,,,,,,,,,,-10.180,0.008,0.113,,,,,,
2,S,8658531,2285,0.800,0.480,2.080,-9.887,-0.107,0.453,,,,,,,,,,,,
2,B,8658531,2285,,,,,,,,,,,,,0.000,0.000,0.000,,,
2,S,8662817,4286,0.480,0.800,1.760,-9.887,-0.113,0.453,,,,,,,,,,,,
2,B,8662817,4286,,,,,,,,,,,,,,,,69.938,-71.188,17.562
2,S,8665101,2284,0.480,1.120,0.800,-9.887,-0.113,0.463,,,,,,,,,,,,
2,B,8665101,2284,,,,,,,,,,-10.207,0.000,0.098,,,,,,
2,S,8667396,2295,-0.160,0.800,0.800,-9.887,-0.107,0.468,,,,,,,,,,,,
2,B,8667396,2295,,,,,,,,,,,,,0.000,0.000,0.000,,,
2,S,8671682,4286,-0.480,1.120,1.120,-9.877,-0.107,0.472,,,,,,,,,,,,
2,B,8671682,4286,,,,,,,,,,-10.199,0.000,0.125,,,,,,
2,S,8673966,2284,-0.480,2.400,2.720,-9.877,-0.098,0.472,,,,,,,,,,,,
2,B,8673966,2284,,,,,,,,,,,,,,,,70.500,-72.125,18.438
2,S,8676249,2283,0.800,2.720,2.720,-9.887,-0.098,0.468,,,,,,,,,,,,
2,B,8676249,2283,,,,,,,,,,-10.191,0.020,0.105,,,,,,
2,S,8678534,2285,1.120,2.080,2.400,-9.887,-0.098,0.468,,,,,,,,,,,,
2,B,8678534,2285,,,,,,,,,,,,,0.000,0.000,0.000,,,
2,S,8682818,4284,1.440,1.440,1.760,-9.893,-0.098,0.463,,,,,,,,,,,,
2,B,8682818,4284,,,,,,,,,,,,,,,,70.312,-73.375,19.562
2,S,8686101,3283,2.080,1.440,2.080,-9.887,-0.098,0.472,,,,,,,,,,,,
2,B,8686101,3283,,,,,,,,,,-10.184,0.008,0.125,,,,,,
2,S,8688387,2286,2.720,0.800,3.040,-9.883,-0.102,0.482,,,,,,,,,,,,
2,B,8688387,2286,,,,,,,,,,,,,0.000,-0.112,0.112,,,
2,S,8692671,4284,0.800,0.480,3.040,-9.877,-0.107,0.487,,,,,,,,,,,,
2,B,8692671,4284,,,,,,,,,,,,,,,,70.688,-72.250,18.625
2,S,8695967,3296,0.160,1.120,2.400,-9.877,-0.113,0.472,,,,,,,,,,,,
2,B,8695967,3296,,,,,,,,,,-10.207,-0.008,0.113,,,,,,
2,S,8698252,2285,1.120,0.800,1.120,-9.873,-0.102,0.472,,,,,,,,,,,,
2,B,8698252,2285,,,,,,,,,,,,,0.112,0.000,0.112,,,
2,S,8702537,4285,1.440,0.480,1.440,-9.873,-0.102,0.477,,,,,,,,,,,,
2,B,8702537,4285,,,,,,,,,,-10.191,0.000,0.133,,,,,,
2,S,8704821,2284,1.440,1.120,2.080,-9.873,-0.122,0.477,,,,,,,,,,,,
2,B,8704821,2284,,,,,,,,,,,,,,,,69.125,-73.312,20.125
2,S,8707105,2284,1.440,2.400,2.080,-9.873,-0.133,0.477,,,,,,,,,,,,
2,B,8707105,2284,,,,,,,,,,-10.191,-0.020,0.152,,,,,,
2,S,8710390,3285,1.120,2.720,2.080,-9.873,-0.133,0.472,,,,,,,,,,,,
2,B,8710390,3285,,,,,,,,,,,,,0.112,0.000,0.000,,,
2,S,8713676,3286,1.120,2.400,2.080,-9.877,-0.128,0.472,,,,,,,,,,,,
2,B,8713676,3286,,,,,,,,,,,,,,,,69.500,-73.875,19.438
2,S,8716960,3284,2.080,2.080,1.760,-9.877,-0.133,0.477,,,,,,,,,,,,
2,B,8716960,3284,,,,,,,,,,-10.184,-0.047,0.113,,,,,,
2,S,8719243,2283,2.080,2.080,1.760,-9.883,-0.142,0.482,,,,,,,,,,,,
2,B,8719243,2283,,,,,,,,,,,,,0.000,0.000,0.000,,,
2,S,8723539,4296,1.440,2.400,1.760,-9.887,-0.147,0.482,,,,,,,,,,,,
2,B,8723539,4296,,,,,,,,,,,,,,,,69.062,-72.312,19.625
2,S,8726824,3285,1.120,2.400,1.760,-9.887,-0.152,0.472,,,,,,,,,,,,
2,B,8726824,3285,,,,,,,,,,-10.184,-0.027,0.145,,,,,,
2,S,8729109,2285,1.120,1.760,1.440,-9.883,-0.142,0.463,,,,,,,,,,,,
2,B,8729109,2285,,,,,,,,,,,,,0.000,0.112,0.000,,,
2,S,8733394,4285,1.120,1.120,1.440,-9.877,-0.133,0.468,,,,,,,,,,,,
2,B,8733394,4285,,,,,,,,,,,,,,,,69.625,-72.125,18.875
2,S,8735679,2285,0.800,1.120,1.760,-9.867,-0.128,0.472,,,,,,,,,,,,
2,B,8735679,2285,,,,,,,,,,-10.191,-0.020,0.133,,,,,,
2,S,8737963,2284,0.800,1.120,2.080,-9.867,-0.122,0.468,,,,,,,,,,,,
2,B,8737963,2284,,,,,,,,,,,,,0.000,0.000,0.000,,,
2,S,8743246,5283,0.800,1.120,2.080,-9.867,-0.122,0.468,,,,,,,,,,,,
2,B,8743246,5283,,,,,,,,,,-10.156,-0.008,0.113,,,,,,
2,S,8745531,2285,0.800,2.080,2.400,-9.863,-0.133,0.477,,,,,,,,,,,,
2,B,8745531,2285,,,,,,,,,,-10.188,-0.008,0.113,,,,,,
2,S,8748816,3285,1.760,2.400,2.080,-9.857,-0.138,0.482,,,,,,,,,,,,
2,B,8748816,3285,,,,,,,,,,,,,,,,68.812,-72.625,20.500
2,S,8751110,2294,1.760,2.080,1.440,-9.852,-0.133,0.482,,,,,,,,,,,,
2,B,8751110,2294,,,,,,,,,,,,,0.000,0.000,0.000,,,
2,S,8754394,3284,1.440,2.080,1.120,-9.863,-0.128,0.482,,,,,,,,,,,,
2,B,8754394,3284,,,,,,,,,,,,,,,,70.062,-73.688,19.438
2,S,8757678,3284,0.800,1.760,1.120,-9.877,-0.122,0.487,,,,,,,,,,,,
2,B,8757678,3284,,,,,,,,,,-10.191,-0.027,0.145,,,,,,
2,S,8760963,3285,-0.480,1.440,1.760,-9.887,-0.128,0.492,,,,,,,,,,,,
2,B,8760963,3285,,,,,,,,,,,,,0.112,0.000,0.112,,,
2,S,8764247,3284,-0.160,1.440,3.040,-9.887,-0.133,0.497,,,,,,,,,,,,
2,B,8764247,3284,,,,,,,,,,-10.188,-0.020,0.164,,,,,,
2,S,8767532,3285,0.480,1.760,3.360,-9.877,-0.142,0.502,,,,,,,,,,,,
2,B,8767532,3285,,,,,,,,,,,,,,,,69.688,-71.562,18.500
2,S,8769817,2285,0.480,1.760,3.040,-9.873,-0.142,0.502,,,,,,,,,,,,
2,B,8769817,2285,,,,,,,,,,,,,0.000,0.000,0.000,,,
2,S,8773101,3284,0.480,1.440,2.400,-9.883,-0.142,0.502,,,,,,,,,,,,
2,B,8773101,3284,,,,,,,,,,-10.188,-0.047,0.191,,,,,,
2,S,8776386,3285,1.120,0.800,2.400,-9.887,-0.147,0.502,,,,,,,,,,,,
2,B,8776386,3285,,,,,,,,,,,,,,,,69.000,-72.875,19.312
2,S,8778681,2295,1.120,1.120,2.720,-9.898,-0.147,0.502,,,,,,,,,,,,
2,B,8778681,2295,,,,,,,,,,,,,0.000,0.000,0.000,,,
2,S,8782966,4285,0.800,1.440,2.720,-9.898,-0.147,0.497,,,,,,,,,,,,
2,B,8782966,4285,,,,,,,,,,-10.207,-0.059,0.184,,,,,,
2,S,8785249,2283,1.120,1.760,2.080,-9.893,-0.147,0.497,,,,,,,,,,,,
2,B,8785249,2283,,,,,,,,,,-10.188,-0.027,0.152,,,,,,
2,S,8788533,3284,1.760,1.760,2.080,-9.887,-0.147,0.497,,,,,,,,,,,,
2,B,8788533,3284,,,,,,,,,,,,,,,,69.875,-71.812,19.000
2,S,8790817,2284,1.760,1.760,2.080,-9.883,-0.147,0.487,,,,,,,,,,,,
2,B,8790817,2284,,,,,,,,,,,,,0.000,0.000,0.000,,,
2,S,8794100,3283,1.440,1.760,2.720,-9.877,-0.152,0.472,,,,,,,,,,,,
2,B,8794100,3283,,,,,,,,,,-10.191,-0.066,0.133,,,,,,
2,S,8797385,3285,1.440,1.440,2.720,-9.877,-0.152,0.472,,,,,,,,,,,,
2,B,8797385,3285,,,,,,,,,,,,,,,,70.375,-72.250,18.688
2,S,8799670,2285,1.440,0.800,2.400,-9.883,-0.152,0.468,,,,,,,,,,,,
2,B,8799670,2285,,,,,,,,,,,,,0.000,0.112,0.000,,,
2,S,8803955,4285,1.120,0.480,2.400,-9.877,-0.147,0.468,,,,,,,,,,,,
2,B,8803955,4285,,,,,,,,,,-10.184,-0.047,0.105,,,,,,
2,S,8806250,2295,1.120,0.480,2.080,-9.873,-0.138,0.458,,,,,,,,,,,,
2,B,8806250,2295,,,,,,,,,,,,,,,,70.312,-72.188,18.750
2,S,8808536,2286,0.480,0.480,1.760,-9.867,-0.133,0.448,,,,,,,,,,,,
2,B,8808536,2286,,,,,,,,,,,,,0.112,0.112,0.000,,,
2,S,8812820,4284,0.480,0.800,1.760,-9.867,-0.128,0.448,,,,,,,,,,,,
2,B,8812820,4284,,,,,,,,,,-10.156,-0.027,0.113,,,,,,
2,S,8815104,2284,0.480,1.440,2.720,-9.873,-0.128,0.453,,,,,,,,,,,,
2,B,8815104,2284,,,,,,,,,,-10.188,-0.020,0.086,,,,,,
2,S,8818388,3284,0.160,2.080,3.360,-9.877,-0.122,0.453,,,,,,,,,,,,
2,B,8818388,3284,,,,,,,,,,,,,,,,70.250,-71.875,18.938
2,S,8820673,2285,0.160,1.760,3.360,-9.877,-0.122,0.453,,,,,,,,,,,,
2,B,8820673,2285,,,,,,,,,,,,,0.112,0.112,0.000,,,
2,S,8823958,3285,0.800,1.440,2.720,-9.873,-0.128,0.458,,,,,,,,,,,,
2,B,8823958,3285,,,,,,,,,,,,,,,,69.875,-72.875,19.562
2,S,8827242,3284,0.800,1.440,1.760,-9.873,-0.138,0.463,,,,,,,,,,,,
2,B,8827242,3284,,,,,,,,,,-10.180,-0.008,0.113,,,,,,
2,S,8829527,2285,0.800,1.440,1.760,-9.873,-0.138,0.468,,,,,,,,,,,,
2,B,8829527,2285,,,,,,,,,,,,,0.112,0.000,0.000,,,
2,S,8833822,4295,1.760,1.120,1.760,-9.867,-0.138,0.472,,,,,,,,,,,,
2,B,8833822,4295,,,,,,,,,,,,,,,,69.625,-73.750,19.875
2,S,8836106,2284,2.080,1.440,1.760,-9.867,-0.133,0.477,,,,,,,,,,,,
2,B,8836106,2284,,,,,,,,,,-10.180,-0.039,0.145,,,,,,
2,S,8838391,2285,2.080,2.400,1.760,-9.863,-0.138,0.477,,,,,,,,,,,,
2,B,8838391,2285,,,,,,,,,,,,,0.112,0.000,0.000,,,
2,S,8842675,4284,1.440,2.400,1.760,-9.863,-0.142,0.477,,,,,,,,,,,,
2,B,8842675,4284,,,,,,,,,,-10.184,-0.039,0.133,,,,,,
2,S,8844960,2285,1.120,1.760,1.120,-9.867,-0.147,0.482,,,,,,,,,,,,
2,B,8844960,2285,,,,,,,,,,,,,,,,69.188,-73.188,19.812
2,S,8847244,2284,0.800,1.440,1.440,-9.877,-0.152,0.492,,,,,,,,,,,,
2,B,8847244,2284,,,,,,,,,,-10.219,-0.039,0.133,,,,,,
2,S,8849528,2284,0.800,1.440,1.760,-9.877,-0.158,0.502,,,,,,,,,,,,
2,B,8849528,2284,,,,,,,,,,,,,0.000,0.000,0.000,,,
2,S,8852813,3285,1.120,1.760,2.080,-9.887,-0.158,0.502,,,,,,,,,,,,
2,B,8852813,3285,,,,,,,,,,,,,,,,68.062,-73.062,20.125
2,S,8856098,3285,1.440,1.440,2.080,-9.893,-0.158,0.497,,,,,,,,,,,,
2,B,8856098,3285,,,,,,,,,,-10.188,-0.027,0.133,,,,,,
2,S,8858393,2295,0.800,0.800,1.440,-9.887,-0.152,0.492,,,,,,,,,,,,
2,B,8858393,2295,,,,,,,,,,,,,0.000,0.000,0.112,,,
2,S,8862679,4286,-0.160,0.480,1.120,-9.887,-0.138,0.487,,,,,,,,,,,,
2,B,8862679,4286,,,,,,,,,,,,,,,,69.188,-72.188,19.312
2,S,8865964,3285,0.160,1.440,2.080,-9.883,-0.117,0.482,,,,,,,,,,,,
2,B,8865964,3285,,,,,,,,,,-10.223,-0.027,0.113,,,,,,
2,S,8868247,2283,1.440,1.760,2.080,-9.877,-0.107,0.472,,,,,,,,,,,,
2,B,8868247,2283,,,,,,,,,,,,,0.000,0.000,0.112,,,
2,S,8872533,4286,1.440,1.760,2.080,-9.877,-0.102,0.472,,,,,,,,,,,,
2,B,8872533,4286,,,,,,,,,,,,,,,,69.312,-73.062,20.250
2,S,8874818,2285,1.120,2.080,2.720,-9.883,-0.087,0.477,,,,,,,,,,,,
2,B,8874818,2285,,,,,,,,,,-10.188,0.020,0.125,,,,,,
2,S,8877102,2284,1.120,2.400,3.040,-9.883,-0.077,0.477,,,,,,,,,,,,
2,B,8877102,2284,,,,,,,,,,-10.184,0.039,0.133,,,,,,
2,S,8881387,4285,1.760,2.080,3.360,-9.877,-0.072,0.472,,,,,,,,,,,,
2,B,8881387,4285,,,,,,,,,,,,,0.000,0.000,0.224,,,
2,S,8883672,2285,1.760,0.800,3.040,-9.867,-0.068,0.463,,,,,,,,,,,,
2,B,8883672,2285,,,,,,,,,,,,,,,,69.938,-70.750,18.188
2,S,8886969,3297,1.760,0.800,2.720,-9.873,-0.062,0.458,,,,,,,,,,,,
2,B,8886969,3297,,,,,,,,,,-10.191,0.059,0.113,,,,,,
2,S,8889253,2284,1.760,2.080,2.720,-9.883,-0.052,0.468,,,,,,,,,,,,
2,B,8889253,2284,,,,,,,,,,,,,0.000,0.000,0.224,,,
2,S,8893538,4285,2.400,2.080,2.720,-9.883,-0.048,0.477,,,,,,,,,,,,
2,B,8893538,4285,,,,,,,,,,,,,,,,68.812,-72.125,19.438
2,S,8896823,3285,2.080,1.440,3.040,-9.877,-0.037,0.477,,,,,,,,,,,,
2,B,8896823,3285,,,,,,,,,,-10.188,0.086,0.113,,,,,,
2,S,8899106,2283,1.760,1.440,2.720,-9.883,-0.037,0.477,,,,,,,,,,,,
2,B,8899106,2283,,,,,,,,,,,,,0.000,-0.112,0.112,,,
2,S,8903391,4285,1.760,1.120,2.080,-9.883,-0.037,0.482,,,,,,,,,,,,
2,B,8903391,4285,,,,,,,,,,,,,,,,70.750,-73.250,19.875
2,S,8905676,2285,1.440,1.120,1.440,-9.883,-0.037,0.497,,,,,,,,,,,,
2,B,8905676,2285,,,,,,,,,,-10.203,0.066,0.152,,,,,,
2,S,8907961,2285,0.800,1.440,1.440,-9.883,-0.037,0.497,,,,,,,,,,,,
2,B,8907961,2285,,,,,,,,,,,,,0.000,0.000,0.112,,,
2,S,8912245,4284,0.480,1.760,1.760,-9.883,-0.043,0.492,,,,,,,,,,,,
2,B,8912245,4284,,,,,,,,,,-10.191,0.066,0.152,,,,,,
2,S,8914540,2295,0.800,2.720,2.720,-9.877,-0.058,0.487,,,,,,,,,,,,
2,B,8914540,2295,,,,,,,,,,,,,,,,70.562,-73.562,19.750
2,S,8916825,2285,1.440,2.400,2.720,-9.873,-0.068,0.492,,,,,,,,,,,,
2,B,8916825,2285,,,,,,,,,,-10.184,0.039,0.133,,,,,,
2,S,8919108,2283,1.120,1.120,2.720,-9.867,-0.072,0.497,,,,,,,,,,,,
2,B,8919108,2283,,,,,,,,,,,,,0.000,0.000,0.000,,,
2,S,8923392,4284,0.480,0.160,2.720,-9.863,-0.077,0.492,,,,,,,,,,,,
2,B,8923392,4284,,,,,,,,,,,,,,,,69.875,-72.875,19.562
2,S,8926677,3285,0.160,-0.160,2.400,-9.867,-0.083,0.477,,,,,,,,,,,,
2,B,8926677,3285,,,,,,,,,,-10.188,-0.039,0.125,,,,,,
2,S,8928962,2285,0.160,0.800,2.080,-9.873,-0.098,0.468,,,,,,,,,,,,
2,B,8928962,2285,,,,,,,,,,,,,-0.112,0.112,-0.224,,,
2,S,8933246,4284,0.480,1.440,1.760,-9.873,-0.107,0.458,,,,,,,,,,,,
2,B,8933246,4284,,,,,,,,,,,,,,,,69.312,-72.500,19.062
2,S,8936530,3284,1.120,1.760,2.400,-9.867,-0.122,0.453,,,,,,,,,,,,
2,B,8936530,3284,,,,,,,,,,-10.191,-0.008,0.098,,,,,,
2,S,8938814,2284,1.760,2.080,3.040,-9.867,-0.133,0.443,,,,,,,,,,,,
2,B,8938814,2284,,,,,,,,,,,,,0.000,0.112,-0.224,,,
2,S,8943108,4294,1.760,1.760,3.360,-9.867,-0.142,0.438,,,,,,,,,,,,
2,B,8943108,4294,,,,,,,,,,,,,,,,69.938,-73.812,19.062
2,S,8945393,2285,1.440,1.440,2.720,-9.873,-0.182,0.432,,,,,,,,,,,,
2,B,8945393,2285,,,,,,,,,,-10.191,-0.039,0.105,,,,,,
2,S,8947678,2285,1.440,1.440,2.400,-9.877,-0.193,0.438,,,,,,,,,,,,
2,B,8947678,2285,,,,,,,,,,-10.195,-0.078,0.105,,,,,,
2,S,8950962,3284,1.120,1.120,1.760,-9.877,-0.203,0.443,,,,,,,,,,,,
2,B,8950962,3284,,,,,,,,,,,,,0.000,0.112,-0.336,,,
2,S,8953245,2283,1.120,0.480,1.120,-9.873,-0.207,0.443,,,,,,,,,,,,
2,B,8953245,2283,,,,,,,,,,,,,,,,69.000,-72.875,19.312
2,S,8956529,3284,0.480,0.480,1.120,-9.873,-0.207,0.453,,,,,,,,,,,,
2,B,8956529,3284,,,,,,,,,,-10.203,-0.113,0.105,,,,,,
2,S,8958814,2285,0.160,1.120,1.120,-9.877,-0.207,0.468,,,,,,,,,,,,
2,B,8958814,2285,,,,,,,,,,,,,0.000,0.000,-0.224,,,
2,S,8963097,4283,0.480,1.120,1.120,-9.883,-0.212,0.477,,,,,,,,,,,,
2,B,8963097,4283,,,,,,,,,,,,,,,,70.000,-72.750,19.250
2,S,8966381,3284,0.800,0.800,1.760,-9.883,-0.233,0.492,,,,,,,,,,,,
2,B,8966381,3284,,,,,,,,,,-10.180,-0.145,0.152,,,,,,
2,S,8968676,2295,0.800,0.800,2.400,-9.883,-0.237,0.507,,,,,,,,,,,,
2,B,8968676,2295,,,,,,,,,,,,,0.000,0.000,-0.224,,,
2,S,8972961,4285,0.800,1.120,2.400,-9.883,-0.237,0.522,,,,,,,,,,,,
2,B,8972961,4285,,,,,,,,,,,,,,,,70.188,-73.562,19.125
2,S,8976246,3285,0.480,0.800,2.080,-9.887,-0.233,0.532,,,,,,,,,,,,
2,B,8976246,3285,,,,,,,,,,-10.195,-0.145,0.164,,,,,,
2,S,8978530,2284,0.480,0.800,2.080,-9.883,-0.228,0.527,,,,,,,,,,,,
2,B,8978530,2284,,,,,,,,,,,,,-0.112,-0.112,0.000,,,
2,S,8982814,4284,0.480,0.800,2.080,-9.877,-0.217,0.532,,,,,,,,,,,,
2,B,8982814,4284,,,,,,,,,,-10.203,-0.113,0.211,,,,,,
2,S,8985096,2282,0.800,1.440,2.720,-9.873,-0.212,0.537,,,,,,,,,,,,
2,B,8985096,2282,,,,,,,,,,,,,,,,69.562,-73.750,19.125
2,S,8987382,2286,1.120,1.440,2.080,-9.877,-0.212,0.542,,,,,,,,,,,,
2,B,8987382,2286,,,,,,,,,,-10.195,-0.098,0.172,,,,,,
2,S,8989667,2285,1.120,1.120,1.440,-9.877,-0.212,0.537,,,,,,,,,,,,
2,B,8989667,2285,,,,,,,,,,,,,0.000,-0.112,0.112,,,
2,S,8992953,3286,1.440,0.800,1.440,-9.877,-0.203,0.532,,,,,,,,,,,,
2,B,8992953,3286,,,,,,,,,,,,,,,,69.375,-71.875,19.375
2,S,8996247,3294,1.440,1.120,1.760,-9.877,-0.193,0.522,,,,,,,,,,,,
2,B,8996247,3294,,,,,,,,,,-10.180,-0.039,0.191,,,,,,
2,S,8998532,2285,1.120,2.080,2.400,-9.873,-0.177,0.517,,,,,,,,,,,,
2,B,8998532,2285,,,,,,,,,,,,,0.000,0.000,0.112,,,
2,S,9002817,4285,1.440,2.080,2.400,-9.873,-0.168,0.512,,,,,,,,,,,,
2,B,9002817,4285,,,,,,,,,,,,,,,,69.000,-73.438,20.438
2,S,9006101,3284,1.760,2.080,2.400,-9.877,-0.152,0.492,,,,,,,,,,,,
2,B,9006101,3284,,,,,,,,,,-10.188,-0.059,0.145,,,,,,
2,S,9008386,2285,1.760,1.760,2.080,-9.883,-0.142,0.477,,,,,,,,,,,,
2,B,9008386,2285,,,,,,,,,,,,,0.000,0.000,0.224,,,
2,S,9012671,4285,1.440,1.760,2.080,-9.887,-0.138,0.472,,,,,,,,,,,,
2,B,9012671,4285,,,,,,,,,,,,,,,,69.250,-73.688,19.938
2,S,9014957,2286,1.440,1.440,2.400,-9.877,-0.128,0.468,,,,,,,,,,,,
2,B,9014957,2286,,,,,,,,,,-10.191,-0.020,0.105,,,,,,
2,S,9017241,2284,1.120,1.440,2.720,-9.873,-0.117,0.468,,,,,,,,,,,,
2,B,9017241,2284,,,,,,,,,,-10.184,-0.008,0.098,,,,,,
2,S,9021525,4284,0.800,1.760,3.040,-9.873,-0.107,0.463,,,,,,,,,,,,
2,B,9021525,4284,,,,,,,,,,,,,0.000,0.112,0.224,,,
2,S,9023821,2296,1.120,1.760,2.720,-9.877,-0.098,0.453,,,,,,,,,,,,
2,B,9023821,2296,,,,,,,,,,,,,,,,69.938,-71.688,18.688
2,S,9027105,3284,1.760,1.440,2.080,-9.877,-0.098,0.448,,,,,,,,,,,,
2,B,9027105,3284,,,,,,,,,,-10.191,0.000,0.133,,,,,,
2,S,9029389,2284,1.760,1.440,1.120,-9.877,-0.098,0.453,,,,,,,,,,,,
2,B,9029389,2284,,,,,,,,,,,,,0.000,0.112,0.224,,,
2,S,9033674,4285,1.760,1.440,1.120,-9.877,-0.092,0.453,,,,,,,,,,,,
2,B,9033674,4285,,,,,,,,,,,,,,,,70.000,-72.188,18.812
2,S,9036959,3285,1.440,0.800,2.400,-9.873,-0.092,0.453,,,,,,,,,,,,
2,B,9036959,3285,,,,,,,,,,-10.203,0.020,0.113,,,,,,
2,S,9039243,2284,0.800,0.800,3.680,-9.877,-0.087,0.458,,,,,,,,,,,,
2,B,9039243,2284,,,,,,,,,,,,,0.000,0.000,0.224,,,
2,S,9044527,5284,0.480,1.440,3.040,-9.883,-0.077,0.458,,,,,,,,,,,,
2,B,9044527,5284,,,,,,,,,,,,,,,,69.312,-71.500,18.562
2,S,9046812,2285,0.800,1.120,1.440,-9.883,-0.052,0.463,,,,,,,,,,,,
2,B,9046812,2285,,,,,,,,,,-10.191,0.047,0.113,,,,,,
2,S,9049095,2283,0.480,0.800,1.440,-9.873,-0.037,0.463,,,,,,,,,,,,
2,B,9049095,2283,,,,,,,,,,,,,0.000,0.000,0.224,,,
2,S,9053391,4296,0.480,0.800,1.760,-9.873,-0.033,0.468,,,,,,,,,,,,
2,B,9053391,4296,,,,,,,,,,-10.203,0.066,0.113,,,,,,
2,S,9055676,2285,0.480,2.080,2.080,-9.883,-0.033,0.468,,,,,,,,,,,,
2,B,9055676,2285,,,,,,,,,,,,,,,,70.875,-72.562,19.188
2,S,9057961,2285,1.120,2.720,2.080,-9.883,-0.028,0.463,,,,,,,,,,,,
2,B,9057961,2285,,,,,,,,,,-10.191,0.105,0.113,,,,,,
2,S,9061245,3284,1.440,2.720,2.080,-9.877,-0.018,0.463,,,,,,,,,,,,
2,B,9061245,3284,,,,,,,,,,,,,0.000,0.000,0.112,,,
2,S,9063530,2285,1.440,1.760,2.080,-9.867,-0.007,0.463,,,,,,,,,,,,
2,B,9063530,2285,,,,,,,,,,,,,,,,68.688,-72.812,20.125
2,S,9066814,3284,0.800,1.760,2.400,-9.867,-0.003,0.463,,,,,,,,,,,,
2,B,9066814,3284,,,,,,,,,,-10.191,0.105,0.113,,,,,,
2,S,9069096,2282,0.480,1.760,2.400,-9.877,-0.007,0.468,,,,,,,,,,,,
2,B,9069096,2282,,,,,,,,,,,,,0.000,0.000,0.112,,,
2,S,9073382,4286,1.120,1.760,2.400,-9.883,-0.018,0.468,,,,,,,,,,,,
2,B,9073382,4286,,,,,,,,,,,,,,,,69.000,-72.375,19.875
2,S,9076666,3284,1.440,1.440,1.760,-9.887,-0.018,0.463,,,,,,,,,,,,
2,B,9076666,3284,,,,,,,,,,-10.199,0.098,0.133,,,,,,
2,S,9078961,2295,0.800,1.440,1.120,-9.887,-0.018,0.458,,,,,,,,,,,,
2,B,9078961,2295,,,,,,,,,,,,,0.000,0.000,0.000,,,
2,S,9083245,4284,0.160,1.440,1.120,-9.887,-0.018,0.458,,,,,,,,,,,,
2,B,9083245,4284,,,,,,,,,,,,,,,,69.062,-73.375,19.375
2,S,9085529,2284,-0.160,0.800,1.760,-9.883,-0.037,0.463,,,,,,,,,,,,
2,B,9085529,2284,,,,,,,,,,-10.199,0.086,0.113,,,,,,
2,S,9087813,2284,0.160,0.480,2.080,-9.883,-0.048,0.463,,,,,,,,,,,,
2,B,9087813,2284,,,,,,,,,,-10.195,0.066,0.113,,,,,,
2,S,9091096,3283,0.800,1.120,2.400,-9.883,-0.052,0.458,,,,,,,,,,,,
2,B,9091096,3283,,,,,,,,,,,,,0.112,0.112,-0.112,,,
2,S,9093382,2286,1.440,2.080,2.720,-9.883,-0.068,0.453,,,,,,,,,,,,
2,B,9093382,2286,,,,,,,,,,,,,,,,68.750,-72.188,20.438
2,S,9096667,3285,1.760,2.080,2.400,-9.883,-0.077,0.453,,,,,,,,,,,,
2,B,9096667,3285,,,,,,,,,,-10.188,0.020,0.125,,,,,,
2,S,9098951,2284,1.440,1.440,2.400,-9.877,-0.098,0.463,,,,,,,,,,,,
2,B,9098951,2284,,,,,,,,,,,,,0.000,0.000,-0.224,,,
2,S,9103234,4283,1.120,0.800,2.400,-9.877,-0.107,0.468,,,,,,,,,,,,
2,B,9103234,4283,,,,,,,,,,,,,,,,70.000,-73.750,19.750
2,S,9106530,3296,1.120,1.120,1.760,-9.877,-0.128,0.472,,,,,,,,,,,,
2,B,9106530,3296,,,,,,,,,,-10.184,-0.020,0.113,,,,,,
2,S,9108815,2285,1.760,1.440,2.080,-9.883,-0.152,0.482,,,,,,,,,,,,
2,B,9108815,2285,,,,,,,,,,,,,0.000,0.000,-0.336,,,
2,S,9113099,4284,2.080,1.760,2.400,-9.877,-0.188,0.482,,,,,,,,,,,,
2,B,9113099,4284,,,,,,,,,,,,,,,,68.812,-72.562,19.500
2,S,9116384,3285,1.760,1.440,2.400,-9.877,-0.188,0.477,,,,,,,,,,,,
2,B,9116384,3285,,,,,,,,,,-10.195,-0.078,0.152,,,,,,
2,S,9118669,2285,1.760,1.120,2.400,-9.873,-0.193,0.482,,,,,,,,,,,,
2,B,9118669,2285,,,,,,,,,,,,,0.000,0.000,-0.336,,,
2,S,9122953,4284,1.440,1.120,2.400,-9.877,-0.203,0.482,,,,,,,,,,,,
2,B,9122953,4284,,,,,,,,,,-10.180,-0.113,0.145,,,,,,
2,S,9125237,2284,0.800,1.120,2.080,-9.877,-0.223,0.482,,,,,,,,,,,,
2,B,9125237,2284,,,,,,,,,,,,,,,,69.062,-71.312,19.125
2,S,9127522,2285,0.800,1.120,1.440,-9.877,-0.228,0.477,,,,,,,,,,,,
2,B,9127522,2285,,,,,,,,,,-10.172,-0.133,0.113,,,,,,
2,S,9129807,2285,0.800,0.800,1.440,-9.877,-0.233,0.477,,,,,,,,,,,,
2,B,9129807,2285,,,,,,,,,,,,,0.112,0.112,-0.224,,,
2,S,9134102,4295,0.800,0.800,1.760,-9.883,-0.237,0.482,,,,,,,,,,,,
2,B,9134102,4295,,,,,,,,,,,,,,,,69.062,-71.312,19.125
2,S,9136386,2284,0.800,1.120,1.760,-9.887,-0.247,0.487,,,,,,,,,,,,
2,B,9136386,2284,,,,,,,,,,-10.195,-0.133,0.152,,,,,,
2,S,9138671,2285,1.440,1.120,1.440,-9.887,-0.253,0.487,,,,,,,,,,,,
2,B,9138671,2285,,,,,,,,,,,,,0.000,0.112,-0.224,,,
2,S,9142956,4285,1.440,1.440,1.440,-9.887,-0.253,0.482,,,,,,,,,,,,
2,B,9142956,4285,,,,,,,,,,,,,,,,69.438,-72.938,19.938
2,S,9146239,3283,1.120,1.120,1.760,-9.877,-0.242,0.487,,,,,,,,,,,,
2,B,9146239,3283,,,,,,,,,,-10.188,-0.133,0.145,,,,,,
2,S,9148524,2285,1.120,0.480,2.080,-9.883,-0.237,0.492,,,,,,,,,,,,
2,B,9148524,2285,,,,,,,,,,,,,0.000,0.000,0.000,,,
2,S,9152809,4285,1.760,0.480,2.400,-9.883,-0.237,0.497,,,,,,,,,,,,
2,B,9152809,4285,,,,,,,,,,,,,,,,70.438,-72.625,19.562
2,S,9155092,2283,2.080,1.760,2.080,-9.873,-0.223,0.512,,,,,,,,,,,,
2,B,9155092,2283,,,,,,,,,,-10.195,-0.113,0.152,,,,,,
2,S,9157376,2284,1.120,2.080,2.080,-9.873,-0.223,0.517,,,,,,,,,,,,
2,B,9157376,2284,,,,,,,,,,-10.172,-0.098,0.145,,,,,,
2,S,9161671,4295,1.120,1.760,2.080,-9.867,-0.212,0.522,,,,,,,,,,,,
2,B,9161671,4295,,,,,,,,,,,,,0.000,-0.112,0.112,,,
2,S,9163957,2286,0.800,1.120,2.720,-9.877,-0.198,0.527,,,,,,,,,,,,
2,B,9163957,2286,,,,,,,,,,,,,,,,70.500,-73.062,19.688
2,S,9167240,3283,0.480,0.800,2.720,-9.883,-0.193,0.527,,,,,,,,,,,,
2,B,9167240,3283,,,,,,,,,,-10.188,-0.059,0.172,,,,,,
2,S,9169525,2285,0.800,0.480,2.400,-9.877,-0.172,0.527,,,,,,,,,,,,
2,B,9169525,2285,,,,,,,,,,,,,0.000,-0.112,0.112,,,
2,S,9173810,4285,1.440,0.480,2.080,-9.877,-0.163,0.527,,,,,,,,,,,,
2,B,9173810,4285,,,,,,,,,,,,,,,,69.875,-72.875,19.562
2,S,9177094,3284,1.440,1.120,1.440,-9.873,-0.147,0.527,,,,,,,,,,,,
2,B,9177094,3284,,,,,,,,,,-10.223,-0.020,0.184,,,,,,
2,S,9179379,2285,0.480,1.760,2.080,-9.877,-0.142,0.532,,,,,,,,,,,,
2,B,9179379,2285,,,,,,,,,,,,,0.000,-0.112,0.112,,,
2,S,9184663,5284,0.160,2.080,2.400,-9.883,-0.138,0.537,,,,,,,,,,,,
2,B,9184663,5284,,,,,,,,,,,,,,,,69.500,-71.812,19.875
2,S,9186948,2285,0.480,3.040,2.400,-9.887,-0.122,0.532,,,,,,,,,,,,
2,B,9186948,2285,,,,,,,,,,-10.207,-0.008,0.199,,,,,,
2,S,9189242,2294,1.760,2.400,2.080,-9.883,-0.102,0.522,,,,,,,,,,,,
2,B,9189242,2294,,,,,,,,,,,,,0.000,0.000,0.224,,,
2,S,9193527,4285,1.440,1.760,2.400,-9.877,-0.092,0.517,,,,,,,,,,,,
2,B,9193527,4285,,,,,,,,,,-10.207,0.020,0.184,,,,,,
2,S,9195811,2284,1.120,1.440,2.720,-9.883,-0.083,0.502,,,,,,,,,,,,
2,B,9195811,2284,,,,,,,,,,,,,,,,69.000,-71.875,18.750
2,S,9198095,2284,0.480,1.440,2.720,-9.887,-0.077,0.487,,,,,,,,,,,,
2,B,9198095,2284,,,,,,,,,,-10.184,0.027,0.145,,,,,,
2,S,9201379,3284,0.800,1.440,2.720,-9.887,-0.072,0.477,,,,,,,,,,,,
2,B,9201379,3284,,,,,,,,,,,,,0.000,0.000,0.224,,,
2,S,9203663,2284,1.120,1.760,3.040,-9.883,-0.058,0.468,,,,,,,,,,,,
2,B,9203663,2284,,,,,,,,,,,,,,,,70.500,-72.500,19.250
2,S,9206948,3285,1.760,1.760,3.040,-9.877,-0.058,0.463,,,,,,,,,,,,
2,B,9206948,3285,,,,,,,,,,-10.188,0.078,0.125,,,,,,
2,S,9209232,2284,1.440,1.120,2.400,-9.857,-0.062,0.463,,,,,,,,,,,,
2,B,9209232,2284,,,,,,,,,,,,,0.112,0.112,0.112,,,
2,S,9213516,4284,0.800,0.800,2.080,-9.842,-0.058,0.458,,,,,,,,,,,,
2,B,9213516,4284,,,,,,,,,,,,,,,,68.812,-72.562,19.500
2,S,9216811,3295,0.480,0.480,2.720,-9.842,-0.043,0.438,,,,,,,,,,,,
2,B,9216811,3295,,,,,,,,,,-10.160,0.078,0.066,,,,,,
2,S,9219096,2285,0.160,1.120,2.400,-9.877,-0.043,0.422,,,,,,,,,,,,
2,B,9219096,2285,,,,,,,,,,,,,0.000,0.112,0.112,,,
2,S,9223381,4285,0.480,1.760,2.080,-9.912,-0.058,0.417,,,,,,,,,,,,
2,B,9223381,4285,,,,,,,,,,,,,,,,69.625,-72.688,19.312
2,S,9225666,2285,0.480,2.400,2.720,-9.967,-0.098,0.417,,,,,,,,,,,,
2,B,9225666,2285,,,,,,,,,,-10.262,0.039,0.086,,,,,,
2,S,9227951,2285,0.800,2.080,2.720,-9.957,-0.113,0.422,,,,,,,,,,,,
2,B,9227951,2285,,,,,,,,,,-10.188,0.008,0.078,,,,,,
2,S,9231235,3284,0.800,1.440,2.400,-9.918,-0.117,0.422,,,,,,,,,,,,
2,B,9231235,3284,,,,,,,,,,,,,0.000,0.112,-0.112,,,
2,S,9233521,2286,0.800,0.160,1.440,-9.852,-0.122,0.427,,,,,,,,,,,,
2,B,9233521,2286,,,,,,,,,,,,,,,,69.625,-72.125,18.875
2,S,9236806,3285,0.800,0.480,1.120,-9.842,-0.128,0.432,,,,,,,,,,,,
2,B,9236806,3285,,,,,,,,,,-10.199,-0.027,0.105,,,,,,
2,S,9239090,2284,1.120,1.120,1.440,-9.873,-0.138,0.438,,,,,,,,,,,,
2,B,9239090,2284,,,,,,,,,,,,,0.000,0.000,-0.224,,,
2,S,9243388,4298,1.440,1.440,1.760,-9.902,-0.142,0.443,,,,,,,,,,,,
2,B,9243388,4298,,,,,,,,,,,,,,,,68.688,-72.250,19.688
2,S,9246673,3285,1.440,1.120,1.760,-9.883,-0.133,0.443,,,,,,,,,,,,
2,B,9246673,3285,,,,,,,,,,-10.172,0.000,0.078,,,,,,
2,S,9248957,2284,0.480,0.480,1.760,-9.838,-0.122,0.448,,,,,,,,,,,,
2,B,9248957,2284,,,,,,,,,,,,,0.000,0.000,0.000,,,
2,S,9254240,5283,-0.160,0.480,2.080,-9.818,-0.117,0.448,,,,,,,,,,,,
2,B,9254240,5283,,,,,,,,,,,,,,,,69.562,-73.250,19.750
2,S,9256526,2286,-0.160,1.440,2.400,-9.848,-0.107,0.463,,,,,,,,,,,,
2,B,9256526,2286,,,,,,,,,,-10.141,0.000,0.098,,,,,,
2,S,9258810,2284,0.160,1.120,2.400,-9.877,-0.107,0.468,,,,,,,,,,,,
2,B,9258810,2284,,,,,,,,,,,,,0.000,0.000,0.000,,,
2,S,9263094,4284,0.480,0.160,1.760,-9.912,-0.102,0.472,,,,,,,,,,,,
2,B,9263094,4284,,,,,,,,,,-10.227,-0.027,0.152,,,,,,
2,S,9265379,2285,0.160,-0.800,1.120,-9.938,-0.113,0.477,,,,,,,,,,,,
2,B,9265379,2285,,,,,,,,,,,,,,,,69.062,-72.312,19.625
2,S,9267663,2284,-0.160,-0.480,1.760,-9.932,-0.113,0.477,,,,,,,,,,,,
2,B,9267663,2284,,,,,,,,,,-10.223,-0.008,0.152,,,,,,
2,S,9269960,2297,0.160,-0.160,2.080,-9.912,-0.113,0.482,,,,,,,,,,,,
2,B,9269960,2297,,,,,,,,,,,,,0.000,0.000,0.112,,,
2,S,9274243,4283,0.480,0.480,1.760,-9.893,-0.113,0.482,,,,,,,,,,,,
2,B,9274243,4283,,,,,,,,,,,,,,,,69.062,-72.312,19.625
2,S,9276527,2284,0.480,1.120,1.120,-9.857,-0.107,0.487,,,,,,,,,,,,
2,B,9276527,2284,,,,,,,,,,-10.176,0.020,0.145,,,,,,
2,S,9278811,2284,0.160,1.440,1.440,-9.863,-0.098,0.492,,,,,,,,,,,,
2,B,9278811,2284,,,,,,,,,,,,,0.000,-0.112,0.112,,,
2,S,9283094,4283,0.160,1.440,2.400,-9.898,-0.077,0.487,,,,,,,,,,,,
2,B,9283094,4283,,,,,,,,,,,,,,,,70.562,-72.562,18.500
2,S,9286378,3284,1.440,1.120,2.400,-9.898,-0.072,0.487,,,,,,,,,,,,
2,B,9286378,3284,,,,,,,,,,-10.195,0.039,0.133,,,,,,
2,S,9288663,2285,1.440,0.160,2.400,-9.893,-0.062,0.482,,,,,,,,,,,,
2,B,9288663,2285,,,,,,,,,,,,,0.000,0.000,0.112,,,
2,S,9292947,4284,1.120,-0.160,2.400,-9.887,-0.048,0.482,,,,,,,,,,,,
2,B,9292947,4284,,,,,,,,,,,,,,,,70.750,-71.250,18.875
2,S,9295231,2284,1.120,1.120,2.400,-9.883,-0.037,0.482,,,,,,,,,,,,
2,B,9295231,2284,,,,,,,,,,-10.195,0.066,0.133,,,,,,
2,S,9297527,2296,1.440,2.080,2.400,-9.887,-0.043,0.487,,,,,,,,,,,,
2,B,9297527,2296,,,,,,,,,,-10.195,0.059,0.152,,,,,,
2,S,9301813,4286,2.080,2.400,2.080,-9.887,-0.052,0.492,,,,,,,,,,,,
2,B,9301813,4286,,,,,,,,,,,,,0.000,0.000,0.000,,,
2,S,9304096,2283,2.080,2.080,1.440,-9.877,-0.077,0.502,,,,,,,,,,,,
2,B,9304096,2283,,,,,,,,,,,,,,,,70.062,-72.625,18.938
2,S,9307380,3284,1.440,1.120,0.800,-9.867,-0.087,0.507,,,,,,,,,,,,
2,B,9307380,3284,,,,,,,,,,-10.180,0.039,0.172,,,,,,
2,S,9309664,2284,0.800,0.480,0.480,-9.863,-0.102,0.507,,,,,,,,,,,,
2,B,9309664,2284,,,,,,,,,,,,,0.000,0.000,-0.112,,,
2,S,9313948,4284,0.160,0.480,0.480,-9.867,-0.117,0.507,,,,,,,,,,,,
2,B,9313948,4284,,,,,,,,,,,,,,,,67.625,-72.500,20.062
2,S,9317232,3284,0.160,1.120,1.760,-9.883,-0.142,0.512,,,,,,,,,,,,
2,B,9317232,3284,,,,,,,,,,-10.191,-0.039,0.199,,,,,,
2,S,9319517,2285,1.120,1.760,1.760,-9.877,-0.163,0.522,,,,,,,,,,,,
2,B,9319517,2285,,,,,,,,,,,,,0.000,0.000,-0.224,,,
2,S,9324801,5284,1.440,1.760,1.760,-9.873,-0.168,0.527,,,,,,,,,,,,
2,B,9324801,5284,,,,,,,,,,,,,,,,69.812,-71.875,18.312
2,S,9327096,2295,1.440,1.440,1.440,-9.867,-0.182,0.512,,,,,,,,,,,,
2,B,9327096,2295,,,,,,,,,,-10.207,-0.078,0.184,,,,,,
2,S,9329382,2286,0.480,0.480,1.760,-9.867,-0.177,0.502,,,,,,,,,,,,
2,B,9329382,2286,,,,,,,,,,,,,0.000,0.112,-0.224,,,
2,S,9333667,4285,0.800,0.480,1.760,-9.873,-0.177,0.492,,,,,,,,,,,,
2,B,9333667,4285,,,,,,,,,,-10.203,-0.059,0.152,,,,,,
2,S,9335953,2286,1.120,1.440,1.440,-9.893,-0.172,0.472,,,,,,,,,,,,
2,B,9335953,2286,,,,,,,,,,,,,,,,69.125,-72.250,18.625
2,S,9338237,2284,1.120,1.760,2.080,-9.902,-0.182,0.463,,,,,,,,,,,,
2,B,9338237,2284,,,,,,,,,,-10.195,-0.078,0.113,,,,,,
2,S,9341521,3284,0.480,1.760,2.720,-9.898,-0.182,0.458,,,,,,,,,,,,
2,B,9341521,3284,,,,,,,,,,,,,-0.112,0.112,-0.224,,,
2,S,9343806,2285,0.480,1.760,2.720,-9.883,-0.188,0.448,,,,,,,,,,,,
2,B,9343806,2285,,,,,,,,,,,,,,,,69.312,-72.500,19.062
2,S,9347090,3284,1.120,2.080,2.400,-9.873,-0.188,0.448,,,,,,,,,,,,
2,B,9347090,3284,,,,,,,,,,-10.172,-0.098,0.098,,,,,,
2,S,9349375,2285,1.120,2.080,1.760,-9.857,-0.193,0.453,,,,,,,,,,,,
2,B,9349375,2285,,,,,,,,,,,,,0.000,0.112,-0.224,,,
2,S,9353670,4295,1.120,2.080,1.760,-9.857,-0.198,0.453,,,,,,,,,,,,
2,B,9353670,4295,,,,,,,,,,,,,,,,69.562,-72.188,19.938
2,S,9356956,3286,1.120,1.760,2.720,-9.852,-0.212,0.468,,,,,,,,,,,,
2,B,9356956,3286,,,,,,,,,,-10.184,-0.133,0.133,,,,,,
2,S,9359240,2284,1.760,1.120,3.040,-9.852,-0.228,0.472,,,,,,,,,,,,
2,B,9359240,2284,,,,,,,,,,,,,0.112,0.000,-0.112,,,
2,S,9363524,4284,1.760,0.800,2.400,-9.857,-0.233,0.477,,,,,,,,,,,,
2,B,9363524,4284,,,,,,,,,,,,,,,,69.750,-71.000,18.812
2,S,9365808,2284,1.760,0.800,2.080,-9.863,-0.242,0.497,,,,,,,,,,,,
2,B,9365808,2284,,,,,,,,,,-10.172,-0.145,0.145,,,,,,
2,S,9368091,2283,1.760,0.800,2.400,-9.867,-0.237,0.507,,,,,,,,,,,,
2,B,9368091,2283,,,,,,,,,,-10.207,-0.125,0.199,,,,,,
2,S,9371376,3285,1.440,1.120,2.720,-9.873,-0.233,0.512,,,,,,,,,,,,
2,B,9371376,3285,,,,,,,,,,,,,0.112,0.000,0.000,,,
2,S,9373660,2284,1.120,1.440,2.720,-9.883,-0.223,0.527,,,,,,,,,,,,
2,B,9373660,2284,,,,,,,,,,,,,,,,69.500,-72.812,19.625
2,S,9376944,3284,1.120,1.120,2.400,-9.887,-0.223,0.532,,,,,,,,,,,,
2,B,9376944,3284,,,,,,,,,,-10.199,-0.113,0.191,,,,,,
2,S,9379240,2296,1.440,0.480,1.440,-9.893,-0.212,0.532,,,,,,,,,,,,
2,B,9379240,2296,,,,,,,,,,,,,0.112,-0.112,0.112,,,
2,S,9383526,4286,1.440,0.480,1.440,-9.887,-0.203,0.532,,,,,,,,,,,,
2,B,9383526,4286,,,,,,,,,,,,,,,,70.375,-72.812,19.125
2,S,9386810,3284,1.120,1.120,2.400,-9.893,-0.188,0.527,,,,,,,,,,,,
2,B,9386810,3284,,,,,,,,,,-10.207,-0.059,0.172,,,,,,
2,S,9389094,2284,1.440,1.440,3.040,-9.902,-0.177,0.517,,,,,,,,,,,,
2,B,9389094,2284,,,,,,,,,,,,,0.000,0.000,0.224,,,
2,S,9393379,4285,1.120,1.440,3.360,-9.908,-0.168,0.507,,,,,,,,,,,,
2,B,9393379,4285,,,,,,,,,,,,,,,,70.688,-72.875,19.062
2,S,9396664,3285,1.120,1.120,2.080,-9.898,-0.147,0.487,,,,,,,,,,,,
2,B,9396664,3285,,,,,,,,,,-10.195,-0.027,0.145,,,,,,
2,S,9398949,2285,1.440,1.760,2.080,-9.883,-0.133,0.477,,,,,,,,,,,,
2,B,9398949,2285,,,,,,,,,,,,,0.000,0.112,0.224,,,
2,S,9403233,4284,1.440,2.080,2.400,-9.877,-0.113,0.463,,,,,,,,,,,,
2,B,9403233,4284,,,,,,,,,,-10.195,0.020,0.113,,,,,,
2,S,9405518,2285,1.120,2.080,2.080,-9.883,-0.092,0.443,,,,,,,,,,,,
2,B,9405518,2285,,,,,,,,,,,,,,,,70.250,-72.938,18.750
2,S,9407815,2297,1.120,1.760,2.080,-9.887,-0.083,0.432,,,,,,,,,,,,
2,B,9407815,2297,,,,,,,,,,-10.219,0.039,0.078,,,,,,
2,S,9410098,2283,1.440,0.800,1.760,-9.893,-0.072,0.422,,,,,,,,,,,,
2,B,9410098,2283,,,,,,,,,,,,,-0.112,0.112,0.336,,,
2,S,9414383,4285,1.120,0.160,1.760,-9.893,-0.062,0.422,,,,,,,,,,,,
2,B,9414383,4285,,,,,,,,,,,,,,,,70.250,-72.938,18.750
2,S,9416668,2285,1.120,0.160,1.440,-9.877,-0.033,0.422,,,,,,,,,,,,
2,B,9416668,2285,,,,,,,,,,-10.176,0.086,0.105,,,,,,
2,S,9418953,2285,1.120,0.800,1.760,-9.867,-0.018,0.427,,,,,,,,,,,,
2,B,9418953,2285,,,,,,,,,,,,,-0.112,0.000,0.224,,,
2,S,9423237,4284,1.120,1.440,1.760,-9.863,-0.013,0.432,,,,,,,,,,,,
2,B,9423237,4284,,,,,,,,,,,,,,,,68.812,-71.125,19.562
2,S,9426521,3284,1.120,1.120,1.760,-9.863,-0.018,0.448,,,,,,,,,,,,
2,B,9426521,3284,,,,,,,,,,-10.203,0.098,0.098,,,,,,
2,S,9428806,2285,1.440,0.800,1.760,-9.867,-0.022,0.453,,,,,,,,,,,,
2,B,9428806,2285,,,,,,,,,,,,,0.000,0.000,0.224,,,
2,S,9433090,4284,1.760,0.800,1.760,-9.873,-0.028,0.458,,,,,,,,,,,,
2,B,9433090,4284,,,,,,,,,,,,,,,,68.688,-73.250,20.188
2,S,9435387,2297,1.440,0.480,1.440,-9.877,-0.033,0.472,,,,,,,,,,,,
2,B,9435387,2297,,,,,,,,,,-10.195,0.059,0.105,,,,,,
2,S,9437672,2285,0.800,0.480,1.440,-9.883,-0.037,0.482,,,,,,,,,,,,
2,B,9437672,2285,,,,,,,,,,-10.195,0.066,0.133,,,,,,
2,S,9441956,4284,0.800,0.480,1.440,-9.883,-0.037,0.492,,,,,,,,,,,,
2,B,9441956,4284,,,,,,,,,,,,,0.000,0.000,0.112,,,
2,S,9444240,2284,0.800,0.800,1.440,-9.887,-0.043,0.482,,,,,,,,,,,,
2,B,9444240,2284,,,,,,,,,,,,,,,,68.688,-72.250,19.688
2,S,9447524,3284,0.480,1.440,1.760,-9.887,-0.037,0.472,,,,,,,,,,,,
2,B,9447524,3284,,,,,,,,,,-10.188,0.066,0.125,,,,,,
2,S,9449809,2285,0.480,1.760,2.720,-9.883,-0.033,0.468,,,,,,,,,,,,
2,B,9449809,2285,,,,,,,,,,,,,0.000,0.000,0.112,,,
2,S,9454092,4283,1.120,2.080,2.720,-9.877,-0.028,0.468,,,,,,,,,,,,
2,B,9454092,4283,,,,,,,,,,,,,,,,69.500,-74.438,20.562
2,S,9457376,3284,1.760,1.120,1.760,-9.867,-0.022,0.472,,,,,,,,,,,,
2,B,9457376,3284,,,,,,,,,,-10.188,0.086,0.152,,,,,,
2,S,9459661,2285,1.760,1.120,1.440,-9.857,-0.018,0.463,,,,,,,,,,,,
2,B,9459661,2285,,,,,,,,,,,,,0.000,0.000,0.000,,,
2,S,9464958,5297,1.440,1.760,1.760,-9.863,-0.013,0.453,,,,,,,,,,,,
2,B,9464958,5297,,,,,,,,,,,,,,,,69.688,-73.625,19.562
2,S,9467242,2284,1.120,1.440,2.720,-9.867,-0.013,0.448,,,,,,,,,,,,
2,B,9467242,2284,,,,,,,,,,-10.180,0.105,0.098,,,,,,
2,S,9469527,2285,0.480,1.120,2.720,-9.867,-0.018,0.453,,,,,,,,,,,,
2,B,9469527,2285,,,,,,,,,,,,,0.000,0.000,0.000,,,
2,S,9473812,4285,0.800,1.120,2.720,-9.867,-0.022,0.463,,,,,,,,,,,,
2,B,9473812,4285,,,,,,,,,,-10.172,0.098,0.098,,,,,,
2,S,9476096,2284,0.800,0.800,2.080,-9.867,-0.028,0.458,,,,,,,,,,,,
2,B,9476096,2284,,,,,,,,,,,,,,,,68.688,-70.188,19.375
2,S,9478381,2285,0.800,1.120,2.400,-9.873,-0.043,0.458,,,,,,,,,,,,
2,B,9478381,2285,,,,,,,,,,-10.188,0.027,0.133,,,,,,
2,S,9481667,3286,0.800,1.120,2.400,-9.883,-0.052,0.458,,,,,,,,,,,,
2,B,9481667,3286,,,,,,,,,,,,,0.112,0.000,-0.112,,,
2,S,9483951,2284,0.800,0.800,2.400,-9.887,-0.083,0.472,,,,,,,,,,,,
2,B,9483951,2284,,,,,,,,,,,,,,,,69.625,-72.625,20.062
2,S,9487235,3284,0.480,0.480,2.080,-9.887,-0.098,0.487,,,,,,,,,,,,
2,B,9487235,3284,,,,,,,,,,-10.207,0.008,0.133,,,,,,
2,S,9489531,2296,0.480,0.160,1.760,-9.883,-0.122,0.502,,,,,,,,,,,,
2,B,9489531,2296,,,,,,,,,,,,,0.000,-0.112,-0.336,,,
2,S,9493817,4286,0.800,0.480,1.440,-9.883,-0.138,0.517,,,,,,,,,,,,
2,B,9493817,4286,,,,,,,,,,,,,,,,68.000,-70.562,19.625
2,S,9497101,3284,1.120,1.120,0.480,-9.893,-0.172,0.527,,,,,,,,,,,,
2,B,9497101,3284,,,,,,,,,,-10.219,-0.078,0.199,,,,,,
2,S,9499386,2285,0.800,0.480,0.480,-9.893,-0.193,0.527,,,,,,,,,,,,
2,B,9499386,2285,,,,,,,,,,,,,0.000,0.000,-0.448,,,
2,S,9504672,5286,0.160,0.480,1.120,-9.898,-0.203,0.527,,,,,,,,,,,,
2,B,9504672,5286,,,,,,,,,,,,,,,,70.625,-72.438,18.250
2,S,9506957,2285,0.480,1.760,2.400,-9.887,-0.223,0.517,,,,,,,,,,,,
2,B,9506957,2285,,,,,,,,,,-10.207,-0.125,0.199,,,,,,
2,S,9509240,2283,2.080,2.080,2.400,-9.887,-0.233,0.507,,,,,,,,,,,,
2,B,9509240,2283,,,,,,,,,,,,,0.000,0.000,-0.336,,,
2,S,9513525,4285,2.400,1.440,2.080,-9.883,-0.237,0.502,,,,,,,,,,,,
2,B,9513525,4285,,,,,,,,,,-10.199,-0.145,0.152,,,,,,
2,S,9515810,2285,1.760,0.160,2.080,-9.887,-0.253,0.487,,,,,,,,,,,,
2,B,9515810,2285,,,,,,,,,,-10.207,-0.184,0.133,,,,,,
2,S,9519104,3294,0.800,0.480,1.760,-9.883,-0.258,0.482,,,,,,,,,,,,
2,B,9519104,3294,,,,,,,,,,,,,,,,69.188,-73.188,19.812
2,S,9521389,2285,0.480,1.440,1.760,-9.877,-0.263,0.472,,,,,,,,,,,,
2,B,9521389,2285,,,,,,,,,,,,,0.000,0.112,-0.336,,,
2,S,9524673,3284,0.480,1.760,2.080,-9.867,-0.258,0.468,,,,,,,,,,,,
2,B,9524673,3284,,,,,,,,,,,,,,,,68.438,-72.500,19.625
2,S,9527957,3284,0.800,1.440,2.080,-9.857,-0.258,0.458,,,,,,,,,,,,
2,B,9527957,3284,,,,,,,,,,-10.176,-0.191,0.105,,,,,,
2,S,9530241,2284,1.440,0.480,1.440,-9.852,-0.258,0.453,,,,,,,,,,,,
2,B,9530241,2284,,,,,,,,,,,,,0.000,0.112,-0.224,,,
2,S,9535526,5285,1.440,0.480,1.760,-9.852,-0.263,0.448,,,,,,,,,,,,
2,B,9535526,5285,,,,,,,,,,,,,,,,69.500,-73.375,20.000
2,S,9537811,2285,0.800,2.080,2.720,-9.857,-0.263,0.458,,,,,,,,,,,,
2,B,9537811,2285,,,,,,,,,,-10.199,-0.172,0.113,,,,,,
2,S,9540095,2284,0.480,2.080,2.400,-9.873,-0.242,0.468,,,,,,,,,,,,
2,B,9540095,2284,,,,,,,,,,,,,0.112,0.000,0.000,,,
2,S,9544379,4284,0.800,1.760,2.080,-9.877,-0.233,0.468,,,,,,,,,,,,
2,B,9544379,4284,,,,,,,,,,-10.188,-0.125,0.133,,,,,,
2,S,9546675,2296,0.800,-0.160,1.440,-9.873,-0.212,0.472,,,,,,,,,,,,
2,B,9546675,2296,,,,,,,,,,,,,,,,68.312,-72.188,19.812
2,S,9549960,3285,0.480,-0.800,2.080,-9.863,-0.207,0.487,,,,,,,,,,,,
2,B,9549960,3285,,,,,,,,,,,,,0.112,-0.112,0.112,,,
2,S,9554243,4283,0.160,-0.480,3.040,-9.863,-0.203,0.507,,,,,,,,,,,,
2,B,9554243,4283,,,,,,,,,,-10.199,-0.105,0.145,,,,,,
2,S,9556528,2285,0.160,0.480,3.040,-9.877,-0.188,0.512,,,,,,,,,,,,
2,B,9556528,2285,,,,,,,,,,-10.180,-0.078,0.191,,,,,,
2,S,9559813,3285,0.800,0.800,3.040,-9.887,-0.177,0.517,,,,,,,,,,,,
2,B,9559813,3285,,,,,,,,,,,,,,,,69.562,-71.250,19.375
2,S,9562096,2283,1.120,1.440,2.400,-9.887,-0.163,0.527,,,,,,,,,,,,
2,B,9562096,2283,,,,,,,,,,,,,0.000,-0.112,0.224,,,
2,S,9565380,3284,0.800,2.080,2.080,-9.883,-0.152,0.532,,,,,,,,,,,,
2,B,9565380,3284,,,,,,,,,,-10.199,-0.039,0.230,,,,,,
2,S,9568664,3284,0.800,1.760,1.440,-9.877,-0.138,0.537,,,,,,,,,,,,
2,B,9568664,3284,,,,,,,,,,,,,,,,70.875,-73.188,18.812
2,S,9570948,2284,0.480,1.760,1.440,-9.873,-0.113,0.532,,,,,,,,,,,,
2,B,9570948,2284,,,,,,,,,,,,,0.000,-0.112,0.224,,,
2,S,9574242,3294,0.800,1.760,2.080,-9.873,-0.087,0.527,,,,,,,,,,,,
2,B,9574242,3294,,,,,,,,,,-10.195,0.027,0.191,,,,,,
2,S,9577527,3285,1.440,0.800,2.400,-9.873,-0.068,0.522,,,,,,,,,,,,
2,B,9577527,3285,,,,,,,,,,,,,,,,69.750,-71.562,19.188
2,S,9579812,2285,1.120,0.160,2.400,-9.877,-0.048,0.517,,,,,,,,,,,,
2,B,9579812,2285,,,,,,,,,,,,,0.000,0.000,0.336,,,
2,S,9584096,4284,0.160,0.800,2.400,-9.877,-0.043,0.507,,,,,,,,,,,,
2,B,9584096,4284,,,,,,,,,,-10.223,0.078,0.164,,,,,,
2,S,9586380,2284,-0.160,2.080,2.720,-9.877,-0.033,0.487,,,,,,,,,,,,
2,B,9586380,2284,,,,,,,,,,-10.191,0.078,0.113,,,,,,
2,S,9589665,3285,0.480,2.080,2.720,-9.877,-0.028,0.482,,,,,,,,,,,,
2,B,9589665,3285,,,,,,,,,,,,,,,,71.125,-72.812,18.625
2,S,9591950,2285,0.800,1.760,3.040,-9.877,-0.018,0.468,,,,,,,,,,,,
2,B,9591950,2285,,,,,,,,,,,,,0.000,0.000,0.224,,,
2,S,9595235,3285,1.440,1.440,2.720,-9.883,-0.013,0.458,,,,,,,,,,,,
2,B,9595235,3285,,,,,,,,,,,,,,,,70.812,-73.312,19.188
2,S,9598520,3285,1.760,1.120,1.760,-9.883,-0.013,0.458,,,,,,,,,,,,
2,B,9598520,3285,,,,,,,,,,-10.207,0.086,0.105,,,,,,
2,S,9601817,3297,1.760,0.800,1.440,-9.887,-0.007,0.458,,,,,,,,,,,,
2,B,9601817,3297,,,,,,,,,,,,,0.000,0.112,0.112,,,
2,S,9605101,3284,0.800,1.120,1.760,-9.883,-0.003,0.453,,,,,,,,,,,,
2,B,9605101,3284,,,,,,,,,,-10.195,0.066,0.113,,,,,,
2,S,9608386,3285,0.480,1.760,2.080,-9.883,-0.013,0.438,,,,,,,,,,,,
2,B,9608386,3285,,,,,,,,,,,,,,,,70.312,-72.375,19.062
2,S,9610671,2285,1.760,1.440,2.720,-9.883,-0.028,0.438,,,,,,,,,,,,
2,B,9610671,2285,,,,,,,,,,,,,0.000,0.112,0.000,,,
2,S,9614955,4284,2.400,1.440,3.040,-9.887,-0.028,0.438,,,,,,,,,,,,
2,B,9614955,4284,,,,,,,,,,-10.207,0.098,0.105,,,,,,
2,S,9617239,2284,1.440,0.800,3.040,-9.887,-0.028,0.438,,,,,,,,,,,,
2,B,9617239,2284,,,,,,,,,,-10.191,0.066,0.078,,,,,,
2,S,9620524,3285,1.440,0.800,2.720,-9.887,-0.037,0.443,,,,,,,,,,,,
2,B,9620524,3285,,,,,,,,,,,,,,,,70.250,-72.938,19.438
2,S,9622809,2285,1.120,1.440,2.400,-9.883,-0.052,0.448,,,,,,,,,,,,
2,B,9622809,2285,,,,,,,,,,,,,0.000,0.000,0.000,,,
2,S,9626092,3283,0.800,1.760,2.400,-9.877,-0.062,0.448,,,,,,,,,,,,
2,B,9626092,3283,,,,,,,,,,,,,,,,70.375,-71.812,19.312
2,S,9629389,3297,1.120,1.440,2.080,-9.873,-0.068,0.443,,,,,,,,,,,,
2,B,9629389,3297,,,,,,,,,,-10.188,0.027,0.105,,,,,,
2,S,9632673,3284,0.800,0.480,1.760,-9.873,-0.072,0.443,,,,,,,,,,,,
2,B,9632673,3284,,,,,,,,,,,,,-0.112,0.000,-0.112,,,
2,S,9635958,3285,0.480,1.120,2.400,-9.867,-0.087,0.448,,,,,,,,,,,,
2,B,9635958,3285,,,,,,,,,,-10.199,0.027,0.105,,,,,,
2,S,9639241,3283,0.480,2.080,2.080,-9.867,-0.087,0.448,,,,,,,,,,,,
2,B,9639241,3283,,,,,,,,,,,,,,,,71.125,-72.312,18.562
2,S,9641526,2285,0.480,2.080,2.080,-9.873,-0.092,0.453,,,,,,,,,,,,
2,B,9641526,2285,,,,,,,,,,,,,0.000,0.000,-0.112,,,
2,S,9644810,3284,0.160,1.760,2.080,-9.877,-0.098,0.453,,,,,,,,,,,,
2,B,9644810,3284,,,,,,,,,,-10.195,0.020,0.105,,,,,,
2,S,9648093,3283,0.480,1.440,2.080,-9.877,-0.107,0.448,,,,,,,,,,,,
2,B,9648093,3283,,,,,,,,,,,,,,,,69.562,-73.250,19.750
2,S,9650378,2285,1.440,1.120,1.440,-9.877,-0.107,0.443,,,,,,,,,,,,
2,B,9650378,2285,,,,,,,,,,,,,0.000,0.000,-0.112,,,
2,S,9654675,4297,1.440,1.120,1.120,-9.883,-0.102,0.443,,,,,,,,,,,,
2,B,9654675,4297,,,,,,,,,,-10.191,0.000,0.113,,,,,,
2,S,9656960,2285,0.800,1.120,0.800,-9.883,-0.113,0.458,,,,,,,,,,,,
2,B,9656960,2285,,,,,,,,,,-10.207,-0.008,0.113,,,,,,
2,S,9660244,3284,0.800,1.440,1.760,-9.877,-0.117,0.463,,,,,,,,,,,,
2,B,9660244,3284,,,,,,,,,,,,,,,,70.875,-73.125,19.562
2,S,9662530,2286,1.120,1.120,2.400,-9.883,-0.128,0.468,,,,,,,,,,,,
2,B,9662530,2286,,,,,,,,,,,,,0.000,0.000,-0.112,,,
2,S,9665814,3284,1.120,1.120,3.040,-9.887,-0.133,0.472,,,,,,,,,,,,
2,B,9665814,3284,,,,,,,,,,-10.219,-0.027,0.125,,,,,,
2,S,9669098,3284,0.480,0.800,2.400,-9.893,-0.133,0.477,,,,,,,,,,,,
2,B,9669098,3284,,,,,,,,,,,,,,,,69.750,-71.562,19.188
2,S,9671383,2285,-0.160,0.800,0.800,-9.887,-0.142,0.477,,,,,,,,,,,,
2,B,9671383,2285,,,,,,,,,,,,,0.112,0.000,-0.112,,,
2,S,9674668,3285,0.160,0.800,0.480,-9.883,-0.147,0.477,,,,,,,,,,,,
2,B,9674668,3285,,,,,,,,,,-10.203,-0.059,0.105,,,,,,
2,S,9677953,3285,0.480,1.440,2.400,-9.883,-0.168,0.492,,,,,,,,,,,,
2,B,9677953,3285,,,,,,,,,,,,,,,,70.250,-72.938,19.438
2,S,9680248,2295,2.080,2.080,2.400,-9.883,-0.172,0.492,,,,,,,,,,,,
2,B,9680248,2295,,,,,,,,,,,,,0.112,0.000,-0.112,,,
2,S,9684533,4285,2.080,2.080,2.720,-9.887,-0.177,0.497,,,,,,,,,,,,
2,B,9684533,4285,,,,,,,,,,-10.207,-0.066,0.145,,,,,,
2,S,9686817,2284,2.080,1.440,2.080,-9.893,-0.193,0.502,,,,,,,,,,,,
2,B,9686817,2284,,,,,,,,,,,,,,,,70.250,-70.375,18.000
2,S,9690101,3284,1.120,0.800,1.760,-9.887,-0.203,0.512,,,,,,,,,,,,
2,B,9690101,3284,,,,,,,,,,,,,0.112,-0.112,-0.112,,,
2,S,9694385,4284,0.480,0.160,1.760,-9.883,-0.217,0.522,,,,,,,,,,,,
2,B,9694385,4284,,,,,,,,,,-10.191,-0.113,0.152,,,,,,
2,S,9696669,2284,0.480,0.480,1.760,-9.883,-0.223,0.527,,,,,,,,,,,,
2,B,9696669,2284,,,,,,,,,,-10.199,-0.133,0.184,,,,,,
2,S,9699954,3285,0.800,1.120,2.080,-9.883,-0.228,0.522,,,,,,,,,,,,
2,B,9699954,3285,,,,,,,,,,,,,,,,69.250,-72.625,19.438
2,S,9702238,2284,0.800,1.760,2.720,-9.873,-0.223,0.517,,,,,,,,,,,,
2,B,9702238,2284,,,,,,,,,,,,,0.000,0.000,0.000,,,
2,S,9705522,3284,0.160,2.080,3.040,-9.867,-0.217,0.522,,,,,,,,,,,,
2,B,9705522,3284,,,,,,,,,,-10.184,-0.125,0.191,,,,,,
2,S,9708818,3296,0.160,2.080,2.720,-9.873,-0.212,0.527,,,,,,,,,,,,
2,B,9708818,3296,,,,,,,,,,,,,,,,70.562,-72.500,19.250
2,S,9711102,2284,0.800,1.760,2.400,-9.873,-0.212,0.527,,,,,,,,,,,,
2,B,9711102,2284,,,,,,,,,,,,,0.000,0.000,0.000,,,
2,S,9714386,3284,1.440,1.120,2.080,-9.873,-0.207,0.522,,,,,,,,,,,,
2,B,9714386,3284,,,,,,,,,,-10.188,-0.105,0.191,,,,,,
2,S,9717670,3284,1.120,0.800,1.760,-9.867,-0.203,0.517,,,,,,,,,,,,
2,B,9717670,3284,,,,,,,,,,,,,,,,70.500,-72.062,19.125
2,S,9719955,2285,0.800,1.120,2.720,-9.867,-0.193,0.512,,,,,,,,,,,,
2,B,9719955,2285,,,,,,,,,,,,,0.000,0.000,0.000,,,
2,S,9724239,4284,0.800,2.080,3.040,-9.867,-0.182,0.507,,,,,,,,,,,,
2,B,9724239,4284,,,,,,,,,,-10.188,-0.066,0.164,,,,,,
2,S,9726524,2285,0.800,2.720,2.400,-9.873,-0.168,0.492,,,,,,,,,,,,
2,B,9726524,2285,,,,,,,,,,-10.188,-0.066,0.164,,,,,,
2,S,9729809,3285,0.800,2.080,1.440,-9.877,-0.163,0.492,,,,,,,,,,,,
2,B,9729809,3285,,,,,,,,,,,,,,,,69.312,-71.062,19.188
2,S,9732092,2283,0.480,1.120,0.800,-9.873,-0.163,0.492,,,,,,,,,,,,
2,B,9732092,2283,,,,,,,,,,,,,0.000,0.000,0.112,,,
2,S,9735387,3295,0.480,0.800,1.120,-9.867,-0.158,0.492,,,,,,,,,,,,
2,B,9735387,3295,,,,,,,,,,,,,,,,70.500,-73.125,18.938
2,S,9738672,3285,0.480,0.800,1.440,-9.863,-0.147,0.487,,,,,,,,,,,,
2,B,9738672,3285,,,,,,,,,,-10.180,-0.027,0.113,,,,,,
2,S,9740957,2285,0.800,1.760,2.080,-9.867,-0.138,0.482,,,,,,,,,,,,
2,B,9740957,2285,,,,,,,,,,,,,0.000,0.000,0.112,,,
2,S,9744240,3283,1.120,2.080,2.400,-9.877,-0.122,0.487,,,,,,,,,,,,
2,B,9744240,3283,,,,,,,,,,-10.191,-0.027,0.145,,,,,,
2,S,9747525,3285,0.800,1.760,2.400,-9.883,-0.117,0.487,,,,,,,,,,,,
2,B,9747525,3285,,,,,,,,,,,,,,,,70.438,-72.688,18.812
2,S,9749811,2286,0.160,1.120,2.080,-9.883,-0.117,0.487,,,,,,,,,,,,
2,B,9749811,2286,,,,,,,,,,,,,0.000,0.000,0.224,,,
2,S,9755094,5283,0.160,0.800,2.080,-9.883,-0.107,0.477,,,,,,,,,,,,
2,B,9755094,5283,,,,,,,,,,-10.191,-0.008,0.125,,,,,,
2,S,9757379,2285,0.480,1.120,2.400,-9.883,-0.113,0.472,,,,,,,,,,,,
2,B,9757379,2285,,,,,,,,,,-10.184,-0.008,0.145,,,,,,
2,S,9760664,3285,1.120,1.120,2.400,-9.883,-0.113,0.477,,,,,,,,,,,,
2,B,9760664,3285,,,,,,,,,,,,,,,,69.688,-72.562,19.000
2,S,9762961,2297,0.800,1.440,2.080,-9.887,-0.098,0.477,,,,,,,,,,,,
2,B,9762961,2297,,,,,,,,,,,,,0.000,0.000,0.224,,,
2,S,9766243,3282,0.800,1.760,2.400,-9.887,-0.092,0.477,,,,,,,,,,,,
2,B,9766243,3282,,,,,,,,,,,,,,,,70.312,-74.438,19.375
2,S,9769528,3285,0.800,1.440,2.400,-9.893,-0.087,0.477,,,,,,,,,,,,
2,B,9769528,3285,,,,,,,,,,-10.199,0.008,0.113,,,,,,
2,S,9772812,3284,1.440,1.760,3.040,-9.893,-0.087,0.472,,,,,,,,,,,,
2,B,9772812,3284,,,,,,,,,,,,,0.112,0.112,0.112,,,
2,S,9776096,3284,1.760,2.080,2.720,-9.893,-0.092,0.463,,,,,,,,,,,,
2,B,9776096,3284,,,,,,,,,,-10.195,0.008,0.125,,,,,,
2,S,9779381,3285,1.120,1.440,2.400,-9.887,-0.098,0.458,,,,,,,,,,,,
2,B,9779381,3285,,,,,,,,,,,,,,,,71.062,-72.938,19.000
2,S,9781665,2284,1.440,1.440,2.400,-9.887,-0.087,0.453,,,,,,,,,,,,
2,B,9781665,2284,,,,,,,,,,,,,0.112,0.112,0.112,,,
2,S,9784949,3284,1.760,1.440,2.400,-9.893,-0.077,0.443,,,,,,,,,,,,
2,B,9784949,3284,,,,,,,,,,-10.180,0.027,0.078,,,,,,
2,S,9788232,3283,1.760,0.800,1.760,-9.893,-0.068,0.432,,,,,,,,,,,,
2,B,9788232,3283,,,,,,,,,,,,,,,,69.125,-71.750,19.938
2,S,9790529,2297,1.440,0.480,1.760,-9.887,-0.058,0.427,,,,,,,,,,,,
2,B,9790529,2297,,,,,,,,,,,,,0.000,0.112,0.112,,,
2,S,9794814,4285,0.800,0.800,2.080,-9.877,-0.052,0.422,,,,,,,,,,,,
2,B,9794814,4285,,,,,,,,,,-10.230,0.039,0.066,,,,,,
2,S,9797099,2285,0.480,1.120,2.080,-9.873,-0.052,0.417,,,,,,,,,,,,
2,B,9797099,2285,,,,,,,,,,-10.184,0.078,0.059,,,,,,
2,S,9800384,3285,0.480,1.760,2.400,-9.873,-0.052,0.422,,,,,,,,,,,,
2,B,9800384,3285,,,,,,,,,,,,,,,,70.688,-73.438,19.438
2,S,9802668,2284,0.800,2.400,2.400,-9.877,-0.048,0.427,,,,,,,,,,,,
2,B,9802668,2284,,,,,,,,,,,,,0.112,0.000,0.112,,,
2,S,9805953,3285,1.120,2.080,1.760,-9.883,-0.052,0.432,,,,,,,,,,,,
2,B,9805953,3285,,,,,,,,,,-10.195,0.066,0.105,,,,,,
2,S,9809237,3284,0.480,1.120,1.760,-9.883,-0.052,0.432,,,,,,,,,,,,
2,B,9809237,3284,,,,,,,,,,,,,,,,68.688,-72.250,19.688
2,S,9811521,2284,0.160,0.160,1.760,-9.873,-0.052,0.432,,,,,,,,,,,,
2,B,9811521,2284,,,,,,,,,,,,,0.112,0.000,0.000,,,
2,S,9814806,3285,-0.160,0.160,1.760,-9.867,-0.052,0.443,,,,,,,,,,,,
2,B,9814806,3285,,,,,,,,,,-10.184,0.047,0.113,,,,,,
2,S,9818100,3294,-0.160,0.800,1.760,-9.867,-0.048,0.453,,,,,,,,,,,,
2,B,9818100,3294,,,,,,,,,,,,,,,,70.750,-71.812,18.500
2,S,9820385,2285,1.120,1.120,2.080,-9.867,-0.058,0.463,,,,,,,,,,,,
2,B,9820385,2285,,,,,,,,,,,,,0.000,0.000,-0.112,,,
2,S,9824669,4284,1.440,1.120,2.080,-9.873,-0.068,0.472,,,,,,,,,,,,
2,B,9824669,4284,,,,,,,,,,-10.180,0.027,0.133,,,,,,
2,S,9826954,2285,1.120,0.800,1.120,-9.893,-0.092,0.487,,,,,,,,,,,,
2,B,9826954,2285,,,,,,,,,,,,,,,,70.125,-72.562,19.625
2,S,9830237,3283,0.800,0.800,1.120,-9.893,-0.098,0.487,,,,,,,,,,,,
2,B,9830237,3283,,,,,,,,,,,,,0.000,0.000,-0.112,,,
2,S,9834521,4284,0.800,1.120,1.120,-9.887,-0.107,0.487,,,,,,,,,,,,
2,B,9834521,4284,,,,,,,,,,-10.191,0.008,0.164,,,,,,
2,S,9836806,2285,0.800,0.800,2.400,-9.877,-0.122,0.482,,,,,,,,,,,,
2,B,9836806,2285,,,,,,,,,,-10.207,0.000,0.164,,,,,,
2,S,9840089,3283,1.120,1.120,2.720,-9.877,-0.133,0.482,,,,,,,,,,,,
2,B,9840089,3283,,,,,,,,,,,,,,,,69.188,-72.188,20.062
2,S,9842374,2285,1.760,2.080,2.720,-9.877,-0.142,0.487,,,,,,,,,,,,
2,B,9842374,2285,,,,,,,,,,,,,0.000,0.000,-0.112,,,
2,S,9845671,3297,2.080,2.400,2.720,-9.877,-0.138,0.492,,,,,,,,,,,,
2,B,9845671,3297,,,,,,,,,,-10.195,-0.039,0.133,,,,,,
2,S,9848956,3285,1.760,1.760,2.400,-9.877,-0.138,0.497,,,,,,,,,,,,
2,B,9848956,3285,,,,,,,,,,,,,,,,70.000,-72.688,19.938
2,S,9851240,2284,0.800,0.800,2.080,-9.877,-0.142,0.497,,,,,,,,,,,,
2,B,9851240,2284,,,,,,,,,,,,,0.000,0.000,-0.112,,,
2,S,9854525,3285,0.160,0.800,2.080,-9.873,-0.147,0.492,,,,,,,,,,,,
2,B,9854525,3285,,,,,,,,,,-10.195,-0.059,0.133,,,,,,
2,S,9857810,3285,0.160,1.440,2.720,-9.873,-0.163,0.487,,,,,,,,,,,,
2,B,9857810,3285,,,,,,,,,,,,,,,,68.500,-71.938,19.188
2,S,9860094,2284,0.480,2.080,3.040,-9.877,-0.172,0.487,,,,,,,,,,,,
2,B,9860094,2284,,,,,,,,,,,,,0.000,0.000,-0.112,,,
2,S,9864378,4284,0.800,2.080,2.720,-9.883,-0.172,0.487,,,,,,,,,,,,
2,B,9864378,4284,,,,,,,,,,-10.172,-0.066,0.133,,,,,,
2,S,9866663,2285,1.120,1.440,2.400,-9.873,-0.172,0.487,,,,,,,,,,,,
2,B,9866663,2285,,,,,,,,,,-10.207,-0.086,0.152,,,,,,
2,S,9869948,3285,1.760,1.440,2.400,-9.867,-0.177,0.487,,,,,,,,,,,,
2,B,9869948,3285,,,,,,,,,,,,,,,,70.500,-73.125,18.938
2,S,9872242,2294,1.760,1.120,1.760,-9.867,-0.188,0.497,,,,,,,,,,,,
2,B,9872242,2294,,,,,,,,,,,,,0.000,0.000,-0.112,,,
2,S,9875528,3286,1.440,1.120,1.440,-9.873,-0.188,0.497,,,,,,,,,,,,
2,B,9875528,3286,,,,,,,,,,,,,,,,69.625,-72.688,19.312
2,S,9878813,3285,0.800,1.760,1.760,-9.883,-0.188,0.507,,,,,,,,,,,,
2,B,9878813,3285,,,,,,,,,,-10.223,-0.078,0.164,,,,,,
2,S,9881097,2284,0.480,2.080,2.400,-9.883,-0.182,0.512,,,,,,,,,,,,
2,B,9881097,2284,,,,,,,,,,,,,0.112,-0.112,0.000,,,
2,S,9884382,3285,0.800,1.760,2.400,-9.883,-0.182,0.517,,,,,,,,,,,,
2,B,9884382,3285,,,,,,,,,,-10.191,-0.078,0.211,,,,,,
2,S,9887667,3285,0.800,1.120,2.080,-9.877,-0.182,0.517,,,,,,,,,,,,
2,B,9887667,3285,,,,,,,,,,,,,,,,70.375,-71.750,18.562
2,S,9889951,2284,1.120,1.120,2.400,-9.873,-0.188,0.527,,,,,,,,,,,,
2,B,9889951,2284,,,,,,,,,,,,,0.112,-0.112,0.000,,,
2,S,9894234,4283,2.080,1.760,2.720,-9.867,-0.188,0.532,,,,,,,,,,,,
2,B,9894234,4283,,,,,,,,,,-10.188,-0.105,0.191,,,,,,
2,S,9896519,2285,2.400,1.120,2.400,-9.873,-0.188,0.532,,,,,,,,,,,,
2,B,9896519,2285,,,,,,,,,,,,,,,,69.938,-72.312,19.125
2,S,9898814,2295,1.760,0.480,2.080,-9.873,-0.182,0.532,,,,,,,,,,,,
2,B,9898814,2295,,,,,,,,,,-10.207,-0.078,0.191,,,,,,
2,S,9901099,2285,1.440,0.480,2.400,-9.877,-0.168,0.527,,,,,,,,,,,,
2,B,9901099,2285,,,,,,,,,,,,,0.112,0.000,0.112,,,
2,S,9904383,3284,0.800,0.480,2.400,-9.883,-0.158,0.527,,,,,,,,,,,,
2,B,9904383,3284,,,,,,,,,,,,,,,,70.062,-72.125,19.500
2,S,9907668,3285,0.480,0.800,1.760,-9.883,-0.147,0.522,,,,,,,,,,,,
2,B,9907668,3285,,,,,,,,,,-10.199,-0.039,0.172,,,,,,
2,S,9909953,2285,0.160,0.800,1.760,-9.883,-0.138,0.512,,,,,,,,,,,,
2,B,9909953,2285,,,,,,,,,,,,,0.112,0.000,0.112,,,
2,S,9914237,4284,0.800,1.120,1.760,-9.883,-0.133,0.507,,,,,,,,,,,,
2,B,9914237,4284,,,,,,,,,,,,,,,,69.750,-71.938,19.312
2,S,9917522,3285,1.120,2.080,3.040,-9.877,-0.128,0.487,,,,,,,,,,,,
2,B,9917522,3285,,,,,,,,,,-10.223,-0.027,0.133,,,,,,
2,S,9919808,2286,1.760,1.760,3.040,-9.873,-0.122,0.468,,,,,,,,,,,,
2,B,9919808,2286,,,,,,,,,,,,,0.000,0.112,0.224,,,
2,S,9924091,4283,1.760,0.800,2.400,-9.877,-0.117,0.458,,,,,,,,,,,,
2,B,9924091,4283,,,,,,,,,,,,,,,,70.062,-71.188,19.000
2,S,9926387,2296,1.440,1.120,1.760,-9.883,-0.107,0.432,,,,,,,,,,,,
2,B,9926387,2296,,,,,,,,,,-10.184,-0.008,0.125,,,,,,
2,S,9928672,2285,1.120,1.760,2.400,-9.877,-0.098,0.427,,,,,,,,,,,,
2,B,9928672,2285,,,,,,,,,,-10.172,0.000,0.078,,,,,,
2,S,9931956,3284,1.120,2.400,3.040,-9.877,-0.092,0.422,,,,,,,,,,,,
2,B,9931956,3284,,,,,,,,,,,,,0.000,0.112,0.112,,,
2,S,9935240,3284,1.440,2.400,3.040,-9.883,-0.098,0.422,,,,,,,,,,,,
2,B,9935240,3284,,,,,,,,,,,,,,,,69.750,-72.500,19.688
2,S,9938524,3284,1.760,1.440,2.720,-9.877,-0.098,0.412,,,,,,,,,,,,
2,B,9938524,3284,,,,,,,,,,-10.188,-0.008,0.078,,,,,,
2,S,9940809,2285,1.440,1.120,3.040,-9.873,-0.092,0.407,,,,,,,,,,,,
2,B,9940809,2285,,,,,,,,,,,,,0.000,0.112,0.112,,,
2,S,9945093,4284,1.120,0.800,3.040,-9.867,-0.098,0.407,,,,,,,,,,,,
2,B,9945093,4284,,,,,,,,,,,,,,,,69.625,-72.125,18.875
2,S,9948377,3284,0.800,1.120,2.720,-9.873,-0.117,0.417,,,,,,,,,,,,
2,B,9948377,3284,,,,,,,,,,-10.191,0.000,0.059,,,,,,
2,S,9950661,2284,0.800,1.760,2.720,-9.887,-0.128,0.422,,,,,,,,,,,,
2,B,9950661,2284,,,,,,,,,,,,,0.000,0.112,0.112,,,
2,S,9954958,4297,1.120,1.760,2.400,-9.887,-0.122,0.432,,,,,,,,,,,,
2,B,9954958,4297,,,,,,,,,,,,,,,,70.812,-71.812,18.250
2,S,9957241,2283,1.440,1.440,2.080,-9.887,-0.122,0.432,,,,,,,,,,,,
2,B,9957241,2283,,,,,,,,,,-10.199,-0.027,0.078,,,,,,
2,S,9959526,2285,1.440,1.120,1.760,-9.883,-0.128,0.438,,,,,,,,,,,,
2,B,9959526,2285,,,,,,,,,,,,,0.112,0.000,0.000,,,
2,S,9963810,4284,1.760,0.800,1.760,-9.877,-0.133,0.443,,,,,,,,,,,,
2,B,9963810,4284,,,,,,,,,,-10.160,-0.020,0.113,,,,,,
2,S,9966094,2284,1.760,1.120,3.040,-9.857,-0.133,0.458,,,,,,,,,,,,
2,B,9966094,2284,,,,,,,,,,,,,,,,71.062,-73.000,18.250
2,S,9968379,2285,1.760,1.120,3.040,-9.857,-0.122,0.458,,,,,,,,,,,,
2,B,9968379,2285,,,,,,,,,,-10.172,0.020,0.113,,,,,,
2,S,9970664,2285,1.760,0.800,2.720,-9.857,-0.113,0.453,,,,,,,,,,,,
2,B,9970664,2285,,,,,,,,,,,,,0.112,0.000,0.000,,,
2,S,9974949,4285,1.760,0.480,2.400,-9.877,-0.102,0.453,,,,,,,,,,,,
2,B,9974949,4285,,,,,,,,,,,,,,,,71.062,-73.000,18.250
2,S,9977232,2283,1.120,0.160,1.760,-9.928,-0.113,0.463,,,,,,,,,,,,
2,B,9977232,2283,,,,,,,,,,-10.266,-0.027,0.125,,,,,,
2,S,9979527,2295,0.160,0.480,1.760,-9.943,-0.117,0.468,,,,,,,,,,,,
2,B,9979527,2295,,,,,,,,,,,,,0.000,0.000,0.112,,,
2,S,9983813,4286,0.480,0.480,2.080,-9.932,-0.113,0.472,,,,,,,,,,,,
2,B,9983813,4286,,,,,,,,,,,,,,,,70.812,-71.812,18.250
2,S,9987096,3283,0.800,0.800,1.760,-9.883,-0.087,0.477,,,,,,,,,,,,
2,B,9987096,3283,,,,,,,,,,-10.188,0.027,0.133,,,,,,
2,S,9989380,2284,1.120,1.120,2.080,-9.852,-0.068,0.482,,,,,,,,,,,,
2,B,9989380,2284,,,,,,,,,,,,,0.000,0.000,0.112,,,
2,S,9993664,4284,1.120,1.120,2.400,-9.863,-0.058,0.482,,,,,,,,,,,,
2,B,9993664,4284,,,,,,,,,,,,,,,,70.062,-73.188,19.375
2,S,9995949,2285,1.440,0.800,3.040,-9.902,-0.052,0.463,,,,,,,,,,,,
2,B,9995949,2285,,,,,,,,,,-10.195,0.027,0.125,,,,,,
2,S,9998232,2283,1.120,0.480,3.040,-9.908,-0.048,0.458,,,,,,,,,,,,
2,B,9998232,2283,,,,,,,,,,-10.180,0.086,0.113,,,,,,
2,S,10001516,3284,0.800,0.160,2.720,-9.893,-0.043,0.458,,,,,,,,,,,,
2,B,10001516,3284,,,,,,,,,,,,,-0.112,0.000,0.112,,,
2,S,10004800,3284,0.160,-0.160,2.080,-9.852,-0.028,0.472,,,,,,,,,,,,
2,B,10004800,3284,,,,,,,,,,,,,,,,69.938,-72.312,19.125
2,S,10008094,3294,0.160,0.800,1.440,-9.828,-0.013,0.487,,,,,,,,,,,,
2,B,10008094,3294,,,,,,,,,,-10.176,0.098,0.152,,,,,,
2,S,10010379,2285,0.480,1.440,1.760,-9.838,-0.013,0.502,,,,,,,,,,,,
2,B,10010379,2285,,,,,,,,,,,,,0.000,-0.112,0.000,,,
2,S,10014664,4285,1.120,1.760,2.080,-9.857,-0.018,0.512,,,,,,,,,,,,
2,B,10014664,4285,,,,,,,,,,,,,,,,69.062,-70.312,18.562
2,S,10017949,3285,1.120,0.800,2.720,-9.928,-0.058,0.537,,,,,,,,,,,,
2,B,10017949,3285,,,,,,,,,,-10.234,0.078,0.164,,,,,,
2,S,10020233,2284,1.440,0.800,2.720,-9.928,-0.062,0.537,,,,,,,,,,,,
2,B,10020233,2284,,,,,,,,,,,,,0.000,0.000,0.000,,,
2,S,10025517,5284,1.440,1.120,2.400,-9.922,-0.068,0.537,,,,,,,,,,,,
2,B,10025517,5284,,,,,,,,,,,,,,,,70.750,-71.875,18.500
2,S,10027801,2284,1.120,1.760,1.760,-9.877,-0.092,0.537,,,,,,,,,,,,
2,B,10027801,2284,,,,,,,,,,-10.223,0.008,0.199,,,,,,
2,S,10030084,2283,0.800,1.760,1.760,-9.867,-0.102,0.537,,,,,,,,,,,,
2,B,10030084,2283,,,,,,,,,,,,,0.000,0.000,-0.112,,,
2,S,10034369,4285,1.120,2.080,2.080,-9.863,-0.122,0.537,,,,,,,,,,,,
2,B,10034369,4285,,,,,,,,,,-10.188,-0.020,0.184,,,,,,
2,S,10036666,2297,1.760,2.080,2.400,-9.877,-0.147,0.527,,,,,,,,,,,,
2,B,10036666,2297,,,,,,,,,,,,,,,,69.750,-71.438,18.188
2,S,10038952,2286,2.400,2.080,2.400,-9.887,-0.158,0.512,,,,,,,,,,,,
2,B,10038952,2286,,,,,,,,,,-10.191,-0.047,0.133,,,,,,
2,S,10041236,2284,2.080,1.440,1.760,-9.893,-0.163,0.502,,,,,,,,,,,,
2,B,10041236,2284,,,,,,,,,,,,,0.000,0.112,-0.224,,,
2,S,10044520,3284,1.760,1.120,1.120,-9.887,-0.163,0.492,,,,,,,,,,,,
2,B,10044520,3284,,,,,,,,,,,,,,,,69.062,-72.812,20.750
2,S,10047804,3284,1.440,0.480,0.800,-9.877,-0.158,0.472,,,,,,,,,,,,
2,B,10047804,3284,,,,,,,,,,-10.172,-0.066,0.113,,,,,,
2,S,10050088,2284,1.120,1.120,1.440,-9.873,-0.163,0.453,,,,,,,,,,,,
2,B,10050088,2284,,,,,,,,,,,,,0.000,0.112,-0.224,,,
2,S,10054373,4285,0.800,1.760,1.760,-9.873,-0.172,0.448,,,,,,,,,,,,
2,B,10054373,4285,,,,,,,,,,,,,,,,69.750,-71.562,19.188
2,S,10057658,3285,0.800,1.760,1.440,-9.873,-0.193,0.443,,,,,,,,,,,,
2,B,10057658,3285,,,,,,,,,,-10.172,-0.105,0.078,,,,,,
2,S,10059943,2285,1.120,1.440,1.440,-9.873,-0.207,0.432,,,,,,,,,,,,
2,B,10059943,2285,,,,,,,,,,,,,0.000,0.112,-0.224,,,
2,S,10064238,4295,1.760,1.760,1.760,-9.863,-0.217,0.432,,,,,,,,,,,,
2,B,10064238,4295,,,,,,,,,,,,,,,,69.250,-71.125,18.500
2,S,10066524,2286,1.760,1.440,2.080,-9.863,-0.233,0.443,,,,,,,,,,,,
2,B,10066524,2286,,,,,,,,,,-10.191,-0.133,0.105,,,,,,
2,S,10068809,2285,0.800,1.440,2.400,-9.873,-0.237,0.448,,,,,,,,,,,,
2,B,10068809,2285,,,,,,,,,,-10.199,-0.152,0.145,,,,,,
2,S,10071092,2283,0.800,1.760,3.040,-9.883,-0.242,0.458,,,,,,,,,,,,
2,B,10071092,2283,,,,,,,,,,,,,0.000,0.000,-0.224,,,
2,S,10074377,3285,1.440,2.080,3.040,-9.887,-0.242,0.468,,,,,,,,,,,,
2,B,10074377,3285,,,,,,,,,,,,,,,,69.938,-72.312,19.125
2,S,10077662,3285,1.760,1.760,2.400,-9.887,-0.253,0.487,,,,,,,,,,,,
2,B,10077662,3285,,,,,,,,,,-10.184,-0.145,0.172,,,,,,
2,S,10079946,2284,1.440,0.800,1.440,-9.877,-0.258,0.497,,,,,,,,,,,,
2,B,10079946,2284,,,,,,,,,,,,,0.112,0.000,0.000,,,
2,S,10084229,4283,0.160,0.480,1.760,-9.877,-0.258,0.507,,,,,,,,,,,,
2,B,10084229,4283,,,,,,,,,,,,,,,,69.875,-71.438,19.625
2,S,10087513,3284,0.480,1.120,2.720,-9.887,-0.233,0.522,,,,,,,,,,,,
2,B,10087513,3284,,,,,,,,,,-10.219,-0.145,0.191,,,,,,
2,S,10089809,2296,1.440,0.800,2.720,-9.908,-0.207,0.527,,,,,,,,,,,,
2,B,10089809,2296,,,,,,,,,,,,,0.112,-0.112,0.112,,,
2,S,10094093,4284,1.120,0.480,2.080,-9.918,-0.188,0.527,,,,,,,,,,,,
2,B,10094093,4284,,,,,,,,,,,,,,,,70.312,-72.312,19.750
2,S,10097377,3284,0.480,0.160,2.400,-9.918,-0.168,0.527,,,,,,,,,,,,
2,B,10097377,3284,,,,,,,,,,-10.234,-0.047,0.145,,,,,,
2,S,10099662,2285,0.480,0.480,3.040,-9.893,-0.152,0.522,,,,,,,,,,,,
2,B,10099662,2285,,,,,,,,,,,,,0.112,0.000,0.224,,,
2,S,10103946,4284,1.440,0.800,3.040,-9.883,-0.142,0.512,,,,,,,,,,,,
2,B,10103946,4284,,,,,,,,,,-10.219,-0.008,0.164,,,,,,
2,S,10106230,2284,2.080,1.440,2.400,-9.867,-0.113,0.502,,,,,,,,,,,,
2,B,10106230,2284,,,,,,,,,,,,,,,,70.938,-72.625,18.438
2,S,10108515,2285,1.440,1.440,2.400,-9.867,-0.107,0.497,,,,,,,,,,,,
2,B,10108515,2285,,,,,,,,,,-10.184,0.020,0.133,,,,,,
2,S,10110799,2284,0.800,1.120,2.400,-9.867,-0.098,0.492,,,,,,,,,,,,
2,B,10110799,2284,,,,,,,,,,,,,0.112,0.000,0.224,,,
2,S,10115083,4284,0.480,1.120,2.080,-9.873,-0.083,0.477,,,,,,,,,,,,
2,B,10115083,4284,,,,,,,,,,,,,,,,70.938,-72.625,18.438
2,S,10117380,2297,0.800,1.120,1.760,-9.873,-0.077,0.463,,,,,,,,,,,,
2,B,10117380,2297,,,,,,,,,,-10.203,0.039,0.133,,,,,,
2,S,10119664,2284,1.440,0.800,1.760,-9.873,-0.077,0.458,,,,,,,,,,,,
2,B,10119664,2284,,,,,,,,,,,,,0.112,0.000,0.224,,,
2,S,10123948,4284,1.440,0.800,1.440,-9.867,-0.068,0.463,,,,,,,,,,,,
2,B,10123948,4284,,,,,,,,,,,,,,,,69.812,-73.000,19.812
2,S,10127231,3283,1.120,1.440,2.080,-9.873,-0.052,0.468,,,,,,,,,,,,
2,B,10127231,3283,,,,,,,,,,-10.199,0.047,0.125,,,,,,
2,S,10129516,2285,1.440,1.760,2.400,-9.877,-0.058,0.453,,,,,,,,,,,,
2,B,10129516,2285,,,,,,,,,,,,,0.112,0.112,0.224,,,
2,S,10133800,4284,2.080,1.440,2.080,-9.883,-0.062,0.448,,,,,,,,,,,,
2,B,10133800,4284,,,,,,,,,,,,,,,,70.375,-72.250,18.688
2,S,10136084,2284,1.760,1.120,2.080,-9.887,-0.062,0.448,,,,,,,,,,,,
2,B,10136084,2284,,,,,,,,,,-10.207,0.039,0.098,,,,,,
2,S,10138369,2285,1.120,1.760,2.080,-9.893,-0.068,0.453,,,,,,,,,,,,
2,B,10138369,2285,,,,,,,,,,-10.207,0.020,0.098,,,,,,
2,S,10141653,3284,1.120,2.400,2.400,-9.893,-0.068,0.458,,,,,,,,,,,,
2,B,10141653,3284,,,,,,,,,,,,,0.000,0.000,0.112,,,
2,S,10145948,4295,1.120,2.720,2.080,-9.883,-0.083,0.458,,,,,,,,,,,,
2,B,10145948,4295,,,,,,,,,,,,,,,,70.000,-72.750,19.250
2,S,10149232,3284,1.120,1.760,2.080,-9.883,-0.083,0.458,,,,,,,,,,,,
2,B,10149232,3284,,,,,,,,,,-10.180,0.027,0.133,,,,,,
2,S,10151516,2284,1.120,1.760,1.760,-9.883,-0.087,0.453,,,,,,,,,,,,
2,B,10151516,2284,,,,,,,,,,,,,0.000,0.000,0.000,,,
2,S,10154800,3284,1.440,1.440,1.760,-9.877,-0.087,0.443,,,,,,,,,,,,
2,B,10154800,3284,,,,,,,,,,,,,,,,69.750,-71.062,18.125
2,S,10158083,3283,1.440,1.120,2.400,-9.873,-0.083,0.438,,,,,,,,,,,,
2,B,10158083,3283,,,,,,,,,,-10.180,0.039,0.098,,,,,,
2,S,10160367,2284,1.440,1.120,2.720,-9.867,-0.077,0.443,,,,,,,,,,,,
2,B,10160367,2284,,,,,,,,,,,,,0.000,0.000,0.000,,,
2,S,10165652,5285,1.120,1.440,2.720,-9.873,-0.072,0.448,,,,,,,,,,,,
2,B,10165652,5285,,,,,,,,,,,,,,,,69.812,-71.438,18.938
2,S,10167936,2284,1.120,1.440,1.760,-9.867,-0.062,0.438,,,,,,,,,,,,
2,B,10167936,2284,,,,,,,,,,-10.188,0.059,0.098,,,,,,
2,S,10170220,2284,1.440,0.800,1.440,-9.863,-0.058,0.438,,,,,,,,,,,,
2,B,10170220,2284,,,,,,,,,,,,,0.000,0.000,0.000,,,
2,S,10174517,4297,1.440,0.480,1.440,-9.863,-0.048,0.438,,,,,,,,,,,,
2,B,10174517,4297,,,,,,,,,,-10.188,0.047,0.086,,,,,,
2,S,10176802,2285,0.800,0.800,1.440,-9.863,-0.043,0.448,,,,,,,,,,,,
2,B,10176802,2285,,,,,,,,,,,,,,,,71.000,-73.062,19.250
2,S,10179085,2283,0.480,1.760,2.080,-9.863,-0.043,0.453,,,,,,,,,,,,
2,B,10179085,2283,,,,,,,,,,-10.176,0.078,0.125,,,,,,
2,S,10181369,2284,0.800,2.400,2.720,-9.863,-0.048,0.463,,,,,,,,,,,,
2,B,10181369,2284,,,,,,,,,,,,,0.112,-0.112,0.000,,,
2,S,10184654,3285,1.440,2.400,3.040,-9.867,-0.052,0.472,,,,,,,,,,,,
2,B,10184654,3285,,,,,,,,,,,,,,,,70.812,-73.312,19.188
2,S,10187939,3285,2.080,1.440,2.080,-9.867,-0.068,0.487,,,,,,,,,,,,
2,B,10187939,3285,,,,,,,,,,-10.199,0.059,0.145,,,,,,
2,S,10190223,2284,1.120,1.120,2.080,-9.867,-0.068,0.487,,,,,,,,,,,,
2,B,10190223,2284,,,,,,,,,,,,,0.000,-0.112,-0.112,,,
2,S,10194508,4285,0.800,1.440,2.080,-9.867,-0.077,0.502,,,,,,,,,,,,
2,B,10194508,4285,,,,,,,,,,,,,,,,70.438,-73.188,20.000
2,S,10197794,3286,0.800,1.760,2.400,-9.883,-0.087,0.522,,,,,,,,,,,,
2,B,10197794,3286,,,,,,,,,,-10.195,0.008,0.191,,,,,,
2,S,10200088,2294,1.120,1.760,2.720,-9.898,-0.102,0.532,,,,,,,,,,,,
2,B,10200088,2294,,,,,,,,,,,,,0.000,-0.112,-0.224,,,
2,S,10204372,4284,1.120,1.760,2.720,-9.902,-0.117,0.537,,,,,,,,,,,,
2,B,10204372,4284,,,,,,,,,,,,,,,,70.312,-72.375,19.062
2,S,10206656,2284,1.120,1.440,2.080,-9.902,-0.138,0.542,,,,,,,,,,,,
2,B,10206656,2284,,,,,,,,,,-10.219,-0.008,0.191,,,,,,
2,S,10208940,2284,1.440,1.120,1.440,-9.893,-0.158,0.542,,,,,,,,,,,,
2,B,10208940,2284,,,,,,,,,,-10.223,-0.047,0.191,,,,,,
2,S,10211223,2283,1.440,0.800,1.760,-9.893,-0.163,0.542,,,,,,,,,,,,
2,B,10211223,2283,,,,,,,,,,,,,0.000,0.000,-0.336,,,
2,S,10215508,4285,1.440,0.800,2.080,-9.893,-0.172,0.537,,,,,,,,,,,,
2,B,10215508,4285,,,,,,,,,,,,,,,,70.125,-71.625,19.125
2,S,10218792,3284,1.120,1.760,2.720,-9.893,-0.188,0.527,,,,,,,,,,,,
2,B,10218792,3284,,,,,,,,,,-10.203,-0.078,0.199,,,,,,
2,S,10221076,2284,1.120,2.080,3.040,-9.883,-0.193,0.517,,,,,,,,,,,,
2,B,10221076,2284,,,,,,,,,,,,,0.000,0.000,-0.336,,,
2,S,10225360,4284,2.080,1.760,2.720,-9.873,-0.198,0.507,,,,,,,,,,,,
2,B,10225360,4284,,,,,,,,,,,,,,,,70.750,-72.875,19.062
2,S,10228656,3296,2.080,1.440,2.080,-9.867,-0.198,0.487,,,,,,,,,,,,
2,B,10228656,3296,,,,,,,,,,-10.184,-0.113,0.113,,,,,,
2,S,10230942,2286,1.760,0.480,1.440,-9.873,-0.203,0.477,,,,,,,,,,,,
2,B,10230942,2286,,,,,,,,,,,,,0.000,0.112,-0.112,,,
2,S,10235225,4283,1.440,0.800,1.440,-9.877,-0.207,0.468,,,,,,,,,,,,
2,B,10235225,4283,,,,,,,,,,,,,,,,70.125,-73.625,20.188
2,S,10237509,2284,1.440,1.440,2.080,-9.877,-0.217,0.453,,,,,,,,,,,,
2,B,10237509,2284,,,,,,,,,,-10.199,-0.098,0.133,,,,,,
2,S,10239794,2285,1.760,1.440,2.400,-9.867,-0.217,0.443,,,,,,,,,,,,
2,B,10239794,2285,,,,,,,,,,,,,0.000,0.112,0.000,,,
2,S,10245077,5283,1.440,1.440,2.720,-9.863,-0.217,0.443,,,,,,,,,,,,
2,B,10245077,5283,,,,,,,,,,-10.188,-0.125,0.113,,,,,,
2,S,10247362,2285,1.120,1.760,2.720,-9.867,-0.203,0.448,,,,,,,,,,,,
2,B,10247362,2285,,,,,,,,,,,,,,,,70.375,-72.812,19.125
2,S,10250647,3285,1.120,2.080,2.720,-9.867,-0.203,0.448,,,,,,,,,,,,
2,B,10250647,3285,,,,,,,,,,-10.195,-0.105,0.113,,,,,,
2,S,10253932,3285,1.120,2.400,2.400,-9.873,-0.198,0.443,,,,,,,,,,,,
2,B,10253932,3285,,,,,,,,,,,,,0.000,0.112,0.000,,,
2,S,10256227,2295,1.120,1.760,2.080,-9.873,-0.193,0.443,,,,,,,,,,,,
2,B,10256227,2295,,,,,,,,,,,,,,,,70.438,-73.250,19.250
2,S,10259513,3286,1.440,1.760,1.760,-9.873,-0.193,0.448,,,,,,,,,,,,
2,B,10259513,3286,,,,,,,,,,-10.203,-0.105,0.113,,,,,,
2,S,10262797,3284,1.120,2.080,2.080,-9.873,-0.193,0.468,,,,,,,,,,,,
2,B,10262797,3284,,,,,,,,,,,,,0.000,0.000,0.112,,,
2,S,10266080,3283,0.800,1.760,2.720,-9.867,-0.182,0.472,,,,,,,,,,,,
2,B,10266080,3283,,,,,,,,,,-10.184,-0.059,0.133,,,,,,
2,S,10269365,3285,1.120,0.480,3.040,-9.867,-0.172,0.477,,,,,,,,,,,,
2,B,10269365,3285,,,,,,,,,,,,,,,,70.312,-72.375,19.750
2,S,10271651,2286,1.440,0.160,3.360,-9.873,-0.168,0.487,,,,,,,,,,,,
2,B,10271651,2286,,,,,,,,,,,,,0.112,0.000,0.112,,,
2,S,10275935,4284,1.120,0.480,3.360,-9.873,-0.168,0.502,,,,,,,,,,,,
2,B,10275935,4284,,,,,,,,,,-10.227,-0.059,0.145,,,,,,
2,S,10278219,2284,1.120,1.120,2.400,-9.873,-0.168,0.507,,,,,,,,,,,,
2,B,10278219,2284,,,,,,,,,,,,,,,,69.938,-71.312,18.562
2,S,10281504,3285,1.120,1.120,2.400,-9.877,-0.163,0.502,,,,,,,,,,,,
2,B,10281504,3285,,,,,,,,,,,,,0.000,-0.112,0.224,,,
2,S,10285801,4297,1.120,1.440,2.080,-9.873,-0.147,0.492,,,,,,,,,,,,
2,B,10285801,4297,,,,,,,,,,-10.203,-0.027,0.172,,,,,,
2,S,10288085,2284,0.800,0.800,2.080,-9.867,-0.122,0.502,,,,,,,,,,,,
2,B,10288085,2284,,,,,,,,,,-10.172,-0.027,0.191,,,,,,
2,S,10291369,3284,0.800,0.800,2.080,-9.867,-0.113,0.507,,,,,,,,,,,,
2,B,10291369,3284,,,,,,,,,,,,,,,,69.688,-73.625,19.562
2,S,10293654,2285,0.800,1.440,2.400,-9.873,-0.092,0.517,,,,,,,,,,,,
2,B,10293654,2285,,,,,,,,,,,,,0.000,-0.112,0.224,,,
2,S,10296938,3284,1.120,2.080,2.400,-9.873,-0.077,0.512,,,,,,,,,,,,
2,B,10296938,3284,,,,,,,,,,-10.195,0.059,0.152,,,,,,
2,S,10300221,3283,1.440,1.440,2.400,-9.873,-0.062,0.507,,,,,,,,,,,,
2,B,10300221,3283,,,,,,,,,,,,,,,,70.812,-73.312,19.188
2,S,10302506,2285,1.120,1.120,2.080,-9.873,-0.058,0.507,,,,,,,,,,,,
2,B,10302506,2285,,,,,,,,,,,,,0.000,-0.112,0.224,,,
2,S,10305791,3285,0.480,1.760,2.400,-9.893,-0.048,0.492,,,,,,,,,,,,
2,B,10305791,3285,,,,,,,,,,-10.199,0.086,0.152,,,,,,
2,S,10309075,3284,0.480,1.760,2.400,-9.898,-0.043,0.492,,,,,,,,,,,,
2,B,10309075,3284,,,,,,,,,,,,,,,,70.500,-71.688,19.062
2,S,10311371,2296,0.480,1.760,2.720,-9.908,-0.033,0.482,,,,,,,,,,,,
2,B,10311371,2296,,,,,,,,,,,,,0.000,0.000,0.112,,,
2,S,10315656,4285,0.480,1.120,2.720,-9.908,-0.028,0.477,,,,,,,,,,,,
2,B,10315656,4285,,,,,,,,,,-10.203,0.098,0.145,,,,,,
2,S,10317940,2284,0.800,0.800,2.400,-9.893,-0.018,0.477,,,,,,,,,,,,
2,B,10317940,2284,,,,,,,,,,-10.234,0.105,0.145,,,,,,
2,S,10321224,3284,0.480,0.800,2.400,-9.887,-0.013,0.477,,,,,,,,,,,,
2,B,10321224,3284,,,,,,,,,,,,,,,,70.750,-72.250,18.625
2,S,10323509,2285,0.480,1.120,2.720,-9.883,-0.003,0.477,,,,,,,,,,,,
2,B,10323509,2285,,,,,,,,,,,,,0.000,0.000,0.112,,,
2,S,10326794,3285,0.800,1.760,3.040,-9.887,0.003,0.472,,,,,,,,,,,,
2,B,10326794,3285,,,,,,,,,,,,,,,,70.625,-72.438,18.250
2,S,10330078,3284,1.120,1.440,2.720,-9.887,-0.007,0.468,,,,,,,,,,,,
2,B,10330078,3284,,,,,,,,,,-10.207,0.086,0.133,,,,,,
2,S,10333363,3285,1.120,0.800,1.760,-9.887,-0.018,0.463,,,,,,,,,,,,
2,B,10333363,3285,,,,,,,,,,,,,0.000,0.000,0.000,,,
2,S,10336648,3285,0.480,0.800,1.440,-9.887,-0.033,0.453,,,,,,,,,,,,
2,B,10336648,3285,,,,,,,,,,-10.195,0.078,0.105,,,,,,
2,S,10339944,3296,-0.160,0.800,2.080,-9.877,-0.043,0.443,,,,,,,,,,,,
2,B,10339944,3296,,,,,,,,,,,,,,,,70.375,-71.812,18.625
2,S,10342229,2285,0.160,0.800,2.080,-9.873,-0.062,0.432,,,,,,,,,,,,
2,B,10342229,2285,,,,,,,,,,,,,0.000,0.112,-0.112,,,
2,S,10345513,3284,0.480,0.800,2.080,-9.873,-0.068,0.427,,,,,,,,,,,,
2,B,10345513,3284,,,,,,,,,,-10.188,0.059,0.086,,,,,,
2,S,10348797,3284,0.800,1.120,2.080,-9.867,-0.077,0.427,,,,,,,,,,,,
2,B,10348797,3284,,,,,,,,,,,,,,,,68.750,-71.750,19.312
2,S,10351080,2283,1.120,1.440,1.760,-9.863,-0.087,0.417,,,,,,,,,,,,
2,B,10351080,2283,,,,,,,,,,,,,0.112,0.112,-0.112,,,
2,S,10355364,4284,1.440,1.120,1.440,-9.857,-0.098,0.412,,,,,,,,,,,,
2,B,10355364,4284,,,,,,,,,,-10.176,0.020,0.086,,,,,,
2,S,10357648,2284,1.440,1.440,1.760,-9.822,-0.128,0.407,,,,,,,,,,,,
2,B,10357648,2284,,,,,,,,,,-10.133,-0.008,0.059,,,,,,
2,S,10360933,3285,1.440,1.440,2.080,-9.812,-0.142,0.403,,,,,,,,,,,,
2,B,10360933,3285,,,,,,,,,,,,,,,,70.188,-71.562,18.125
2,S,10363217,2284,1.440,1.440,2.080,-9.812,-0.158,0.407,,,,,,,,,,,,
2,B,10363217,2284,,,,,,,,,,,,,0.112,0.000,-0.224,,,
2,S,10366513,3296,1.760,1.440,2.400,-9.828,-0.158,0.417,,,,,,,,,,,,
2,B,10366513,3296,,,,,,,,,,-10.191,-0.078,0.066,,,,,,
2,S,10369798,3285,2.080,1.440,2.400,-9.867,-0.163,0.427,,,,,,,,,,,,
2,B,10369798,3285,,,,,,,,,,,,,,,,70.125,-71.125,18.000
2,S,10372082,2284,1.760,0.800,2.080,-9.902,-0.168,0.438,,,,,,,,,,,,
2,B,10372082,2284,,,,,,,,,,,,,0.000,0.000,-0.224,,,
2,S,10375367,3285,0.480,0.800,1.760,-9.918,-0.177,0.443,,,,,,,,,,,,
2,B,10375367,3285,,,,,,,,,,-10.246,-0.086,0.113,,,,,,
2,S,10378652,3285,0.160,1.440,2.080,-9.922,-0.203,0.453,,,,,,,,,,,,
2,B,10378652,3285,,,,,,,,,,,,,,,,69.875,-70.875,18.500
2,S,10380937,2285,0.480,1.760,2.720,-9.912,-0.217,0.463,,,,,,,,,,,,
2,B,10380937,2285,,,,,,,,,,,,,0.112,-0.112,-0.112,,,
2,S,10385221,4284,1.120,1.440,2.400,-9.908,-0.223,0.472,,,,,,,,,,,,
2,B,10385221,4284,,,,,,,,,,-10.234,-0.113,0.145,,,,,,
2,S,10387505,2284,1.120,1.120,1.440,-9.908,-0.207,0.482,,,,,,,,,,,,
2,B,10387505,2284,,,,,,,,,,,,,,,,70.562,-72.562,18.500
2,S,10390789,3284,0.800,0.800,1.120,-9.902,-0.203,0.477,,,,,,,,,,,,
2,B,10390789,3284,,,,,,,,,,,,,0.000,-0.112,0.000,,,
2,S,10395083,4294,0.800,0.160,1.440,-9.887,-0.198,0.477,,,,,,,,,,,,
2,B,10395083,4294,,,,,,,,,,-10.195,-0.113,0.152,,,,,,
2,S,10397368,2285,0.480,0.160,2.080,-9.877,-0.182,0.492,,,,,,,,,,,,
2,B,10397368,2285,,,,,,,,,,-10.184,-0.078,0.152,,,,,,
2,S,10400652,3284,-0.160,1.440,2.720,-9.867,-0.163,0.512,,,,,,,,,,,,
2,B,10400652,3284,,,,,,,,,,,,,,,,69.250,-72.062,19.000
2,S,10402937,2285,-0.160,1.760,2.720,-9.863,-0.142,0.532,,,,,,,,,,,,
2,B,10402937,2285,,,,,,,,,,,,,0.000,-0.112,0.112,,,
2,S,10406220,3283,0.480,1.120,2.720,-9.857,-0.133,0.542,,,,,,,,,,,,
2,B,10406220,3283,,,,,,,,,,-10.184,-0.020,0.199,,,,,,
2,S,10409505,3285,0.800,0.800,2.720,-9.863,-0.128,0.557,,,,,,,,,,,,
2,B,10409505,3285,,,,,,,,,,,,,,,,70.438,-73.250,19.250
2,S,10411789,2284,1.440,0.480,2.720,-9.887,-0.122,0.568,,,,,,,,,,,,
2,B,10411789,2284,,,,,,,,,,,,,0.000,-0.224,0.112,,,
2,S,10416073,4284,1.120,0.480,2.400,-9.902,-0.117,0.568,,,,,,,,,,,,
2,B,10416073,4284,,,,,,,,,,-10.230,-0.008,0.219,,,,,,
2,S,10418358,2285,0.800,0.800,1.440,-9.912,-0.117,0.568,,,,,,,,,,,,
2,B,10418358,2285,,,,,,,,,,,,,,,,69.688,-72.125,19.625
2,S,10421654,3296,0.160,1.440,1.440,-9.908,-0.122,0.568,,,,,,,,,,,,
2,B,10421654,3296,,,,,,,,,,,,,0.112,-0.112,0.112,,,
2,S,10425940,4286,0.160,1.760,1.760,-9.902,-0.138,0.568,,,,,,,,,,,,
2,B,10425940,4286,,,,,,,,,,-10.219,-0.039,0.250,,,,,,
2,S,10428223,2283,0.160,1.120,1.440,-9.887,-0.152,0.568,,,,,,,,,,,,
2,B,10428223,2283,,,,,,,,,,-10.195,-0.039,0.211,,,,,,
2,S,10431508,3285,0.480,0.800,1.440,-9.877,-0.152,0.568,,,,,,,,,,,,
2,B,10431508,3285,,,,,,,,,,,,,,,,70.750,-72.875,19.062
2,S,10433793,2285,0.800,0.480,1.440,-9.863,-0.142,0.537,,,,,,,,,,,,
2,B,10433793,2285,,,,,,,,,,,,,0.112,0.000,0.112,,,
2,S,10437077,3284,0.480,0.800,1.760,-9.863,-0.142,0.532,,,,,,,,,,,,
2,B,10437077,3284,,,,,,,,,,-10.172,-0.027,0.172,,,,,,
2,S,10440362,3285,0.480,1.120,2.080,-9.857,-0.142,0.512,,,,,,,,,,,,
2,B,10440362,3285,,,,,,,,,,,,,,,,71.125,-72.812,18.625
2,S,10442647,2285,0.800,1.440,2.400,-9.857,-0.147,0.487,,,,,,,,,,,,
2,B,10442647,2285,,,,,,,,,,,,,0.000,0.112,0.000,,,
2,S,10445931,3284,1.760,1.440,2.400,-9.857,-0.142,0.472,,,,,,,,,,,,
2,B,10445931,3284,,,,,,,,,,-10.160,-0.020,0.113,,,,,,
2,S,10449226,3295,1.760,1.440,2.400,-9.863,-0.138,0.453,,,,,,,,,,,,
2,B,10449226,3295,,,,,,,,,,,,,,,,69.500,-71.875,19.125
2,S,10451512,2286,1.120,1.440,2.400,-9.863,-0.138,0.432,,,,,,,,,,,,
2,B,10451512,2286,,,,,,,,,,,,,0.000,0.224,0.000,,,
2,S,10455798,4286,0.480,1.440,2.720,-9.852,-0.147,0.427,,,,,,,,,,,,
2,B,10455798,4286,,,,,,,,,,-10.172,-0.039,0.078,,,,,,
2,S,10458083,2285,0.480,0.800,2.400,-9.842,-0.158,0.427,,,,,,,,,,,,
2,B,10458083,2285,,,,,,,,,,-10.160,-0.027,0.086,,,,,,
2,S,10461367,3284,0.480,0.160,1.760,-9.848,-0.168,0.422,,,,,,,,,,,,
2,B,10461367,3284,,,,,,,,,,,,,,,,71.125,-72.312,18.562
2,S,10463652,2285,0.160,-0.160,1.440,-9.848,-0.177,0.412,,,,,,,,,,,,
2,B,10463652,2285,,,,,,,,,,,,,0.000,0.112,0.000,,,
2,S,10466936,3284,0.800,0.480,2.080,-9.842,-0.182,0.407,,,,,,,,,,,,
2,B,10466936,3284,,,,,,,,,,,,,,,,70.438,-71.750,18.312
2,S,10470220,3284,1.120,0.800,2.720,-9.852,-0.193,0.417,,,,,,,,,,,,
2,B,10470220,3284,,,,,,,,,,-10.176,-0.059,0.086,,,,,,
2,S,10473505,3285,0.800,0.800,2.400,-9.857,-0.198,0.427,,,,,,,,,,,,
2,B,10473505,3285,,,,,,,,,,,,,0.000,0.112,0.000,,,
2,S,10476800,3295,0.480,1.440,2.080,-9.863,-0.188,0.432,,,,,,,,,,,,
2,B,10476800,3295,,,,,,,,,,-10.180,-0.027,0.113,,,,,,
2,S,10480084,3284,0.480,2.080,2.080,-9.863,-0.168,0.443,,,,,,,,,,,,
2,B,10480084,3284,,,,,,,,,,,,,,,,70.812,-71.812,18.250
2,S,10482369,2285,1.120,2.080,2.720,-9.877,-0.138,0.458,,,,,,,,,,,,
2,B,10482369,2285,,,,,,,,,,,,,0.000,-0.112,0.112,,,
2,S,10485654,3285,1.440,1.760,2.400,-9.887,-0.122,0.463,,,,,,,,,,,,
2,B,10485654,3285,,,,,,,,,,-10.223,0.000,0.125,,,,,,
2,S,10488939,3285,1.120,0.800,2.080,-9.902,-0.098,0.472,,,,,,,,,,,,
2,B,10488939,3285,,,,,,,,,,,,,,,,69.625,-70.125,17.875
2,S,10491224,2285,0.800,0.160,2.080,-9.912,-0.068,0.482,,,,,,,,,,,,
2,B,10491224,2285,,,,,,,,,,,,,0.000,-0.112,0.224,,,
2,S,10495508,4284,0.160,0.160,2.080,-9.918,-0.052,0.482,,,,,,,,,,,,
2,B,10495508,4284,,,,,,,,,,-10.238,0.047,0.133,,,,,,
2,S,10497792,2284,0.480,1.440,2.720,-9.922,-0.022,0.477,,,,,,,,,,,,
2,B,10497792,2284,,,,,,,,,,-10.230,0.098,0.145,,,,,,
2,S,10501076,3284,1.120,1.760,2.720,-9.918,-0.022,0.482,,,,,,,,,,,,
2,B,10501076,3284,,,,,,,,,,,,,,,,71.438,-73.000,18.875
2,S,10503372,2296,1.120,2.080,2.720,-9.908,-0.028,0.497,,,,,,,,,,,,
2,B,10503372,2296,,,,,,,,,,,,,0.112,-0.112,0.336,,,
2,S,10506657,3285,1.120,1.760,2.720,-9.898,-0.022,0.502,,,,,,,,,,,,
2,B,10506657,3285,,,,,,,,,,-10.207,0.105,0.145,,,,,,
2,S,10509941,3284,1.440,0.800,2.400,-9.893,-0.018,0.497,,,,,,,,,,,,
2,B,10509941,3284,,,,,,,,,,,,,,,,70.562,-72.125,19.125
2,S,10512225,2284,1.120,0.480,1.760,-9.887,-0.013,0.487,,,,,,,,,,,,
2,B,10512225,2284,,,,,,,,,,,,,0.112,0.000,0.224,,,
2,S,10515509,3284,0.800,0.800,1.440,-9.883,-0.013,0.482,,,,,,,,,,,,
2,B,10515509,3284,,,,,,,,,,-10.203,0.105,0.133,,,,,,
2,S,10518794,3285,0.800,1.760,1.440,-9.887,-0.018,0.487,,,,,,,,,,,,
2,B,10518794,3285,,,,,,,,,,,,,,,,71.000,-72.500,18.125
2,S,10521078,2284,1.440,2.400,2.080,-9.887,-0.022,0.492,,,,,,,,,,,,
2,B,10521078,2284,,,,,,,,,,,,,0.000,0.000,0.112,,,
2,S,10526363,5285,1.760,2.080,2.400,-9.883,-0.028,0.492,,,,,,,,,,,,
2,B,10526363,5285,,,,,,,,,,-10.207,0.086,0.133,,,,,,
2,S,10528648,2285,1.760,1.120,2.400,-9.867,-0.048,0.472,,,,,,,,,,,,
2,B,10528648,2285,,,,,,,,,,-10.172,0.047,0.133,,,,,,
2,S,10531943,3295,0.800,1.120,2.080,-9.867,-0.058,0.468,,,,,,,,,,,,
2,B,10531943,3295,,,,,,,,,,,,,,,,69.562,-69.625,18.500
2,S,10535227,3284,0.800,1.440,1.760,-9.867,-0.062,0.468,,,,,,,,,,,,
2,B,10535227,3284,,,,,,,,,,,,,0.000,0.112,0.000,,,
2,S,10537512,2285,1.120,1.760,2.080,-9.873,-0.083,0.468,,,,,,,,,,,,
2,B,10537512,2285,,,,,,,,,,,,,,,,69.812,-71.438,18.938
2,S,10540797,3285,1.120,1.760,2.400,-9.877,-0.113,0.468,,,,,,,,,,,,
2,B,10540797,3285,,,,,,,,,,-10.207,0.000,0.145,,,,,,
2,S,10544080,3283,1.120,1.440,2.400,-9.877,-0.142,0.463,,,,,,,,,,,,
2,B,10544080,3283,,,,,,,,,,,,,-0.112,0.112,-0.224,,,
2,S,10547365,3285,0.800,1.760,2.400,-9.877,-0.163,0.448,,,,,,,,,,,,
2,B,10547365,3285,,,,,,,,,,-10.188,-0.066,0.125,,,,,,
2,S,10550650,3285,0.480,1.760,2.720,-9.873,-0.188,0.443,,,,,,,,,,,,
2,B,10550650,3285,,,,,,,,,,,,,,,,69.062,-71.312,19.125
2,S,10553935,3285,1.440,1.440,2.720,-9.867,-0.198,0.438,,,,,,,,,,,,
2,B,10553935,3285,,,,,,,,,,,,,0.000,0.112,-0.336,,,
2,S,10556218,2283,2.080,1.440,2.080,-9.863,-0.203,0.427,,,,,,,,,,,,
2,B,10556218,2283,,,,,,,,,,-10.184,-0.105,0.066,,,,,,
2,S,10559514,3296,1.120,1.440,1.760,-9.867,-0.207,0.422,,,,,,,,,,,,
2,B,10559514,3296,,,,,,,,,,,,,,,,69.375,-71.938,19.438
2,S,10561799,2285,0.480,1.760,2.400,-9.877,-0.212,0.422,,,,,,,,,,,,
2,B,10561799,2285,,,,,,,,,,-10.188,-0.113,0.086,,,,,,
2,S,10565082,3283,1.440,2.080,2.400,-9.877,-0.212,0.422,,,,,,,,,,,,
2,B,10565082,3283,,,,,,,,,,,,,0.000,0.000,-0.224,,,
2,S,10567367,2285,1.440,1.760,3.040,-9.867,-0.207,0.427,,,,,,,,,,,,
2,B,10567367,2285,,,,,,,,,,,,,,,,71.000,-72.062,18.750
2,S,10570651,3284,1.760,1.440,3.040,-9.863,-0.198,0.438,,,,,,,,,,,,
2,B,10570651,3284,,,,,,,,,,-10.188,-0.086,0.078,,,,,,
2,S,10573936,3285,1.760,1.120,2.080,-9.852,-0.188,0.443,,,,,,,,,,,,
2,B,10573936,3285,,,,,,,,,,,,,0.000,0.000,-0.112,,,
2,S,10576219,2283,1.120,0.800,2.080,-9.852,-0.177,0.448,,,,,,,,,,,,
2,B,10576219,2283,,,,,,,,,,,,,,,,69.875,-71.938,19.062
2,S,10579503,3284,0.800,0.800,2.720,-9.857,-0.172,0.458,,,,,,,,,,,,
2,B,10579503,3284,,,,,,,,,,-10.156,-0.078,0.125,,,,,,
2,S,10581788,2285,0.800,1.120,2.720,-9.863,-0.168,0.487,,,,,,,,,,,,
2,B,10581788,2285,,,,,,,,,,,,,0.000,-0.112,0.112,,,
2,S,10586083,4295,1.120,1.120,2.400,-9.867,-0.168,0.502,,,,,,,,,,,,
2,B,10586083,4295,,,,,,,,,,,,,,,,70.188,-72.500,18.625
2,S,10588368,2285,1.120,0.800,2.080,-9.873,-0.163,0.537,,,,,,,,,,,,
2,B,10588368,2285,,,,,,,,,,-10.180,-0.047,0.191,,,,,,
2,S,10590652,2284,1.760,0.800,2.400,-9.883,-0.163,0.552,,,,,,,,,,,,
2,B,10590652,2284,,,,,,,,,,,,,0.000,-0.224,0.112,,,
