Phase,ID,Time_uS,Delta_uS,SCH_Deg_s_X,SCH_Deg_s_Y,SCH_Deg_s_Z,SCH_m_s2_X,SCH_m_s2_Y,SCH_m_s2_Z,ADXL_m_s2_X,ADXL_m_s2_Y,ADXL_m_s2_Z,BNO_m_s2_X,BNO_m_s2_Y,BNO_m_s2_Z,BNO_Deg_s_X,BNO_Deg_s_Y,BNO_Deg_s_Z,BNO_Mag_X,BNO_Mag_Y,BNO_Mag_Z
1,S,5987778,19,1.120,0.800,1.120,-9.863,-0.188,0.223,,,,,,,,,,,,
1,B,5988281,522,,,,,,,,,,-10.031,-0.086,-0.145,,,,,,
1,S,5988281,503,0.800,0.800,1.440,-9.873,-0.193,0.217,,,,,,,,,,,,
1,S,5990313,2032,0.800,0.800,1.760,-9.908,-0.198,0.212,,,,,,,,,,,,
1,B,5993022,4741,,,,,,,,,,,,,,,,48.250,-84.750,34.125
1,S,5993022,2709,0.800,1.120,2.400,-9.943,-0.203,0.203,,,,,,,,,,,,
1,B,5995054,2032,,,,,,,,,,-10.117,-0.125,-0.199,,,,,,
1,S,5995054,2032,0.800,1.120,2.400,-9.947,-0.207,0.188,,,,,,,,,,,,
1,B,5998441,3387,,,,,,,,,,-10.086,-0.086,-0.238,,,,,,
1,S,5998441,3387,0.800,1.760,2.720,-9.928,-0.212,0.163,,,,,,,,,,,,
1,B,6004536,6095,,,,,,,,,,,,,,,,49.375,-85.375,36.438
1,S,6004536,6095,0.800,2.080,2.400,-9.918,-0.193,0.128,,,,,,,,,,,,
1,B,6009955,5419,,,,,,,,,,-10.023,-0.039,-0.277,,,,,,
1,S,6009955,5419,0.480,1.440,2.080,-9.852,-0.138,0.102,,,,,,,,,,,,
1,B,6011987,2032,,,,,,,,,,-10.074,0.000,-0.270,,,,,,
1,S,6011987,2032,1.120,1.120,1.760,-9.848,-0.122,0.092,,,,,,,,,,,,
1,B,6020791,8804,,,,,,,,,,-10.070,-0.078,-0.258,,,,,,
1,S,6020791,8804,1.120,1.120,2.080,-9.883,-0.142,0.092,,,,,,,,,,,,
1,S,6028919,8128,0.160,1.120,2.080,-9.898,-0.193,0.102,,,,,,,,,,,,
1,B,6035013,14222,,,,,,,,,,,,,,,,46.438,-84.000,35.188
1,S,6035013,6094,1.120,0.800,2.400,-9.887,-0.203,0.152,,,,,,,,,,,,
1,S,6036368,1355,0.800,0.480,2.400,-9.883,-0.203,0.163,,,,,,,,,,,,
1,B,6041108,6095,,,,,,,,,,,,,0.000,0.000,0.000,,,
1,S,6041108,4740,0.800,0.480,2.720,-9.883,-0.207,0.182,,,,,,,,,,,,
1,B,6043818,2710,,,,,,,,,,-10.055,-0.125,-0.230,,,,,,
1,S,6043818,2710,0.160,1.120,2.400,-9.887,-0.212,0.193,,,,,,,,,,,,
1,B,6047204,3386,,,,,,,,,,,,,,,,45.438,-84.562,38.562
1,S,6047204,3386,0.160,1.760,2.080,-9.887,-0.217,0.217,,,,,,,,,,,,
1,B,6049236,2032,,,,,,,,,,,,,0.000,-0.112,-0.112,,,
1,S,6049236,2032,0.800,1.440,2.400,-9.898,-0.217,0.233,,,,,,,,,,,,
1,B,6052623,3387,,,,,,,,,,-10.102,-0.133,-0.152,,,,,,
1,S,6052623,3387,1.120,0.480,2.720,-9.922,-0.217,0.247,,,,,,,,,,,,
1,B,6054655,2032,,,,,,,,,,,,,0.112,-0.112,0.000,,,
1,S,6054655,2032,1.760,0.480,2.400,-9.922,-0.223,0.247,,,,,,,,,,,,
1,B,6060072,5417,,,,,,,,,,-10.066,-0.164,-0.133,,,,,,
1,S,6060072,5417,1.440,1.440,2.720,-9.893,-0.237,0.228,,,,,,,,,,,,
1,B,6062104,2032,,,,,,,,,,,,,,,,46.000,-85.938,38.812
1,S,6062104,2032,0.800,1.440,3.040,-9.893,-0.237,0.217,,,,,,,,,,,,
1,B,6064814,2710,,,,,,,,,,-10.059,-0.113,-0.172,,,,,,
1,S,6064814,2710,1.120,1.760,3.040,-9.893,-0.237,0.207,,,,,,,,,,,,
1,B,6066846,2032,,,,,,,,,,,,,0.000,0.000,0.112,,,
1,S,6066846,2032,1.440,2.080,3.040,-9.893,-0.228,0.198,,,,,,,,,,,,
1,B,6070910,4064,,,,,,,,,,,,,,,,45.875,-85.062,38.625
1,S,6070910,4064,1.440,1.440,2.400,-9.877,-0.212,0.182,,,,,,,,,,,,
1,B,6074295,3385,,,,,,,,,,-10.062,-0.105,-0.211,,,,,,
1,S,6074295,3385,0.800,1.440,2.400,-9.883,-0.198,0.168,,,,,,,,,,,,
1,B,6077004,2709,,,,,,,,,,,,,0.000,0.112,0.112,,,
1,S,6077004,2709,0.800,1.440,1.760,-9.902,-0.182,0.147,,,,,,,,,,,,
1,B,6081068,4064,,,,,,,,,,,,,,,,46.500,-85.938,38.438
1,S,6081068,4064,0.800,1.440,1.440,-9.918,-0.163,0.113,,,,,,,,,,,,
1,B,6084455,3387,,,,,,,,,,-10.105,-0.078,-0.258,,,,,,
1,S,6084455,3387,1.120,1.440,1.120,-9.893,-0.158,0.098,,,,,,,,,,,,
1,B,6086486,2031,,,,,,,,,,,,,0.000,0.224,0.112,,,
1,S,6086486,2031,0.800,1.760,1.440,-9.883,-0.163,0.087,,,,,,,,,,,,
1,B,6091208,4722,,,,,,,,,,,,,,,,44.938,-84.812,38.562
1,S,6091208,4722,0.480,2.080,3.040,-9.877,-0.152,0.077,,,,,,,,,,,,
1,B,6093259,2051,,,,,,,,,,-10.062,-0.059,-0.297,,,,,,
1,S,6093259,2051,0.160,1.760,3.680,-9.883,-0.142,0.072,,,,,,,,,,,,
1,B,6095291,2032,,,,,,,,,,-10.059,-0.066,-0.305,,,,,,
1,S,6095291,2032,0.480,1.440,3.360,-9.877,-0.142,0.077,,,,,,,,,,,,
1,B,6100031,4740,,,,,,,,,,,,,0.000,0.224,0.112,,,
1,S,6100031,4740,0.800,0.160,1.760,-9.857,-0.163,0.072,,,,,,,,,,,,
1,B,6102063,2032,,,,,,,,,,,,,,,,46.188,-85.250,38.875
1,S,6102063,2032,2.080,0.160,1.440,-9.857,-0.168,0.077,,,,,,,,,,,,
1,B,6105450,3387,,,,,,,,,,-10.062,-0.078,-0.289,,,,,,
1,S,6105450,3387,1.440,1.120,1.440,-9.867,-0.172,0.087,,,,,,,,,,,,
1,B,6108837,3387,,,,,,,,,,,,,0.000,0.112,0.000,,,
1,S,6108837,3387,0.160,1.760,1.760,-9.873,-0.172,0.113,,,,,,,,,,,,
1,B,6110869,2032,,,,,,,,,,,,,,,,45.875,-84.062,38.062
1,S,6110869,2032,0.160,1.760,2.080,-9.877,-0.172,0.128,,,,,,,,,,,,
1,B,6114255,3386,,,,,,,,,,-10.086,-0.098,-0.258,,,,,,
1,S,6114255,3386,0.480,1.440,2.400,-9.902,-0.177,0.158,,,,,,,,,,,,
1,B,6116286,2031,,,,,,,,,,,,,0.112,-0.112,0.000,,,
1,S,6116286,2031,1.440,1.120,2.080,-9.918,-0.182,0.172,,,,,,,,,,,,
1,B,6121027,4741,,,,,,,,,,,,,,,,46.000,-84.938,38.312
1,S,6121027,4741,1.760,0.800,1.760,-9.912,-0.188,0.203,,,,,,,,,,,,
1,B,6123737,2710,,,,,,,,,,-10.094,-0.113,-0.184,,,,,,
1,S,6123737,2710,1.440,1.120,2.080,-9.902,-0.198,0.217,,,,,,,,,,,,
1,B,6126446,2709,,,,,,,,,,,,,0.112,-0.224,0.000,,,
1,S,6126446,2709,1.120,1.440,2.080,-9.898,-0.217,0.228,,,,,,,,,,,,
1,B,6130509,4063,,,,,,,,,,,,,,,,46.188,-84.688,38.375
1,S,6130509,4063,1.760,1.440,1.760,-9.887,-0.233,0.237,,,,,,,,,,,,
1,B,6132541,2032,,,,,,,,,,-10.094,-0.133,-0.145,,,,,,
1,S,6132541,2032,1.760,1.120,1.760,-9.883,-0.233,0.242,,,,,,,,,,,,
1,B,6135250,2709,,,,,,,,,,-10.051,-0.133,-0.152,,,,,,
1,S,6135250,2709,1.440,0.800,2.080,-9.873,-0.233,0.242,,,,,,,,,,,,
1,B,6137282,2032,,,,,,,,,,,,,0.112,-0.224,0.000,,,
1,S,6137282,2032,0.480,0.800,2.400,-9.877,-0.228,0.242,,,,,,,,,,,,
1,B,6142023,4741,,,,,,,,,,,,,,,,46.062,-85.438,38.438
1,S,6142023,4741,-0.480,1.760,3.360,-9.898,-0.212,0.233,,,,,,,,,,,,
1,B,6144733,2710,,,,,,,,,,-10.070,-0.125,-0.152,,,,,,
1,S,6144733,2710,-0.480,2.080,3.680,-9.912,-0.212,0.217,,,,,,,,,,,,
1,B,6147441,2708,,,,,,,,,,,,,0.000,-0.112,0.000,,,
1,S,6147441,2708,0.480,2.080,3.040,-9.912,-0.207,0.207,,,,,,,,,,,,
1,B,6151505,4064,,,,,,,,,,,,,,,,45.125,-85.125,39.125
1,S,6151505,4064,1.120,1.120,1.760,-9.918,-0.207,0.182,,,,,,,,,,,,
1,B,6154892,3387,,,,,,,,,,-10.113,-0.133,-0.184,,,,,,
1,S,6154892,3387,1.440,1.120,2.080,-9.912,-0.198,0.152,,,,,,,,,,,,
1,B,6156924,2032,,,,,,,,,,,,,0.112,0.112,0.112,,,
1,S,6156924,2032,1.120,1.120,2.400,-9.898,-0.193,0.138,,,,,,,,,,,,
1,B,6161664,4740,,,,,,,,,,,,,,,,46.375,-86.062,38.812
1,S,6161664,4740,1.120,1.120,2.400,-9.867,-0.182,0.117,,,,,,,,,,,,
1,B,6163696,2032,,,,,,,,,,-10.055,-0.098,-0.258,,,,,,
1,S,6163696,2032,0.160,1.120,2.080,-9.863,-0.177,0.107,,,,,,,,,,,,
1,B,6165728,2032,,,,,,,,,,,,,0.112,0.224,0.112,,,
1,S,6165728,2032,0.160,1.120,1.440,-9.863,-0.172,0.092,,,,,,,,,,,,
1,B,6170469,4741,,,,,,,,,,-10.066,-0.066,-0.277,,,,,,
1,S,6170469,4741,0.800,1.120,1.120,-9.852,-0.163,0.072,,,,,,,,,,,,
1,B,6172501,2032,,,,,,,,,,,,,,,,45.875,-85.188,38.938
1,S,6172501,2032,1.760,1.120,1.440,-9.848,-0.163,0.072,,,,,,,,,,,,
1,B,6174533,2032,,,,,,,,,,-10.059,-0.059,-0.305,,,,,,
1,S,6174533,2032,1.760,0.800,1.760,-9.857,-0.163,0.077,,,,,,,,,,,,
1,B,6177241,2708,,,,,,,,,,,,,0.112,0.112,0.112,,,
1,S,6177241,2708,1.760,0.800,2.080,-9.877,-0.163,0.083,,,,,,,,,,,,
1,B,6181305,4064,,,,,,,,,,,,,,,,45.500,-83.562,38.062
1,S,6181305,4064,1.120,0.800,2.400,-9.902,-0.152,0.087,,,,,,,,,,,,
1,B,6184692,3387,,,,,,,,,,-10.098,-0.078,-0.289,,,,,,
1,S,6184692,3387,0.480,1.120,2.080,-9.898,-0.152,0.098,,,,,,,,,,,,
1,B,6186724,2032,,,,,,,,,,,,,0.112,0.000,0.112,,,
1,S,6186724,2032,0.800,1.440,1.760,-9.887,-0.158,0.102,,,,,,,,,,,,
1,B,6191464,4740,,,,,,,,,,,,,,,,46.000,-84.500,38.188
1,S,6191464,4740,0.800,0.800,1.760,-9.818,-0.182,0.128,,,,,,,,,,,,
1,B,6194851,3387,,,,,,,,,,-10.016,-0.086,-0.258,,,,,,
1,S,6194851,3387,0.480,1.120,2.080,-9.752,-0.182,0.152,,,,,,,,,,,,
1,B,6196883,2032,,,,,,,,,,,,,0.224,-0.112,0.000,,,
1,S,6196883,2032,0.800,1.440,2.400,-9.773,-0.188,0.177,,,,,,,,,,,,
1,B,6200947,4064,,,,,,,,,,-10.023,-0.086,-0.199,,,,,,
1,S,6200947,4064,1.120,1.120,2.720,-9.943,-0.193,0.223,,,,,,,,,,,,
1,B,6203656,2709,,,,,,,,,,,,,,,,46.062,-85.375,39.125
1,S,6203656,2709,1.120,0.800,2.400,-10.172,-0.182,0.253,,,,,,,,,,,,
1,B,6205688,2032,,,,,,,,,,-10.418,-0.078,-0.172,,,,,,
1,S,6205688,2032,1.120,0.480,2.400,-10.258,-0.182,0.247,,,,,,,,,,,,
1,B,6209073,3385,,,,,,,,,,,,,0.112,-0.224,0.000,,,
1,S,6209073,3385,0.800,0.480,1.760,-10.123,-0.182,0.237,,,,,,,,,,,,
1,B,6211105,2032,,,,,,,,,,,,,,,,46.000,-86.500,39.250
1,S,6211105,2032,0.800,0.480,1.440,-9.932,-0.223,0.233,,,,,,,,,,,,
1,B,6214492,3387,,,,,,,,,,-9.938,-0.164,-0.152,,,,,,
1,S,6214492,3387,0.800,0.480,1.440,-9.688,-0.268,0.212,,,,,,,,,,,,
1,B,6216524,2032,,,,,,,,,,,,,0.000,-0.112,0.000,,,
1,S,6216524,2032,1.120,0.800,1.760,-9.703,-0.263,0.198,,,,,,,,,,,,
1,B,6221264,4740,,,,,,,,,,,,,,,,46.188,-84.688,38.438
1,S,6221264,7450,1.120,0.800,1.760,-9.762,-0.188,0.193,,,,,,,,,,,,
1,B,6224651,3387,,,,,,,,,,-9.965,-0.113,-0.211,,,,,,
1,S,6224651,677,1.440,1.120,1.760,-9.738,-0.182,0.193,,,,,,,,,,,,
1,B,6226683,2032,,,,,,,,,,,,,0.000,0.000,0.000,,,
1,S,6226683,2032,1.440,1.120,1.760,-9.697,-0.172,0.193,,,,,,,,,,,,
1,B,6230747,4064,,,,,,,,,,,,,,,,45.062,-84.062,38.562
1,S,6230747,4064,1.440,0.800,1.760,-9.832,-0.122,0.147,,,,,,,,,,,,
1,B,6233456,2709,,,,,,,,,,-9.980,-0.027,-0.219,,,,,,
1,S,6233456,2709,1.120,0.480,1.760,-10.018,-0.138,0.138,,,,,,,,,,,,
1,B,6235488,2032,,,,,,,,,,-10.281,-0.066,-0.211,,,,,,
1,S,6235488,2032,1.120,0.160,1.760,-10.113,-0.147,0.147,,,,,,,,,,,,
1,B,6239551,4063,,,,,,,,,,,,,0.000,0.112,0.112,,,
1,S,6239551,4063,0.800,0.160,2.080,-10.088,-0.152,0.142,,,,,,,,,,,,
1,B,6242260,2709,,,,,,,,,,,,,,,,46.625,-85.188,38.438
1,S,6242260,5419,0.480,0.480,2.400,-9.922,-0.182,0.092,,,,,,,,,,,,
1,B,6245647,3387,,,,,,,,,,-10.121,-0.078,-0.270,,,,,,
1,S,6245647,677,0.480,1.120,2.080,-9.908,-0.182,0.092,,,,,,,,,,,,
1,B,6247679,2032,,,,,,,,,,,,,0.112,0.224,0.112,,,
1,S,6247679,2032,0.480,1.440,2.400,-9.877,-0.188,0.092,,,,,,,,,,,,
1,B,6251064,3385,,,,,,,,,,,,,,,,46.062,-86.000,38.875
1,S,6251064,3385,0.480,1.440,2.720,-9.822,-0.198,0.092,,,,,,,,,,,,
1,B,6254451,3387,,,,,,,,,,-9.941,-0.078,-0.270,,,,,,
1,S,6254451,3387,0.480,1.120,2.720,-9.758,-0.193,0.083,,,,,,,,,,,,
1,B,6256483,2032,,,,,,,,,,,,,0.112,0.112,0.112,,,
1,S,6256483,2032,0.800,1.120,2.720,-9.742,-0.193,0.083,,,,,,,,,,,,
1,B,6260547,4064,,,,,,,,,,,,,,,,46.188,-84.688,38.438
1,S,6260547,4064,0.800,1.440,2.080,-9.793,-0.158,0.117,,,,,,,,,,,,
1,B,6263934,3387,,,,,,,,,,-9.988,-0.047,-0.250,,,,,,
1,S,6263934,3387,1.440,1.440,1.760,-9.902,-0.147,0.147,,,,,,,,,,,,
1,B,6266643,2709,,,,,,,,,,,,,0.224,0.112,0.000,,,
1,S,6266643,2709,1.120,0.800,1.760,-9.957,-0.158,0.152,,,,,,,,,,,,
1,B,6270706,4063,,,,,,,,,,,,,,,,45.500,-85.188,39.000
1,S,6270706,4063,0.800,0.480,1.760,-9.938,-0.193,0.152,,,,,,,,,,,,
1,B,6272738,2032,,,,,,,,,,-10.148,-0.078,-0.211,,,,,,
1,S,6272738,2032,0.480,0.800,1.760,-9.912,-0.207,0.163,,,,,,,,,,,,
1,B,6275447,2709,,,,,,,,,,-10.109,-0.113,-0.199,,,,,,
1,S,6275447,2709,0.800,1.120,2.080,-9.908,-0.223,0.177,,,,,,,,,,,,
1,B,6277479,2032,,,,,,,,,,,,,0.224,0.000,0.000,,,
1,S,6277479,2032,1.120,1.120,2.080,-9.928,-0.233,0.193,,,,,,,,,,,,
1,B,6281543,4064,,,,,,,,,,,,,,,,46.125,-85.875,39.312
1,S,6281543,4064,0.800,0.800,1.760,-9.938,-0.242,0.203,,,,,,,,,,,,
1,B,6284929,3386,,,,,,,,,,-10.086,-0.145,-0.184,,,,,,
1,S,6284929,3386,0.800,1.120,2.400,-9.877,-0.233,0.203,,,,,,,,,,,,
1,B,6287638,2709,,,,,,,,,,,,,0.112,-0.112,0.000,,,
1,S,6287638,2709,1.440,1.440,2.720,-9.842,-0.217,0.212,,,,,,,,,,,,
1,B,6291702,4064,,,,,,,,,,,,,,,,45.812,-84.250,37.688
1,S,6291702,4064,1.440,1.440,2.400,-9.863,-0.182,0.223,,,,,,,,,,,,
1,B,6295088,3386,,,,,,,,,,-10.062,-0.086,-0.164,,,,,,
1,S,6295088,3386,1.440,1.120,1.760,-9.863,-0.177,0.223,,,,,,,,,,,,
1,B,6297120,2032,,,,,,,,,,,,,0.000,-0.112,0.000,,,
1,S,6297120,2032,1.440,0.800,1.440,-9.852,-0.177,0.212,,,,,,,,,,,,
1,B,6301183,4063,,,,,,,,,,,,,,,,45.250,-83.812,37.938
1,S,6301183,4063,1.120,1.440,2.080,-9.873,-0.188,0.193,,,,,,,,,,,,
1,B,6303893,2710,,,,,,,,,,-10.055,-0.098,-0.219,,,,,,
1,S,6303893,2710,1.120,1.760,2.720,-9.922,-0.198,0.172,,,,,,,,,,,,
1,B,6305925,2032,,,,,,,,,,,,,0.000,0.000,0.000,,,
1,S,6305925,2032,1.440,1.760,2.720,-9.947,-0.203,0.158,,,,,,,,,,,,
1,B,6310646,4721,,,,,,,,,,-10.141,-0.105,-0.230,,,,,,
1,S,6310646,4721,1.440,1.440,2.080,-9.943,-0.212,0.128,,,,,,,,,,,,
1,B,6312698,2052,,,,,,,,,,,,,,,,46.250,-87.125,39.625
1,S,6312698,2052,1.120,1.440,1.440,-9.918,-0.203,0.113,,,,,,,,,,,,
1,B,6314730,2032,,,,,,,,,,-10.098,-0.105,-0.250,,,,,,
1,S,6314730,2032,0.800,0.800,1.440,-9.898,-0.198,0.107,,,,,,,,,,,,
1,B,6317438,2708,,,,,,,,,,,,,0.000,0.112,0.112,,,
1,S,6317438,2708,0.480,0.480,1.760,-9.883,-0.188,0.102,,,,,,,,,,,,
1,B,6321502,4064,,,,,,,,,,,,,,,,45.500,-85.625,39.125
1,S,6321502,4064,0.800,0.480,2.400,-9.838,-0.168,0.098,,,,,,,,,,,,
1,B,6324889,3387,,,,,,,,,,-10.023,-0.059,-0.258,,,,,,
1,S,6324889,3387,0.800,-0.160,2.080,-9.838,-0.147,0.102,,,,,,,,,,,,
1,B,6326921,2032,,,,,,,,,,,,,0.000,0.112,0.112,,,
1,S,6326921,2032,0.480,-0.160,2.080,-9.863,-0.142,0.107,,,,,,,,,,,,
1,B,6331642,4721,,,,,,,,,,,,,,,,45.125,-85.062,38.125
1,S,6331642,4721,0.160,0.800,2.080,-9.918,-0.152,0.128,,,,,,,,,,,,
1,B,6334370,2728,,,,,,,,,,-10.094,-0.066,-0.258,,,,,,
1,S,6334370,2728,0.160,1.440,2.080,-9.912,-0.172,0.142,,,,,,,,,,,,
1,B,6337079,2709,,,,,,,,,,,,,0.000,0.000,0.000,,,
1,S,6337079,2709,0.800,1.440,2.400,-9.898,-0.182,0.147,,,,,,,,,,,,
1,B,6341143,4064,,,,,,,,,,-10.070,-0.105,-0.238,,,,,,
1,S,6341143,4064,0.800,1.120,2.720,-9.908,-0.193,0.168,,,,,,,,,,,,
1,B,6343175,2032,,,,,,,,,,,,,,,,46.000,-85.562,38.750
1,S,6343175,2032,0.800,0.800,2.720,-9.912,-0.188,0.172,,,,,,,,,,,,
1,B,6345885,2710,,,,,,,,,,-10.070,-0.078,-0.191,,,,,,
1,S,6345885,2710,0.800,0.480,2.080,-9.898,-0.193,0.182,,,,,,,,,,,,
1,B,6349270,3385,,,,,,,,,,,,,0.000,0.000,0.000,,,
1,S,6349270,3385,1.120,0.480,1.440,-9.877,-0.188,0.198,,,,,,,,,,,,
1,B,6351302,2032,,,,,,,,,,,,,,,,45.438,-86.250,38.875
1,S,6351302,2032,1.120,0.480,1.760,-9.883,-0.182,0.207,,,,,,,,,,,,
1,B,6354689,3387,,,,,,,,,,-10.070,-0.078,-0.172,,,,,,
1,S,6354689,3387,1.120,0.480,2.080,-9.898,-0.168,0.217,,,,,,,,,,,,
1,B,6356721,2032,,,,,,,,,,,,,0.112,-0.112,0.000,,,
1,S,6356721,2032,0.480,0.800,2.080,-9.893,-0.168,0.217,,,,,,,,,,,,
1,B,6361462,4741,,,,,,,,,,,,,,,,45.500,-85.625,39.125
1,S,6361462,4741,0.480,1.440,2.080,-9.883,-0.177,0.223,,,,,,,,,,,,
1,B,6364170,2708,,,,,,,,,,-10.070,-0.066,-0.164,,,,,,
1,S,6364170,2708,1.440,1.120,1.760,-9.908,-0.177,0.217,,,,,,,,,,,,
1,B,6366880,2710,,,,,,,,,,,,,0.112,0.000,0.000,,,
1,S,6366880,2710,0.800,0.800,1.440,-9.932,-0.172,0.203,,,,,,,,,,,,
1,B,6370944,4064,,,,,,,,,,,,,,,,45.312,-85.875,39.062
1,S,6370944,4064,0.480,1.120,1.760,-9.908,-0.188,0.168,,,,,,,,,,,,
1,B,6372976,2032,,,,,,,,,,-10.113,-0.105,-0.191,,,,,,
1,S,6372976,2032,0.480,1.440,2.080,-9.883,-0.198,0.152,,,,,,,,,,,,
1,B,6375685,2709,,,,,,,,,,-10.074,-0.086,-0.219,,,,,,
1,S,6375685,2709,0.160,1.440,2.400,-9.863,-0.203,0.142,,,,,,,,,,,,
1,B,6379749,4064,,,,,,,,,,,,,0.000,0.000,0.000,,,
1,S,6379749,4064,0.480,1.440,2.720,-9.877,-0.193,0.128,,,,,,,,,,,,
1,B,6382457,2708,,,,,,,,,,,,,,,,45.438,-85.188,38.312
1,S,6382457,2708,0.800,1.440,2.720,-9.877,-0.182,0.122,,,,,,,,,,,,
1,B,6385166,2709,,,,,,,,,,-10.066,-0.105,-0.258,,,,,,
1,S,6385166,2709,0.800,1.440,2.720,-9.867,-0.182,0.113,,,,,,,,,,,,
1,B,6387876,2710,,,,,,,,,,,,,0.000,0.112,0.000,,,
1,S,6387876,2710,0.480,0.800,3.040,-9.863,-0.182,0.107,,,,,,,,,,,,
1,B,6391940,4064,,,,,,,,,,,,,,,,45.938,-85.125,37.938
1,S,6391940,4064,0.160,0.480,2.400,-9.898,-0.177,0.102,,,,,,,,,,,,
1,B,6395325,3385,,,,,,,,,,-10.094,-0.105,-0.277,,,,,,
1,S,6395325,3385,0.480,0.480,1.760,-9.908,-0.172,0.098,,,,,,,,,,,,
1,B,6397357,2032,,,,,,,,,,,,,0.000,0.112,0.112,,,
1,S,6397357,2032,0.800,0.800,1.760,-9.898,-0.177,0.098,,,,,,,,,,,,
1,B,6402098,4741,,,,,,,,,,,,,,,,46.312,-84.125,38.062
1,S,6402098,4741,0.800,1.120,2.080,-9.887,-0.193,0.113,,,,,,,,,,,,
1,B,6404130,2032,,,,,,,,,,-10.094,-0.113,-0.277,,,,,,
1,S,6404130,2032,0.800,1.120,2.080,-9.893,-0.198,0.117,,,,,,,,,,,,
1,B,6406162,2032,,,,,,,,,,,,,0.000,0.000,0.000,,,
1,S,6406162,2032,1.120,1.440,2.400,-9.893,-0.198,0.128,,,,,,,,,,,,
1,B,6410904,4742,,,,,,,,,,-10.062,-0.125,-0.230,,,,,,
1,S,6410904,4742,1.440,1.120,2.720,-9.873,-0.203,0.147,,,,,,,,,,,,
1,B,6412936,2032,,,,,,,,,,,,,,,,45.188,-83.938,39.000
1,S,6412936,2032,1.120,0.480,2.720,-9.867,-0.207,0.158,,,,,,,,,,,,
1,B,6414968,2032,,,,,,,,,,-10.098,-0.086,-0.191,,,,,,
1,S,6414968,2032,1.120,0.480,2.400,-9.873,-0.207,0.172,,,,,,,,,,,,
1,B,6417676,2708,,,,,,,,,,,,,0.000,-0.112,0.000,,,
1,S,6417676,2708,1.120,1.120,2.080,-9.887,-0.203,0.188,,,,,,,,,,,,
1,B,6421740,4064,,,,,,,,,,,,,,,,44.812,-84.938,38.938
1,S,6421740,4064,1.440,1.760,2.080,-9.893,-0.188,0.207,,,,,,,,,,,,
1,B,6425126,3386,,,,,,,,,,-10.090,-0.066,-0.191,,,,,,
1,S,6425126,3386,1.120,1.440,1.440,-9.887,-0.177,0.212,,,,,,,,,,,,
1,B,6427157,2031,,,,,,,,,,,,,0.000,-0.112,0.000,,,
1,S,6427157,2031,0.480,1.120,1.120,-9.893,-0.177,0.212,,,,,,,,,,,,
1,B,6431899,4742,,,,,,,,,,,,,,,,46.125,-84.875,38.000
1,S,6431899,4742,0.160,1.120,2.080,-9.918,-0.177,0.212,,,,,,,,,,,,
1,B,6435285,3386,,,,,,,,,,-10.090,-0.078,-0.172,,,,,,
1,S,6435285,3386,0.160,1.120,1.760,-9.912,-0.182,0.198,,,,,,,,,,,,
1,B,6437317,2032,,,,,,,,,,,,,0.000,0.000,0.000,,,
1,S,6437317,2032,0.480,1.120,1.760,-9.902,-0.188,0.188,,,,,,,,,,,,
1,B,6441381,4064,,,,,,,,,,,,,,,,45.188,-86.625,39.750
1,S,6441381,4064,0.160,0.480,2.080,-9.887,-0.193,0.172,,,,,,,,,,,,
1,B,6444089,2708,,,,,,,,,,-10.086,-0.086,-0.184,,,,,,
1,S,6444089,2708,0.800,0.480,1.760,-9.887,-0.193,0.163,,,,,,,,,,,,
1,B,6446121,2032,,,,,,,,,,,,,0.000,0.112,0.000,,,
1,S,6446121,2032,0.800,0.800,1.760,-9.887,-0.188,0.158,,,,,,,,,,,,
1,B,6450185,4064,,,,,,,,,,-10.066,-0.086,-0.199,,,,,,
1,S,6450185,4064,0.800,1.440,2.400,-9.893,-0.172,0.142,,,,,,,,,,,,
1,B,6452895,2710,,,,,,,,,,,,,,,,45.562,-86.688,39.688
1,S,6452895,2710,0.480,1.760,2.720,-9.893,-0.163,0.138,,,,,,,,,,,,
1,B,6454927,2032,,,,,,,,,,-10.062,-0.059,-0.250,,,,,,
1,S,6454927,2032,0.480,1.760,2.400,-9.898,-0.158,0.133,,,,,,,,,,,,
1,B,6456959,2032,,,,,,,,,,,,,0.000,0.112,0.000,,,
1,S,6456959,2032,0.800,1.760,2.080,-9.898,-0.158,0.128,,,,,,,,,,,,
1,B,6461700,4741,,,,,,,,,,,,,,,,45.562,-86.688,39.688
1,S,6461700,4741,0.800,1.120,1.440,-9.908,-0.172,0.117,,,,,,,,,,,,
1,B,6463732,2032,,,,,,,,,,-10.121,-0.098,-0.258,,,,,,
1,S,6463732,2032,0.800,0.480,1.440,-9.918,-0.177,0.113,,,,,,,,,,,,
1,B,6466421,2689,,,,,,,,,,,,,0.000,0.112,0.000,,,
1,S,6466421,2689,0.160,0.480,1.760,-9.918,-0.182,0.107,,,,,,,,,,,,
1,B,6470504,4083,,,,,,,,,,,,,,,,46.125,-85.875,38.562
1,S,6470504,4083,-0.160,1.760,2.080,-9.893,-0.203,0.117,,,,,,,,,,,,
1,B,6473891,3387,,,,,,,,,,-10.055,-0.113,-0.270,,,,,,
1,S,6473891,3387,0.800,2.400,2.400,-9.873,-0.207,0.128,,,,,,,,,,,,
1,B,6475923,2032,,,,,,,,,,,,,-0.112,0.000,0.000,,,
1,S,6475923,2032,1.440,2.080,2.400,-9.867,-0.203,0.133,,,,,,,,,,,,
1,B,6481340,5417,,,,,,,,,,,,,,,,45.562,-85.062,38.750
1,S,6481340,5417,1.760,0.480,2.080,-9.887,-0.182,0.142,,,,,,,,,,,,
1,B,6483372,2032,,,,,,,,,,-10.074,-0.113,-0.250,,,,,,
1,S,6483372,4064,2.080,0.800,2.400,-9.887,-0.182,0.158,,,,,,,,,,,,
1,B,6486081,2709,,,,,,,,,,-10.070,-0.105,-0.230,,,,,,
1,S,6486081,677,2.720,1.440,2.720,-9.887,-0.182,0.163,,,,,,,,,,,,
1,B,6488791,2710,,,,,,,,,,,,,-0.112,-0.112,0.000,,,
1,S,6488791,2710,2.720,2.080,2.720,-9.887,-0.193,0.172,,,,,,,,,,,,
1,B,6491500,2709,,,,,,,,,,,,,,,,47.375,-86.375,38.875
1,S,6491500,2709,2.080,1.760,2.400,-9.898,-0.203,0.182,,,,,,,,,,,,
1,B,6494887,3387,,,,,,,,,,-10.094,-0.125,-0.199,,,,,,
1,S,6494887,3387,1.120,0.800,2.400,-9.912,-0.212,0.188,,,,,,,,,,,,
1,B,6496919,2032,,,,,,,,,,,,,-0.224,-0.112,0.000,,,
1,S,6496919,2032,0.800,0.480,2.400,-9.912,-0.217,0.188,,,,,,,,,,,,
1,B,6500982,4063,,,,,,,,,,,,,,,,46.375,-85.625,38.625
1,S,6500982,4063,1.120,0.480,2.080,-9.902,-0.223,0.193,,,,,,,,,,,,
1,B,6504368,3386,,,,,,,,,,-10.090,-0.125,-0.199,,,,,,
1,S,6504368,5418,1.440,0.480,2.400,-9.883,-0.207,0.198,,,,,,,,,,,,
1,B,6507077,2709,,,,,,,,,,,,,-0.224,0.000,0.000,,,
1,S,6507077,677,0.800,0.480,2.720,-9.883,-0.207,0.198,,,,,,,,,,,,
1,B,6511141,4064,,,,,,,,,,,,,,,,46.188,-86.375,38.688
1,S,6511141,4064,0.800,1.120,2.720,-9.893,-0.198,0.182,,,,,,,,,,,,
1,B,6513172,2031,,,,,,,,,,-10.074,-0.086,-0.172,,,,,,
1,S,6513172,2031,0.480,1.440,2.400,-9.898,-0.193,0.168,,,,,,,,,,,,
1,B,6515883,2711,,,,,,,,,,-10.066,-0.066,-0.230,,,,,,
1,S,6515883,2711,0.160,0.800,2.080,-9.898,-0.177,0.163,,,,,,,,,,,,
1,B,6519946,4063,,,,,,,,,,,,,-0.112,0.000,0.112,,,
1,S,6519946,4063,0.480,0.160,2.080,-9.883,-0.158,0.152,,,,,,,,,,,,
1,B,6521978,2032,,,,,,,,,,,,,,,,45.375,-85.312,39.375
1,S,6521978,2032,1.760,0.480,2.400,-9.877,-0.158,0.147,,,,,,,,,,,,
1,B,6525364,3386,,,,,,,,,,-10.066,-0.066,-0.238,,,,,,
1,S,6525364,5418,2.400,1.440,2.720,-9.867,-0.168,0.122,,,,,,,,,,,,
1,B,6528072,2708,,,,,,,,,,,,,0.000,0.000,0.112,,,
1,S,6528072,676,0.800,1.760,2.720,-9.867,-0.168,0.117,,,,,,,,,,,,
1,B,6532136,4064,,,,,,,,,,,,,,,,45.250,-84.875,38.500
1,S,6532136,4064,0.800,1.440,1.760,-9.793,-0.172,0.107,,,,,,,,,,,,
1,B,6535523,3387,,,,,,,,,,-9.977,-0.078,-0.238,,,,,,
1,S,6535523,3387,-0.160,0.480,1.760,-9.797,-0.158,0.107,,,,,,,,,,,,
1,B,6537555,2032,,,,,,,,,,,,,0.000,0.000,0.112,,,
1,S,6537555,2032,-0.160,0.480,1.760,-9.848,-0.152,0.113,,,,,,,,,,,,
1,B,6542974,5419,,,,,,,,,,,,,,,,45.438,-85.250,38.375
1,S,6542974,5419,-0.160,1.440,2.400,-10.217,-0.128,0.163,,,,,,,,,,,,
1,B,6545005,2031,,,,,,,,,,-10.312,-0.027,-0.230,,,,,,
1,S,6545005,2031,0.480,1.760,2.400,-10.242,-0.128,0.158,,,,,,,,,,,,
1,B,6547715,2710,,,,,,,,,,,,,0.000,0.000,0.000,,,
1,S,6547715,2710,0.800,2.080,2.080,-10.082,-0.147,0.138,,,,,,,,,,,,
1,B,6551778,4063,,,,,,,,,,-10.121,-0.086,-0.238,,,,,,
1,S,6551778,4063,0.800,2.080,2.400,-9.713,-0.237,0.133,,,,,,,,,,,,
1,B,6553810,2032,,,,,,,,,,,,,,,,46.062,-85.000,38.375
1,S,6553810,2032,0.800,2.080,2.720,-9.652,-0.242,0.128,,,,,,,,,,,,
1,B,6557196,3386,,,,,,,,,,,,,0.000,-0.112,-0.112,,,
1,S,6557196,3386,1.120,1.440,2.400,-9.773,-0.233,0.133,,,,,,,,,,,,
1,B,6561938,4742,,,,,,,,,,-9.977,-0.133,-0.258,,,,,,
1,S,6561938,4742,1.440,1.440,1.760,-9.793,-0.168,0.163,,,,,,,,,,,,
1,B,6563970,2032,,,,,,,,,,-9.934,-0.078,-0.211,,,,,,
1,S,6563970,2032,1.120,1.760,1.440,-9.723,-0.172,0.182,,,,,,,,,,,,
1,B,6567355,3385,,,,,,,,,,,,,,,,45.812,-86.312,38.750
1,S,6567355,3385,0.800,2.080,1.440,-9.732,-0.168,0.193,,,,,,,,,,,,
1,B,6569387,2032,,,,,,,,,,,,,0.000,-0.112,-0.112,,,
1,S,6569387,2032,1.120,1.760,1.440,-9.838,-0.163,0.188,,,,,,,,,,,,
1,B,6572774,3387,,,,,,,,,,,,,,,,45.812,-87.250,39.250
1,S,6572774,3387,1.440,1.760,1.440,-10.068,-0.188,0.203,,,,,,,,,,,,
1,B,6576160,3386,,,,,,,,,,-10.258,-0.078,-0.152,,,,,,
1,S,6576160,3386,1.760,1.440,1.760,-10.133,-0.188,0.228,,,,,,,,,,,,
1,B,6578192,2032,,,,,,,,,,,,,0.000,-0.112,0.000,,,
1,S,6578192,2032,1.440,1.440,2.080,-10.088,-0.193,0.223,,,,,,,,,,,,
1,B,6581579,3387,,,,,,,,,,-10.223,-0.105,-0.145,,,,,,
1,S,6581579,3387,1.440,2.080,2.080,-9.973,-0.217,0.193,,,,,,,,,,,,
1,B,6584966,3387,,,,,,,,,,,,,,,,46.562,-85.812,38.938
1,S,6584966,3387,1.120,2.400,2.080,-9.893,-0.217,0.172,,,,,,,,,,,,
1,B,6586997,2031,,,,,,,,,,,,,0.000,0.000,0.000,,,
1,S,6586997,2031,1.120,2.720,2.080,-9.867,-0.223,0.172,,,,,,,,,,,,
1,B,6591738,4741,,,,,,,,,,-10.051,-0.145,-0.191,,,,,,
1,S,6591738,4741,1.120,1.760,2.400,-9.787,-0.212,0.152,,,,,,,,,,,,
1,B,6593770,2032,,,,,,,,,,,,,,,,45.688,-85.938,38.938
1,S,6593770,2032,0.800,1.440,2.080,-9.762,-0.203,0.138,,,,,,,,,,,,
1,B,6597156,3386,,,,,,,,,,,,,0.000,0.112,0.112,,,
1,S,6597156,3386,1.120,1.760,2.080,-9.762,-0.182,0.128,,,,,,,,,,,,
1,B,6601219,4063,,,,,,,,,,-9.965,-0.086,-0.219,,,,,,
1,S,6601219,4063,1.760,1.760,2.400,-9.857,-0.152,0.133,,,,,,,,,,,,
1,B,6603929,2710,,,,,,,,,,-10.090,-0.047,-0.219,,,,,,
1,S,6603929,2710,1.440,1.760,2.720,-9.932,-0.152,0.128,,,,,,,,,,,,
1,B,6606638,2709,,,,,,,,,,,,,,,,45.375,-84.688,38.938
1,S,6606638,2709,1.120,1.760,2.400,-9.953,-0.152,0.122,,,,,,,,,,,,
1,B,6609347,2709,,,,,,,,,,,,,0.112,0.112,0.112,,,
1,S,6609347,2709,1.120,1.440,2.400,-9.928,-0.168,0.117,,,,,,,,,,,,
1,B,6612734,3387,,,,,,,,,,-10.094,-0.098,-0.250,,,,,,
1,S,6612734,3387,1.120,1.120,2.400,-9.898,-0.188,0.117,,,,,,,,,,,,
1,B,6615443,2709,,,,,,,,,,,,,,,,46.875,-85.562,38.250
1,S,6615443,2709,0.160,1.440,3.040,-9.912,-0.198,0.107,,,,,,,,,,,,
1,B,6618151,2708,,,,,,,,,,,,,0.112,0.000,0.000,,,
1,S,6618151,2708,0.160,1.440,3.360,-9.938,-0.207,0.107,,,,,,,,,,,,
1,B,6622215,4064,,,,,,,,,,-10.141,-0.125,-0.250,,,,,,
1,S,6622215,4064,0.480,0.480,2.400,-9.887,-0.207,0.113,,,,,,,,,,,,
1,B,6624906,2691,,,,,,,,,,,,,,,,46.250,-85.750,39.000
1,S,6624906,2691,0.480,-0.160,1.760,-9.848,-0.207,0.122,,,,,,,,,,,,
1,B,6627634,2728,,,,,,,,,,,,,0.224,-0.112,0.000,,,
1,S,6627634,2728,0.480,-0.160,1.760,-9.828,-0.198,0.147,,,,,,,,,,,,
1,B,6632375,4741,,,,,,,,,,-10.059,-0.113,-0.230,,,,,,
1,S,6632375,4741,0.800,1.120,2.400,-9.877,-0.188,0.172,,,,,,,,,,,,
1,B,6634407,2032,,,,,,,,,,-10.059,-0.078,-0.184,,,,,,
1,S,6634407,2032,1.760,1.120,2.080,-9.883,-0.177,0.182,,,,,,,,,,,,
1,B,6637794,3387,,,,,,,,,,,,,,,,45.500,-86.625,38.938
1,S,6637794,3387,2.080,0.480,1.120,-9.877,-0.168,0.188,,,,,,,,,,,,
1,B,6639825,2031,,,,,,,,,,,,,0.224,-0.112,0.000,,,
1,S,6639825,2031,1.440,0.160,0.800,-9.877,-0.172,0.193,,,,,,,,,,,,
1,B,6643211,3386,,,,,,,,,,-10.113,-0.078,-0.172,,,,,,
1,S,6643211,3386,1.120,0.480,1.120,-9.908,-0.198,0.198,,,,,,,,,,,,
1,B,6646598,3387,,,,,,,,,,,,,,,,46.062,-85.438,38.438
1,S,6646598,3387,1.120,0.800,2.080,-9.932,-0.217,0.198,,,,,,,,,,,,
1,B,6648630,2032,,,,,,,,,,,,,0.112,-0.112,0.000,,,
1,S,6648630,2032,1.440,1.120,2.080,-9.928,-0.223,0.198,,,,,,,,,,,,
1,B,6652015,3385,,,,,,,,,,-10.109,-0.145,-0.184,,,,,,
1,S,6652015,3385,1.120,1.440,2.400,-9.908,-0.237,0.198,,,,,,,,,,,,
1,B,6655402,3387,,,,,,,,,,,,,,,,45.125,-85.625,38.562
1,S,6655402,3387,0.800,1.120,2.400,-9.898,-0.233,0.193,,,,,,,,,,,,
1,B,6657434,2032,,,,,,,,,,,,,0.000,0.000,0.112,,,
1,S,6657434,2032,0.480,0.800,2.400,-9.887,-0.217,0.188,,,,,,,,,,,,
1,B,6662175,4741,,,,,,,,,,-10.094,-0.113,-0.184,,,,,,
1,S,6662175,4741,0.480,1.120,2.400,-9.852,-0.172,0.168,,,,,,,,,,,,
1,B,6664207,2032,,,,,,,,,,-10.102,-0.047,-0.199,,,,,,
1,S,6664207,2032,0.800,1.440,2.400,-9.863,-0.158,0.163,,,,,,,,,,,,
1,B,6667594,3387,,,,,,,,,,,,,,,,46.812,-84.562,37.750
1,S,6667594,3387,0.800,2.080,2.400,-9.893,-0.138,0.163,,,,,,,,,,,,
1,B,6669626,2032,,,,,,,,,,,,,-0.224,0.112,0.112,,,
1,S,6669626,2032,0.480,2.080,2.080,-9.908,-0.138,0.163,,,,,,,,,,,,
1,B,6673011,3385,,,,,,,,,,,,,,,,45.938,-86.562,38.562
1,S,6673011,3385,0.480,1.120,2.080,-9.898,-0.152,0.152,,,,,,,,,,,,
1,B,6676398,3387,,,,,,,,,,-10.094,-0.047,-0.219,,,,,,
1,S,6676398,3387,1.120,0.800,2.400,-9.893,-0.172,0.138,,,,,,,,,,,,
1,B,6679785,3387,,,,,,,,,,,,,-0.224,0.112,0.112,,,
1,S,6679785,3387,1.760,1.120,2.400,-9.908,-0.177,0.133,,,,,,,,,,,,
1,B,6683171,3386,,,,,,,,,,-10.102,-0.059,-0.250,,,,,,
1,S,6683171,3386,1.440,1.120,2.080,-9.898,-0.172,0.117,,,,,,,,,,,,
1,B,6686558,3387,,,,,,,,,,,,,,,,45.562,-86.062,39.312
1,S,6686558,3387,0.480,0.160,2.080,-9.863,-0.177,0.113,,,,,,,,,,,,
1,B,6688590,2032,,,,,,,,,,,,,0.000,0.112,0.000,,,
1,S,6688590,2032,0.160,-0.160,1.760,-9.857,-0.177,0.117,,,,,,,,,,,,
1,B,6691977,3387,,,,,,,,,,-10.059,-0.078,-0.258,,,,,,
1,S,6691977,3387,0.480,0.160,1.440,-9.873,-0.172,0.128,,,,,,,,,,,,
1,B,6695362,3385,,,,,,,,,,,,,,,,45.312,-85.938,39.062
1,S,6695362,3385,1.120,0.800,1.760,-9.883,-0.168,0.122,,,,,,,,,,,,
1,B,6697394,2032,,,,,,,,,,,,,0.000,0.000,0.000,,,
1,S,6697394,2032,1.120,1.440,1.760,-9.883,-0.168,0.122,,,,,,,,,,,,
1,B,6701458,4064,,,,,,,,,,-10.066,-0.066,-0.238,,,,,,
1,S,6701458,4064,0.800,1.440,2.080,-9.887,-0.188,0.138,,,,,,,,,,,,
1,B,6704167,2709,,,,,,,,,,-10.121,-0.098,-0.230,,,,,,
1,S,6704167,5419,1.120,1.440,1.760,-9.912,-0.193,0.158,,,,,,,,,,,,
1,B,6707554,3387,,,,,,,,,,,,,,,,45.688,-86.000,39.000
1,S,6707554,677,0.800,1.440,1.760,-9.912,-0.193,0.163,,,,,,,,,,,,
1,B,6709586,2032,,,,,,,,,,,,,0.000,-0.112,0.000,,,
1,S,6709586,2032,0.800,1.120,1.760,-9.898,-0.198,0.168,,,,,,,,,,,,
1,B,6712972,3386,,,,,,,,,,,,,,,,45.250,-85.438,39.000
1,S,6712972,3386,1.120,0.800,2.400,-9.873,-0.212,0.168,,,,,,,,,,,,
1,B,6716358,3386,,,,,,,,,,-10.098,-0.113,-0.211,,,,,,
1,S,6716358,3386,1.120,0.480,2.080,-9.873,-0.223,0.172,,,,,,,,,,,,
1,B,6718390,2032,,,,,,,,,,,,,0.112,-0.112,0.000,,,
1,S,6718390,2032,0.480,0.480,1.760,-9.877,-0.223,0.177,,,,,,,,,,,,
1,B,6722454,4064,,,,,,,,,,-10.090,-0.133,-0.184,,,,,,
1,S,6722454,4064,-0.160,0.800,1.760,-9.877,-0.217,0.188,,,,,,,,,,,,
1,B,6725163,2709,,,,,,,,,,,,,,,,45.625,-85.500,38.875
1,S,6725163,2709,-0.480,1.120,1.760,-9.883,-0.212,0.193,,,,,,,,,,,,
1,B,6727195,2032,,,,,,,,,,,,,0.112,-0.112,0.000,,,
1,S,6727195,2032,-0.160,1.440,2.400,-9.893,-0.207,0.203,,,,,,,,,,,,
1,B,6731258,4063,,,,,,,,,,-10.094,-0.133,-0.184,,,,,,
1,S,6731258,4063,0.160,1.760,3.040,-9.922,-0.198,0.207,,,,,,,,,,,,
1,B,6733968,2710,,,,,,,,,,,,,,,,46.062,-84.438,37.938
1,S,6733968,2710,0.800,1.760,2.720,-9.922,-0.193,0.203,,,,,,,,,,,,
1,B,6737354,3386,,,,,,,,,,,,,0.000,-0.112,0.000,,,
1,S,6737354,3386,1.440,1.120,2.720,-9.908,-0.177,0.188,,,,,,,,,,,,
1,B,6741418,4064,,,,,,,,,,-10.098,-0.086,-0.172,,,,,,
1,S,6741418,4064,1.440,0.800,2.400,-9.908,-0.168,0.177,,,,,,,,,,,,
1,B,6743450,2032,,,,,,,,,,-10.105,-0.059,-0.191,,,,,,
1,S,6743450,2032,1.440,0.800,2.400,-9.912,-0.168,0.177,,,,,,,,,,,,
1,B,6746837,3387,,,,,,,,,,,,,,,,46.375,-84.000,37.750
1,S,6746837,3387,1.120,1.120,2.400,-9.898,-0.172,0.163,,,,,,,,,,,,
1,B,6749545,2708,,,,,,,,,,,,,0.000,0.000,0.000,,,
1,S,6749545,2708,1.440,1.440,2.400,-9.877,-0.172,0.158,,,,,,,,,,,,
1,B,6752254,2709,,,,,,,,,,-10.074,-0.105,-0.211,,,,,,
1,S,6752254,2709,1.440,1.440,2.400,-9.867,-0.177,0.142,,,,,,,,,,,,
1,B,6755641,3387,,,,,,,,,,,,,,,,46.750,-84.625,38.062
1,S,6755641,3387,1.440,1.760,2.400,-9.877,-0.177,0.133,,,,,,,,,,,,
1,B,6758350,2709,,,,,,,,,,,,,0.000,0.112,0.000,,,
1,S,6758350,2709,1.120,1.760,2.400,-9.887,-0.172,0.122,,,,,,,,,,,,
1,B,6762414,4064,,,,,,,,,,-10.098,-0.066,-0.250,,,,,,
1,S,6762414,4064,1.120,1.440,2.080,-9.887,-0.163,0.117,,,,,,,,,,,,
1,B,6764446,2032,,,,,,,,,,,,,,,,46.250,-84.750,38.500
1,S,6764446,2032,1.120,1.440,2.080,-9.887,-0.152,0.122,,,,,,,,,,,,
1,B,6767154,2708,,,,,,,,,,,,,0.000,0.112,0.000,,,
1,S,6767154,2708,1.120,1.440,2.080,-9.902,-0.147,0.128,,,,,,,,,,,,
1,B,6771218,4064,,,,,,,,,,-10.086,-0.039,-0.250,,,,,,
1,S,6771218,4064,0.800,1.120,2.080,-9.912,-0.152,0.128,,,,,,,,,,,,
1,B,6773250,2032,,,,,,,,,,-10.090,-0.059,-0.238,,,,,,
1,S,6773250,2032,0.800,0.800,2.080,-9.902,-0.158,0.122,,,,,,,,,,,,
1,B,6776637,3387,,,,,,,,,,,,,,,,45.312,-85.938,39.062
1,S,6776637,3387,1.440,0.480,2.080,-9.887,-0.177,0.117,,,,,,,,,,,,
1,B,6779346,2709,,,,,,,,,,,,,0.000,0.000,0.000,,,
1,S,6779346,2709,1.120,0.480,2.080,-9.883,-0.188,0.122,,,,,,,,,,,,
1,B,6782055,2709,,,,,,,,,,,,,,,,45.812,-84.188,38.438
1,S,6782055,2709,0.480,0.800,2.400,-9.877,-0.203,0.138,,,,,,,,,,,,
1,B,6785441,3386,,,,,,,,,,-10.066,-0.105,-0.184,,,,,,
1,S,6785441,3386,0.160,1.120,2.400,-9.873,-0.217,0.158,,,,,,,,,,,,
1,B,6788150,2709,,,,,,,,,,,,,0.000,-0.112,0.000,,,
1,S,6788150,2709,0.800,1.120,2.400,-9.863,-0.233,0.168,,,,,,,,,,,,
1,B,6792892,4742,,,,,,,,,,,,,,,,45.375,-85.812,38.750
1,S,6792892,4742,1.440,0.800,2.080,-9.887,-0.223,0.177,,,,,,,,,,,,
1,B,6795601,2709,,,,,,,,,,-10.074,-0.125,-0.219,,,,,,
1,S,6795601,2709,1.440,0.800,1.440,-9.908,-0.212,0.182,,,,,,,,,,,,
1,B,6797633,2032,,,,,,,,,,,,,0.000,-0.112,0.000,,,
1,S,6797633,2032,1.120,0.480,1.760,-9.918,-0.207,0.188,,,,,,,,,,,,
1,B,6802374,4741,,,,,,,,,,-10.121,-0.125,-0.172,,,,,,
1,S,6802374,4741,0.800,0.160,2.080,-9.932,-0.207,0.198,,,,,,,,,,,,
1,B,6804406,2032,,,,,,,,,,,,,,,,45.250,-85.438,39.000
1,S,6804406,2032,0.800,0.480,2.080,-9.932,-0.212,0.203,,,,,,,,,,,,
1,B,6807792,3386,,,,,,,,,,,,,0.112,-0.112,-0.112,,,
1,S,6807792,3386,0.800,1.120,1.760,-9.918,-0.223,0.198,,,,,,,,,,,,
1,B,6811856,4064,,,,,,,,,,-10.113,-0.113,-0.184,,,,,,
1,S,6811856,4064,1.120,2.080,1.760,-9.893,-0.217,0.198,,,,,,,,,,,,
1,B,6813888,2032,,,,,,,,,,-10.094,-0.113,-0.172,,,,,,
1,S,6813888,2032,1.760,2.720,1.760,-9.883,-0.212,0.193,,,,,,,,,,,,
1,B,6817274,3386,,,,,,,,,,,,,,,,46.062,-85.000,38.375
1,S,6817274,3386,1.760,2.400,2.080,-9.883,-0.207,0.172,,,,,,,,,,,,
1,B,6819984,2710,,,,,,,,,,,,,0.000,0.000,0.000,,,
1,S,6819984,2710,2.080,1.760,1.760,-9.877,-0.203,0.158,,,,,,,,,,,,
1,B,6823370,3386,,,,,,,,,,-10.062,-0.105,-0.211,,,,,,
1,S,6823370,3386,1.760,1.440,2.080,-9.867,-0.193,0.147,,,,,,,,,,,,
1,B,6826078,2708,,,,,,,,,,,,,,,,46.000,-82.875,38.062
1,S,6826078,2708,1.120,1.440,2.400,-9.867,-0.182,0.152,,,,,,,,,,,,
1,B,6828788,2710,,,,,,,,,,,,,0.000,0.112,0.000,,,
1,S,6828788,2710,0.480,1.760,2.400,-9.883,-0.177,0.147,,,,,,,,,,,,
1,B,6832852,4064,,,,,,,,,,-10.094,-0.078,-0.230,,,,,,
1,S,6832852,4064,0.800,1.760,2.400,-9.912,-0.172,0.133,,,,,,,,,,,,
1,B,6834884,2032,,,,,,,,,,,,,,,,46.438,-86.062,38.812
1,S,6834884,2032,1.440,1.440,2.720,-9.912,-0.168,0.128,,,,,,,,,,,,
1,B,6838270,3386,,,,,,,,,,,,,0.000,0.112,0.112,,,
1,S,6838270,3386,1.760,1.440,3.040,-9.898,-0.158,0.117,,,,,,,,,,,,
1,B,6843010,4740,,,,,,,,,,-10.090,-0.059,-0.230,,,,,,
1,S,6843010,4740,1.760,1.120,2.720,-9.883,-0.158,0.117,,,,,,,,,,,,
1,B,6845042,2032,,,,,,,,,,-10.090,-0.047,-0.230,,,,,,
1,S,6845042,2032,1.440,1.120,2.080,-9.873,-0.158,0.122,,,,,,,,,,,,
1,B,6848429,3387,,,,,,,,,,,,,,,,45.750,-84.750,38.875
1,S,6848429,3387,1.120,1.120,1.440,-9.867,-0.158,0.122,,,,,,,,,,,,
1,B,6850461,2032,,,,,,,,,,,,,0.112,0.112,0.112,,,
1,S,6850461,2032,0.480,1.440,1.120,-9.863,-0.168,0.122,,,,,,,,,,,,
1,B,6853848,3387,,,,,,,,,,-10.047,-0.047,-0.258,,,,,,
1,S,6853848,3387,0.480,1.120,1.440,-9.838,-0.182,0.117,,,,,,,,,,,,
1,B,6857234,3386,,,,,,,,,,,,,,,,46.688,-84.688,37.312
1,S,6857234,3386,0.480,1.120,2.080,-9.742,-0.193,0.117,,,,,,,,,,,,
1,B,6859266,2032,,,,,,,,,,,,,0.112,0.000,0.000,,,
1,S,6859266,2032,0.800,1.120,2.400,-9.727,-0.188,0.133,,,,,,,,,,,,
1,B,6862653,3387,,,,,,,,,,-9.945,-0.086,-0.219,,,,,,
1,S,6862653,3387,1.120,0.800,2.080,-9.828,-0.188,0.168,,,,,,,,,,,,
1,B,6866038,3385,,,,,,,,,,,,,,,,45.438,-85.250,38.375
1,S,6866038,3385,1.440,-0.480,1.760,-10.098,-0.168,0.212,,,,,,,,,,,,
1,B,6868070,2032,,,,,,,,,,,,,0.112,-0.112,0.000,,,
1,S,6868070,2032,1.440,-0.480,2.080,-10.277,-0.152,0.233,,,,,,,,,,,,
1,B,6872812,4742,,,,,,,,,,-10.477,-0.039,-0.145,,,,,,
1,S,6872812,4742,1.440,0.800,1.760,-10.178,-0.168,0.198,,,,,,,,,,,,
1,B,6874844,2032,,,,,,,,,,-10.031,-0.145,-0.145,,,,,,
1,S,6874844,2032,0.800,1.120,1.760,-9.973,-0.207,0.193,,,,,,,,,,,,
1,B,6878230,3386,,,,,,,,,,,,,,,,46.500,-86.000,37.750
1,S,6878230,3386,0.800,1.120,2.080,-9.693,-0.268,0.177,,,,,,,,,,,,
1,B,6880262,2032,,,,,,,,,,,,,0.000,-0.112,0.000,,,
1,S,6880262,2032,0.480,1.120,2.080,-9.678,-0.263,0.168,,,,,,,,,,,,
1,B,6883649,3387,,,,,,,,,,,,,,,,45.438,-85.750,39.500
1,S,6883649,3387,0.800,1.120,2.080,-9.783,-0.268,0.152,,,,,,,,,,,,
1,B,6887034,3385,,,,,,,,,,-10.000,-0.164,-0.199,,,,,,
1,S,6887034,3385,0.800,1.760,2.080,-9.762,-0.203,0.158,,,,,,,,,,,,
1,B,6890421,3387,,,,,,,,,,,,,0.112,-0.112,0.112,,,
1,S,6890421,3387,1.440,1.760,2.080,-9.668,-0.188,0.177,,,,,,,,,,,,
1,B,6893808,3387,,,,,,,,,,-9.906,-0.059,-0.191,,,,,,
1,S,6893808,3387,1.760,1.440,2.400,-9.723,-0.152,0.172,,,,,,,,,,,,
1,B,6897194,3386,,,,,,,,,,,,,,,,46.500,-85.500,38.375
1,S,6897194,3386,1.440,1.760,2.720,-9.957,-0.152,0.168,,,,,,,,,,,,
1,B,6899226,2032,,,,,,,,,,,,,0.000,0.000,0.112,,,
1,S,6899226,2032,1.120,1.760,3.040,-10.102,-0.163,0.182,,,,,,,,,,,,
1,B,6902612,3386,,,,,,,,,,-10.309,-0.059,-0.191,,,,,,
1,S,6902612,6095,1.120,1.440,2.080,-10.078,-0.182,0.177,,,,,,,,,,,,
1,B,6905999,3387,,,,,,,,,,,,,,,,45.812,-84.188,38.438
1,S,6905999,678,0.800,1.440,1.760,-10.047,-0.193,0.168,,,,,,,,,,,,
1,B,6908030,2031,,,,,,,,,,-10.191,-0.078,-0.211,,,,,,
1,S,6908030,2031,0.800,1.440,1.760,-9.953,-0.203,0.147,,,,,,,,,,,,
1,B,6911417,3387,,,,,,,,,,,,,0.000,0.112,0.000,,,
1,S,6911417,3387,0.800,1.760,2.080,-9.877,-0.207,0.122,,,,,,,,,,,,
1,B,6913449,2032,,,,,,,,,,,,,,,,45.375,-84.688,38.938
1,S,6913449,2032,0.480,1.760,2.400,-9.867,-0.212,0.122,,,,,,,,,,,,
1,B,6916836,3387,,,,,,,,,,-10.055,-0.125,-0.258,,,,,,
1,S,6916836,3387,0.800,1.760,2.400,-9.812,-0.198,0.117,,,,,,,,,,,,
1,B,6920222,3386,,,,,,,,,,,,,0.112,0.112,0.112,,,
1,S,6920222,3386,1.440,2.080,2.400,-9.723,-0.177,0.107,,,,,,,,,,,,
1,B,6922253,2031,,,,,,,,,,,,,,,,46.750,-85.688,38.625
1,S,6922253,2031,1.440,2.080,2.400,-9.707,-0.163,0.107,,,,,,,,,,,,
1,B,6925640,3387,,,,,,,,,,-9.926,-0.047,-0.258,,,,,,
1,S,6925640,3387,1.120,1.120,2.080,-9.807,-0.128,0.128,,,,,,,,,,,,
1,B,6927672,2032,,,,,,,,,,,,,0.000,0.112,0.000,,,
1,S,6927672,2032,0.800,0.160,1.760,-9.908,-0.122,0.142,,,,,,,,,,,,
1,B,6932413,4741,,,,,,,,,,,,,,,,46.250,-85.812,38.250
1,S,6932413,4741,0.480,0.160,2.080,-9.963,-0.142,0.152,,,,,,,,,,,,
1,B,6934445,2032,,,,,,,,,,-10.152,-0.039,-0.230,,,,,,
1,S,6934445,2032,0.480,0.800,2.720,-9.918,-0.172,0.142,,,,,,,,,,,,
1,B,6937154,2709,,,,,,,,,,,,,0.000,0.000,0.000,,,
1,S,6937154,2709,0.800,1.120,2.400,-9.867,-0.193,0.133,,,,,,,,,,,,
1,B,6941218,4064,,,,,,,,,,-10.094,-0.098,-0.211,,,,,,
1,S,6941218,4064,1.440,1.440,2.080,-9.918,-0.212,0.142,,,,,,,,,,,,
1,B,6943249,2031,,,,,,,,,,,,,,,,46.062,-85.000,38.375
1,S,6943249,2031,1.760,1.120,2.080,-9.957,-0.223,0.152,,,,,,,,,,,,
1,B,6945960,2711,,,,,,,,,,-10.133,-0.133,-0.191,,,,,,
1,S,6945960,2711,1.760,0.480,2.080,-9.953,-0.233,0.168,,,,,,,,,,,,
1,B,6947991,2031,,,,,,,,,,,,,0.000,-0.112,0.000,,,
1,S,6947991,2031,1.440,0.160,2.080,-9.918,-0.233,0.177,,,,,,,,,,,,
1,B,6952054,4063,,,,,,,,,,,,,,,,46.062,-85.000,38.375
1,S,6952054,4063,1.120,0.480,2.080,-9.867,-0.223,0.188,,,,,,,,,,,,
1,B,6954764,2710,,,,,,,,,,-10.070,-0.133,-0.184,,,,,,
1,S,6954764,2710,0.800,0.800,1.760,-9.867,-0.207,0.198,,,,,,,,,,,,
1,B,6956796,2032,,,,,,,,,,,,,0.000,-0.112,-0.112,,,
1,S,6956796,2032,0.800,0.800,1.440,-9.867,-0.198,0.203,,,,,,,,,,,,
1,B,6960860,4064,,,,,,,,,,,,,,,,45.750,-84.812,38.125
1,S,6960860,4064,0.480,1.440,2.080,-9.832,-0.172,0.203,,,,,,,,,,,,
1,B,6964245,3385,,,,,,,,,,-10.020,-0.086,-0.152,,,,,,
1,S,6964245,3385,0.160,1.440,2.400,-9.832,-0.177,0.207,,,,,,,,,,,,
1,B,6966955,2710,,,,,,,,,,,,,0.000,0.000,0.000,,,
1,S,6966955,2710,0.160,1.440,2.400,-9.883,-0.198,0.203,,,,,,,,,,,,
1,B,6971018,4063,,,,,,,,,,,,,,,,46.750,-85.688,38.625
1,S,6971018,4063,0.800,1.760,2.080,-9.953,-0.217,0.172,,,,,,,,,,,,
1,B,6973050,2032,,,,,,,,,,-10.160,-0.098,-0.172,,,,,,
1,S,6973050,2032,1.760,1.440,1.760,-9.953,-0.217,0.152,,,,,,,,,,,,
1,B,6975760,2710,,,,,,,,,,-10.109,-0.133,-0.199,,,,,,
1,S,6975760,2710,1.440,1.120,1.120,-9.932,-0.223,0.138,,,,,,,,,,,,
1,B,6979146,3386,,,,,,,,,,,,,0.000,0.112,0.000,,,
1,S,6979146,3386,0.800,0.800,1.440,-9.902,-0.228,0.138,,,,,,,,,,,,
1,B,6983209,4063,,,,,,,,,,,,,,,,46.125,-84.875,38.062
1,S,6983209,4063,0.160,0.480,2.720,-9.873,-0.207,0.147,,,,,,,,,,,,
1,B,6986596,3387,,,,,,,,,,-10.074,-0.086,-0.219,,,,,,
1,S,6986596,3387,0.800,0.800,2.400,-9.848,-0.177,0.142,,,,,,,,,,,,
1,B,6988628,2032,,,,,,,,,,,,,-0.224,0.112,0.112,,,
1,S,6988628,2032,0.800,1.120,2.400,-9.852,-0.168,0.138,,,,,,,,,,,,
1,B,6992692,4064,,,,,,,,,,,,,,,,45.625,-84.500,38.312
1,S,6992692,4064,0.800,1.120,2.400,-9.887,-0.158,0.138,,,,,,,,,,,,
1,B,6996078,3386,,,,,,,,,,-10.090,-0.059,-0.219,,,,,,
1,S,6996078,3386,1.440,0.800,2.400,-9.912,-0.152,0.142,,,,,,,,,,,,
1,B,6998788,2710,,,,,,,,,,,,,-0.112,0.112,0.112,,,
1,S,6998788,2710,1.440,0.800,2.400,-9.908,-0.152,0.152,,,,,,,,,,,,
1,B,7002852,4064,,,,,,,,,,,,,,,,45.938,-84.562,38.312
1,S,7002852,4064,0.800,0.800,2.400,-9.912,-0.168,0.163,,,,,,,,,,,,
1,B,7004884,2032,,,,,,,,,,-10.094,-0.059,-0.230,,,,,,
1,S,7004884,2032,0.800,0.800,2.080,-9.912,-0.168,0.163,,,,,,,,,,,,
1,B,7007592,2708,,,,,,,,,,,,,0.000,0.000,0.000,,,
1,S,7007592,2708,0.480,0.480,2.080,-9.898,-0.163,0.163,,,,,,,,,,,,
1,B,7011656,4064,,,,,,,,,,-10.102,-0.066,-0.211,,,,,,
1,S,7011656,4064,0.480,0.800,2.080,-9.873,-0.172,0.152,,,,,,,,,,,,
1,B,7013688,2032,,,,,,,,,,,,,,,,45.750,-84.250,37.750
1,S,7013688,2032,1.120,1.120,2.080,-9.873,-0.182,0.158,,,,,,,,,,,,
1,B,7016397,2709,,,,,,,,,,-10.105,-0.066,-0.184,,,,,,
1,S,7016397,2709,1.120,0.800,1.760,-9.893,-0.188,0.168,,,,,,,,,,,,
1,B,7018429,2032,,,,,,,,,,,,,0.112,0.000,0.000,,,
1,S,7018429,2032,0.800,0.480,1.760,-9.902,-0.188,0.172,,,,,,,,,,,,
1,B,7022493,4064,,,,,,,,,,,,,,,,45.500,-85.625,39.188
1,S,7022493,4064,0.800,0.480,1.760,-9.887,-0.172,0.168,,,,,,,,,,,,
1,B,7025880,3387,,,,,,,,,,-10.094,-0.047,-0.230,,,,,,
1,S,7025880,3387,0.800,0.160,1.440,-9.877,-0.172,0.158,,,,,,,,,,,,
1,B,7028588,2708,,,,,,,,,,,,,0.112,0.000,0.000,,,
1,S,7028588,2708,0.480,0.480,1.760,-9.902,-0.172,0.147,,,,,,,,,,,,
1,B,7032652,4064,,,,,,,,,,,,,,,,45.562,-84.500,38.375
1,S,7032652,4064,-0.160,1.120,2.400,-9.932,-0.172,0.147,,,,,,,,,,,,
1,B,7036038,3386,,,,,,,,,,-10.137,-0.086,-0.219,,,,,,
1,S,7036038,3386,0.480,1.760,2.400,-9.902,-0.182,0.147,,,,,,,,,,,,
1,B,7038070,2032,,,,,,,,,,,,,0.000,0.000,0.000,,,
1,S,7038070,2032,1.760,1.760,2.400,-9.873,-0.193,0.142,,,,,,,,,,,,
1,B,7043489,5419,,,,,,,,,,-10.062,-0.086,-0.230,,,,,,
1,S,7043489,5419,2.080,1.440,1.120,-9.867,-0.203,0.128,,,,,,,,,,,,
1,B,7045521,2032,,,,,,,,,,,,,,,,47.000,-85.938,38.125
1,S,7045521,2032,1.760,1.440,1.120,-9.877,-0.207,0.122,,,,,,,,,,,,
1,B,7048908,3387,,,,,,,,,,,,,0.112,0.000,0.000,,,
1,S,7048908,3387,1.440,1.440,1.760,-9.867,-0.217,0.133,,,,,,,,,,,,
1,B,7053648,4740,,,,,,,,,,-10.090,-0.086,-0.250,,,,,,
1,S,7053648,4740,1.440,1.440,2.400,-9.867,-0.212,0.147,,,,,,,,,,,,
1,B,7055680,2032,,,,,,,,,,-10.090,-0.105,-0.219,,,,,,
1,S,7055680,2032,1.120,1.440,2.400,-9.883,-0.207,0.147,,,,,,,,,,,,
1,B,7059066,3386,,,,,,,,,,,,,,,,45.812,-84.688,37.875
1,S,7059066,3386,1.120,1.120,1.760,-9.898,-0.203,0.147,,,,,,,,,,,,
1,B,7062453,3387,,,,,,,,,,,,,0.112,0.000,0.000,,,
1,S,7062453,3387,1.120,0.800,1.440,-9.898,-0.198,0.147,,,,,,,,,,,,
1,B,7065820,3367,,,,,,,,,,-10.098,-0.098,-0.219,,,,,,
1,S,7065820,3367,1.120,0.800,2.080,-9.898,-0.203,0.152,,,,,,,,,,,,
1,B,7068549,2729,,,,,,,,,,,,,,,,46.250,-85.812,38.250
1,S,7068549,2729,0.800,0.800,2.080,-9.908,-0.207,0.163,,,,,,,,,,,,
1,B,7071936,3387,,,,,,,,,,,,,0.112,0.000,0.112,,,
1,S,7071936,3387,0.480,0.800,2.080,-9.902,-0.207,0.168,,,,,,,,,,,,
1,B,7074644,2708,,,,,,,,,,-10.109,-0.125,-0.191,,,,,,
1,S,7074644,2708,0.480,0.800,2.080,-9.877,-0.212,0.177,,,,,,,,,,,,
1,B,7077353,2709,,,,,,,,,,,,,,,,45.875,-85.688,39.062
1,S,7077353,2709,0.800,0.800,2.400,-9.863,-0.217,0.188,,,,,,,,,,,,
1,B,7080740,3387,,,,,,,,,,,,,0.000,-0.112,0.000,,,
1,S,7080740,3387,1.120,1.120,2.400,-9.873,-0.217,0.198,,,,,,,,,,,,
1,B,7083449,2709,,,,,,,,,,-10.074,-0.098,-0.172,,,,,,
1,S,7083449,2709,1.120,1.440,2.400,-9.883,-0.212,0.203,,,,,,,,,,,,
1,B,7086816,3367,,,,,,,,,,,,,,,,45.500,-84.062,38.250
1,S,7086816,3367,1.120,1.120,2.080,-9.887,-0.198,0.203,,,,,,,,,,,,
1,B,7088868,2052,,,,,,,,,,,,,0.000,0.000,0.000,,,
1,S,7088868,2052,0.800,0.800,1.760,-9.883,-0.182,0.203,,,,,,,,,,,,
1,B,7092932,4064,,,,,,,,,,-10.105,-0.078,-0.191,,,,,,
1,S,7092932,4064,0.800,1.440,2.080,-9.893,-0.172,0.193,,,,,,,,,,,,
1,B,7096317,3385,,,,,,,,,,,,,,,,45.938,-85.125,38.688
1,S,7096317,3385,1.120,1.440,2.080,-9.922,-0.168,0.182,,,,,,,,,,,,
1,B,7098349,2032,,,,,,,,,,-10.113,-0.059,-0.191,,,,,,
1,S,7098349,2032,1.440,1.440,1.760,-9.928,-0.168,0.177,,,,,,,,,,,,
1,B,7101736,3387,,,,,,,,,,,,,0.000,0.000,0.112,,,
1,S,7101736,3387,1.760,1.440,1.760,-9.922,-0.163,0.177,,,,,,,,,,,,
1,B,7105122,3386,,,,,,,,,,-10.145,-0.066,-0.199,,,,,,
1,S,7105122,3386,1.760,1.440,2.080,-9.898,-0.163,0.163,,,,,,,,,,,,
1,B,7108509,3387,,,,,,,,,,,,,,,,45.438,-84.125,38.562
1,S,7108509,3387,1.120,0.800,2.080,-9.873,-0.172,0.142,,,,,,,,,,,,
1,B,7111896,3387,,,,,,,,,,,,,0.000,0.112,0.112,,,
1,S,7111896,3387,0.800,1.440,1.760,-9.863,-0.177,0.122,,,,,,,,,,,,
1,B,7113928,2032,,,,,,,,,,-10.066,-0.078,-0.219,,,,,,
1,S,7113928,2032,1.120,2.080,1.760,-9.867,-0.177,0.117,,,,,,,,,,,,
1,B,7117313,3385,,,,,,,,,,,,,,,,46.250,-85.812,38.250
1,S,7117313,3385,1.120,2.720,2.400,-9.877,-0.168,0.117,,,,,,,,,,,,
1,B,7119345,2032,,,,,,,,,,,,,0.000,0.112,0.000,,,
1,S,7119345,2032,1.120,2.720,2.400,-9.883,-0.168,0.122,,,,,,,,,,,,
1,B,7122732,3387,,,,,,,,,,-10.094,-0.066,-0.219,,,,,,
1,S,7122732,3387,0.800,1.760,2.080,-9.883,-0.172,0.122,,,,,,,,,,,,
1,B,7126118,3386,,,,,,,,,,,,,,,,45.250,-84.875,38.562
1,S,7126118,3386,1.120,0.800,1.440,-9.883,-0.182,0.117,,,,,,,,,,,,
1,B,7128150,2032,,,,,,,,,,,,,0.000,0.000,0.000,,,
1,S,7128150,2032,1.120,0.480,1.440,-9.893,-0.188,0.117,,,,,,,,,,,,
1,B,7132892,4742,,,,,,,,,,-10.102,-0.098,-0.258,,,,,,
1,S,7132892,4742,0.800,1.440,2.080,-9.932,-0.198,0.128,,,,,,,,,,,,
1,B,7136277,3385,,,,,,,,,,,,,,,,45.312,-85.375,38.688
1,S,7136277,3385,1.120,1.760,2.400,-9.922,-0.203,0.133,,,,,,,,,,,,
1,B,7138309,2032,,,,,,,,,,,,,0.000,0.000,0.000,,,
1,S,7138309,2032,1.760,1.760,2.080,-9.902,-0.207,0.138,,,,,,,,,,,,
1,B,7142373,4064,,,,,,,,,,-10.109,-0.105,-0.250,,,,,,
1,S,7142373,4064,1.760,1.440,1.760,-9.873,-0.212,0.142,,,,,,,,,,,,
1,B,7145082,2709,,,,,,,,,,,,,,,,46.375,-85.625,38.688
1,S,7145082,2709,1.760,0.800,1.760,-9.867,-0.212,0.142,,,,,,,,,,,,
1,B,7147114,2032,,,,,,,,,,,,,-0.112,-0.112,0.000,,,
1,S,7147114,2032,1.440,0.160,2.080,-9.873,-0.217,0.152,,,,,,,,,,,,
1,B,7151178,4064,,,,,,,,,,-10.086,-0.125,-0.191,,,,,,
1,S,7151178,4064,1.120,0.160,2.720,-9.883,-0.228,0.182,,,,,,,,,,,,
1,B,7153888,2710,,,,,,,,,,,,,,,,45.875,-84.125,38.188
1,S,7153888,2710,0.480,1.120,3.040,-9.887,-0.228,0.198,,,,,,,,,,,,
1,B,7155920,2032,,,,,,,,,,-10.113,-0.113,-0.184,,,,,,
1,S,7155920,2032,0.800,1.760,2.720,-9.893,-0.217,0.198,,,,,,,,,,,,
1,B,7158609,2689,,,,,,,,,,,,,-0.112,-0.112,0.000,,,
1,S,7158609,2689,1.120,1.760,2.080,-9.898,-0.207,0.198,,,,,,,,,,,,
1,B,7162692,4083,,,,,,,,,,,,,,,,45.875,-84.125,38.188
1,S,7162692,4083,1.440,1.120,1.760,-9.902,-0.193,0.198,,,,,,,,,,,,
1,B,7164724,2032,,,,,,,,,,-10.113,-0.105,-0.164,,,,,,
1,S,7164724,4064,0.800,1.120,1.440,-9.902,-0.203,0.198,,,,,,,,,,,,
1,B,7167433,2709,,,,,,,,,,,,,0.000,0.000,0.000,,,
1,S,7167433,677,0.160,1.120,1.440,-9.902,-0.203,0.198,,,,,,,,,,,,
1,B,7171497,4064,,,,,,,,,,,,,,,,46.312,-84.625,38.188
1,S,7171497,4064,0.160,1.120,1.760,-9.887,-0.203,0.182,,,,,,,,,,,,
1,B,7174884,3387,,,,,,,,,,-10.098,-0.086,-0.191,,,,,,
1,S,7174884,3387,0.800,0.800,1.440,-9.863,-0.198,0.168,,,,,,,,,,,,
1,B,7176916,2032,,,,,,,,,,,,,0.112,0.000,0.112,,,
1,S,7176916,2032,1.440,0.480,1.440,-9.822,-0.203,0.158,,,,,,,,,,,,
1,B,7180980,4064,,,,,,,,,,,,,,,,46.688,-84.188,38.000
1,S,7180980,4064,1.440,0.800,1.760,-9.723,-0.188,0.142,,,,,,,,,,,,
1,B,7183688,2708,,,,,,,,,,-9.930,-0.059,-0.219,,,,,,
1,S,7183688,2708,1.120,1.120,2.080,-9.762,-0.163,0.152,,,,,,,,,,,,
1,B,7185720,2032,,,,,,,,,,-10.223,-0.047,-0.184,,,,,,
1,S,7185720,2032,1.120,0.800,2.400,-9.852,-0.158,0.163,,,,,,,,,,,,
1,B,7189106,3386,,,,,,,,,,,,,0.000,0.000,0.112,,,
1,S,7189106,3386,1.120,0.480,2.720,-10.152,-0.128,0.193,,,,,,,,,,,,
1,B,7193170,4064,,,,,,,,,,,,,,,,46.062,-85.438,38.500
1,S,7193170,4064,0.800,0.480,2.400,-10.342,-0.117,0.177,,,,,,,,,,,,
1,B,7196557,3387,,,,,,,,,,-10.305,-0.020,-0.211,,,,,,
1,S,7196557,5419,0.800,0.800,2.080,-9.863,-0.182,0.138,,,,,,,,,,,,
1,B,7199265,2708,,,,,,,,,,,,,-0.112,0.112,0.000,,,
1,S,7199265,676,0.480,1.120,2.400,-9.797,-0.198,0.133,,,,,,,,,,,,
1,B,7203329,4064,,,,,,,,,,,,,,,,46.625,-85.875,38.188
1,S,7203329,4064,0.480,1.760,2.080,-9.658,-0.223,0.113,,,,,,,,,,,,
1,B,7206716,3387,,,,,,,,,,-9.898,-0.125,-0.238,,,,,,
1,S,7206716,3387,0.800,2.080,1.760,-9.752,-0.242,0.098,,,,,,,,,,,,
1,B,7208748,2032,,,,,,,,,,,,,0.000,0.112,0.000,,,
1,S,7208748,2032,0.800,2.080,1.440,-9.768,-0.203,0.098,,,,,,,,,,,,
1,B,7212812,4064,,,,,,,,,,,,,,,,46.875,-85.062,37.188
1,S,7212812,4064,0.800,1.120,1.760,-9.693,-0.152,0.128,,,,,,,,,,,,
1,B,7215521,2709,,,,,,,,,,-9.895,-0.047,-0.270,,,,,,
1,S,7215521,2709,0.800,0.480,2.080,-9.713,-0.138,0.147,,,,,,,,,,,,
1,B,7217553,2032,,,,,,,,,,,,,0.000,0.000,0.000,,,
1,S,7217553,2032,0.480,0.480,2.080,-9.803,-0.128,0.152,,,,,,,,,,,,
1,B,7222293,4740,,,,,,,,,,-10.117,0.000,-0.219,,,,,,
1,S,7222293,4740,0.800,1.440,2.400,-10.162,-0.168,0.182,,,,,,,,,,,,
1,B,7224325,2032,,,,,,,,,,,,,,,,45.062,-85.688,39.625
1,S,7224325,2032,1.760,2.080,2.720,-10.213,-0.158,0.193,,,,,,,,,,,,
1,B,7226357,2032,,,,,,,,,,-10.309,-0.047,-0.145,,,,,,
1,S,7226357,2032,1.760,2.080,3.040,-10.162,-0.168,0.198,,,,,,,,,,,,
1,B,7229066,2709,,,,,,,,,,,,,0.000,-0.112,0.000,,,
1,S,7229066,2709,1.440,1.440,2.720,-10.002,-0.203,0.193,,,,,,,,,,,,
1,B,7233130,4064,,,,,,,,,,,,,,,,46.438,-84.500,37.875
1,S,7233130,4064,0.800,0.800,1.760,-9.842,-0.233,0.163,,,,,,,,,,,,
1,B,7236517,3387,,,,,,,,,,-10.059,-0.133,-0.191,,,,,,
1,S,7236517,3387,0.800,1.120,2.080,-9.867,-0.258,0.147,,,,,,,,,,,,
1,B,7238549,2032,,,,,,,,,,,,,0.112,-0.112,0.000,,,
1,S,7238549,2032,1.120,1.120,2.080,-9.857,-0.258,0.142,,,,,,,,,,,,
1,B,7243290,4741,,,,,,,,,,,,,,,,45.875,-85.688,39.125
1,S,7243290,4741,1.120,1.440,1.760,-9.713,-0.242,0.133,,,,,,,,,,,,
1,B,7246000,2710,,,,,,,,,,-9.938,-0.133,-0.219,,,,,,
1,S,7246000,2710,1.120,1.440,1.760,-9.697,-0.207,0.133,,,,,,,,,,,,
1,B,7248708,2708,,,,,,,,,,,,,0.000,0.000,0.000,,,
1,S,7248708,2708,1.120,1.440,2.080,-9.807,-0.168,0.142,,,,,,,,,,,,
1,B,7252772,4064,,,,,,,,,,-10.098,-0.039,-0.199,,,,,,
1,S,7252772,4064,1.120,1.120,1.760,-9.988,-0.147,0.163,,,,,,,,,,,,
1,B,7254804,2032,,,,,,,,,,,,,,,,45.188,-84.438,38.438
1,S,7254804,2032,1.120,0.480,1.760,-9.973,-0.152,0.163,,,,,,,,,,,,
1,B,7257513,2709,,,,,,,,,,-10.098,-0.113,-0.211,,,,,,
1,S,7257513,2709,1.120,0.160,1.760,-9.887,-0.177,0.147,,,,,,,,,,,,
1,B,7260900,3387,,,,,,,,,,,,,0.112,0.000,0.000,,,
1,S,7260900,3387,1.440,0.800,2.080,-9.848,-0.212,0.142,,,,,,,,,,,,
1,B,7262932,2032,,,,,,,,,,,,,,,,45.938,-84.562,38.312
1,S,7262932,2032,1.760,1.120,2.400,-9.893,-0.228,0.142,,,,,,,,,,,,
1,B,7266318,3386,,,,,,,,,,-10.195,-0.164,-0.219,,,,,,
1,S,7266318,3386,1.760,1.440,2.400,-9.988,-0.263,0.147,,,,,,,,,,,,
1,B,7268350,2032,,,,,,,,,,,,,0.112,0.000,0.000,,,
1,S,7268350,6095,1.440,1.120,2.080,-9.867,-0.247,0.147,,,,,,,,,,,,
1,B,7273090,4740,,,,,,,,,,,,,,,,46.000,-85.562,38.812
1,S,7273090,677,0.800,0.160,2.080,-9.852,-0.242,0.152,,,,,,,,,,,,
1,B,7275800,2710,,,,,,,,,,-10.062,-0.145,-0.219,,,,,,
1,S,7275800,2710,0.480,-0.160,2.080,-9.832,-0.217,0.168,,,,,,,,,,,,
1,B,7278509,2709,,,,,,,,,,,,,0.000,0.000,0.000,,,
1,S,7278509,2709,0.800,0.160,2.080,-9.857,-0.188,0.188,,,,,,,,,,,,
1,B,7282573,4064,,,,,,,,,,,,,,,,45.625,-84.938,38.500
1,S,7282573,4064,1.440,1.440,2.080,-9.863,-0.163,0.203,,,,,,,,,,,,
1,B,7285262,2689,,,,,,,,,,-10.090,-0.066,-0.145,,,,,,
1,S,7285262,2689,1.760,1.760,2.400,-9.848,-0.147,0.203,,,,,,,,,,,,
1,B,7287314,2052,,,,,,,,,,,,,0.000,-0.112,0.000,,,
1,S,7287314,2052,1.440,1.760,2.400,-9.863,-0.142,0.203,,,,,,,,,,,,
1,B,7292733,5419,,,,,,,,,,-10.102,-0.027,-0.184,,,,,,
1,S,7292733,5419,1.120,1.760,1.760,-9.957,-0.168,0.193,,,,,,,,,,,,
1,B,7294765,2032,,,,,,,,,,,,,,,,46.000,-85.562,38.812
1,S,7294765,2032,0.480,1.760,1.760,-9.963,-0.182,0.182,,,,,,,,,,,,
1,B,7298150,3385,,,,,,,,,,-10.148,-0.086,-0.184,,,,,,
1,S,7298150,3385,0.480,1.760,1.760,-9.928,-0.203,0.163,,,,,,,,,,,,
1,B,7301537,3387,,,,,,,,,,,,,0.112,0.000,0.000,,,
1,S,7301537,3387,0.800,1.760,2.080,-9.893,-0.217,0.163,,,,,,,,,,,,
1,B,7303569,2032,,,,,,,,,,,,,,,,45.438,-85.250,38.375
1,S,7303569,2032,1.440,1.440,2.080,-9.883,-0.217,0.158,,,,,,,,,,,,
1,B,7306956,3387,,,,,,,,,,-10.086,-0.105,-0.211,,,,,,
1,S,7306956,3387,1.760,1.440,2.400,-9.863,-0.198,0.142,,,,,,,,,,,,
1,B,7308988,2032,,,,,,,,,,,,,0.112,0.112,0.000,,,
1,S,7308988,2032,1.760,1.760,2.400,-9.848,-0.188,0.133,,,,,,,,,,,,
1,B,7312374,3386,,,,,,,,,,,,,,,,45.812,-84.688,37.875
1,S,7312374,3386,1.120,1.760,2.400,-9.852,-0.168,0.138,,,,,,,,,,,,
1,B,7315761,3387,,,,,,,,,,-10.070,-0.059,-0.219,,,,,,
1,S,7315761,3387,0.800,1.760,2.720,-9.898,-0.147,0.152,,,,,,,,,,,,
1,B,7317793,2032,,,,,,,,,,,,,0.112,0.000,0.112,,,
1,S,7317793,2032,1.120,1.440,2.720,-9.918,-0.147,0.152,,,,,,,,,,,,
1,B,7322533,4740,,,,,,,,,,,,,,,,46.000,-86.625,39.375
1,S,7322533,4740,1.440,1.120,2.080,-9.908,-0.158,0.138,,,,,,,,,,,,
1,B,7324565,2032,,,,,,,,,,-10.133,-0.020,-0.219,,,,,,
1,S,7324565,2032,1.440,1.120,2.080,-9.898,-0.168,0.138,,,,,,,,,,,,
1,B,7327255,2690,,,,,,,,,,-10.102,-0.059,-0.199,,,,,,
1,S,7327255,2690,1.120,0.800,1.760,-9.898,-0.177,0.138,,,,,,,,,,,,
1,B,7329984,2729,,,,,,,,,,,,,0.112,0.112,0.112,,,
1,S,7329984,2729,0.480,0.480,2.080,-9.898,-0.188,0.142,,,,,,,,,,,,
1,B,7332693,2709,,,,,,,,,,,,,,,,47.250,-86.125,38.375
1,S,7332693,2709,0.480,0.800,2.080,-9.883,-0.198,0.142,,,,,,,,,,,,
1,B,7336079,3386,,,,,,,,,,-10.062,-0.125,-0.219,,,,,,
1,S,7336079,3386,0.800,1.440,2.080,-9.867,-0.207,0.147,,,,,,,,,,,,
1,B,7338111,2032,,,,,,,,,,,,,0.000,0.000,0.112,,,
1,S,7338111,2032,0.800,1.440,2.080,-9.867,-0.207,0.147,,,,,,,,,,,,
1,B,7342174,4063,,,,,,,,,,,,,,,,45.938,-84.562,38.312
1,S,7342174,4063,0.480,1.120,1.760,-9.877,-0.207,0.147,,,,,,,,,,,,
1,B,7345561,3387,,,,,,,,,,-10.102,-0.078,-0.199,,,,,,
1,S,7345561,3387,0.160,1.440,2.080,-9.873,-0.203,0.163,,,,,,,,,,,,
1,B,7347593,2032,,,,,,,,,,,,,0.000,0.000,0.000,,,
1,S,7347593,2032,1.440,1.440,2.400,-9.873,-0.193,0.168,,,,,,,,,,,,
1,B,7352334,4741,,,,,,,,,,,,,,,,45.312,-85.375,38.688
1,S,7352334,4741,1.760,0.800,2.400,-9.908,-0.182,0.172,,,,,,,,,,,,
1,B,7354366,2032,,,,,,,,,,-10.102,-0.098,-0.230,,,,,,
1,S,7354366,2032,1.120,0.800,2.080,-9.918,-0.188,0.172,,,,,,,,,,,,
1,B,7357075,2709,,,,,,,,,,-10.070,-0.086,-0.199,,,,,,
1,S,7357075,2709,1.120,1.120,2.080,-9.902,-0.198,0.168,,,,,,,,,,,,
1,B,7361139,4064,,,,,,,,,,,,,0.000,0.000,0.000,,,
1,S,7361139,4064,0.800,1.440,1.760,-9.877,-0.207,0.168,,,,,,,,,,,,
1,B,7363170,2031,,,,,,,,,,,,,,,,46.250,-85.250,37.875
1,S,7363170,2031,1.120,1.760,2.080,-9.877,-0.212,0.168,,,,,,,,,,,,
1,B,7366557,3387,,,,,,,,,,-10.105,-0.098,-0.199,,,,,,
1,S,7366557,3387,1.440,1.440,2.080,-9.887,-0.212,0.163,,,,,,,,,,,,
1,B,7368589,2032,,,,,,,,,,,,,0.112,-0.112,0.000,,,
1,S,7368589,2032,1.440,1.120,2.080,-9.883,-0.217,0.163,,,,,,,,,,,,
1,B,7373330,4741,,,,,,,,,,,,,,,,45.562,-85.062,38.750
1,S,7373330,4741,1.120,0.480,2.400,-9.852,-0.217,0.168,,,,,,,,,,,,
1,B,7376717,3387,,,,,,,,,,-10.066,-0.098,-0.199,,,,,,
1,S,7376717,3387,0.800,0.480,2.400,-9.867,-0.207,0.172,,,,,,,,,,,,
1,B,7378749,2032,,,,,,,,,,,,,0.000,0.000,0.000,,,
1,S,7378749,2032,1.440,0.800,2.400,-9.893,-0.198,0.177,,,,,,,,,,,,
1,B,7382813,4064,,,,,,,,,,,,,,,,45.938,-85.125,38.688
1,S,7382813,4064,1.760,1.120,2.400,-9.918,-0.177,0.182,,,,,,,,,,,,
1,B,7386199,3386,,,,,,,,,,-10.113,-0.078,-0.191,,,,,,
1,S,7386199,3386,1.760,1.120,2.080,-9.898,-0.177,0.172,,,,,,,,,,,,
1,B,7388909,2710,,,,,,,,,,,,,0.000,0.000,0.000,,,
1,S,7388909,2710,0.480,1.120,2.080,-9.898,-0.182,0.168,,,,,,,,,,,,
1,B,7392973,4064,,,,,,,,,,-10.113,-0.086,-0.199,,,,,,
1,S,7392973,4064,0.160,1.120,1.760,-9.922,-0.188,0.168,,,,,,,,,,,,
1,B,7395003,2030,,,,,,,,,,,,,,,,45.375,-84.750,38.250
1,S,7395003,2030,0.480,1.120,1.760,-9.922,-0.188,0.168,,,,,,,,,,,,
1,B,7397713,2710,,,,,,,,,,,,,0.000,0.000,0.000,,,
1,S,7397713,2710,0.800,0.800,1.440,-9.902,-0.193,0.158,,,,,,,,,,,,
1,B,7401777,4064,,,,,,,,,,-10.074,-0.078,-0.211,,,,,,
1,S,7401777,4064,0.800,0.160,1.760,-9.863,-0.198,0.147,,,,,,,,,,,,
1,B,7403809,2032,,,,,,,,,,,,,,,,47.125,-86.250,37.938
1,S,7403809,2032,0.800,0.160,1.760,-9.863,-0.193,0.147,,,,,,,,,,,,
1,B,7407195,3386,,,,,,,,,,-10.070,-0.105,-0.219,,,,,,
1,S,7407195,3386,0.800,0.480,1.440,-9.867,-0.188,0.158,,,,,,,,,,,,
1,B,7410582,3387,,,,,,,,,,,,,0.000,0.000,0.000,,,
1,S,7410582,3387,1.120,0.800,1.760,-9.867,-0.168,0.158,,,,,,,,,,,,
1,B,7412614,2032,,,,,,,,,,,,,,,,46.188,-86.375,38.750
1,S,7412614,2032,0.800,0.800,2.080,-9.873,-0.158,0.152,,,,,,,,,,,,
1,B,7416000,3386,,,,,,,,,,-10.086,-0.059,-0.211,,,,,,
1,S,7416000,3386,0.480,0.800,2.720,-9.898,-0.158,0.142,,,,,,,,,,,,
1,B,7418709,2709,,,,,,,,,,,,,0.000,0.000,0.000,,,
1,S,7418709,2709,0.160,0.800,2.400,-9.918,-0.163,0.138,,,,,,,,,,,,
1,B,7422773,4064,,,,,,,,,,,,,,,,45.438,-86.250,39.625
1,S,7422773,4064,0.160,1.440,2.400,-9.912,-0.168,0.142,,,,,,,,,,,,
1,B,7424805,2032,,,,,,,,,,-10.121,-0.059,-0.211,,,,,,
1,S,7424805,2032,0.160,1.760,2.720,-9.908,-0.177,0.147,,,,,,,,,,,,
1,B,7427514,2709,,,,,,,,,,,,,0.000,0.000,0.000,,,
1,S,7427514,2709,0.480,1.760,2.720,-9.908,-0.182,0.142,,,,,,,,,,,,
1,B,7431578,4064,,,,,,,,,,-10.098,-0.078,-0.270,,,,,,
1,S,7431578,4064,1.120,1.440,2.400,-9.887,-0.203,0.128,,,,,,,,,,,,
1,B,7433610,2032,,,,,,,,,,,,,,,,44.875,-85.375,39.750
1,S,7433610,2032,1.120,1.440,1.760,-9.873,-0.203,0.122,,,,,,,,,,,,
1,B,7436319,2709,,,,,,,,,,-10.074,-0.086,-0.219,,,,,,
1,S,7436319,2709,1.120,1.760,1.440,-9.857,-0.203,0.128,,,,,,,,,,,,
1,B,7438351,2032,,,,,,,,,,,,,0.000,0.000,0.000,,,
1,S,7438351,2032,0.800,1.760,1.440,-9.857,-0.198,0.138,,,,,,,,,,,,
1,B,7442414,4063,,,,,,,,,,,,,,,,45.875,-85.188,38.000
1,S,7442414,4063,0.800,1.440,2.080,-9.873,-0.193,0.163,,,,,,,,,,,,
1,B,7445801,3387,,,,,,,,,,-10.094,-0.098,-0.211,,,,,,
1,S,7445801,3387,1.440,1.440,2.080,-9.887,-0.193,0.177,,,,,,,,,,,,
1,B,7448510,2709,,,,,,,,,,,,,0.112,0.000,0.000,,,
1,S,7448510,2709,2.080,1.440,1.760,-9.898,-0.198,0.177,,,,,,,,,,,,
1,B,7452574,4064,,,,,,,,,,,,,,,,47.000,-85.938,38.125
1,S,7452574,4064,2.080,1.440,2.080,-9.928,-0.203,0.182,,,,,,,,,,,,
1,B,7455961,3387,,,,,,,,,,-10.121,-0.098,-0.191,,,,,,
1,S,7455961,3387,1.440,1.760,2.720,-9.932,-0.203,0.188,,,,,,,,,,,,
1,B,7457993,2032,,,,,,,,,,,,,0.112,0.000,0.000,,,
1,S,7457993,2032,0.800,1.760,2.720,-9.918,-0.207,0.188,,,,,,,,,,,,
1,B,7462734,4741,,,,,,,,,,,,,,,,47.062,-85.312,38.438
1,S,7462734,4741,1.120,0.800,1.760,-9.887,-0.223,0.177,,,,,,,,,,,,
1,B,7464766,2032,,,,,,,,,,-10.098,-0.125,-0.172,,,,,,
1,S,7464766,2032,1.120,0.800,1.440,-9.887,-0.228,0.172,,,,,,,,,,,,
1,B,7466798,2032,,,,,,,,,,-10.070,-0.105,-0.191,,,,,,
1,S,7466798,2032,0.800,0.800,1.440,-9.887,-0.223,0.168,,,,,,,,,,,,
1,B,7470183,3385,,,,,,,,,,,,,0.112,0.000,0.000,,,
1,S,7470183,3385,0.800,1.440,1.760,-9.873,-0.212,0.163,,,,,,,,,,,,
1,B,7473570,3387,,,,,,,,,,,,,,,,45.438,-85.250,38.375
1,S,7473570,3387,0.800,1.440,2.080,-9.857,-0.198,0.158,,,,,,,,,,,,
1,B,7476957,3387,,,,,,,,,,-10.059,-0.086,-0.211,,,,,,
1,S,7476957,3387,0.800,1.120,2.080,-9.852,-0.188,0.163,,,,,,,,,,,,
1,B,7478989,2032,,,,,,,,,,,,,0.000,0.000,0.000,,,
1,S,7478989,2032,0.800,1.440,2.080,-9.838,-0.188,0.163,,,,,,,,,,,,
1,B,7483730,4741,,,,,,,,,,,,,,,,45.750,-83.250,37.250
1,S,7483730,4741,1.120,2.080,2.080,-9.723,-0.188,0.152,,,,,,,,,,,,
1,B,7486439,2709,,,,,,,,,,-9.930,-0.066,-0.219,,,,,,
1,S,7486439,2709,0.800,2.080,2.400,-9.758,-0.168,0.163,,,,,,,,,,,,
1,B,7489147,2708,,,,,,,,,,,,,0.112,0.000,0.112,,,
1,S,7489147,2708,0.800,1.760,2.080,-9.898,-0.163,0.172,,,,,,,,,,,,
1,B,7493211,4064,,,,,,,,,,,,,,,,47.000,-84.875,37.562
1,S,7493211,4064,1.120,1.120,1.760,-10.287,-0.138,0.212,,,,,,,,,,,,
1,B,7495243,2032,,,,,,,,,,-10.324,-0.027,-0.184,,,,,,
1,S,7495243,2032,1.440,1.440,1.440,-10.352,-0.133,0.198,,,,,,,,,,,,
1,B,7497953,2710,,,,,,,,,,,,,0.112,0.000,0.000,,,
1,S,7497953,2710,1.440,1.440,1.440,-10.182,-0.138,0.158,,,,,,,,,,,,
1,B,7502016,4063,,,,,,,,,,-10.207,-0.066,-0.219,,,,,,
1,S,7502016,4063,1.120,1.120,2.080,-9.742,-0.217,0.142,,,,,,,,,,,,
1,B,7504726,2710,,,,,,,,,,,,,,,,46.250,-84.188,37.375
1,S,7504726,2710,0.480,1.440,2.720,-9.617,-0.237,0.133,,,,,,,,,,,,
1,B,7506758,2032,,,,,,,,,,-9.906,-0.133,-0.230,,,,,,
1,S,7506758,2032,0.480,1.760,3.040,-9.662,-0.237,0.122,,,,,,,,,,,,
1,B,7508790,2032,,,,,,,,,,,,,0.000,0.000,0.000,,,
1,S,7508790,2032,0.800,1.760,2.720,-9.742,-0.247,0.113,,,,,,,,,,,,
1,B,7513531,4741,,,,,,,,,,,,,,,,46.250,-84.188,37.375
1,S,7513531,4741,1.120,0.480,2.080,-9.738,-0.152,0.128,,,,,,,,,,,,
1,B,7515563,2032,,,,,,,,,,-9.902,-0.039,-0.184,,,,,,
1,S,7515563,2032,1.120,0.160,2.400,-9.697,-0.147,0.152,,,,,,,,,,,,
1,B,7517595,2032,,,,,,,,,,,,,0.000,0.000,0.000,,,
1,S,7517595,2032,1.120,0.480,2.400,-9.707,-0.133,0.168,,,,,,,,,,,,
1,B,7522335,4740,,,,,,,,,,,,,,,,47.062,-85.312,38.438
1,S,7522335,4740,1.440,1.440,2.400,-9.982,-0.122,0.168,,,,,,,,,,,,
1,B,7525703,3368,,,,,,,,,,-10.242,-0.027,-0.191,,,,,,
1,S,7525703,3368,1.760,1.120,2.080,-10.178,-0.142,0.188,,,,,,,,,,,,
1,B,7527754,2051,,,,,,,,,,,,,0.000,0.000,0.000,,,
1,S,7527754,2051,1.120,0.800,1.440,-10.197,-0.142,0.198,,,,,,,,,,,,
1,B,7531818,4064,,,,,,,,,,,,,,,,46.438,-85.500,38.438
1,S,7531818,6096,0.800,1.440,1.440,-9.867,-0.212,0.158,,,,,,,,,,,,
1,B,7534527,2709,,,,,,,,,,-10.238,-0.086,-0.191,,,,,,
1,S,7534527,677,1.120,1.760,1.760,-9.842,-0.217,0.152,,,,,,,,,,,,
1,B,7536559,2032,,,,,,,,,,-10.055,-0.133,-0.250,,,,,,
1,S,7536559,2032,1.120,1.440,2.080,-9.828,-0.223,0.142,,,,,,,,,,,,
1,B,7539946,3387,,,,,,,,,,,,,0.112,0.000,0.000,,,
1,S,7539946,3387,1.440,0.800,2.080,-9.867,-0.228,0.133,,,,,,,,,,,,
1,B,7543331,3385,,,,,,,,,,,,,,,,46.500,-84.938,38.000
1,S,7543331,3385,1.760,0.480,2.080,-9.812,-0.203,0.117,,,,,,,,,,,,
1,B,7546699,3368,,,,,,,,,,-9.926,-0.105,-0.238,,,,,,
1,S,7546699,3368,1.760,0.160,2.080,-9.723,-0.203,0.113,,,,,,,,,,,,
1,B,7548750,2051,,,,,,,,,,,,,0.000,0.112,0.000,,,
1,S,7548750,2051,1.120,0.160,2.080,-9.707,-0.177,0.117,,,,,,,,,,,,
1,B,7552814,4064,,,,,,,,,,,,,,,,45.750,-85.875,38.688
1,S,7552814,4064,0.800,1.120,1.760,-9.912,-0.142,0.147,,,,,,,,,,,,
1,B,7556200,3386,,,,,,,,,,-10.172,-0.059,-0.199,,,,,,
1,S,7556200,3386,1.120,1.760,2.080,-10.018,-0.142,0.158,,,,,,,,,,,,
1,B,7558232,2032,,,,,,,,,,,,,0.000,0.000,0.000,,,
1,S,7558232,2032,1.760,1.760,2.080,-9.973,-0.163,0.147,,,,,,,,,,,,
1,B,7563651,5419,,,,,,,,,,,,,,,,46.188,-85.375,38.188
1,S,7563651,5419,1.440,1.120,2.080,-9.842,-0.223,0.128,,,,,,,,,,,,
1,B,7566360,2709,,,,,,,,,,-10.074,-0.098,-0.238,,,,,,
1,S,7566360,2709,0.480,1.440,1.760,-9.908,-0.237,0.138,,,,,,,,,,,,
1,B,7568391,2031,,,,,,,,,,,,,0.000,0.000,0.000,,,
1,S,7568391,2031,-0.160,1.120,1.440,-9.963,-0.247,0.152,,,,,,,,,,,,
1,B,7572455,4064,,,,,,,,,,-10.145,-0.184,-0.230,,,,,,
1,S,7572455,4064,0.160,0.800,1.120,-9.918,-0.247,0.163,,,,,,,,,,,,
1,B,7575164,2709,,,,,,,,,,,,,,,,46.250,-85.250,37.875
1,S,7575164,2709,0.480,0.800,1.120,-9.822,-0.237,0.163,,,,,,,,,,,,
1,B,7577196,2032,,,,,,,,,,-10.016,-0.145,-0.191,,,,,,
1,S,7577196,2032,0.480,0.800,1.440,-9.793,-0.223,0.163,,,,,,,,,,,,
1,B,7579228,2032,,,,,,,,,,,,,0.000,-0.112,0.000,,,
1,S,7579228,2032,0.160,0.800,1.760,-9.803,-0.207,0.172,,,,,,,,,,,,
1,B,7582615,3387,,,,,,,,,,,,,,,,46.000,-85.000,38.375
1,S,7582615,3387,0.480,1.760,2.080,-9.857,-0.182,0.193,,,,,,,,,,,,
1,B,7586001,3386,,,,,,,,,,-10.047,-0.059,-0.145,,,,,,
1,S,7586001,3386,0.800,2.080,2.400,-9.867,-0.168,0.207,,,,,,,,,,,,
1,B,7588033,2032,,,,,,,,,,,,,0.000,-0.112,0.000,,,
1,S,7588033,2032,1.120,2.080,2.400,-9.867,-0.163,0.212,,,,,,,,,,,,
1,B,7592775,4742,,,,,,,,,,,,,,,,46.812,-86.125,38.750
1,S,7592775,4742,1.120,1.440,1.760,-9.953,-0.172,0.212,,,,,,,,,,,,
1,B,7596160,3385,,,,,,,,,,-10.156,-0.059,-0.164,,,,,,
1,S,7596160,3385,0.800,1.440,1.760,-9.973,-0.188,0.193,,,,,,,,,,,,
1,B,7598192,2032,,,,,,,,,,,,,0.112,-0.112,0.000,,,
1,S,7598192,2032,1.120,1.760,1.760,-9.947,-0.207,0.182,,,,,,,,,,,,
1,B,7602256,4064,,,,,,,,,,,,,,,,45.938,-85.125,38.688
1,S,7602256,4064,1.440,1.760,2.400,-9.902,-0.233,0.177,,,,,,,,,,,,
1,B,7604966,2710,,,,,,,,,,-10.152,-0.105,-0.191,,,,,,
1,S,7604966,2710,1.120,1.440,2.720,-9.908,-0.233,0.172,,,,,,,,,,,,
1,B,7606998,2032,,,,,,,,,,-10.094,-0.098,-0.199,,,,,,
1,S,7606998,2032,0.800,1.120,2.720,-9.902,-0.223,0.168,,,,,,,,,,,,
1,B,7609029,2031,,,,,,,,,,,,,0.112,0.000,0.000,,,
1,S,7609029,2031,0.480,1.440,2.720,-9.877,-0.198,0.158,,,,,,,,,,,,
1,B,7612416,3387,,,,,,,,,,,,,,,,45.688,-85.438,38.625
1,S,7612416,3387,0.480,1.440,2.400,-9.828,-0.158,0.147,,,,,,,,,,,,
1,B,7615803,3387,,,,,,,,,,-10.074,-0.020,-0.211,,,,,,
1,S,7615803,3387,0.800,1.760,2.400,-9.842,-0.133,0.142,,,,,,,,,,,,
1,B,7618512,2709,,,,,,,,,,,,,0.112,0.000,0.000,,,
1,S,7618512,2709,1.120,1.760,2.080,-9.893,-0.122,0.138,,,,,,,,,,,,
1,B,7622576,4064,,,,,,,,,,,,,,,,45.875,-85.688,39.125
1,S,7622576,4064,1.440,1.760,2.080,-9.918,-0.128,0.138,,,,,,,,,,,,
1,B,7625963,3387,,,,,,,,,,-10.105,-0.027,-0.211,,,,,,
1,S,7625963,3387,1.760,1.760,2.080,-9.898,-0.142,0.138,,,,,,,,,,,,
1,B,7627995,2032,,,,,,,,,,,,,0.112,0.112,0.000,,,
1,S,7627995,2032,2.080,1.440,2.080,-9.898,-0.152,0.128,,,,,,,,,,,,
1,B,7632057,4062,,,,,,,,,,,,,,,,46.875,-85.000,37.938
1,S,7632057,4062,1.760,0.800,2.400,-9.902,-0.177,0.122,,,,,,,,,,,,
1,B,7635444,3387,,,,,,,,,,-10.121,-0.066,-0.250,,,,,,
1,S,7635444,3387,0.800,1.120,3.040,-9.877,-0.188,0.122,,,,,,,,,,,,
1,B,7638153,2709,,,,,,,,,,,,,0.000,0.000,0.000,,,
1,S,7638153,2709,0.800,1.440,3.040,-9.867,-0.193,0.122,,,,,,,,,,,,
1,B,7642217,4064,,,,,,,,,,-10.070,-0.105,-0.230,,,,,,
1,S,7642217,4064,0.800,0.800,2.400,-9.877,-0.193,0.133,,,,,,,,,,,,
1,B,7644249,2032,,,,,,,,,,,,,,,,46.438,-85.500,38.438
1,S,7644249,2032,0.800,0.480,2.080,-9.883,-0.188,0.138,,,,,,,,,,,,
1,B,7646959,2710,,,,,,,,,,-10.066,-0.066,-0.219,,,,,,
1,S,7646959,2710,0.800,0.800,2.080,-9.873,-0.182,0.138,,,,,,,,,,,,
1,B,7648991,2032,,,,,,,,,,,,,-0.112,0.000,0.000,,,
1,S,7648991,2032,0.800,1.120,2.080,-9.867,-0.177,0.142,,,,,,,,,,,,
1,B,7653053,4062,,,,,,,,,,,,,,,,46.438,-85.500,38.438
1,S,7653053,4062,0.800,1.760,2.400,-9.887,-0.177,0.152,,,,,,,,,,,,
1,B,7655763,2710,,,,,,,,,,-10.117,-0.066,-0.191,,,,,,
1,S,7655763,2710,0.800,1.440,2.400,-9.908,-0.188,0.158,,,,,,,,,,,,
1,B,7657795,2032,,,,,,,,,,,,,-0.112,0.000,-0.112,,,
1,S,7657795,2032,0.800,1.440,2.400,-9.908,-0.203,0.163,,,,,,,,,,,,
1,B,7661859,4064,,,,,,,,,,,,,,,,45.438,-84.625,37.938
1,S,7661859,4064,1.120,1.120,2.400,-9.887,-0.228,0.168,,,,,,,,,,,,
1,B,7665245,3386,,,,,,,,,,-10.086,-0.098,-0.172,,,,,,
1,S,7665245,3386,1.440,1.440,2.080,-9.883,-0.237,0.172,,,,,,,,,,,,
1,B,7667955,2710,,,,,,,,,,,,,0.000,0.000,0.000,,,
1,S,7667955,2710,1.440,1.760,2.080,-9.893,-0.242,0.177,,,,,,,,,,,,
1,B,7672018,4063,,,,,,,,,,,,,,,,45.688,-84.312,38.812
1,S,7672018,4063,1.120,1.440,2.400,-9.877,-0.242,0.182,,,,,,,,,,,,
1,B,7674050,2032,,,,,,,,,,-10.086,-0.145,-0.164,,,,,,
1,S,7674050,2032,0.160,1.120,2.720,-9.863,-0.233,0.177,,,,,,,,,,,,
1,B,7676760,2710,,,,,,,,,,-10.090,-0.105,-0.172,,,,,,
1,S,7676760,5419,-0.160,0.800,2.080,-9.898,-0.198,0.182,,,,,,,,,,,,
1,B,7680145,3385,,,,,,,,,,,,,0.000,-0.112,0.000,,,
1,S,7680145,676,0.800,0.800,2.080,-9.908,-0.198,0.182,,,,,,,,,,,,
1,B,7682855,2710,,,,,,,,,,,,,,,,45.625,-84.938,38.500
1,S,7682855,2710,1.120,1.120,2.400,-9.938,-0.193,0.193,,,,,,,,,,,,
1,B,7686241,3386,,,,,,,,,,-10.113,-0.078,-0.172,,,,,,
1,S,7686241,3386,2.080,1.440,2.720,-9.922,-0.182,0.188,,,,,,,,,,,,
1,B,7688951,2710,,,,,,,,,,,,,0.000,-0.112,0.000,,,
1,S,7688951,2710,2.080,1.120,2.400,-9.898,-0.172,0.182,,,,,,,,,,,,
1,B,7693014,4063,,,,,,,,,,,,,,,,46.000,-85.062,37.688
1,S,7693014,4063,1.760,0.800,1.760,-9.898,-0.158,0.168,,,,,,,,,,,,
1,B,7696401,3387,,,,,,,,,,-10.113,-0.066,-0.184,,,,,,
1,S,7696401,3387,0.800,1.120,1.760,-9.908,-0.163,0.158,,,,,,,,,,,,
1,B,7698433,2032,,,,,,,,,,,,,0.000,0.000,0.112,,,
1,S,7698433,2032,0.480,1.120,1.760,-9.898,-0.168,0.147,,,,,,,,,,,,
1,B,7703174,4741,,,,,,,,,,,,,,,,45.688,-85.438,38.625
1,S,7703174,4741,0.160,0.800,2.080,-9.857,-0.172,0.133,,,,,,,,,,,,
1,B,7705206,2032,,,,,,,,,,-10.070,-0.098,-0.211,,,,,,
1,S,7705206,2032,0.160,0.480,2.080,-9.848,-0.168,0.128,,,,,,,,,,,,
1,B,7707237,2031,,,,,,,,,,,,,0.112,0.112,0.000,,,
1,S,7707237,2031,0.160,0.160,2.080,-9.852,-0.163,0.128,,,,,,,,,,,,
1,B,7712656,5419,,,,,,,,,,-10.070,-0.059,-0.219,,,,,,
1,S,7712656,5419,0.480,0.800,2.080,-9.873,-0.163,0.122,,,,,,,,,,,,
1,B,7714688,2032,,,,,,,,,,,,,,,,45.875,-85.188,38.000
1,S,7714688,2032,1.120,1.120,2.400,-9.883,-0.158,0.113,,,,,,,,,,,,
1,B,7717397,2709,,,,,,,,,,-10.113,-0.039,-0.238,,,,,,
1,S,7717397,2709,1.440,1.120,2.400,-9.893,-0.147,0.113,,,,,,,,,,,,
1,B,7719429,2032,,,,,,,,,,,,,0.112,0.112,0.000,,,
1,S,7719429,2032,1.440,0.800,2.720,-9.898,-0.142,0.117,,,,,,,,,,,,
1,B,7724170,4741,,,,,,,,,,,,,,,,46.625,-85.812,38.938
1,S,7724170,4741,1.440,0.800,2.400,-9.893,-0.152,0.133,,,,,,,,,,,,
1,B,7726880,2710,,,,,,,,,,-10.113,-0.047,-0.219,,,,,,
1,S,7726880,2710,1.120,0.800,2.400,-9.887,-0.163,0.128,,,,,,,,,,,,
1,B,7729589,2709,,,,,,,,,,,,,0.112,0.112,0.000,,,
1,S,7729589,2709,1.440,1.440,2.400,-9.887,-0.182,0.128,,,,,,,,,,,,
1,B,7733653,4064,,,,,,,,,,,,,,,,46.125,-85.938,38.625
1,S,7733653,4064,1.440,1.760,2.080,-9.883,-0.207,0.142,,,,,,,,,,,,
1,B,7737038,3385,,,,,,,,,,-10.133,-0.098,-0.211,,,,,,
1,S,7737038,3385,1.120,0.800,1.120,-9.863,-0.217,0.158,,,,,,,,,,,,
1,B,7739070,2032,,,,,,,,,,,,,0.000,0.000,0.000,,,
1,S,7739070,2032,0.480,0.480,1.120,-9.852,-0.223,0.158,,,,,,,,,,,,
1,B,7743812,4742,,,,,,,,,,-10.047,-0.086,-0.199,,,,,,
1,S,7743812,4742,0.480,0.800,2.080,-9.867,-0.223,0.172,,,,,,,,,,,,
1,B,7745844,2032,,,,,,,,,,,,,,,,45.938,-84.562,38.312
1,S,7745844,2032,0.480,1.120,2.400,-9.877,-0.212,0.182,,,,,,,,,,,,
1,B,7747876,2032,,,,,,,,,,,,,0.000,-0.112,0.000,,,
1,S,7747876,2032,0.480,1.440,2.720,-9.887,-0.203,0.193,,,,,,,,,,,,
1,B,7752617,4741,,,,,,,,,,-10.102,-0.086,-0.164,,,,,,
1,S,7752617,4741,0.480,0.800,1.760,-9.902,-0.203,0.198,,,,,,,,,,,,
1,B,7754649,2032,,,,,,,,,,,,,,,,45.375,-85.312,39.375
1,S,7754649,2032,0.800,0.800,1.440,-9.918,-0.198,0.198,,,,,,,,,,,,
1,B,7758035,3386,,,,,,,,,,,,,-0.112,-0.112,0.000,,,
1,S,7758035,3386,1.120,0.800,1.760,-9.932,-0.198,0.198,,,,,,,,,,,,
1,B,7762098,4063,,,,,,,,,,-10.117,-0.113,-0.164,,,,,,
1,S,7762098,6095,1.120,1.120,2.720,-9.902,-0.217,0.193,,,,,,,,,,,,
1,B,7764809,2711,,,,,,,,,,-10.117,-0.125,-0.199,,,,,,
1,S,7764809,679,0.800,1.120,2.400,-9.898,-0.217,0.188,,,,,,,,,,,,
1,B,7767517,2708,,,,,,,,,,,,,,,,46.125,-85.938,38.625
1,S,7767517,2708,0.800,1.440,2.080,-9.883,-0.217,0.177,,,,,,,,,,,,
1,B,7770226,2709,,,,,,,,,,,,,-0.112,0.000,0.112,,,
1,S,7770226,2709,0.480,1.440,2.080,-9.873,-0.212,0.168,,,,,,,,,,,,
1,B,7773613,3387,,,,,,,,,,-10.090,-0.125,-0.199,,,,,,
1,S,7773613,3387,0.480,1.120,2.400,-9.863,-0.212,0.158,,,,,,,,,,,,
1,B,7777000,3387,,,,,,,,,,,,,,,,45.938,-85.125,38.750
1,S,7777000,3387,0.800,1.120,2.400,-9.857,-0.203,0.147,,,,,,,,,,,,
1,B,7779031,2031,,,,,,,,,,,,,0.000,0.000,0.000,,,
1,S,7779031,2031,0.800,1.120,2.400,-9.863,-0.188,0.142,,,,,,,,,,,,
1,B,7783095,4064,,,,,,,,,,-10.074,-0.059,-0.211,,,,,,
1,S,7783095,6096,0.480,1.120,2.400,-9.908,-0.158,0.138,,,,,,,,,,,,
1,B,7785805,2710,,,,,,,,,,,,,,,,47.000,-86.938,38.688
1,S,7785805,678,0.480,1.440,2.400,-9.912,-0.158,0.138,,,,,,,,,,,,
1,B,7788514,2709,,,,,,,,,,,,,0.000,0.112,0.112,,,
1,S,7788514,2709,0.800,2.080,2.080,-9.908,-0.168,0.128,,,,,,,,,,,,
1,B,7793254,4740,,,,,,,,,,-10.105,-0.059,-0.230,,,,,,
1,S,7793254,4740,1.440,2.080,2.080,-9.898,-0.163,0.117,,,,,,,,,,,,
1,B,7795286,2032,,,,,,,,,,-10.105,-0.047,-0.230,,,,,,
1,S,7795286,2032,1.440,1.440,2.400,-9.893,-0.163,0.122,,,,,,,,,,,,
1,B,7798673,3387,,,,,,,,,,,,,,,,46.500,-84.938,38.000
1,S,7798673,3387,1.120,0.800,2.080,-9.883,-0.163,0.128,,,,,,,,,,,,
1,B,7800705,2032,,,,,,,,,,,,,0.000,0.112,0.112,,,
1,S,7800705,2032,0.800,1.120,1.760,-9.877,-0.168,0.128,,,,,,,,,,,,
1,B,7804091,3386,,,,,,,,,,-10.059,-0.059,-0.238,,,,,,
1,S,7804091,3386,0.480,1.120,2.080,-9.842,-0.172,0.122,,,,,,,,,,,,
1,B,7807478,3387,,,,,,,,,,,,,,,,45.188,-85.500,39.000
1,S,7807478,3387,0.480,1.120,2.400,-9.732,-0.182,0.122,,,,,,,,,,,,
1,B,7809510,2032,,,,,,,,,,,,,0.000,0.000,0.000,,,
1,S,7809510,2032,0.480,1.120,2.400,-9.678,-0.177,0.133,,,,,,,,,,,,
1,B,7814251,4741,,,,,,,,,,-9.891,-0.059,-0.219,,,,,,
1,S,7814251,4741,0.800,1.440,2.080,-9.822,-0.168,0.172,,,,,,,,,,,,
1,B,7816283,2032,,,,,,,,,,,,,,,,45.312,-86.375,39.250
1,S,7816283,2032,1.440,1.120,2.080,-10.012,-0.163,0.203,,,,,,,,,,,,
1,B,7819670,3387,,,,,,,,,,,,,0.000,-0.112,0.000,,,
1,S,7819670,3387,1.120,0.160,1.760,-10.328,-0.142,0.228,,,,,,,,,,,,
1,B,7823734,4064,,,,,,,,,,-10.477,-0.047,-0.125,,,,,,
1,S,7823734,4064,0.800,-0.160,1.760,-10.168,-0.152,0.188,,,,,,,,,,,,
1,B,7826442,2708,,,,,,,,,,-10.105,-0.105,-0.172,,,,,,
1,S,7826442,2708,0.800,0.160,1.440,-9.887,-0.207,0.182,,,,,,,,,,,,
1,B,7829829,3387,,,,,,,,,,,,,,,,45.875,-86.188,38.500
1,S,7829829,3387,0.800,1.120,1.440,-9.693,-0.258,0.177,,,,,,,,,,,,
1,B,7831861,2032,,,,,,,,,,,,,0.000,-0.112,0.000,,,
1,S,7831861,2032,0.160,1.440,1.760,-9.727,-0.258,0.172,,,,,,,,,,,,
1,B,7835247,3386,,,,,,,,,,-10.016,-0.152,-0.199,,,,,,
1,S,7835247,6096,0.160,1.760,2.720,-9.783,-0.182,0.147,,,,,,,,,,,,
1,B,7838634,3387,,,,,,,,,,,,,,,,45.750,-85.875,38.688
1,S,7838634,677,1.120,1.760,2.720,-9.758,-0.172,0.152,,,,,,,,,,,,
1,B,7840666,2032,,,,,,,,,,,,,0.000,-0.112,0.000,,,
1,S,7840666,2032,1.120,1.760,2.720,-9.697,-0.163,0.158,,,,,,,,,,,,
1,B,7844052,3386,,,,,,,,,,-9.895,-0.027,-0.172,,,,,,
1,S,7844052,3386,1.120,1.440,2.400,-9.723,-0.142,0.163,,,,,,,,,,,,
1,B,7847439,3387,,,,,,,,,,,,,,,,46.438,-85.500,38.438
1,S,7847439,3387,1.120,0.800,2.080,-9.947,-0.138,0.158,,,,,,,,,,,,
1,B,7849471,2032,,,,,,,,,,,,,0.000,0.000,0.112,,,
1,S,7849471,2032,1.120,0.800,2.080,-10.107,-0.158,0.172,,,,,,,,,,,,
1,B,7853535,4064,,,,,,,,,,-10.332,-0.047,-0.199,,,,,,
1,S,7853535,4064,1.120,1.440,1.760,-10.162,-0.152,0.182,,,,,,,,,,,,
1,B,7856243,2708,,,,,,,,,,-10.141,-0.113,-0.184,,,,,,
1,S,7856243,5419,0.800,1.760,2.720,-9.857,-0.203,0.142,,,,,,,,,,,,
1,B,7859630,3387,,,,,,,,,,,,,,,,45.812,-85.312,38.312
1,S,7859630,676,1.120,2.080,2.720,-9.838,-0.203,0.133,,,,,,,,,,,,
1,B,7861662,2032,,,,,,,,,,,,,0.000,0.112,0.000,,,
1,S,7861662,2032,1.120,2.080,3.040,-9.838,-0.207,0.117,,,,,,,,,,,,
1,B,7865048,3386,,,,,,,,,,,,,,,,45.688,-83.312,38.312
1,S,7865048,3386,0.800,1.440,2.720,-9.932,-0.223,0.113,,,,,,,,,,,,
1,B,7868435,3387,,,,,,,,,,-10.148,-0.125,-0.238,,,,,,
1,S,7868435,3387,0.800,1.760,2.720,-9.883,-0.207,0.098,,,,,,,,,,,,
1,B,7871803,3368,,,,,,,,,,,,,0.000,0.112,0.000,,,
1,S,7871803,3368,1.440,1.440,2.400,-9.758,-0.203,0.092,,,,,,,,,,,,
1,B,7874531,2728,,,,,,,,,,-9.910,-0.066,-0.250,,,,,,
1,S,7874531,2728,1.440,1.440,2.080,-9.707,-0.172,0.098,,,,,,,,,,,,
1,B,7877918,3387,,,,,,,,,,,,,,,,45.750,-86.438,39.875
1,S,7877918,3387,1.120,1.440,2.080,-9.863,-0.138,0.117,,,,,,,,,,,,
1,B,7880627,2709,,,,,,,,,,,,,0.112,0.112,0.112,,,
1,S,7880627,2709,0.480,1.440,2.080,-9.967,-0.128,0.133,,,,,,,,,,,,
1,B,7883336,2709,,,,,,,,,,-10.172,-0.027,-0.230,,,,,,
1,S,7883336,2709,1.120,1.440,2.400,-9.938,-0.138,0.133,,,,,,,,,,,,
1,B,7886723,3387,,,,,,,,,,,,,,,,46.000,-85.000,38.375
1,S,7886723,3387,1.440,1.760,2.400,-9.812,-0.182,0.133,,,,,,,,,,,,
1,B,7889431,2708,,,,,,,,,,,,,0.112,0.000,0.000,,,
1,S,7889431,2708,1.120,1.440,2.400,-9.818,-0.203,0.138,,,,,,,,,,,,
1,B,7893495,4064,,,,,,,,,,-10.035,-0.086,-0.211,,,,,,
1,S,7893495,4064,1.120,1.120,2.080,-9.992,-0.217,0.168,,,,,,,,,,,,
1,B,7895527,2032,,,,,,,,,,-10.223,-0.113,-0.184,,,,,,
1,S,7895527,2032,1.440,0.800,2.080,-10.033,-0.217,0.177,,,,,,,,,,,,
1,B,7898914,3387,,,,,,,,,,,,,,,,46.562,-84.375,37.562
1,S,7898914,3387,1.440,0.160,1.760,-9.953,-0.207,0.182,,,,,,,,,,,,
1,B,7901623,2709,,,,,,,,,,,,,0.000,-0.112,0.000,,,
1,S,7901623,2709,1.120,0.160,1.760,-9.863,-0.212,0.182,,,,,,,,,,,,
1,B,7904332,2709,,,,,,,,,,,,,,,,45.875,-84.125,38.188
1,S,7904332,2709,1.120,0.480,2.080,-9.838,-0.198,0.193,,,,,,,,,,,,
1,B,7907719,3387,,,,,,,,,,-10.074,-0.086,-0.172,,,,,,
1,S,7907719,3387,1.120,0.160,2.080,-9.863,-0.177,0.207,,,,,,,,,,,,
1,B,7911105,3386,,,,,,,,,,,,,0.112,-0.112,0.000,,,
1,S,7911105,3386,1.120,0.480,1.760,-9.848,-0.168,0.212,,,,,,,,,,,,
1,B,7914492,3387,,,,,,,,,,-10.031,-0.059,-0.152,,,,,,
1,S,7914492,3387,1.440,1.120,1.760,-9.828,-0.168,0.203,,,,,,,,,,,,
1,B,7917879,3387,,,,,,,,,,,,,,,,45.438,-85.750,39.500
1,S,7917879,3387,1.120,1.440,1.440,-9.887,-0.172,0.198,,,,,,,,,,,,
1,B,7919911,2032,,,,,,,,,,,,,0.000,-0.112,0.000,,,
1,S,7919911,2032,0.480,1.760,1.440,-9.922,-0.177,0.188,,,,,,,,,,,,
1,B,7924632,4721,,,,,,,,,,-10.141,-0.047,-0.164,,,,,,
1,S,7924632,4721,0.480,2.080,1.760,-9.932,-0.198,0.168,,,,,,,,,,,,
1,B,7926683,2051,,,,,,,,,,-10.102,-0.113,-0.199,,,,,,
1,S,7926683,2051,0.800,1.760,1.760,-9.898,-0.212,0.158,,,,,,,,,,,,
1,B,7930069,3386,,,,,,,,,,,,,,,,44.500,-85.312,39.938
1,S,7930069,3386,0.800,1.120,1.760,-9.883,-0.228,0.142,,,,,,,,,,,,
1,B,7932101,2032,,,,,,,,,,,,,0.000,0.000,0.000,,,
1,S,7932101,2032,0.480,0.800,1.760,-9.883,-0.223,0.138,,,,,,,,,,,,
1,B,7935488,3387,,,,,,,,,,,,,,,,45.500,-84.062,38.250
1,S,7935488,3387,0.480,1.440,1.760,-9.877,-0.198,0.128,,,,,,,,,,,,
1,B,7938875,3387,,,,,,,,,,-10.102,-0.098,-0.230,,,,,,
1,S,7938875,3387,0.800,2.080,2.400,-9.867,-0.182,0.128,,,,,,,,,,,,
1,B,7942261,3386,,,,,,,,,,,,,0.000,0.112,0.000,,,
1,S,7942261,3386,1.440,2.720,2.400,-9.877,-0.168,0.133,,,,,,,,,,,,
1,B,7945628,3367,,,,,,,,,,-10.105,-0.078,-0.238,,,,,,
1,S,7945628,3367,1.120,2.080,1.760,-9.893,-0.168,0.133,,,,,,,,,,,,
1,B,7948357,2729,,,,,,,,,,,,,,,,46.250,-85.812,38.312
1,S,7948357,2729,0.480,1.440,1.760,-9.898,-0.172,0.133,,,,,,,,,,,,
1,B,7951065,2708,,,,,,,,,,,,,0.000,0.000,0.000,,,
1,S,7951065,2708,0.480,0.800,1.760,-9.887,-0.188,0.138,,,,,,,,,,,,
1,B,7954452,3387,,,,,,,,,,-10.086,-0.066,-0.199,,,,,,
1,S,7954452,3387,0.800,0.800,2.400,-9.893,-0.203,0.147,,,,,,,,,,,,
1,B,7957161,2709,,,,,,,,,,,,,,,,46.062,-85.500,37.812
1,S,7957161,2709,1.440,1.440,2.720,-9.883,-0.203,0.152,,,,,,,,,,,,
1,B,7959871,2710,,,,,,,,,,,,,0.000,0.000,0.112,,,
1,S,7959871,2710,1.760,1.760,2.720,-9.863,-0.203,0.158,,,,,,,,,,,,
1,B,7963935,4064,,,,,,,,,,-10.074,-0.098,-0.191,,,,,,
1,S,7963935,4064,1.440,1.440,2.080,-9.848,-0.212,0.168,,,,,,,,,,,,
1,B,7966625,2690,,,,,,,,,,-10.094,-0.086,-0.199,,,,,,
1,S,7966625,2690,0.800,1.440,2.400,-9.867,-0.212,0.172,,,,,,,,,,,,
1,B,7969353,2728,,,,,,,,,,,,,,,,46.438,-86.562,39.000
1,S,7969353,2728,0.800,1.440,2.720,-9.908,-0.212,0.182,,,,,,,,,,,,
1,B,7972062,2709,,,,,,,,,,,,,0.112,0.000,0.000,,,
1,S,7972062,2709,1.120,1.440,2.720,-9.902,-0.203,0.182,,,,,,,,,,,,
1,B,7975449,3387,,,,,,,,,,-10.109,-0.098,-0.184,,,,,,
1,S,7975449,3387,0.800,1.120,2.720,-9.877,-0.193,0.182,,,,,,,,,,,,
1,B,7978157,2708,,,,,,,,,,,,,,,,45.562,-86.125,39.312
1,S,7978157,2708,0.480,1.440,2.080,-9.893,-0.182,0.182,,,,,,,,,,,,
1,B,7980868,2711,,,,,,,,,,,,,0.224,0.000,0.000,,,
1,S,7980868,2711,0.800,1.440,1.760,-9.918,-0.177,0.182,,,,,,,,,,,,
1,B,7984253,3385,,,,,,,,,,-10.152,-0.066,-0.172,,,,,,
1,S,7984253,3385,1.120,0.800,2.400,-9.918,-0.177,0.177,,,,,,,,,,,,
1,B,7986963,2710,,,,,,,,,,,,,,,,45.938,-84.562,38.312
1,S,7986963,2710,1.120,0.800,2.720,-9.887,-0.177,0.168,,,,,,,,,,,,
1,B,7989672,2709,,,,,,,,,,,,,0.112,0.000,0.112,,,
1,S,7989672,2709,1.120,1.440,2.720,-9.857,-0.188,0.152,,,,,,,,,,,,
1,B,7993736,4064,,,,,,,,,,-10.090,-0.078,-0.191,,,,,,
1,S,7993736,4064,1.120,2.080,2.080,-9.867,-0.193,0.138,,,,,,,,,,,,
1,B,7996445,2709,,,,,,,,,,,,,,,,45.688,-87.000,39.562
1,S,7996445,2709,1.120,1.760,1.760,-9.883,-0.182,0.128,,,,,,,,,,,,
1,B,7999154,2709,,,,,,,,,,,,,0.000,0.000,0.112,,,
1,S,7999154,2709,1.120,1.120,1.760,-9.883,-0.177,0.122,,,,,,,,,,,,
1,B,8003896,4742,,,,,,,,,,-10.113,-0.086,-0.250,,,,,,
1,S,8003896,4742,0.800,0.480,2.080,-9.887,-0.182,0.117,,,,,,,,,,,,
1,B,8005928,2032,,,,,,,,,,-10.105,-0.066,-0.219,,,,,,
1,S,8005928,2032,0.480,0.800,2.080,-9.902,-0.177,0.117,,,,,,,,,,,,
1,B,8009314,3386,,,,,,,,,,,,,,,,46.438,-86.562,39.000
1,S,8009314,3386,0.480,0.800,2.400,-9.912,-0.172,0.128,,,,,,,,,,,,
1,B,8011346,2032,,,,,,,,,,,,,0.000,0.000,0.112,,,
1,S,8011346,2032,0.480,1.120,2.400,-9.912,-0.168,0.133,,,,,,,,,,,,
1,B,8014733,3387,,,,,,,,,,-10.117,-0.059,-0.238,,,,,,
1,S,8014733,3387,0.480,1.440,2.080,-9.887,-0.168,0.133,,,,,,,,,,,,
1,B,8018118,3385,,,,,,,,,,,,,,,,45.812,-84.250,38.500
1,S,8018118,3385,0.480,1.440,2.080,-9.887,-0.177,0.138,,,,,,,,,,,,
1,B,8020150,2032,,,,,,,,,,,,,0.112,0.000,0.112,,,
1,S,8020150,2032,1.120,1.440,2.080,-9.893,-0.182,0.142,,,,,,,,,,,,
1,B,8023537,3387,,,,,,,,,,-10.137,-0.098,-0.219,,,,,,
1,S,8023537,3387,1.440,0.800,2.080,-9.877,-0.198,0.147,,,,,,,,,,,,
1,B,8026924,3387,,,,,,,,,,,,,,,,45.562,-85.562,38.938
1,S,8026924,3387,1.760,0.800,2.720,-9.848,-0.207,0.152,,,,,,,,,,,,
1,B,8028956,2032,,,,,,,,,,,,,0.000,0.000,0.112,,,
1,S,8028956,2032,2.080,1.120,2.720,-9.842,-0.207,0.152,,,,,,,,,,,,
1,B,8033697,4741,,,,,,,,,,-10.074,-0.105,-0.211,,,,,,
1,S,8033697,4741,2.080,1.760,2.080,-9.887,-0.198,0.168,,,,,,,,,,,,
1,B,8035729,2032,,,,,,,,,,-10.094,-0.086,-0.152,,,,,,
1,S,8035729,2032,1.120,1.760,2.080,-9.898,-0.193,0.182,,,,,,,,,,,,
1,B,8039115,3386,,,,,,,,,,,,,,,,45.438,-85.188,39.125
1,S,8039115,3386,0.800,1.440,2.400,-9.893,-0.193,0.203,,,,,,,,,,,,
1,B,8041147,2032,,,,,,,,,,,,,0.000,0.000,0.112,,,
1,S,8041147,2032,0.480,1.120,2.720,-9.893,-0.193,0.207,,,,,,,,,,,,
1,B,8044534,3387,,,,,,,,,,,,,,,,46.188,-82.750,37.500
1,S,8044534,3387,0.800,1.120,2.720,-9.908,-0.188,0.203,,,,,,,,,,,,
1,B,8047921,3387,,,,,,,,,,-10.113,-0.098,-0.133,,,,,,
1,S,8047921,3387,1.120,1.120,2.400,-9.928,-0.188,0.198,,,,,,,,,,,,
1,B,8051306,3385,,,,,,,,,,,,,0.000,0.000,0.000,,,
1,S,8051306,3385,1.120,1.120,2.400,-9.928,-0.203,0.188,,,,,,,,,,,,
1,B,8054693,3387,,,,,,,,,,-10.109,-0.086,-0.145,,,,,,
1,S,8054693,3387,0.480,1.440,1.760,-9.898,-0.203,0.177,,,,,,,,,,,,
1,B,8058079,3386,,,,,,,,,,,,,,,,44.875,-84.812,38.688
1,S,8058079,3386,0.480,1.760,2.080,-9.867,-0.193,0.168,,,,,,,,,,,,
1,B,8060111,2032,,,,,,,,,,,,,0.000,0.000,0.000,,,
1,S,8060111,2032,1.120,2.080,2.720,-9.857,-0.188,0.168,,,,,,,,,,,,
1,B,8064175,4064,,,,,,,,,,-10.090,-0.078,-0.191,,,,,,
1,S,8064175,4064,1.440,2.080,2.720,-9.857,-0.182,0.168,,,,,,,,,,,,
1,B,8066885,2710,,,,,,,,,,-10.094,-0.078,-0.230,,,,,,
1,S,8066885,2710,1.440,2.080,2.080,-9.877,-0.172,0.163,,,,,,,,,,,,
1,B,8070271,3386,,,,,,,,,,,,,,,,46.000,-85.625,38.812
1,S,8070271,3386,1.440,1.440,1.440,-9.898,-0.163,0.152,,,,,,,,,,,,
1,B,8072981,2710,,,,,,,,,,,,,0.000,0.112,0.000,,,
1,S,8072981,2710,1.120,1.120,1.440,-9.902,-0.163,0.147,,,,,,,,,,,,
1,B,8075690,2709,,,,,,,,,,,,,,,,45.688,-85.438,38.625
1,S,8075690,5418,1.120,1.120,2.400,-9.898,-0.168,0.133,,,,,,,,,,,,
1,B,8079075,3385,,,,,,,,,,-10.117,-0.039,-0.230,,,,,,
1,S,8079075,676,2.080,1.760,2.400,-9.902,-0.168,0.133,,,,,,,,,,,,
1,B,8081786,2711,,,,,,,,,,,,,0.000,0.112,0.112,,,
1,S,8081786,2711,2.080,1.440,2.400,-9.912,-0.172,0.128,,,,,,,,,,,,
1,B,8085171,3385,,,,,,,,,,-10.133,-0.047,-0.230,,,,,,
1,S,8085171,3385,1.440,1.120,2.080,-9.902,-0.172,0.122,,,,,,,,,,,,
1,B,8088558,3387,,,,,,,,,,,,,,,,45.188,-86.062,39.438
1,S,8088558,3387,0.480,0.800,1.760,-9.877,-0.177,0.122,,,,,,,,,,,,
1,B,8091248,2690,,,,,,,,,,,,,0.000,0.112,0.112,,,
1,S,8091248,2690,-0.160,0.800,1.760,-9.863,-0.182,0.122,,,,,,,,,,,,
1,B,8093977,2729,,,,,,,,,,-10.066,-0.059,-0.238,,,,,,
1,S,8093977,2729,0.480,0.800,1.440,-9.852,-0.188,0.122,,,,,,,,,,,,
1,B,8097363,3386,,,,,,,,,,,,,,,,45.625,-86.000,39.062
1,S,8097363,5418,1.120,1.120,2.080,-9.863,-0.193,0.138,,,,,,,,,,,,
1,B,8100072,2709,,,,,,,,,,,,,-0.224,0.000,0.000,,,
1,S,8100072,677,1.440,1.120,2.400,-9.863,-0.193,0.142,,,,,,,,,,,,
1,B,8104136,4064,,,,,,,,,,-10.090,-0.059,-0.230,,,,,,
1,S,8104136,4064,1.440,0.800,2.080,-9.887,-0.193,0.152,,,,,,,,,,,,
1,B,8106168,2032,,,,,,,,,,-10.121,-0.078,-0.211,,,,,,
1,S,8106168,2032,0.800,0.800,1.760,-9.898,-0.193,0.152,,,,,,,,,,,,
1,B,8109555,3387,,,,,,,,,,,,,,,,45.312,-82.688,37.188
1,S,8109555,3387,1.120,0.800,1.760,-9.912,-0.188,0.163,,,,,,,,,,,,
1,B,8112244,2689,,,,,,,,,,,,,-0.112,0.000,0.000,,,
1,S,8112244,2689,1.440,1.120,1.760,-9.912,-0.188,0.163,,,,,,,,,,,,
1,B,8114974,2730,,,,,,,,,,-10.098,-0.098,-0.184,,,,,,
1,S,8114974,2730,1.440,1.440,2.080,-9.902,-0.198,0.172,,,,,,,,,,,,
1,B,8118359,3385,,,,,,,,,,,,,,,,45.875,-85.188,38.000
1,S,8118359,3385,1.120,1.440,1.760,-9.893,-0.207,0.182,,,,,,,,,,,,
1,B,8121068,2709,,,,,,,,,,,,,0.000,-0.112,0.000,,,
1,S,8121068,2709,0.800,1.440,1.760,-9.887,-0.207,0.193,,,,,,,,,,,,
1,B,8123778,2710,,,,,,,,,,-10.062,-0.105,-0.152,,,,,,
1,S,8123778,2710,0.800,1.120,2.080,-9.873,-0.207,0.198,,,,,,,,,,,,
1,B,8127164,3386,,,,,,,,,,,,,,,,46.312,-85.688,38.062
1,S,8127164,3386,0.800,1.120,2.720,-9.857,-0.212,0.198,,,,,,,,,,,,
1,B,8129874,2710,,,,,,,,,,,,,0.112,0.000,0.000,,,
1,S,8129874,2710,1.440,1.120,2.720,-9.857,-0.212,0.193,,,,,,,,,,,,
1,B,8133938,4064,,,,,,,,,,-10.090,-0.105,-0.164,,,,,,
1,S,8133938,4064,1.760,1.120,2.080,-9.883,-0.212,0.193,,,,,,,,,,,,
1,B,8135970,2032,,,,,,,,,,,,,,,,45.625,-85.000,38.562
1,S,8135970,2032,1.120,1.120,1.760,-9.898,-0.203,0.193,,,,,,,,,,,,
1,B,8139356,3386,,,,,,,,,,,,,0.112,0.000,0.000,,,
1,S,8139356,3386,0.480,1.120,1.440,-9.908,-0.193,0.188,,,,,,,,,,,,
1,B,8144077,4721,,,,,,,,,,-10.137,-0.086,-0.191,,,,,,
1,S,8144077,4721,0.480,1.760,2.080,-9.908,-0.188,0.172,,,,,,,,,,,,
1,B,8146129,2052,,,,,,,,,,-10.102,-0.066,-0.199,,,,,,
1,S,8146129,2052,0.480,2.080,2.400,-9.912,-0.188,0.168,,,,,,,,,,,,
1,B,8149516,3387,,,,,,,,,,,,,,,,44.938,-84.250,38.250
1,S,8149516,3387,0.480,2.400,2.400,-9.908,-0.177,0.158,,,,,,,,,,,,
1,B,8151548,2032,,,,,,,,,,,,,0.000,0.112,0.000,,,
1,S,8151548,2032,1.120,2.080,2.400,-9.902,-0.172,0.152,,,,,,,,,,,,
1,B,8154935,3387,,,,,,,,,,-10.133,-0.098,-0.211,,,,,,
1,S,8154935,3387,1.120,1.120,2.080,-9.887,-0.172,0.133,,,,,,,,,,,,
1,B,8158320,3385,,,,,,,,,,,,,,,,45.812,-85.250,39.000
1,S,8158320,3385,1.120,0.800,2.080,-9.873,-0.177,0.117,,,,,,,,,,,,
1,B,8160352,2032,,,,,,,,,,,,,0.000,0.112,0.000,,,
1,S,8160352,2032,1.120,0.800,2.080,-9.867,-0.182,0.113,,,,,,,,,,,,
1,B,8163739,3387,,,,,,,,,,-10.070,-0.066,-0.230,,,,,,
1,S,8163739,3387,0.800,1.440,1.760,-9.863,-0.182,0.113,,,,,,,,,,,,
1,B,8167125,3386,,,,,,,,,,,,,,,,46.000,-86.062,38.938
1,S,8167125,3386,0.480,1.120,1.760,-9.873,-0.177,0.113,,,,,,,,,,,,
1,B,8169157,2032,,,,,,,,,,,,,0.000,0.000,0.000,,,
1,S,8169157,2032,0.800,0.800,1.760,-9.887,-0.172,0.117,,,,,,,,,,,,
1,B,8173899,4742,,,,,,,,,,-10.105,-0.047,-0.238,,,,,,
1,S,8173899,4742,1.120,0.800,2.400,-9.912,-0.163,0.128,,,,,,,,,,,,
1,B,8175931,2032,,,,,,,,,,-10.117,-0.078,-0.219,,,,,,
1,S,8175931,2032,1.120,1.120,2.400,-9.912,-0.158,0.138,,,,,,,,,,,,
1,B,8179317,3386,,,,,,,,,,,,,,,,46.000,-83.438,37.500
1,S,8179317,3386,0.800,1.120,2.400,-9.908,-0.163,0.142,,,,,,,,,,,,
1,B,8181349,2032,,,,,,,,,,,,,0.000,0.000,0.000,,,
1,S,8181349,2032,0.480,1.120,2.400,-9.908,-0.172,0.152,,,,,,,,,,,,
1,B,8184736,3387,,,,,,,,,,,,,,,,46.125,-85.938,38.625
1,S,8184736,3387,0.480,1.120,2.080,-9.898,-0.193,0.158,,,,,,,,,,,,
1,B,8188121,3385,,,,,,,,,,-10.117,-0.105,-0.191,,,,,,
1,S,8188121,3385,0.800,1.440,2.080,-9.883,-0.203,0.172,,,,,,,,,,,,
1,B,8190153,2032,,,,,,,,,,,,,0.000,-0.112,0.000,,,
1,S,8190153,2032,1.120,1.760,2.080,-9.863,-0.207,0.177,,,,,,,,,,,,
1,B,8194895,4742,,,,,,,,,,,,,,,,46.750,-85.125,38.188
1,S,8194895,4742,1.120,1.120,2.720,-9.857,-0.207,0.182,,,,,,,,,,,,
1,B,8196927,2032,,,,,,,,,,-10.102,-0.125,-0.191,,,,,,
1,S,8196927,2032,1.120,0.800,2.400,-9.867,-0.207,0.188,,,,,,,,,,,,
1,B,8198959,2032,,,,,,,,,,,,,0.000,-0.112,0.000,,,
1,S,8198959,2032,0.800,0.800,2.080,-9.877,-0.203,0.188,,,,,,,,,,,,
1,B,8203700,4741,,,,,,,,,,-10.121,-0.086,-0.184,,,,,,
1,S,8203700,4741,0.480,0.800,1.760,-9.898,-0.203,0.188,,,,,,,,,,,,
1,B,8205732,2032,,,,,,,,,,,,,,,,45.375,-84.812,38.312
1,S,8205732,2032,0.480,0.480,2.080,-9.902,-0.203,0.182,,,,,,,,,,,,
1,B,8207764,2032,,,,,,,,,,-10.121,-0.078,-0.152,,,,,,
1,S,8207764,2032,0.480,0.480,2.080,-9.902,-0.198,0.182,,,,,,,,,,,,
1,B,8210473,2709,,,,,,,,,,,,,0.000,0.000,0.000,,,
1,S,8210473,5418,0.160,0.480,2.400,-9.902,-0.188,0.172,,,,,,,,,,,,
1,B,8213860,3387,,,,,,,,,,,,,,,,46.188,-86.375,38.750
1,S,8213860,678,0.800,0.800,2.400,-9.902,-0.188,0.168,,,,,,,,,,,,
1,B,8216569,2709,,,,,,,,,,-10.121,-0.098,-0.172,,,,,,
1,S,8216569,2709,1.120,1.120,2.400,-9.898,-0.198,0.168,,,,,,,,,,,,
1,B,8219278,2709,,,,,,,,,,,,,0.000,0.000,0.000,,,
1,S,8219278,2709,1.760,1.760,2.400,-9.887,-0.198,0.163,,,,,,,,,,,,
1,B,8223342,4064,,,,,,,,,,,,,,,,45.750,-85.875,38.688
1,S,8223342,4064,1.760,1.440,2.080,-9.873,-0.188,0.147,,,,,,,,,,,,
1,B,8226729,3387,,,,,,,,,,-10.070,-0.086,-0.211,,,,,,
1,S,8226729,3387,1.120,0.800,1.760,-9.863,-0.188,0.133,,,,,,,,,,,,
1,B,8228761,2032,,,,,,,,,,,,,0.000,0.000,0.000,,,
1,S,8228761,2032,0.160,0.800,1.760,-9.867,-0.193,0.133,,,,,,,,,,,,
1,B,8233501,4740,,,,,,,,,,,,,,,,45.875,-85.688,39.125
1,S,8233501,4740,0.160,1.120,2.080,-9.893,-0.182,0.133,,,,,,,,,,,,
1,B,8235533,2032,,,,,,,,,,-10.090,-0.066,-0.219,,,,,,
1,S,8235533,2032,1.120,1.120,2.400,-9.898,-0.177,0.138,,,,,,,,,,,,
1,B,8237565,2032,,,,,,,,,,-10.117,-0.066,-0.238,,,,,,
1,S,8237565,2032,1.120,0.800,2.400,-9.902,-0.172,0.138,,,,,,,,,,,,
1,B,8240274,2709,,,,,,,,,,,,,0.000,0.000,0.000,,,
1,S,8240274,2709,0.800,0.800,2.400,-9.902,-0.172,0.138,,,,,,,,,,,,
1,B,8243661,3387,,,,,,,,,,,,,,,,46.188,-84.312,38.438
1,S,8243661,3387,0.480,1.120,1.760,-9.908,-0.168,0.142,,,,,,,,,,,,
1,B,8247027,3366,,,,,,,,,,-10.133,-0.078,-0.230,,,,,,
1,S,8247027,3366,0.800,1.120,1.440,-9.902,-0.168,0.142,,,,,,,,,,,,
1,B,8249079,2052,,,,,,,,,,,,,0.000,0.000,0.000,,,
1,S,8249079,2052,1.440,1.120,1.440,-9.898,-0.172,0.142,,,,,,,,,,,,
1,B,8253143,4064,,,,,,,,,,,,,,,,46.625,-85.312,37.812
1,S,8253143,4064,1.440,1.120,2.080,-9.887,-0.177,0.163,,,,,,,,,,,,
1,B,8256530,3387,,,,,,,,,,-10.094,-0.066,-0.184,,,,,,
1,S,8256530,3387,0.800,1.120,2.400,-9.873,-0.182,0.172,,,,,,,,,,,,
1,B,8258562,2032,,,,,,,,,,,,,0.000,0.000,0.000,,,
1,S,8258562,2032,0.800,1.440,2.400,-9.867,-0.182,0.168,,,,,,,,,,,,
1,B,8263302,4740,,,,,,,,,,,,,,,,45.812,-84.750,37.875
1,S,8263302,7449,1.120,1.440,2.080,-9.887,-0.193,0.168,,,,,,,,,,,,
1,B,8266690,3388,,,,,,,,,,-10.102,-0.086,-0.172,,,,,,
1,S,8266690,679,0.800,1.120,1.760,-9.887,-0.193,0.172,,,,,,,,,,,,
1,B,8268721,2031,,,,,,,,,,,,,0.000,0.000,0.000,,,
1,S,8268721,2031,0.800,0.800,1.440,-9.893,-0.188,0.182,,,,,,,,,,,,
1,B,8272785,4064,,,,,,,,,,-10.105,-0.086,-0.152,,,,,,
1,S,8272785,4064,0.480,1.120,1.760,-9.902,-0.188,0.177,,,,,,,,,,,,
1,B,8275494,2709,,,,,,,,,,,,,,,,46.438,-85.500,38.438
1,S,8275494,2709,0.480,1.440,2.080,-9.902,-0.188,0.172,,,,,,,,,,,,
1,B,8277526,2032,,,,,,,,,,-10.145,-0.086,-0.172,,,,,,
1,S,8277526,2032,1.120,1.120,2.080,-9.902,-0.193,0.172,,,,,,,,,,,,
1,B,8279558,2032,,,,,,,,,,,,,0.000,0.000,0.112,,,
1,S,8279558,2032,1.120,0.800,2.080,-9.902,-0.193,0.172,,,,,,,,,,,,
1,B,8284299,4741,,,,,,,,,,,,,,,,45.625,-84.938,38.500
1,S,8284299,7450,0.800,0.160,2.720,-9.883,-0.193,0.168,,,,,,,,,,,,
1,B,8287686,3387,,,,,,,,,,-10.070,-0.078,-0.191,,,,,,
1,S,8287686,678,1.120,0.800,2.720,-9.883,-0.198,0.168,,,,,,,,,,,,
1,B,8289718,2032,,,,,,,,,,,,,0.000,0.000,0.000,,,
1,S,8289718,2032,1.440,1.120,2.720,-9.873,-0.203,0.163,,,,,,,,,,,,
1,B,8293782,4064,,,,,,,,,,,,,,,,45.688,-87.000,39.562
1,S,8293782,4064,1.440,1.440,2.720,-9.863,-0.207,0.152,,,,,,,,,,,,
1,B,8297168,3386,,,,,,,,,,-10.066,-0.098,-0.199,,,,,,
1,S,8297168,3386,0.800,1.760,3.040,-9.863,-0.203,0.147,,,,,,,,,,,,
1,B,8299858,2690,,,,,,,,,,,,,-0.112,0.000,0.000,,,
1,S,8299858,2690,0.800,1.760,2.720,-9.873,-0.193,0.147,,,,,,,,,,,,
1,B,8304619,4761,,,,,,,,,,,,,,,,45.938,-86.188,39.250
1,S,8304619,4761,1.120,1.120,1.760,-9.898,-0.177,0.142,,,,,,,,,,,,
1,B,8307327,2708,,,,,,,,,,-10.086,-0.086,-0.219,,,,,,
1,S,8307327,2708,1.440,1.120,1.760,-9.902,-0.177,0.142,,,,,,,,,,,,
1,B,8309359,2032,,,,,,,,,,,,,-0.112,0.000,0.000,,,
1,S,8309359,2032,1.760,1.440,1.760,-9.902,-0.182,0.142,,,,,,,,,,,,
1,B,8313423,4064,,,,,,,,,,-10.098,-0.078,-0.211,,,,,,
1,S,8313423,4064,1.440,1.760,2.080,-9.893,-0.188,0.138,,,,,,,,,,,,
1,B,8316132,2709,,,,,,,,,,-10.098,-0.078,-0.211,,,,,,
1,S,8316132,5419,0.480,1.440,2.080,-9.893,-0.188,0.138,,,,,,,,,,,,
1,B,8319519,3387,,,,,,,,,,,,,,,,44.875,-84.812,38.688
1,S,8319519,677,0.800,1.120,2.080,-9.893,-0.182,0.138,,,,,,,,,,,,
1,B,8321551,2032,,,,,,,,,,,,,0.000,0.000,0.000,,,
1,S,8321551,2032,0.800,1.120,2.080,-9.898,-0.182,0.133,,,,,,,,,,,,
1,B,8324938,3387,,,,,,,,,,,,,,,,46.750,-85.688,38.688
1,S,8324938,3387,1.120,1.440,2.080,-9.883,-0.177,0.142,,,,,,,,,,,,
1,B,8328324,3386,,,,,,,,,,-10.109,-0.113,-0.211,,,,,,
1,S,8328324,3386,1.440,1.760,2.080,-9.873,-0.177,0.158,,,,,,,,,,,,
1,B,8330356,2032,,,,,,,,,,,,,0.112,0.000,0.000,,,
1,S,8330356,2032,1.120,1.760,2.080,-9.873,-0.182,0.158,,,,,,,,,,,,
1,B,8334420,4064,,,,,,,,,,,,,,,,45.875,-84.125,38.188
1,S,8334420,4064,0.800,1.440,1.760,-9.893,-0.177,0.163,,,,,,,,,,,,
1,B,8337129,2709,,,,,,,,,,-10.109,-0.086,-0.184,,,,,,
1,S,8337129,2709,1.120,1.120,1.440,-9.898,-0.177,0.172,,,,,,,,,,,,
1,B,8339160,2031,,,,,,,,,,,,,0.000,0.000,0.000,,,
1,S,8339160,2031,1.120,1.120,1.760,-9.898,-0.177,0.177,,,,,,,,,,,,
1,B,8343224,4064,,,,,,,,,,-10.102,-0.086,-0.184,,,,,,
1,S,8343224,4064,1.120,1.120,2.400,-9.893,-0.188,0.182,,,,,,,,,,,,
1,B,8345935,2711,,,,,,,,,,,,,,,,44.938,-85.312,38.750
1,S,8345935,2711,1.120,0.800,2.720,-9.887,-0.188,0.188,,,,,,,,,,,,
1,B,8347967,2032,,,,,,,,,,-10.094,-0.086,-0.152,,,,,,
1,S,8347967,2032,0.800,0.800,2.720,-9.893,-0.182,0.188,,,,,,,,,,,,
1,B,8351352,3385,,,,,,,,,,,,,0.000,0.000,0.000,,,
1,S,8351352,3385,1.120,0.800,2.080,-9.893,-0.177,0.188,,,,,,,,,,,,
1,B,8354739,3387,,,,,,,,,,,,,,,,45.500,-84.625,38.688
1,S,8354739,3387,1.120,1.440,1.760,-9.887,-0.182,0.182,,,,,,,,,,,,
1,B,8358125,3386,,,,,,,,,,-10.102,-0.086,-0.172,,,,,,
1,S,8358125,3386,0.800,1.760,2.400,-9.883,-0.193,0.182,,,,,,,,,,,,
1,B,8360157,2032,,,,,,,,,,,,,0.000,0.000,0.000,,,
1,S,8360157,2032,0.800,1.440,2.720,-9.883,-0.193,0.182,,,,,,,,,,,,
1,B,8364221,4064,,,,,,,,,,,,,,,,46.375,-86.125,38.875
1,S,8364221,4064,1.120,0.800,2.720,-9.883,-0.188,0.163,,,,,,,,,,,,
1,B,8367608,3387,,,,,,,,,,-10.102,-0.086,-0.191,,,,,,
1,S,8367608,3387,0.800,0.800,2.080,-9.893,-0.188,0.152,,,,,,,,,,,,
1,B,8370317,2709,,,,,,,,,,,,,0.000,0.000,0.000,,,
1,S,8370317,2709,-0.160,1.440,1.760,-9.893,-0.188,0.152,,,,,,,,,,,,
1,B,8374381,4064,,,,,,,,,,-10.098,-0.098,-0.219,,,,,,
1,S,8374381,4064,-0.160,1.760,2.080,-9.887,-0.193,0.152,,,,,,,,,,,,
1,B,8376413,2032,,,,,,,,,,,,,,,,45.688,-85.438,38.625
1,S,8376413,2032,0.160,1.760,2.080,-9.877,-0.188,0.147,,,,,,,,,,,,
1,B,8379122,2709,,,,,,,,,,,,,0.000,0.000,0.000,,,
1,S,8379122,2709,0.800,1.440,2.400,-9.877,-0.177,0.142,,,,,,,,,,,,
1,B,8383185,4063,,,,,,,,,,-10.094,-0.066,-0.238,,,,,,
1,S,8383185,4063,0.800,0.800,2.080,-9.887,-0.172,0.128,,,,,,,,,,,,
1,B,8385217,2032,,,,,,,,,,,,,,,,45.688,-86.438,39.188
1,S,8385217,2032,0.480,0.800,2.080,-9.893,-0.177,0.128,,,,,,,,,,,,
1,B,8388604,3387,,,,,,,,,,,,,0.000,0.000,0.000,,,
1,S,8388604,7451,0.480,1.120,1.760,-9.877,-0.193,0.128,,,,,,,,,,,,
1,B,8393345,4741,,,,,,,,,,-10.109,-0.086,-0.230,,,,,,
1,S,8393345,677,1.760,0.800,1.440,-9.877,-0.188,0.128,,,,,,,,,,,,
1,B,8395377,2032,,,,,,,,,,-10.098,-0.066,-0.250,,,,,,
1,S,8395377,2032,1.760,0.800,1.760,-9.877,-0.188,0.133,,,,,,,,,,,,
1,B,8398764,3387,,,,,,,,,,,,,,,,45.750,-86.938,39.250
1,S,8398764,3387,1.440,0.800,2.400,-9.877,-0.188,0.142,,,,,,,,,,,,
1,B,8400796,2032,,,,,,,,,,,,,0.000,0.000,0.000,,,
1,S,8400796,2032,1.120,0.800,2.400,-9.883,-0.188,0.152,,,,,,,,,,,,
1,B,8404182,3386,,,,,,,,,,-10.109,-0.078,-0.199,,,,,,
1,S,8404182,3386,0.800,1.120,2.080,-9.893,-0.182,0.152,,,,,,,,,,,,
1,B,8407569,3387,,,,,,,,,,,,,,,,47.125,-85.750,38.562
1,S,8407569,3387,0.800,1.120,2.080,-9.898,-0.182,0.152,,,,,,,,,,,,
1,B,8409601,2032,,,,,,,,,,,,,0.000,0.000,0.000,,,
1,S,8409601,2032,1.120,1.120,2.400,-9.893,-0.188,0.152,,,,,,,,,,,,
1,B,8414342,4741,,,,,,,,,,-10.109,-0.086,-0.191,,,,,,
1,S,8414342,4741,1.440,1.440,2.400,-9.908,-0.198,0.168,,,,,,,,,,,,
1,B,8416374,2032,,,,,,,,,,,,,,,,46.375,-85.062,38.312
1,S,8416374,2032,1.120,1.440,2.400,-9.912,-0.203,0.177,,,,,,,,,,,,
1,B,8419761,3387,,,,,,,,,,,,,0.000,-0.112,0.000,,,
1,S,8419761,3387,1.120,1.760,2.080,-9.908,-0.198,0.188,,,,,,,,,,,,
1,B,8423825,4064,,,,,,,,,,-10.105,-0.105,-0.184,,,,,,
1,S,8423825,4064,1.120,1.760,1.760,-9.898,-0.193,0.193,,,,,,,,,,,,
1,B,8426514,2689,,,,,,,,,,-10.102,-0.078,-0.152,,,,,,
1,S,8426514,2689,0.800,1.760,1.760,-9.893,-0.198,0.188,,,,,,,,,,,,
1,B,8429242,2728,,,,,,,,,,,,,,,,46.500,-87.062,38.375
1,S,8429242,2728,0.800,2.080,1.440,-9.893,-0.198,0.182,,,,,,,,,,,,
1,B,8431953,2711,,,,,,,,,,,,,0.112,-0.112,0.000,,,
1,S,8431953,2711,0.480,1.760,1.440,-9.898,-0.198,0.182,,,,,,,,,,,,
1,B,8435338,3385,,,,,,,,,,-10.094,-0.066,-0.191,,,,,,
1,S,8435338,3385,0.480,1.440,1.440,-9.902,-0.188,0.177,,,,,,,,,,,,
1,B,8438047,2709,,,,,,,,,,,,,,,,46.438,-86.062,39.562
1,S,8438047,2709,0.480,1.120,1.760,-9.902,-0.182,0.168,,,,,,,,,,,,
1,B,8440757,2710,,,,,,,,,,,,,0.112,0.000,0.000,,,
1,S,8440757,2710,0.480,1.120,1.760,-9.898,-0.177,0.163,,,,,,,,,,,,
1,B,8444821,4064,,,,,,,,,,-10.098,-0.086,-0.172,,,,,,
1,S,8444821,4064,0.800,1.120,1.760,-9.898,-0.188,0.163,,,,,,,,,,,,
1,B,8446853,2032,,,,,,,,,,,,,,,,46.375,-85.125,37.562
1,S,8446853,2032,1.440,1.440,1.760,-9.898,-0.198,0.163,,,,,,,,,,,,
1,B,8449562,2709,,,,,,,,,,,,,0.112,0.000,0.112,,,
1,S,8449562,2709,1.760,1.440,2.080,-9.898,-0.203,0.163,,,,,,,,,,,,
1,B,8453626,4064,,,,,,,,,,-10.109,-0.066,-0.199,,,,,,
1,S,8453626,4064,2.080,1.120,2.400,-9.902,-0.203,0.142,,,,,,,,,,,,
1,B,8456335,2709,,,,,,,,,,-10.113,-0.066,-0.238,,,,,,
1,S,8456335,2709,1.440,0.800,2.720,-9.898,-0.203,0.133,,,,,,,,,,,,
1,B,8459044,2709,,,,,,,,,,,,,,,,46.500,-84.938,38.000
1,S,8459044,2709,1.120,0.160,2.720,-9.887,-0.198,0.133,,,,,,,,,,,,
1,B,8461754,2710,,,,,,,,,,,,,0.000,0.112,0.000,,,
1,S,8461754,2710,0.800,0.160,2.720,-9.877,-0.188,0.138,,,,,,,,,,,,
1,B,8465139,3385,,,,,,,,,,,,,,,,46.000,-85.000,38.375
1,S,8465139,3385,0.800,0.800,2.400,-9.877,-0.188,0.138,,,,,,,,,,,,
1,B,8467850,2711,,,,,,,,,,-10.109,-0.059,-0.211,,,,,,
1,S,8467850,2711,0.800,1.440,2.080,-9.887,-0.188,0.138,,,,,,,,,,,,
1,B,8470558,2708,,,,,,,,,,,,,0.000,0.112,0.000,,,
1,S,8470558,2708,1.120,1.760,2.080,-9.898,-0.188,0.142,,,,,,,,,,,,
1,B,8474622,4064,,,,,,,,,,,,,,,,46.688,-84.688,37.375
1,S,8474622,4064,1.120,1.120,2.400,-9.887,-0.193,0.147,,,,,,,,,,,,
1,B,8477331,2709,,,,,,,,,,-10.094,-0.086,-0.199,,,,,,
1,S,8477331,2709,0.800,1.120,2.720,-9.887,-0.193,0.147,,,,,,,,,,,,
1,B,8479363,2032,,,,,,,,,,,,,0.112,0.000,0.000,,,
1,S,8479363,2032,0.800,1.440,2.720,-9.893,-0.193,0.152,,,,,,,,,,,,
1,B,8483427,4064,,,,,,,,,,-10.113,-0.086,-0.211,,,,,,
1,S,8483427,4064,0.800,1.760,2.080,-9.898,-0.193,0.163,,,,,,,,,,,,
1,B,8486136,2709,,,,,,,,,,,,,,,,45.438,-84.688,38.000
1,S,8486136,2709,1.120,1.440,2.080,-9.898,-0.193,0.163,,,,,,,,,,,,
1,B,8488168,2032,,,,,,,,,,-10.109,-0.066,-0.211,,,,,,
1,S,8488168,2032,1.120,1.440,2.400,-9.893,-0.193,0.163,,,,,,,,,,,,
1,B,8490200,2032,,,,,,,,,,,,,0.000,0.000,0.000,,,
1,S,8490200,2032,0.800,1.440,2.400,-9.883,-0.188,0.158,,,,,,,,,,,,
1,B,8494942,4742,,,,,,,,,,,,,,,,45.750,-83.750,38.375
1,S,8494942,4742,0.800,0.800,2.400,-9.873,-0.177,0.163,,,,,,,,,,,,
1,B,8498328,3386,,,,,,,,,,-10.105,-0.086,-0.199,,,,,,
1,S,8498328,3386,1.440,1.440,2.400,-9.887,-0.188,0.163,,,,,,,,,,,,
1,B,8500360,2032,,,,,,,,,,,,,0.112,0.112,0.000,,,
1,S,8500360,2032,1.440,1.760,2.400,-9.893,-0.193,0.168,,,,,,,,,,,,
1,B,8504424,4064,,,,,,,,,,,,,,,,46.688,-85.750,37.938
1,S,8504424,4064,1.120,1.760,2.080,-9.883,-0.193,0.177,,,,,,,,,,,,
1,B,8507811,3387,,,,,,,,,,-10.117,-0.059,-0.172,,,,,,
1,S,8507811,3387,0.480,1.760,2.400,-9.877,-0.188,0.177,,,,,,,,,,,,
1,B,8509843,2032,,,,,,,,,,,,,0.112,0.112,0.000,,,
1,S,8509843,2032,0.480,1.760,2.400,-9.883,-0.188,0.177,,,,,,,,,,,,
1,B,8514583,4740,,,,,,,,,,-10.090,-0.066,-0.172,,,,,,
1,S,8514583,4740,0.800,1.760,2.080,-9.902,-0.177,0.172,,,,,,,,,,,,
1,B,8516615,2032,,,,,,,,,,,,,,,,46.750,-85.688,38.688
1,S,8516615,2032,1.120,1.440,2.400,-9.912,-0.177,0.172,,,,,,,,,,,,
1,B,8519305,2690,,,,,,,,,,,,,0.000,0.000,0.000,,,
1,S,8519305,2690,0.800,1.120,2.400,-9.912,-0.182,0.168,,,,,,,,,,,,
1,B,8523388,4083,,,,,,,,,,-10.105,-0.059,-0.191,,,,,,
1,S,8523388,4083,0.160,0.800,2.080,-9.893,-0.193,0.158,,,,,,,,,,,,
1,B,8525420,2032,,,,,,,,,,,,,,,,46.750,-85.125,38.250
1,S,8525420,2032,0.160,0.800,1.760,-9.887,-0.188,0.152,,,,,,,,,,,,
1,B,8528807,3387,,,,,,,,,,,,,0.000,0.000,0.000,,,
1,S,8528807,3387,0.480,0.800,1.760,-9.883,-0.182,0.142,,,,,,,,,,,,
1,B,8532871,4064,,,,,,,,,,-10.090,-0.078,-0.191,,,,,,
1,S,8532871,4064,0.800,1.440,2.400,-9.883,-0.188,0.138,,,,,,,,,,,,
1,B,8535580,2709,,,,,,,,,,-10.090,-0.059,-0.219,,,,,,
1,S,8535580,2709,1.120,2.080,2.720,-9.887,-0.198,0.147,,,,,,,,,,,,
1,B,8538967,3387,,,,,,,,,,,,,,,,45.188,-84.438,38.500
1,S,8538967,3387,1.440,2.080,2.400,-9.887,-0.198,0.147,,,,,,,,,,,,
1,B,8540999,2032,,,,,,,,,,,,,0.112,0.000,0.112,,,
1,S,8540999,2032,1.440,1.760,2.080,-9.883,-0.193,0.147,,,,,,,,,,,,
1,B,8544385,3386,,,,,,,,,,-10.102,-0.086,-0.238,,,,,,
1,S,8544385,3386,1.120,1.440,2.080,-9.883,-0.188,0.147,,,,,,,,,,,,
1,B,8547772,3387,,,,,,,,,,,,,,,,46.062,-85.500,37.812
1,S,8547772,3387,0.480,1.440,2.400,-9.883,-0.193,0.147,,,,,,,,,,,,
1,B,8549804,2032,,,,,,,,,,,,,0.112,0.000,0.000,,,
1,S,8549804,2032,0.160,1.760,2.400,-9.887,-0.198,0.147,,,,,,,,,,,,
1,B,8555221,5417,,,,,,,,,,-10.109,-0.059,-0.199,,,,,,
1,S,8555221,5417,0.160,1.440,1.760,-9.887,-0.193,0.142,,,,,,,,,,,,
1,B,8557253,2032,,,,,,,,,,-10.074,-0.078,-0.199,,,,,,
1,S,8557253,2032,0.160,1.120,1.760,-9.883,-0.193,0.142,,,,,,,,,,,,
1,B,8560641,3388,,,,,,,,,,,,,,,,45.875,-84.125,37.438
1,S,8560641,3388,0.480,0.800,2.080,-9.883,-0.193,0.152,,,,,,,,,,,,
1,B,8562672,2031,,,,,,,,,,,,,0.000,0.000,0.000,,,
1,S,8562672,2031,0.160,1.120,2.400,-9.887,-0.193,0.158,,,,,,,,,,,,
1,B,8566058,3386,,,,,,,,,,,,,,,,45.688,-84.312,38.812
1,S,8566058,3386,0.160,1.440,2.080,-9.887,-0.193,0.163,,,,,,,,,,,,
1,B,8569445,3387,,,,,,,,,,-10.098,-0.105,-0.199,,,,,,
1,S,8569445,3387,0.480,1.760,1.440,-9.883,-0.193,0.172,,,,,,,,,,,,
1,B,8572832,3387,,,,,,,,,,,,,0.000,0.000,0.000,,,
1,S,8572832,3387,1.120,1.760,1.440,-9.887,-0.188,0.177,,,,,,,,,,,,
1,B,8576218,3386,,,,,,,,,,-10.098,-0.105,-0.152,,,,,,
1,S,8576218,3386,1.120,1.440,2.080,-9.883,-0.188,0.182,,,,,,,,,,,,
1,B,8579605,3387,,,,,,,,,,,,,,,,44.500,-83.312,38.125
1,S,8579605,3387,0.800,1.760,2.400,-9.883,-0.193,0.177,,,,,,,,,,,,
1,B,8581637,2032,,,,,,,,,,,,,0.000,0.000,0.000,,,
1,S,8581637,2032,1.120,2.080,2.400,-9.887,-0.198,0.177,,,,,,,,,,,,
1,B,8585023,3386,,,,,,,,,,-10.117,-0.113,-0.184,,,,,,
1,S,8585023,3386,1.120,2.080,2.400,-9.898,-0.198,0.168,,,,,,,,,,,,
1,B,8588410,3387,,,,,,,,,,,,,,,,45.938,-84.562,38.312
1,S,8588410,3387,1.120,1.120,2.080,-9.898,-0.193,0.168,,,,,,,,,,,,
1,B,8590442,2032,,,,,,,,,,,,,0.000,0.000,0.000,,,
1,S,8590442,2032,0.800,0.800,2.080,-9.898,-0.188,0.172,,,,,,,,,,,,
1,B,8594506,4064,,,,,,,,,,-10.105,-0.066,-0.184,,,,,,
1,S,8594506,4064,0.480,0.800,2.080,-9.883,-0.188,0.182,,,,,,,,,,,,
1,B,8597215,2709,,,,,,,,,,-10.062,-0.098,-0.184,,,,,,
1,S,8597215,2709,0.480,1.440,2.400,-9.883,-0.182,0.177,,,,,,,,,,,,
1,B,8600602,3387,,,,,,,,,,,,,,,,46.062,-83.875,37.562
1,S,8600602,3387,0.480,2.080,2.080,-9.893,-0.177,0.158,,,,,,,,,,,,
1,B,8602634,2032,,,,,,,,,,,,,-0.112,0.000,0.000,,,
1,S,8602634,2032,0.480,2.400,2.080,-9.898,-0.177,0.147,,,,,,,,,,,,
1,B,8606019,3385,,,,,,,,,,-10.109,-0.059,-0.211,,,,,,
1,S,8606019,3385,0.480,2.400,2.400,-9.893,-0.177,0.142,,,,,,,,,,,,
1,B,8609406,3387,,,,,,,,,,,,,,,,45.312,-85.375,38.750
1,S,8609406,3387,0.800,1.760,2.720,-9.883,-0.182,0.142,,,,,,,,,,,,
1,B,8611438,2032,,,,,,,,,,,,,0.000,0.000,0.000,,,
1,S,8611438,2032,1.120,1.760,2.400,-9.873,-0.182,0.147,,,,,,,,,,,,
1,B,8614825,3387,,,,,,,,,,-10.113,-0.059,-0.230,,,,,,
1,S,8614825,3387,1.440,1.760,2.080,-9.877,-0.188,0.142,,,,,,,,,,,,
1,B,8618211,3386,,,,,,,,,,,,,,,,46.000,-85.062,37.688
1,S,8618211,3386,0.800,1.120,1.440,-9.887,-0.182,0.138,,,,,,,,,,,,
1,B,8620243,2032,,,,,,,,,,,,,0.000,0.000,0.000,,,
1,S,8620243,2032,-0.160,0.800,1.120,-9.893,-0.182,0.138,,,,,,,,,,,,
1,B,8624966,4723,,,,,,,,,,-10.113,-0.086,-0.199,,,,,,
1,S,8624966,4723,-0.480,0.480,2.080,-9.887,-0.188,0.142,,,,,,,,,,,,
1,B,8627016,2050,,,,,,,,,,,,,,,,45.125,-84.000,37.625
1,S,8627016,2050,0.480,0.800,2.400,-9.887,-0.193,0.152,,,,,,,,,,,,
1,B,8630403,3387,,,,,,,,,,,,,0.112,0.000,0.000,,,
1,S,8630403,3387,1.120,1.440,2.080,-9.887,-0.193,0.152,,,,,,,,,,,,
1,B,8634467,4064,,,,,,,,,,-10.098,-0.098,-0.219,,,,,,
1,S,8634467,4064,1.440,0.480,1.760,-9.887,-0.203,0.152,,,,,,,,,,,,
1,B,8636499,2032,,,,,,,,,,-10.113,-0.086,-0.211,,,,,,
1,S,8636499,2032,1.440,0.480,1.440,-9.883,-0.198,0.152,,,,,,,,,,,,
1,B,8639886,3387,,,,,,,,,,,,,,,,45.375,-84.812,38.312
1,S,8639886,3387,1.440,0.480,1.440,-9.877,-0.198,0.152,,,,,,,,,,,,
1,B,8642595,2709,,,,,,,,,,,,,0.112,0.000,0.000,,,
1,S,8642595,2709,1.120,0.480,1.760,-9.877,-0.203,0.158,,,,,,,,,,,,
1,B,8645962,3367,,,,,,,,,,-10.090,-0.078,-0.191,,,,,,
1,S,8645962,3367,0.800,0.800,2.080,-9.883,-0.203,0.163,,,,,,,,,,,,
1,B,8648691,2729,,,,,,,,,,,,,,,,46.250,-85.812,38.312
1,S,8648691,2729,1.120,0.800,2.080,-9.883,-0.198,0.172,,,,,,,,,,,,
1,B,8651400,2709,,,,,,,,,,,,,0.112,0.000,0.000,,,
1,S,8651400,2709,1.120,1.120,1.760,-9.893,-0.198,0.177,,,,,,,,,,,,
1,B,8655463,4063,,,,,,,,,,-10.109,-0.098,-0.172,,,,,,
1,S,8655463,4063,0.800,1.760,2.400,-9.898,-0.198,0.172,,,,,,,,,,,,
1,B,8658851,3388,,,,,,,,,,,,,0.000,0.000,0.000,,,
1,S,8658851,3388,0.480,2.080,3.040,-9.893,-0.188,0.172,,,,,,,,,,,,
1,B,8664268,5417,,,,,,,,,,-10.113,-0.059,-0.184,,,,,,
1,S,8664268,5417,1.120,1.440,2.080,-9.893,-0.182,0.168,,,,,,,,,,,,
1,B,8666300,2032,,,,,,,,,,,,,,,,46.000,-86.062,38.938
1,S,8666300,2032,1.440,1.440,2.080,-9.893,-0.188,0.168,,,,,,,,,,,,
1,B,8668332,2032,,,,,,,,,,,,,0.112,0.000,0.000,,,
1,S,8668332,2032,1.440,1.120,2.080,-9.887,-0.188,0.163,,,,,,,,,,,,
1,B,8673073,4741,,,,,,,,,,-10.094,-0.098,-0.199,,,,,,
1,S,8673073,4741,1.120,1.120,2.720,-9.887,-0.193,0.168,,,,,,,,,,,,
1,B,8675105,2032,,,,,,,,,,,,,,,,46.375,-85.062,38.375
1,S,8675105,2032,0.480,1.120,2.720,-9.883,-0.193,0.168,,,,,,,,,,,,
1,B,8677796,2691,,,,,,,,,,-10.094,-0.078,-0.172,,,,,,
1,S,8677796,2691,0.800,1.120,2.400,-9.883,-0.193,0.163,,,,,,,,,,,,
1,B,8680524,2728,,,,,,,,,,,,,,,,45.250,-85.938,39.125
1,S,8680524,2728,1.120,0.800,1.760,-9.883,-0.193,0.158,,,,,,,,,,,,
1,B,8683233,2709,,,,,,,,,,,,,0.112,0.000,0.000,,,
1,S,8683233,5419,1.120,0.800,2.080,-9.898,-0.188,0.152,,,,,,,,,,,,
1,B,8686620,3387,,,,,,,,,,-10.109,-0.078,-0.211,,,,,,
1,S,8686620,677,0.800,1.440,2.080,-9.898,-0.182,0.152,,,,,,,,,,,,
1,B,8689329,2709,,,,,,,,,,,,,,,,46.125,-84.312,37.688
1,S,8689329,2709,0.800,1.120,1.760,-9.893,-0.177,0.152,,,,,,,,,,,,
1,B,8692038,2709,,,,,,,,,,,,,0.112,0.112,0.000,,,
1,S,8692038,2709,0.800,0.800,1.440,-9.887,-0.177,0.147,,,,,,,,,,,,
1,B,8695425,3387,,,,,,,,,,-10.086,-0.066,-0.199,,,,,,
1,S,8695425,3387,0.800,0.800,1.760,-9.887,-0.188,0.142,,,,,,,,,,,,
1,B,8698792,3367,,,,,,,,,,,,,,,,46.438,-85.562,38.438
1,S,8698792,3367,0.480,1.120,2.080,-9.887,-0.193,0.142,,,,,,,,,,,,
1,B,8700844,2052,,,,,,,,,,,,,0.000,0.112,0.000,,,
1,S,8700844,2052,1.120,1.440,2.400,-9.893,-0.193,0.142,,,,,,,,,,,,
1,B,8704908,4064,,,,,,,,,,-10.109,-0.078,-0.211,,,,,,
1,S,8704908,4064,1.120,1.440,2.400,-9.893,-0.193,0.142,,,,,,,,,,,,
1,B,8708293,3385,,,,,,,,,,,,,,,,45.688,-83.812,37.688
1,S,8708293,3385,1.440,0.800,2.400,-9.893,-0.188,0.142,,,,,,,,,,,,
1,B,8710325,2032,,,,,,,,,,,,,0.000,0.112,0.000,,,
1,S,8710325,2032,1.760,0.800,2.400,-9.893,-0.188,0.138,,,,,,,,,,,,
1,A,8713481,2725722,,,,,,,10.932,-0.432,0.242,,,,,,,,,
1,B,8715066,4741,,,,,,,,,,-10.094,-0.066,-0.219,,,,,,
1,S,8715066,7451,1.760,1.760,2.080,-9.893,-0.193,0.158,,,,,,,,,,,,
1,B,8718453,3387,,,,,,,,,,,,,,,,46.312,-84.625,38.250
1,S,8718453,677,0.480,1.760,2.080,-9.893,-0.193,0.158,,,,,,,,,,,,
1,B,8720485,2032,,,,,,,,,,,,,0.112,0.000,0.000,,,
1,S,8720485,2032,0.480,1.440,2.400,-9.893,-0.193,0.158,,,,,,,,,,,,
1,B,8724549,4064,,,,,,,,,,-10.121,-0.086,-0.184,,,,,,
1,S,8724549,4064,0.800,0.800,2.400,-9.883,-0.193,0.163,,,,,,,,,,,,
1,B,8727258,2709,,,,,,,,,,,,,,,,45.438,-84.688,38.000
1,S,8727258,2709,1.120,1.120,2.720,-9.883,-0.188,0.168,,,,,,,,,,,,
1,B,8729290,2032,,,,,,,,,,,,,0.224,0.000,0.000,,,
1,S,8729290,2032,1.120,1.760,2.720,-9.887,-0.193,0.172,,,,,,,,,,,,
1,B,8733354,4064,,,,,,,,,,-10.121,-0.086,-0.184,,,,,,
1,S,8733354,4064,0.800,1.760,2.400,-9.908,-0.198,0.168,,,,,,,,,,,,
1,B,8736063,2709,,,,,,,,,,,,,,,,45.625,-85.000,38.562
1,S,8736063,5419,1.120,1.440,1.120,-9.902,-0.193,0.163,,,,,,,,,,,,
1,A,8738243,24762,,,,,,,10.928,-0.438,0.248,,,,,,,,,
1,B,8739450,3387,,,,,,,,,,,,,0.112,0.000,0.000,,,
1,S,8739450,677,0.800,1.120,1.120,-9.898,-0.193,0.163,,,,,,,,,,,,
1,A,8743053,4810,,,,,,,10.915,-0.418,0.253,,,,,,,,,
1,B,8743514,4064,,,,,,,,,,-10.102,-0.086,-0.191,,,,,,
1,S,8743514,4064,0.800,1.440,1.760,-9.877,-0.193,0.168,,,,,,,,,,,,
1,A,8745352,2299,,,,,,,10.922,-0.434,0.275,,,,,,,,,
1,B,8745546,2032,,,,,,,,,,-10.109,-0.078,-0.199,,,,,,
1,S,8745546,2032,0.800,1.760,2.080,-9.873,-0.198,0.168,,,,,,,,,,,,
1,A,8748663,3311,,,,,,,10.919,-0.427,0.294,,,,,,,,,
1,B,8748933,3387,,,,,,,,,,,,,,,,45.938,-85.125,38.750
1,S,8748933,3387,0.480,1.440,2.400,-9.877,-0.203,0.168,,,,,,,,,,,,
1,A,8750963,2300,,,,,,,10.938,-0.426,0.253,,,,,,,,,
1,B,8751642,2709,,,,,,,,,,,,,0.000,0.000,0.000,,,
1,S,8751642,2709,0.480,1.120,2.400,-9.887,-0.207,0.168,,,,,,,,,,,,
1,A,8754262,3299,,,,,,,10.894,-0.431,0.239,,,,,,,,,
1,B,8755008,3366,,,,,,,,,,-10.102,-0.078,-0.211,,,,,,
1,S,8755008,3366,0.160,0.800,2.400,-9.893,-0.207,0.163,,,,,,,,,,,,
1,A,8757562,3300,,,,,,,10.922,-0.439,0.236,,,,,,,,,
1,B,8757738,2730,,,,,,,,,,,,,,,,44.688,-84.062,38.750
1,S,8757738,2730,0.480,0.800,2.400,-9.893,-0.198,0.152,,,,,,,,,,,,
1,A,8759862,2300,,,,,,,10.936,-0.444,0.265,,,,,,,,,
1,B,8760446,2708,,,,,,,,,,,,,0.000,0.000,0.000,,,
1,S,8760446,2708,0.800,0.800,2.720,-9.887,-0.188,0.147,,,,,,,,,,,,
1,A,8764161,4299,,,,,,,10.934,-0.431,0.219,,,,,,,,,
1,B,8764510,4064,,,,,,,,,,-10.098,-0.086,-0.191,,,,,,
1,S,8764510,4064,1.440,1.120,2.400,-9.883,-0.193,0.152,,,,,,,,,,,,
1,A,8766472,2311,,,,,,,10.931,-0.431,0.220,,,,,,,,,
1,B,8767219,2709,,,,,,,,,,,,,,,,45.188,-84.438,38.500
1,S,8767219,2709,1.440,0.800,2.080,-9.893,-0.198,0.158,,,,,,,,,,,,
1,A,8769771,3299,,,,,,,10.938,-0.418,0.234,,,,,,,,,
1,B,8769929,2710,,,,,,,,,,,,,0.000,0.000,0.000,,,
1,S,8769929,2710,0.800,0.800,2.080,-9.908,-0.193,0.163,,,,,,,,,,,,
1,A,8774070,4299,,,,,,,10.905,-0.408,0.260,,,,,,,,,
1,B,8774670,4741,,,,,,,,,,-10.102,-0.078,-0.211,,,,,,
1,S,8774670,4741,0.480,1.440,2.400,-9.908,-0.177,0.158,,,,,,,,,,,,
1,A,8776370,2300,,,,,,,10.916,-0.435,0.248,,,,,,,,,
1,B,8776702,2032,,,,,,,,,,-10.090,-0.086,-0.211,,,,,,
1,S,8776702,2032,1.120,1.440,2.080,-9.898,-0.182,0.158,,,,,,,,,,,,
1,A,8779670,3300,,,,,,,10.940,-0.440,0.266,,,,,,,,,
1,B,8780088,3386,,,,,,,,,,,,,,,,45.125,-85.625,39.375
1,S,8780088,3386,1.440,1.760,1.760,-9.883,-0.182,0.152,,,,,,,,,,,,
1,A,8781970,2300,,,,,,,10.932,-0.434,0.242,,,,,,,,,
1,B,8782120,2032,,,,,,,,,,,,,0.000,0.112,0.000,,,
1,S,8782120,2032,0.480,1.760,1.760,-9.877,-0.182,0.152,,,,,,,,,,,,
1,A,8785281,3311,,,,,,,10.915,-0.432,0.251,,,,,,,,,
1,B,8785507,3387,,,,,,,,,,-10.109,-0.078,-0.211,,,,,,
1,S,8785507,3387,0.160,0.800,2.400,-9.883,-0.177,0.147,,,,,,,,,,,,
1,A,8788581,3300,,,,,,,10.922,-0.438,0.230,,,,,,,,,
1,B,8788894,3387,,,,,,,,,,,,,,,,45.812,-85.250,39.062
1,S,8788894,3387,0.160,-0.160,2.400,-9.883,-0.177,0.147,,,,,,,,,,,,
1,A,8790881,2300,,,,,,,10.923,-0.435,0.235,,,,,,,,,
1,B,8791603,2709,,,,,,,,,,,,,0.000,0.000,0.000,,,
1,S,8791603,2709,0.480,-0.160,2.080,-9.883,-0.177,0.147,,,,,,,,,,,,
1,A,8794180,3299,,,,,,,10.924,-0.432,0.262,,,,,,,,,
1,B,8794312,2709,,,,,,,,,,-10.121,-0.086,-0.184,,,,,,
1,S,8794312,2709,0.800,0.480,2.080,-9.887,-0.188,0.152,,,,,,,,,,,,
1,A,8794889,709,,,,,,,10.941,-0.441,0.242,,,,,,,,,
1,B,8797699,3387,,,,,,,,,,,,,,,,46.062,-83.875,37.562
1,S,8797699,3387,0.800,1.440,3.040,-9.887,-0.193,0.158,,,,,,,,,,,,
1,A,8797878,2989,,,,,,,10.951,-0.437,0.250,,,,,,,,,
1,B,8800408,2709,,,,,,,,,,,,,-0.112,0.000,0.000,,,
1,S,8800408,2709,0.800,2.080,3.360,-9.893,-0.193,0.163,,,,,,,,,,,,
1,A,8799871,0,,,,,,,10.911,-0.441,0.261,,,,,,,,,
1,B,8804472,4064,,,,,,,,,,-10.109,-0.066,-0.199,,,,,,
1,S,8804472,4064,0.480,1.440,2.400,-9.902,-0.198,0.158,,,,,,,,,,,,
1,A,8804853,6596,,,,,,,10.928,-0.422,0.268,,,,,,,,,
1,B,8806504,2032,,,,,,,,,,-10.094,-0.113,-0.184,,,,,,
1,S,8806504,2032,0.160,0.800,1.760,-9.893,-0.198,0.152,,,,,,,,,,,,
1,A,8806845,378,,,,,,,10.922,-0.431,0.283,,,,,,,,,
1,B,8809891,3387,,,,,,,,,,,,,,,,46.000,-85.000,38.438
1,S,8809891,3387,-0.160,0.160,1.120,-9.877,-0.198,0.152,,,,,,,,,,,,
1,A,8809835,2990,,,,,,,10.927,-0.438,0.255,,,,,,,,,
1,B,8812600,2709,,,,,,,,,,,,,-0.112,0.000,0.000,,,
1,S,8812600,5417,0.160,0.480,1.760,-9.883,-0.188,0.158,,,,,,,,,,,,
1,A,8812824,2989,,,,,,,10.930,-0.425,0.243,,,,,,,,,
1,B,8815987,3387,,,,,,,,,,,,,,,,46.188,-85.375,38.188
1,S,8815987,679,1.440,0.800,2.080,-9.883,-0.188,0.158,,,,,,,,,,,,
1,A,8818657,5833,,,,,,,10.947,-0.447,0.259,,,,,,,,,
1,B,8818695,2708,,,,,,,,,,-10.094,-0.086,-0.199,,,,,,
1,S,8818695,2708,1.440,1.120,2.720,-9.893,-0.193,0.158,,,,,,,,,,,,
1,A,8818802,145,,,,,,,10.941,-0.424,0.218,,,,,,,,,
1,B,8822081,3386,,,,,,,,,,,,,-0.112,0.000,0.000,,,
1,S,8822081,3386,1.440,1.440,2.720,-9.893,-0.203,0.158,,,,,,,,,,,,
1,A,8822787,3985,,,,,,,10.928,-0.425,0.246,,,,,,,,,
1,B,8825468,3387,,,,,,,,,,-10.105,-0.059,-0.191,,,,,,
1,S,8825468,3387,1.120,1.760,2.400,-9.887,-0.203,0.163,,,,,,,,,,,,
1,A,8825776,2989,,,,,,,10.931,-0.428,0.244,,,,,,,,,
1,B,8828855,3387,,,,,,,,,,,,,,,,46.125,-85.938,38.688
1,S,8828855,3387,0.800,2.080,2.080,-9.883,-0.203,0.168,,,,,,,,,,,,
1,A,8828856,3080,,,,,,,10.922,-0.438,0.267,,,,,,,,,
1,B,8831545,2690,,,,,,,,,,,,,0.000,-0.112,0.000,,,
1,S,8831545,2690,1.440,1.440,2.080,-9.887,-0.203,0.168,,,,,,,,,,,,
1,A,8831754,2898,,,,,,,10.938,-0.434,0.262,,,,,,,,,
1,B,8835628,4083,,,,,,,,,,-10.117,-0.098,-0.199,,,,,,
1,S,8835628,4083,1.760,0.800,2.080,-9.893,-0.203,0.172,,,,,,,,,,,,
1,A,8836191,4437,,,,,,,10.935,-0.415,0.241,,,,,,,,,
1,B,8837660,2032,,,,,,,,,,-10.121,-0.098,-0.191,,,,,,
1,S,8837660,2032,1.440,1.120,2.080,-9.898,-0.198,0.172,,,,,,,,,,,,
1,A,8840727,4536,,,,,,,10.929,-0.433,0.237,,,,,,,,,
1,B,8841046,3386,,,,,,,,,,,,,,,,46.062,-85.500,38.562
1,S,8841046,3386,1.120,1.120,2.080,-9.893,-0.188,0.168,,,,,,,,,,,,
1,A,8841803,1076,,,,,,,10.946,-0.430,0.220,,,,,,,,,
1,B,8843756,2710,,,,,,,,,,,,,0.000,0.000,0.000,,,
1,S,8843756,2710,0.480,1.440,2.080,-9.887,-0.188,0.163,,,,,,,,,,,,
1,A,8845102,3299,,,,,,,10.897,-0.435,0.233,,,,,,,,,
1,B,8846465,2709,,,,,,,,,,,,,,,,47.062,-84.750,37.312
1,S,8846465,2709,0.480,1.120,2.400,-9.883,-0.182,0.163,,,,,,,,,,,,
1,B,8849852,3387,,,,,,,,,,-10.109,-0.066,-0.199,,,,,,
1,S,8849852,3387,0.800,0.800,2.400,-9.883,-0.177,0.158,,,,,,,,,,,,
1,A,8851686,6584,,,,,,,10.931,-0.422,0.254,,,,,,,,,
1,B,8853238,3386,,,,,,,,,,,,,0.000,0.000,0.000,,,
1,S,8853238,3386,1.440,0.480,2.400,-9.887,-0.177,0.152,,,,,,,,,,,,
1,A,8854985,3299,,,,,,,10.914,-0.424,0.251,,,,,,,,,
1,B,8856625,3387,,,,,,,,,,-10.105,-0.066,-0.219,,,,,,
1,S,8856625,3387,1.440,0.800,2.080,-9.883,-0.182,0.147,,,,,,,,,,,,
1,B,8860010,3385,,,,,,,,,,,,,,,,46.000,-85.000,38.438
1,S,8860010,3385,1.120,1.120,2.720,-9.883,-0.188,0.147,,,,,,,,,,,,
1,A,8861788,6803,,,,,,,10.957,-0.444,0.263,,,,,,,,,
1,B,8862042,2032,,,,,,,,,,,,,0.000,0.000,0.000,,,
1,S,8862042,2032,1.120,1.120,2.720,-9.887,-0.193,0.152,,,,,,,,,,,,
1,B,8865430,3388,,,,,,,,,,-10.102,-0.059,-0.199,,,,,,
1,S,8865430,3388,1.120,0.800,2.720,-9.893,-0.193,0.163,,,,,,,,,,,,
1,B,8868817,3387,,,,,,,,,,,,,,,,45.938,-85.125,38.750
1,S,8868817,3387,0.480,1.120,2.720,-9.902,-0.193,0.158,,,,,,,,,,,,
1,B,8870849,2032,,,,,,,,,,,,,0.000,0.000,0.000,,,
1,S,8870849,2032,0.480,1.440,2.400,-9.902,-0.188,0.158,,,,,,,,,,,,
1,B,8875589,4740,,,,,,,,,,-10.109,-0.078,-0.211,,,,,,
1,S,8875589,4740,0.800,1.440,2.080,-9.877,-0.188,0.147,,,,,,,,,,,,
1,B,8877621,2032,,,,,,,,,,-10.098,-0.086,-0.238,,,,,,
1,S,8877621,2032,0.800,1.440,2.400,-9.873,-0.182,0.147,,,,,,,,,,,,
1,B,8881007,3386,,,,,,,,,,,,,,,,45.875,-86.188,38.500
1,S,8881007,3386,0.800,0.800,2.720,-9.883,-0.182,0.142,,,,,,,,,,,,
1,B,8883039,2032,,,,,,,,,,,,,0.000,0.000,0.000,,,
1,S,8883039,2032,1.120,0.480,2.400,-9.887,-0.188,0.147,,,,,,,,,,,,
1,B,8886426,3387,,,,,,,,,,-10.098,-0.078,-0.199,,,,,,
1,S,8886426,3387,1.440,0.800,1.760,-9.898,-0.193,0.163,,,,,,,,,,,,
1,B,8889813,3387,,,,,,,,,,,,,,,,45.750,-84.812,38.938
1,S,8889813,3387,1.440,0.800,1.440,-9.893,-0.198,0.163,,,,,,,,,,,,
1,B,8891845,2032,,,,,,,,,,,,,0.000,0.000,0.000,,,
1,S,8891845,2032,1.120,0.800,1.760,-9.887,-0.203,0.158,,,,,,,,,,,,
1,B,8895231,3386,,,,,,,,,,-10.105,-0.047,-0.191,,,,,,
1,S,8895231,3386,0.800,1.120,2.080,-9.887,-0.198,0.152,,,,,,,,,,,,
1,B,8898618,3387,,,,,,,,,,,,,,,,45.250,-84.875,39.312
1,S,8898618,3387,1.120,2.080,2.080,-9.893,-0.188,0.158,,,,,,,,,,,,
1,B,8900650,2032,,,,,,,,,,,,,-0.112,0.000,0.000,,,
1,S,8900650,2032,1.120,2.400,2.080,-9.902,-0.182,0.158,,,,,,,,,,,,
1,B,8905391,4741,,,,,,,,,,-10.090,-0.078,-0.191,,,,,,
1,S,8905391,4741,1.120,1.760,2.080,-9.902,-0.177,0.158,,,,,,,,,,,,
1,B,8907423,2032,,,,,,,,,,-10.105,-0.066,-0.191,,,,,,
1,S,8907423,2032,0.160,1.120,2.080,-9.898,-0.182,0.158,,,,,,,,,,,,
1,B,8910810,3387,,,,,,,,,,,,,,,,47.125,-85.188,38.188
1,S,8910810,3387,-0.160,0.480,2.080,-9.883,-0.198,0.158,,,,,,,,,,,,
1,B,8912842,2032,,,,,,,,,,,,,-0.112,0.000,0.000,,,
1,S,8912842,2032,-0.160,0.800,2.080,-9.877,-0.198,0.158,,,,,,,,,,,,
1,B,8916228,3386,,,,,,,,,,,,,,,,45.750,-84.250,37.812
1,S,8916228,3386,0.480,1.760,1.760,-9.893,-0.188,0.158,,,,,,,,,,,,
1,B,8919615,3387,,,,,,,,,,-10.105,-0.059,-0.164,,,,,,
1,S,8919615,3387,1.120,1.760,1.760,-9.902,-0.182,0.158,,,,,,,,,,,,
1,B,8923000,3385,,,,,,,,,,,,,0.000,0.000,0.000,,,
1,S,8923000,3385,1.120,1.440,2.080,-9.902,-0.193,0.163,,,,,,,,,,,,
1,B,8926388,3388,,,,,,,,,,-10.094,-0.078,-0.191,,,,,,
1,S,8926388,3388,1.120,1.120,2.400,-9.887,-0.198,0.158,,,,,,,,,,,,
1,B,8929775,3387,,,,,,,,,,,,,,,,45.438,-85.250,38.375
1,S,8929775,3387,1.440,1.440,2.400,-9.887,-0.193,0.147,,,,,,,,,,,,
1,B,8931807,2032,,,,,,,,,,,,,0.000,0.000,0.000,,,
1,S,8931807,2032,1.440,1.760,2.080,-9.893,-0.188,0.147,,,,,,,,,,,,
1,B,8935192,3385,,,,,,,,,,-10.090,-0.098,-0.211,,,,,,
1,S,8935192,3385,1.440,1.760,1.760,-9.898,-0.182,0.147,,,,,,,,,,,,
1,B,8938579,3387,,,,,,,,,,,,,,,,45.750,-85.375,37.562
1,S,8938579,3387,1.440,1.440,2.080,-9.898,-0.188,0.158,,,,,,,,,,,,
1,B,8940611,2032,,,,,,,,,,,,,0.000,0.000,0.000,,,
1,S,8940611,2032,1.440,1.440,2.400,-9.887,-0.188,0.163,,,,,,,,,,,,
1,B,8944675,4064,,,,,,,,,,-10.098,-0.105,-0.199,,,,,,
1,S,8944675,4064,1.440,1.760,2.720,-9.877,-0.188,0.158,,,,,,,,,,,,
1,B,8947384,2709,,,,,,,,,,-10.102,-0.059,-0.211,,,,,,
1,S,8947384,2709,1.440,1.760,2.720,-9.883,-0.182,0.158,,,,,,,,,,,,
1,B,8950771,3387,,,,,,,,,,,,,,,,47.125,-85.188,38.188
1,S,8950771,3387,1.760,1.760,2.400,-9.887,-0.188,0.158,,,,,,,,,,,,
1,B,8952803,2032,,,,,,,,,,,,,0.000,0.000,0.000,,,
1,S,8952803,2032,1.440,1.120,2.080,-9.887,-0.193,0.152,,,,,,,,,,,,
1,B,8956189,3386,,,,,,,,,,,,,,,,45.750,-84.812,38.188
1,S,8956189,6096,1.120,0.800,2.400,-9.893,-0.193,0.158,,,,,,,,,,,,
1,B,8959576,3387,,,,,,,,,,-10.113,-0.066,-0.184,,,,,,
1,S,8959576,677,0.800,1.440,2.720,-9.887,-0.188,0.158,,,,,,,,,,,,
1,B,8962285,2709,,,,,,,,,,,,,0.000,0.000,0.000,,,
1,S,8962285,2709,0.800,2.080,2.720,-9.887,-0.188,0.163,,,,,,,,,,,,
1,B,8965672,3387,,,,,,,,,,-10.102,-0.078,-0.199,,,,,,
1,S,8965672,3387,1.440,1.440,3.360,-9.893,-0.188,0.158,,,,,,,,,,,,
1,B,8969058,3386,,,,,,,,,,,,,,,,44.750,-85.125,39.312
1,S,8969058,3386,1.440,0.800,2.720,-9.898,-0.188,0.163,,,,,,,,,,,,
1,B,8971768,2710,,,,,,,,,,,,,0.000,0.000,0.000,,,
1,S,8971768,2710,0.800,0.480,2.080,-9.893,-0.182,0.168,,,,,,,,,,,,
1,B,8975832,4064,,,,,,,,,,-10.105,-0.086,-0.199,,,,,,
1,S,8975832,4064,0.160,0.800,2.080,-9.883,-0.182,0.168,,,,,,,,,,,,
1,B,8977864,2032,,,,,,,,,,-10.094,-0.078,-0.191,,,,,,
1,S,8977864,2032,0.480,0.800,2.400,-9.873,-0.188,0.163,,,,,,,,,,,,
1,B,8981249,3385,,,,,,,,,,,,,,,,45.625,-85.000,38.562
1,S,8981249,3385,0.800,0.800,2.720,-9.873,-0.193,0.158,,,,,,,,,,,,
1,B,8983282,2033,,,,,,,,,,,,,0.000,0.000,0.000,,,
1,S,8983282,2033,1.440,1.120,2.400,-9.883,-0.193,0.158,,,,,,,,,,,,
1,B,8986669,3387,,,,,,,,,,,,,,,,45.875,-85.188,38.000
1,S,8986669,3387,1.760,1.760,2.080,-9.893,-0.193,0.152,,,,,,,,,,,,
1,B,8990054,3385,,,,,,,,,,-10.121,-0.086,-0.184,,,,,,
1,S,8990054,3385,1.760,1.440,1.440,-9.893,-0.193,0.152,,,,,,,,,,,,
1,B,8993441,3387,,,,,,,,,,,,,0.000,0.000,0.000,,,
1,S,8993441,3387,1.440,1.440,1.440,-9.887,-0.188,0.158,,,,,,,,,,,,
1,B,8996828,3387,,,,,,,,,,-10.102,-0.078,-0.211,,,,,,
1,S,8996828,3387,1.120,1.760,2.080,-9.883,-0.182,0.147,,,,,,,,,,,,
1,B,9000214,3386,,,,,,,,,,,,,,,,45.688,-85.375,39.375
1,S,9000214,3386,1.120,1.760,2.400,-9.893,-0.193,0.142,,,,,,,,,,,,
1,B,9002246,2032,,,,,,,,,,,,,0.000,0.000,0.000,,,
1,S,9002246,2032,1.760,1.760,2.400,-9.898,-0.198,0.147,,,,,,,,,,,,
1,B,9005633,3387,,,,,,,,,,-10.090,-0.086,-0.211,,,,,,
1,S,9005633,3387,1.760,1.120,1.760,-9.893,-0.198,0.152,,,,,,,,,,,,
1,B,9009019,3386,,,,,,,,,,,,,,,,45.188,-85.500,39.000
1,S,9009019,3386,1.120,0.800,1.440,-9.887,-0.198,0.147,,,,,,,,,,,,
1,B,9011051,2032,,,,,,,,,,,,,0.000,0.000,0.000,,,
1,S,9011051,2032,0.160,0.800,1.440,-9.887,-0.193,0.147,,,,,,,,,,,,
1,B,9015115,4064,,,,,,,,,,-10.105,-0.066,-0.219,,,,,,
1,S,9015115,4064,0.160,1.440,2.080,-9.887,-0.193,0.158,,,,,,,,,,,,
1,B,9017825,2710,,,,,,,,,,-10.098,-0.086,-0.172,,,,,,
1,S,9017825,2710,0.800,1.440,2.400,-9.893,-0.193,0.168,,,,,,,,,,,,
1,B,9021211,3386,,,,,,,,,,,,,,,,46.188,-84.312,38.438
1,S,9021211,3386,0.800,1.120,2.720,-9.898,-0.193,0.168,,,,,,,,,,,,
1,B,9023243,2032,,,,,,,,,,,,,0.000,0.000,0.000,,,
1,S,9023243,2032,0.480,0.800,2.400,-9.893,-0.182,0.168,,,,,,,,,,,,
1,B,9026630,3387,,,,,,,,,,-10.113,-0.066,-0.184,,,,,,
1,S,9026630,3387,0.160,0.800,2.080,-9.887,-0.182,0.163,,,,,,,,,,,,
1,B,9030016,3386,,,,,,,,,,,,,,,,45.500,-85.688,39.250
1,S,9030016,3386,0.480,1.440,2.400,-9.887,-0.193,0.163,,,,,,,,,,,,
1,B,9032048,2032,,,,,,,,,,,,,0.000,0.000,0.000,,,
1,S,9032048,2032,1.120,1.440,2.720,-9.893,-0.198,0.163,,,,,,,,,,,,
1,B,9035435,3387,,,,,,,,,,-10.105,-0.078,-0.184,,,,,,
1,S,9035435,3387,1.120,1.440,2.400,-9.893,-0.193,0.163,,,,,,,,,,,,
1,B,9038822,3387,,,,,,,,,,,,,,,,46.062,-84.438,38.750
1,S,9038822,3387,0.800,1.760,2.080,-9.893,-0.182,0.163,,,,,,,,,,,,
1,B,9040854,2032,,,,,,,,,,,,,0.000,0.000,0.000,,,
1,S,9040854,2032,0.800,1.760,2.080,-9.887,-0.177,0.158,,,,,,,,,,,,
1,B,9045575,4721,,,,,,,,,,-10.105,-0.066,-0.172,,,,,,
1,S,9045575,4721,0.800,1.760,2.080,-9.877,-0.182,0.163,,,,,,,,,,,,
1,B,9047627,2052,,,,,,,,,,-10.109,-0.078,-0.211,,,,,,
1,S,9047627,2052,0.800,1.760,2.400,-9.877,-0.182,0.163,,,,,,,,,,,,
1,B,9051012,3385,,,,,,,,,,,,,,,,46.375,-86.125,38.875
1,S,9051012,3385,0.800,1.440,2.400,-9.887,-0.182,0.158,,,,,,,,,,,,
1,B,9053044,2032,,,,,,,,,,,,,0.000,0.000,0.000,,,
1,S,9053044,2032,0.800,1.120,2.400,-9.898,-0.182,0.152,,,,,,,,,,,,
1,B,9056432,3388,,,,,,,,,,,,,,,,45.375,-84.812,38.312
1,S,9056432,3388,0.480,1.120,2.080,-9.898,-0.182,0.152,,,,,,,,,,,,
1,B,9059819,3387,,,,,,,,,,-10.113,-0.066,-0.172,,,,,,
1,S,9059819,3387,0.480,0.800,1.760,-9.887,-0.188,0.152,,,,,,,,,,,,
1,B,9063204,3385,,,,,,,,,,,,,0.000,0.000,0.000,,,
1,S,9063204,3385,0.480,0.800,2.080,-9.883,-0.193,0.158,,,,,,,,,,,,
1,B,9067946,4742,,,,,,,,,,-10.094,-0.047,-0.219,,,,,,
1,S,9067946,4742,0.800,1.440,2.400,-9.893,-0.193,0.147,,,,,,,,,,,,
1,B,9072687,4741,,,,,,,,,,,,,,,,45.062,-83.562,38.312
1,S,9072687,4741,0.800,1.120,2.720,-9.893,-0.203,0.142,,,,,,,,,,,,
1,B,9074719,2032,,,,,,,,,,,,,0.000,0.000,0.000,,,
1,S,9074719,2032,1.120,1.120,2.400,-9.887,-0.203,0.147,,,,,,,,,,,,
1,B,9077409,2690,,,,,,,,,,-10.109,-0.086,-0.191,,,,,,
1,S,9077409,2690,1.120,0.800,2.080,-9.887,-0.198,0.147,,,,,,,,,,,,
1,B,9080137,2728,,,,,,,,,,,,,,,,45.250,-84.938,38.625
1,S,9080137,2728,0.800,0.480,1.440,-9.883,-0.188,0.152,,,,,,,,,,,,
1,B,9082847,2710,,,,,,,,,,,,,0.000,0.000,0.000,,,
1,S,9082847,5419,0.480,0.480,1.760,-9.893,-0.198,0.147,,,,,,,,,,,,
1,B,9086233,3386,,,,,,,,,,-10.070,-0.059,-0.191,,,,,,
1,S,9086233,677,0.480,0.800,2.080,-9.893,-0.198,0.147,,,,,,,,,,,,
1,B,9088943,2710,,,,,,,,,,,,,,,,45.750,-85.875,38.750
1,S,9088943,2710,0.480,1.120,2.400,-9.893,-0.198,0.152,,,,,,,,,,,,
1,B,9091652,2709,,,,,,,,,,,,,0.000,0.000,0.000,,,
1,S,9091652,2709,0.480,1.440,2.400,-9.887,-0.188,0.158,,,,,,,,,,,,
1,B,9095716,4064,,,,,,,,,,-10.109,-0.078,-0.199,,,,,,
1,S,9095716,4064,0.480,1.120,2.080,-9.877,-0.177,0.152,,,,,,,,,,,,
1,B,9099102,3386,,,,,,,,,,,,,,,,45.562,-85.562,38.250
1,S,9099102,3386,0.480,1.120,2.080,-9.877,-0.193,0.152,,,,,,,,,,,,
1,B,9101134,2032,,,,,,,,,,-10.113,-0.078,-0.191,,,,,,
1,S,9101134,2032,0.800,1.120,2.080,-9.883,-0.203,0.158,,,,,,,,,,,,
1,B,9104521,3387,,,,,,,,,,,,,0.000,0.000,0.000,,,
1,S,9104521,3387,1.120,1.440,2.400,-9.887,-0.207,0.152,,,,,,,,,,,,
1,B,9107230,2709,,,,,,,,,,-10.105,-0.086,-0.199,,,,,,
1,S,9107230,2709,1.120,1.120,1.760,-9.883,-0.203,0.152,,,,,,,,,,,,
1,B,9109940,2710,,,,,,,,,,,,,,,,46.125,-85.938,38.688
1,S,9109940,2710,0.480,1.120,1.440,-9.883,-0.193,0.152,,,,,,,,,,,,
1,B,9112649,2709,,,,,,,,,,,,,0.000,0.000,0.000,,,
1,S,9112649,2709,-0.160,0.800,1.440,-9.883,-0.188,0.158,,,,,,,,,,,,
1,B,9116034,3385,,,,,,,,,,-10.086,-0.098,-0.184,,,,,,
1,S,9116034,3385,-0.160,1.120,2.080,-9.883,-0.188,0.158,,,,,,,,,,,,
1,B,9119402,3368,,,,,,,,,,,,,,,,46.062,-85.500,38.562
1,S,9119402,3368,0.480,1.440,2.720,-9.887,-0.193,0.158,,,,,,,,,,,,
1,B,9121454,2052,,,,,,,,,,,,,0.000,0.000,0.000,,,
1,S,9121454,2052,0.800,1.440,2.720,-9.898,-0.188,0.158,,,,,,,,,,,,
1,B,9125518,4064,,,,,,,,,,-10.113,-0.066,-0.172,,,,,,
1,S,9125518,4064,1.120,1.440,2.080,-9.898,-0.188,0.158,,,,,,,,,,,,
1,B,9128905,3387,,,,,,,,,,,,,,,,45.688,-84.375,38.062
1,S,9128905,3387,0.800,1.440,1.760,-9.893,-0.188,0.158,,,,,,,,,,,,
1,B,9130937,2032,,,,,,,,,,,,,0.000,0.000,0.000,,,
1,S,9130937,2032,0.800,1.440,2.080,-9.887,-0.193,0.152,,,,,,,,,,,,
1,B,9135677,4740,,,,,,,,,,-10.090,-0.078,-0.184,,,,,,
1,S,9135677,7449,1.120,1.440,3.040,-9.893,-0.188,0.168,,,,,,,,,,,,
1,B,9139063,3386,,,,,,,,,,,,,,,,46.625,-85.875,38.250
1,S,9139063,677,1.760,1.440,3.040,-9.898,-0.188,0.168,,,,,,,,,,,,
1,B,9141095,2032,,,,,,,,,,,,,0.000,0.000,0.000,,,
1,S,9141095,2032,1.760,1.440,2.720,-9.893,-0.188,0.163,,,,,,,,,,,,
1,B,9145159,4064,,,,,,,,,,-10.121,-0.098,-0.191,,,,,,
1,S,9145159,4064,2.080,1.120,2.080,-9.887,-0.198,0.158,,,,,,,,,,,,
1,B,9147869,2710,,,,,,,,,,,,,,,,45.938,-85.625,38.125
1,S,9147869,2710,1.760,0.480,1.760,-9.887,-0.198,0.163,,,,,,,,,,,,
1,B,9149901,2032,,,,,,,,,,,,,0.000,0.000,0.000,,,
1,S,9149901,2032,1.120,0.160,2.080,-9.898,-0.198,0.163,,,,,,,,,,,,
1,A,9149649,287861,,,,,,,10.923,-0.449,0.245,,,,,,,,,
1,B,9153965,4064,,,,,,,,,,-10.105,-0.078,-0.219,,,,,,
1,S,9153965,4064,0.800,0.160,2.400,-9.898,-0.193,0.152,,,,,,,,,,,,
1,A,9156075,6426,,,,,,,10.928,-0.429,0.243,,,,,,,,,
1,B,9156674,2709,,,,,,,,,,,,,,,,46.125,-84.875,38.125
1,S,9156674,2709,0.800,0.800,2.720,-9.887,-0.193,0.147,,,,,,,,,,,,
1,A,9159386,3311,,,,,,,10.916,-0.429,0.234,,,,,,,,,
1,B,9160060,3386,,,,,,,,,,,,,0.000,0.000,0.000,,,
1,S,9160060,3386,1.120,1.760,3.040,-9.877,-0.193,0.142,,,,,,,,,,,,
1,A,9163686,4300,,,,,,,10.954,-0.432,0.242,,,,,,,,,
1,B,9164124,4064,,,,,,,,,,-10.109,-0.086,-0.230,,,,,,
1,S,9164124,4064,1.440,1.760,2.080,-9.877,-0.193,0.142,,,,,,,,,,,,
1,A,9165986,2300,,,,,,,10.940,-0.420,0.241,,,,,,,,,
1,B,9166156,2032,,,,,,,,,,-10.102,-0.086,-0.172,,,,,,
1,S,9166156,2032,1.120,1.760,1.760,-9.883,-0.188,0.142,,,,,,,,,,,,
1,A,9169284,3298,,,,,,,10.925,-0.418,0.260,,,,,,,,,
1,B,9169543,3387,,,,,,,,,,,,,,,,46.812,-86.688,38.188
1,S,9169543,3387,1.120,2.080,2.400,-9.902,-0.182,0.147,,,,,,,,,,,,
1,A,9171584,2300,,,,,,,10.938,-0.422,0.264,,,,,,,,,
1,B,9172252,2709,,,,,,,,,,,,,0.000,0.000,0.000,,,
1,S,9172252,2709,1.120,2.080,3.040,-9.898,-0.188,0.152,,,,,,,,,,,,
1,A,9174884,3300,,,,,,,10.900,-0.427,0.238,,,,,,,,,
1,B,9175620,3368,,,,,,,,,,-10.094,-0.086,-0.199,,,,,,
1,S,9175620,3368,1.440,1.120,3.040,-9.887,-0.193,0.163,,,,,,,,,,,,
1,A,9178194,3310,,,,,,,10.915,-0.444,0.259,,,,,,,,,
1,B,9178348,2728,,,,,,,,,,,,,,,,45.625,-86.000,39.062
1,S,9178348,2728,1.440,0.160,2.080,-9.877,-0.193,0.158,,,,,,,,,,,,
1,A,9180494,2300,,,,,,,10.941,-0.425,0.256,,,,,,,,,
1,B,9181057,2709,,,,,,,,,,,,,0.000,0.000,0.000,,,
1,S,9181057,2709,1.120,-0.480,1.440,-9.877,-0.188,0.147,,,,,,,,,,,,
1,A,9184794,4300,,,,,,,10.933,-0.437,0.251,,,,,,,,,
1,B,9185121,4064,,,,,,,,,,-10.109,-0.078,-0.199,,,,,,
1,S,9185121,4064,0.800,0.160,1.760,-9.902,-0.182,0.152,,,,,,,,,,,,
1,A,9187092,2298,,,,,,,10.926,-0.429,0.240,,,,,,,,,
1,B,9187831,2710,,,,,,,,,,,,,,,,46.688,-85.750,37.938
1,S,9187831,2710,0.800,0.800,2.400,-9.902,-0.188,0.163,,,,,,,,,,,,
1,A,9190392,3300,,,,,,,10.927,-0.441,0.262,,,,,,,,,
1,B,9190540,2709,,,,,,,,,,,,,0.000,0.000,0.000,,,
1,S,9190540,2709,0.800,1.440,3.040,-9.898,-0.193,0.168,,,,,,,,,,,,
1,A,9194692,4300,,,,,,,10.926,-0.428,0.267,,,,,,,,,
1,B,9195281,4741,,,,,,,,,,-10.105,-0.066,-0.184,,,,,,
1,S,9195281,4741,1.120,1.120,2.720,-9.883,-0.188,0.172,,,,,,,,,,,,
1,A,9197002,2310,,,,,,,10.942,-0.451,0.288,,,,,,,,,
1,B,9197313,2032,,,,,,,,,,-10.113,-0.059,-0.172,,,,,,
1,S,9197313,2032,1.120,1.120,2.080,-9.883,-0.188,0.168,,,,,,,,,,,,
1,A,9200302,3300,,,,,,,10.946,-0.415,0.268,,,,,,,,,
1,B,9200700,3387,,,,,,,,,,,,,,,,46.375,-85.125,37.625
1,S,9200700,3387,0.800,1.120,1.760,-9.893,-0.193,0.168,,,,,,,,,,,,
1,A,9202602,2300,,,,,,,10.914,-0.432,0.275,,,,,,,,,
1,B,9202732,2032,,,,,,,,,,,,,0.000,0.000,0.000,,,
1,S,9202732,2032,0.480,0.800,2.080,-9.898,-0.198,0.163,,,,,,,,,,,,
1,A,9205902,3300,,,,,,,10.902,-0.450,0.270,,,,,,,,,
1,B,9206117,3385,,,,,,,,,,-10.113,-0.078,-0.172,,,,,,
1,S,9206117,3385,0.480,0.800,2.400,-9.893,-0.203,0.163,,,,,,,,,,,,
1,A,9209201,3299,,,,,,,10.922,-0.451,0.255,,,,,,,,,
1,B,9209504,3387,,,,,,,,,,,,,,,,46.188,-84.812,37.812
1,S,9209504,5419,0.800,1.440,2.720,-9.883,-0.198,0.163,,,,,,,,,,,,
1,A,9211501,2300,,,,,,,10.931,-0.441,0.251,,,,,,,,,
1,B,9212213,2709,,,,,,,,,,,,,0.000,0.000,0.000,,,
1,S,9212213,677,1.120,1.440,2.400,-9.883,-0.193,0.163,,,,,,,,,,,,
1,A,9214813,3312,,,,,,,10.930,-0.447,0.257,,,,,,,,,
1,B,9214924,2711,,,,,,,,,,-10.074,-0.086,-0.184,,,,,,
1,S,9214924,2711,1.120,1.440,2.080,-9.877,-0.193,0.158,,,,,,,,,,,,
1,A,9218112,3299,,,,,,,10.935,-0.429,0.249,,,,,,,,,
1,B,9218309,3385,,,,,,,,,,,,,,,,45.438,-85.688,38.500
1,S,9218309,3385,1.440,0.480,1.760,-9.883,-0.198,0.158,,,,,,,,,,,,
1,A,9220411,2299,,,,,,,10.910,-0.453,0.263,,,,,,,,,
1,B,9221018,2709,,,,,,,,,,,,,0.000,0.000,0.000,,,
1,S,9221018,2709,1.120,0.160,1.760,-9.893,-0.203,0.163,,,,,,,,,,,,
1,A,9224711,4300,,,,,,,10.933,-0.427,0.250,,,,,,,,,
1,B,9225082,4064,,,,,,,,,,-10.145,-0.066,-0.199,,,,,,
1,S,9225082,4064,0.800,0.160,1.760,-9.893,-0.193,0.158,,,,,,,,,,,,
1,A,9227010,2299,,,,,,,10.941,-0.421,0.258,,,,,,,,,
1,B,9227114,2032,,,,,,,,,,-10.105,-0.066,-0.219,,,,,,
1,S,9227114,2032,0.480,0.800,2.080,-9.887,-0.188,0.152,,,,,,,,,,,,
1,A,9230310,3300,,,,,,,10.931,-0.427,0.241,,,,,,,,,
1,B,9230501,3387,,,,,,,,,,,,,,,,45.000,-85.312,38.812
1,S,9230501,3387,0.480,1.760,2.080,-9.887,-0.177,0.152,,,,,,,,,,,,
1,A,9233622,3312,,,,,,,10.918,-0.438,0.252,,,,,,,,,
1,B,9233888,3387,,,,,,,,,,,,,0.000,0.000,0.000,,,
1,S,9233888,3387,0.480,1.440,2.080,-9.893,-0.177,0.152,,,,,,,,,,,,
1,A,9235922,2300,,,,,,,10.910,-0.432,0.235,,,,,,,,,
1,B,9236597,2709,,,,,,,,,,,,,,,,45.562,-84.500,38.438
1,S,9236597,2709,0.480,1.120,2.080,-9.887,-0.182,0.147,,,,,,,,,,,,
1,A,9239221,3299,,,,,,,10.927,-0.433,0.240,,,,,,,,,
1,B,9239965,3368,,,,,,,,,,-10.121,-0.078,-0.211,,,,,,
1,S,9239965,3368,0.480,0.480,1.760,-9.883,-0.193,0.142,,,,,,,,,,,,
1,A,9242521,3300,,,,,,,10.914,-0.434,0.223,,,,,,,,,
1,B,9242693,2728,,,,,,,,,,,,,0.000,0.000,0.000,,,
1,S,9242693,2728,0.160,0.480,1.760,-9.887,-0.198,0.142,,,,,,,,,,,,
1,A,9245820,3299,,,,,,,10.931,-0.406,0.236,,,,,,,,,
1,B,9246079,3386,,,,,,,,,,-10.121,-0.078,-0.211,,,,,,
1,S,9246079,3386,0.160,0.800,2.080,-9.883,-0.198,0.152,,,,,,,,,,,,
1,A,9249118,3298,,,,,,,10.904,-0.444,0.263,,,,,,,,,
1,B,9249466,3387,,,,,,,,,,,,,,,,46.062,-86.000,39.688
1,S,9249466,3387,0.480,1.440,2.400,-9.887,-0.188,0.158,,,,,,,,,,,,
1,A,9251418,2300,,,,,,,10.915,-0.427,0.266,,,,,,,,,
1,B,9252155,2689,,,,,,,,,,,,,0.000,0.000,0.000,,,
1,S,9252155,2689,1.440,1.440,2.080,-9.887,-0.188,0.158,,,,,,,,,,,,
1,A,9255730,4312,,,,,,,10.913,-0.417,0.254,,,,,,,,,
1,B,9256239,4084,,,,,,,,,,-10.094,-0.078,-0.191,,,,,,
1,S,9256239,4084,1.760,0.800,2.080,-9.887,-0.193,0.147,,,,,,,,,,,,
1,A,9258027,2297,,,,,,,10.925,-0.437,0.272,,,,,,,,,
1,B,9258271,2032,,,,,,,,,,-10.113,-0.098,-0.211,,,,,,
1,S,9258271,2032,1.120,0.480,1.760,-9.883,-0.198,0.142,,,,,,,,,,,,
1,A,9261327,3300,,,,,,,10.922,-0.429,0.236,,,,,,,,,
1,B,9261658,3387,,,,,,,,,,,,,,,,45.312,-85.375,38.750
1,S,9261658,3387,0.480,0.800,2.080,-9.883,-0.203,0.142,,,,,,,,,,,,
1,A,9264627,3300,,,,,,,10.940,-0.449,0.253,,,,,,,,,
1,B,9265044,3386,,,,,,,,,,,,,0.000,0.000,0.000,,,
1,S,9265044,3386,-0.160,1.760,2.720,-9.893,-0.198,0.147,,,,,,,,,,,,
1,A,9266927,2300,,,,,,,10.939,-0.438,0.224,,,,,,,,,
1,B,9267076,2032,,,,,,,,,,,,,,,,45.562,-84.500,38.438
1,S,9267076,2032,0.160,1.760,3.040,-9.898,-0.193,0.158,,,,,,,,,,,,
1,A,9270198,3271,,,,,,,10.927,-0.442,0.251,,,,,,,,,
1,B,9270463,3387,,,,,,,,,,-10.113,-0.059,-0.184,,,,,,
1,S,9270463,3387,0.480,1.760,3.360,-9.902,-0.177,0.172,,,,,,,,,,,,
1,A,9271145,3416,,,,,,,10.915,-0.432,0.245,,,,,,,,,
1,B,9273850,3387,,,,,,,,,,,,,0.000,0.000,0.000,,,
1,S,9273850,3387,0.800,1.440,3.040,-9.893,-0.182,0.172,,,,,,,,,,,,
1,A,9274134,520,,,,,,,10.915,-0.438,0.267,,,,,,,,,
1,B,9276559,2709,,,,,,,,,,-10.102,-0.086,-0.184,,,,,,
1,S,9276559,2709,0.800,1.120,2.400,-9.887,-0.188,0.163,,,,,,,,,,,,
1,A,9276559,5079,,,,,,,10.938,-0.438,0.268,,,,,,,,,
1,B,9279268,2709,,,,,,,,,,,,,,,,46.375,-86.688,39.312
1,S,9279268,2709,0.800,1.120,2.080,-9.883,-0.193,0.158,,,,,,,,,,,,
1,A,9280112,899,,,,,,,10.929,-0.441,0.273,,,,,,,,,
1,B,9281978,2710,,,,,,,,,,,,,0.000,0.000,0.000,,,
1,S,9281978,2710,1.120,1.120,1.760,-9.887,-0.193,0.158,,,,,,,,,,,,
1,B,9286040,4062,,,,,,,,,,,,,,,,45.875,-85.188,38.000
1,S,9286040,4062,1.440,1.440,1.760,-9.902,-0.193,0.158,,,,,,,,,,,,
1,B,9288751,2711,,,,,,,,,,-10.098,-0.086,-0.184,,,,,,
1,S,9288751,2711,1.440,1.440,1.760,-9.908,-0.188,0.158,,,,,,,,,,,,
1,B,9290783,2032,,,,,,,,,,,,,0.000,0.000,0.000,,,
1,S,9290783,2032,1.120,1.440,1.760,-9.902,-0.188,0.163,,,,,,,,,,,,
1,A,9292101,11989,,,,,,,10.923,-0.432,0.235,,,,,,,,,
1,B,9294847,4064,,,,,,,,,,-10.121,-0.098,-0.191,,,,,,
1,S,9294847,4064,1.120,1.760,1.440,-9.893,-0.198,0.168,,,,,,,,,,,,
1,A,9296893,4870,,,,,,,10.915,-0.432,0.249,,,,,,,,,
1,B,9297555,2708,,,,,,,,,,-10.105,-0.098,-0.211,,,,,,
1,S,9297555,2708,0.800,2.080,1.760,-9.883,-0.193,0.158,,,,,,,,,,,,
1,A,9298063,1092,,,,,,,10.922,-0.447,0.246,,,,,,,,,
1,B,9300942,3387,,,,,,,,,,,,,,,,45.875,-84.125,38.250
1,S,9300942,3387,0.800,2.080,1.760,-9.883,-0.188,0.147,,,,,,,,,,,,
1,A,9302492,4429,,,,,,,10.927,-0.447,0.260,,,,,,,,,
1,B,9302974,2032,,,,,,,,,,,,,0.000,0.000,0.000,,,
1,S,9302974,2032,1.120,1.760,1.760,-9.883,-0.188,0.147,,,,,,,,,,,,
1,A,9305792,3300,,,,,,,10.899,-0.451,0.257,,,,,,,,,
1,B,9306360,3386,,,,,,,,,,,,,,,,45.562,-85.562,38.938
1,S,9306360,3386,1.440,1.440,2.080,-9.883,-0.193,0.147,,,,,,,,,,,,
1,A,9307119,1327,,,,,,,10.929,-0.419,0.259,,,,,,,,,
1,B,9309747,3387,,,,,,,,,,-10.117,-0.078,-0.184,,,,,,
1,S,9309747,3387,1.440,2.080,3.040,-9.877,-0.198,0.147,,,,,,,,,,,,
1,A,9311402,4283,,,,,,,10.928,-0.425,0.260,,,,,,,,,
1,B,9311779,2032,,,,,,,,,,,,,0.000,0.000,0.000,,,
1,S,9311779,2032,1.760,2.080,3.040,-9.877,-0.198,0.147,,,,,,,,,,,,
1,A,9315702,4300,,,,,,,10.928,-0.425,0.231,,,,,,,,,
1,B,9315843,4064,,,,,,,,,,-10.105,-0.059,-0.191,,,,,,
1,S,9315843,4064,1.760,1.760,2.400,-9.887,-0.193,0.158,,,,,,,,,,,,
1,A,9319000,3298,,,,,,,10.944,-0.428,0.249,,,,,,,,,
1,B,9319229,3386,,,,,,,,,,,,,,,,45.688,-86.000,39.812
1,S,9319229,3386,1.440,1.440,2.400,-9.902,-0.182,0.163,,,,,,,,,,,,
1,A,9321300,2300,,,,,,,10.914,-0.447,0.242,,,,,,,,,
1,B,9321939,2710,,,,,,,,,,,,,0.000,0.000,0.000,,,
1,S,9321939,2710,1.440,1.440,2.720,-9.908,-0.177,0.163,,,,,,,,,,,,
1,A,9325600,4300,,,,,,,10.941,-0.416,0.244,,,,,,,,,
1,B,9326002,4063,,,,,,,,,,-10.102,-0.078,-0.211,,,,,,
1,S,9326002,4063,1.440,1.120,2.080,-9.902,-0.177,0.152,,,,,,,,,,,,
1,A,9327900,2300,,,,,,,10.934,-0.441,0.242,,,,,,,,,
1,B,9328034,2032,,,,,,,,,,-10.109,-0.066,-0.199,,,,,,
1,S,9328034,2032,1.120,1.120,2.080,-9.898,-0.177,0.147,,,,,,,,,,,,
1,A,9331210,3310,,,,,,,10.925,-0.422,0.245,,,,,,,,,
1,B,9331421,3387,,,,,,,,,,,,,,,,46.062,-85.500,38.562
1,S,9331421,3387,1.120,1.120,2.080,-9.893,-0.182,0.142,,,,,,,,,,,,
1,A,9334510,3300,,,,,,,10.915,-0.422,0.259,,,,,,,,,
1,B,9334808,3387,,,,,,,,,,,,,0.000,0.000,0.000,,,
1,S,9334808,3387,0.800,1.440,2.400,-9.898,-0.182,0.147,,,,,,,,,,,,
1,A,9336810,2300,,,,,,,10.928,-0.447,0.279,,,,,,,,,
1,B,9337517,2709,,,,,,,,,,,,,,,,45.938,-85.125,38.750
1,S,9337517,2709,0.160,1.440,2.720,-9.898,-0.188,0.152,,,,,,,,,,,,
1,A,9340108,3298,,,,,,,10.907,-0.438,0.249,,,,,,,,,
1,B,9340226,2709,,,,,,,,,,-10.117,-0.078,-0.184,,,,,,
1,S,9340226,2709,0.160,1.760,2.720,-9.893,-0.188,0.158,,,,,,,,,,,,
1,A,9343408,3300,,,,,,,10.919,-0.440,0.272,,,,,,,,,
1,B,9343613,3387,,,,,,,,,,,,,0.000,0.000,0.000,,,
1,S,9343613,3387,0.800,1.760,2.080,-9.883,-0.193,0.163,,,,,,,,,,,,
1,A,9346708,3300,,,,,,,10.938,-0.431,0.258,,,,,,,,,
1,B,9347000,3387,,,,,,,,,,-10.098,-0.066,-0.211,,,,,,
1,S,9347000,3387,1.120,0.800,1.440,-9.867,-0.193,0.168,,,,,,,,,,,,
1,A,9350018,3310,,,,,,,10.929,-0.439,0.247,,,,,,,,,
1,B,9350386,3386,,,,,,,,,,,,,,,,46.500,-86.000,38.562
1,S,9350386,3386,1.440,0.160,1.760,-9.877,-0.188,0.168,,,,,,,,,,,,
1,A,9352318,2300,,,,,,,10.944,-0.419,0.255,,,,,,,,,
1,B,9352418,2032,,,,,,,,,,,,,0.000,0.000,0.000,,,
1,S,9352418,2032,1.120,0.480,2.080,-9.887,-0.182,0.172,,,,,,,,,,,,
1,A,9355618,3300,,,,,,,10.909,-0.463,0.232,,,,,,,,,
1,B,9355805,3387,,,,,,,,,,-10.113,-0.066,-0.230,,,,,,
1,S,9355805,3387,1.120,1.440,2.720,-9.902,-0.188,0.172,,,,,,,,,,,,
1,A,9358918,3300,,,,,,,10.910,-0.441,0.250,,,,,,,,,
1,B,9359191,3386,,,,,,,,,,,,,,,,46.500,-85.938,39.312
1,S,9359191,3386,1.120,1.440,2.080,-9.902,-0.198,0.168,,,,,,,,,,,,
1,A,9361216,2298,,,,,,,10.916,-0.422,0.255,,,,,,,,,
1,B,9361901,2710,,,,,,,,,,,,,0.000,0.000,0.000,,,
1,S,9361901,2710,1.440,0.800,1.760,-9.893,-0.207,0.158,,,,,,,,,,,,
1,A,9365516,4300,,,,,,,10.935,-0.428,0.275,,,,,,,,,
1,B,9365965,4064,,,,,,,,,,-10.102,-0.086,-0.184,,,,,,
1,S,9365965,4064,1.440,0.480,1.760,-9.883,-0.203,0.152,,,,,,,,,,,,
1,A,9367827,2311,,,,,,,10.924,-0.426,0.264,,,,,,,,,
1,B,9367997,2032,,,,,,,,,,-10.105,-0.086,-0.199,,,,,,
1,S,9367997,2032,1.120,0.800,2.080,-9.883,-0.198,0.152,,,,,,,,,,,,
1,A,9371125,3298,,,,,,,10.905,-0.438,0.240,,,,,,,,,
1,B,9371383,3386,,,,,,,,,,,,,,,,45.188,-86.062,39.500
1,S,9371383,3386,1.120,1.120,2.080,-9.883,-0.188,0.152,,,,,,,,,,,,
1,A,9373425,2300,,,,,,,10.920,-0.435,0.246,,,,,,,,,
1,B,9374091,2708,,,,,,,,,,,,,0.000,0.000,0.000,,,
1,S,9374091,2708,0.800,1.120,1.760,-9.873,-0.182,0.152,,,,,,,,,,,,
1,A,9376725,3300,,,,,,,10.902,-0.430,0.234,,,,,,,,,
1,B,9377459,3368,,,,,,,,,,-10.102,-0.078,-0.211,,,,,,
1,S,9377459,3368,0.480,0.480,1.760,-9.873,-0.182,0.152,,,,,,,,,,,,
1,A,9380023,3298,,,,,,,10.905,-0.432,0.235,,,,,,,,,
1,B,9380187,2728,,,,,,,,,,,,,,,,47.000,-87.000,38.688
1,S,9380187,2728,0.800,0.480,2.080,-9.877,-0.188,0.152,,,,,,,,,,,,
1,A,9382323,2300,,,,,,,10.929,-0.451,0.250,,,,,,,,,
1,B,9382898,2711,,,,,,,,,,,,,0.000,0.000,0.000,,,
1,S,9382898,2711,1.120,0.800,2.080,-9.883,-0.193,0.147,,,,,,,,,,,,
1,A,9385637,3314,,,,,,,10.937,-0.428,0.234,,,,,,,,,
1,B,9386283,3385,,,,,,,,,,-10.086,-0.078,-0.199,,,,,,
1,S,9386283,3385,1.440,1.120,2.400,-9.898,-0.193,0.158,,,,,,,,,,,,
1,A,9388937,3300,,,,,,,10.910,-0.425,0.233,,,,,,,,,
1,B,9389670,3387,,,,,,,,,,,,,,,,46.188,-85.812,38.375
1,S,9389670,3387,1.120,0.800,2.400,-9.902,-0.188,0.163,,,,,,,,,,,,
1,A,9391235,2298,,,,,,,10.922,-0.435,0.272,,,,,,,,,
1,B,9391702,2032,,,,,,,,,,,,,0.000,0.000,0.000,,,
1,S,9391702,2032,0.160,0.480,2.080,-9.898,-0.193,0.158,,,,,,,,,,,,
1,A,9395535,4300,,,,,,,10.925,-0.434,0.268,,,,,,,,,
1,B,9395766,4064,,,,,,,,,,-10.094,-0.066,-0.191,,,,,,
1,S,9395766,4064,0.160,1.120,1.760,-9.887,-0.198,0.147,,,,,,,,,,,,
1,A,9397835,2300,,,,,,,10.932,-0.430,0.237,,,,,,,,,
1,B,9398475,2709,,,,,,,,,,-10.113,-0.066,-0.184,,,,,,
1,S,9398475,2709,0.160,1.120,1.760,-9.887,-0.198,0.147,,,,,,,,,,,,
1,A,9401133,3298,,,,,,,10.931,-0.433,0.249,,,,,,,,,
1,B,9401862,3387,,,,,,,,,,,,,,,,45.562,-85.562,38.938
1,S,9401862,3387,0.480,0.800,1.760,-9.893,-0.193,0.152,,,,,,,,,,,,
1,A,9404445,3312,,,,,,,10.907,-0.449,0.254,,,,,,,,,
1,B,9404571,2709,,,,,,,,,,,,,0.000,0.000,0.000,,,
1,S,9404571,2709,0.800,0.800,1.760,-9.893,-0.188,0.152,,,,,,,,,,,,
1,A,9406745,2300,,,,,,,10.899,-0.442,0.243,,,,,,,,,
1,B,9407280,2709,,,,,,,,,,,,,,,,46.188,-85.812,38.375
1,S,9407280,2709,1.440,0.800,1.440,-9.893,-0.193,0.152,,,,,,,,,,,,
1,A,9410044,3299,,,,,,,10.919,-0.416,0.233,,,,,,,,,
1,B,9410667,3387,,,,,,,,,,-10.102,-0.078,-0.211,,,,,,
1,S,9410667,3387,1.440,0.800,1.760,-9.883,-0.198,0.152,,,,,,,,,,,,
1,A,9413344,3300,,,,,,,10.933,-0.430,0.260,,,,,,,,,
1,B,9414053,3386,,,,,,,,,,,,,0.000,0.000,0.000,,,
1,S,9414053,3386,1.120,0.480,2.080,-9.883,-0.193,0.152,,,,,,,,,,,,
1,A,9416644,3300,,,,,,,10.925,-0.440,0.291,,,,,,,,,
1,B,9416763,2710,,,,,,,,,,-10.098,-0.105,-0.211,,,,,,
1,S,9416763,2710,0.800,0.480,2.080,-9.893,-0.193,0.152,,,,,,,,,,,,
1,A,9419944,3300,,,,,,,10.931,-0.451,0.284,,,,,,,,,
1,B,9420149,3386,,,,,,,,,,,,,,,,46.375,-85.625,38.750
1,S,9420149,3386,1.120,0.480,2.080,-9.902,-0.188,0.152,,,,,,,,,,,,
1,A,9422254,2388,,,,,,,10.935,-0.444,0.273,,,,,,,,,
1,B,9422859,2710,,,,,,,,,,,,,0.000,0.000,0.000,,,
1,S,9422859,2710,1.120,0.800,1.760,-9.902,-0.188,0.158,,,,,,,,,,,,
1,A,9422332,0,,,,,,,10.909,-0.420,0.281,,,,,,,,,
1,B,9426245,3386,,,,,,,,,,-10.113,-0.078,-0.219,,,,,,
1,S,9426245,3386,1.440,1.120,1.760,-9.898,-0.193,0.163,,,,,,,,,,,,
1,A,9428854,6522,,,,,,,10.941,-0.438,0.278,,,,,,,,,
1,B,9428955,2710,,,,,,,,,,,,,,,,46.375,-85.062,38.375
1,S,9428955,2710,1.120,1.440,1.760,-9.893,-0.193,0.163,,,,,,,,,,,,
1,A,9431153,2377,,,,,,,10.944,-0.433,0.258,,,,,,,,,
1,B,9431664,2709,,,,,,,,,,,,,0.000,0.000,0.000,,,
1,S,9431664,2709,1.120,1.120,2.080,-9.887,-0.198,0.158,,,,,,,,,,,,
1,A,9431559,4314,,,,,,,10.897,-0.443,0.248,,,,,,,,,
1,B,9435728,4064,,,,,,,,,,-10.105,-0.066,-0.172,,,,,,
1,S,9435728,4064,1.440,1.120,2.400,-9.887,-0.203,0.147,,,,,,,,,,,,
1,A,9435545,0,,,,,,,10.917,-0.440,0.251,,,,,,,,,
1,B,9438437,2709,,,,,,,,,,-10.113,-0.066,-0.191,,,,,,
1,S,9438437,2709,1.440,0.800,2.080,-9.887,-0.198,0.152,,,,,,,,,,,,
1,A,9438438,2893,,,,,,,10.924,-0.436,0.237,,,,,,,,,
1,B,9441805,3368,,,,,,,,,,,,,,,,46.125,-84.938,38.125
1,S,9441805,3368,0.800,0.480,1.760,-9.887,-0.188,0.163,,,,,,,,,,,,
1,A,9441522,3084,,,,,,,10.916,-0.425,0.248,,,,,,,,,
1,B,9443856,2051,,,,,,,,,,,,,0.000,0.000,0.000,,,
1,S,9443856,2051,0.800,0.480,1.760,-9.887,-0.177,0.163,,,,,,,,,,,,
1,A,9443515,1993,,,,,,,10.926,-0.417,0.264,,,,,,,,,
1,B,9447242,3386,,,,,,,,,,-10.066,-0.105,-0.191,,,,,,
1,S,9447242,3386,1.120,1.120,2.400,-9.877,-0.182,0.152,,,,,,,,,,,,
1,A,9447500,3985,,,,,,,10.931,-0.454,0.270,,,,,,,,,
1,B,9450629,3387,,,,,,,,,,,,,,,,45.312,-85.312,39.438
1,S,9450629,3387,1.440,2.080,2.720,-9.877,-0.198,0.147,,,,,,,,,,,,
1,A,9450489,2989,,,,,,,10.936,-0.429,0.267,,,,,,,,,
1,B,9452661,2032,,,,,,,,,,,,,0.000,0.000,0.000,,,
1,S,9452661,2032,1.440,2.080,2.400,-9.883,-0.203,0.147,,,,,,,,,,,,
1,A,9452482,1993,,,,,,,10.938,-0.444,0.243,,,,,,,,,
1,B,9456047,3386,,,,,,,,,,-10.109,-0.086,-0.172,,,,,,
1,S,9456047,3386,1.120,1.440,1.760,-9.893,-0.198,0.152,,,,,,,,,,,,
1,A,9456467,3985,,,,,,,10.938,-0.438,0.229,,,,,,,,,
1,B,9459434,3387,,,,,,,,,,,,,,,,46.188,-84.812,37.812
1,S,9459434,3387,1.120,0.800,1.440,-9.898,-0.188,0.152,,,,,,,,,,,,
1,A,9459456,2989,,,,,,,10.927,-0.443,0.242,,,,,,,,,
1,B,9461466,2032,,,,,,,,,,,,,0.000,0.000,0.000,,,
1,S,9461466,2032,0.800,1.120,1.440,-9.898,-0.193,0.147,,,,,,,,,,,,
1,A,9461466,6090,,,,,,,10.930,-0.428,0.242,,,,,,,,,
1,B,9466207,4741,,,,,,,,,,-10.113,-0.078,-0.191,,,,,,
1,S,9466207,4741,1.120,1.440,2.080,-9.883,-0.198,0.147,,,,,,,,,,,,
1,A,9466431,885,,,,,,,10.907,-0.435,0.240,,,,,,,,,
1,B,9468239,2032,,,,,,,,,,-10.113,-0.066,-0.219,,,,,,
1,S,9468239,2032,1.440,1.120,1.760,-9.877,-0.203,0.152,,,,,,,,,,,,
1,A,9468423,1992,,,,,,,10.902,-0.440,0.248,,,,,,,,,
1,B,9471626,3387,,,,,,,,,,,,,,,,46.375,-85.625,38.750
1,S,9471626,3387,1.120,0.480,1.440,-9.877,-0.203,0.152,,,,,,,,,,,,
1,A,9474402,5979,,,,,,,10.912,-0.434,0.250,,,,,,,,,
1,B,9475011,3385,,,,,,,,,,,,,0.000,0.000,0.000,,,
1,S,9475011,3385,0.480,0.800,1.760,-9.877,-0.188,0.147,,,,,,,,,,,,
1,A,9475398,996,,,,,,,10.915,-0.423,0.267,,,,,,,,,
1,B,9477043,2032,,,,,,,,,,,,,,,,45.250,-84.438,39.250
1,S,9477043,2032,0.480,1.120,1.760,-9.877,-0.182,0.147,,,,,,,,,,,,
1,A,9477391,1993,,,,,,,10.936,-0.430,0.272,,,,,,,,,
1,B,9480430,3387,,,,,,,,,,-10.094,-0.059,-0.191,,,,,,
1,S,9480430,3387,0.480,1.120,1.440,-9.867,-0.182,0.142,,,,,,,,,,,,
1,A,9480512,3121,,,,,,,10.938,-0.422,0.267,,,,,,,,,
1,B,9483818,3388,,,,,,,,,,,,,0.000,0.000,0.000,,,
1,S,9483818,3388,0.800,0.480,1.760,-9.877,-0.188,0.147,,,,,,,,,,,,
1,A,9485369,4857,,,,,,,10.906,-0.438,0.255,,,,,,,,,
1,B,9487203,3385,,,,,,,,,,-10.109,-0.078,-0.199,,,,,,
1,S,9487203,6095,1.120,0.480,2.400,-9.898,-0.182,0.147,,,,,,,,,,,,
1,A,9489882,4513,,,,,,,10.928,-0.422,0.254,,,,,,,,,
1,B,9490590,3387,,,,,,,,,,,,,,,,45.375,-85.812,38.875
1,S,9490590,677,0.800,1.120,2.400,-9.898,-0.182,0.147,,,,,,,,,,,,
1,B,9492622,2032,,,,,,,,,,,,,0.000,0.000,0.000,,,
1,S,9492622,2032,0.800,1.440,2.080,-9.893,-0.182,0.147,,,,,,,,,,,,
1,A,9495326,5444,,,,,,,10.909,-0.424,0.232,,,,,,,,,
1,B,9496008,3386,,,,,,,,,,-10.105,-0.105,-0.191,,,,,,
1,S,9496008,3386,0.480,2.080,1.760,-9.893,-0.188,0.158,,,,,,,,,,,,
1,A,9498808,3482,,,,,,,10.925,-0.428,0.247,,,,,,,,,
1,B,9499395,3387,,,,,,,,,,,,,,,,45.812,-86.312,38.875
1,S,9499395,3387,0.480,1.440,1.760,-9.893,-0.182,0.168,,,,,,,,,,,,
1,B,9501427,2032,,,,,,,,,,,,,0.000,0.000,0.000,,,
1,S,9501427,2032,0.800,0.800,1.760,-9.898,-0.188,0.172,,,,,,,,,,,,
1,A,9505355,6547,,,,,,,10.941,-0.412,0.270,,,,,,,,,
1,B,9505491,4064,,,,,,,,,,-10.121,-0.098,-0.191,,,,,,
1,S,9505491,4064,1.120,0.800,1.440,-9.902,-0.193,0.163,,,,,,,,,,,,
1,A,9506447,1092,,,,,,,10.928,-0.428,0.262,,,,,,,,,
1,B,9508200,2709,,,,,,,,,,-10.098,-0.066,-0.199,,,,,,
1,S,9508200,2709,0.800,1.120,1.120,-9.898,-0.193,0.152,,,,,,,,,,,,
1,B,9511587,3387,,,,,,,,,,,,,,,,46.500,-84.375,37.625
1,S,9511587,3387,0.480,1.120,1.760,-9.893,-0.188,0.147,,,,,,,,,,,,
1,B,9513619,2032,,,,,,,,,,,,,0.000,0.000,0.000,,,
1,S,9513619,2032,-0.160,1.120,2.400,-9.887,-0.188,0.152,,,,,,,,,,,,
1,B,9517005,3386,,,,,,,,,,-10.109,-0.066,-0.199,,,,,,
1,S,9517005,3386,-0.160,1.120,2.720,-9.898,-0.188,0.158,,,,,,,,,,,,
1,B,9520392,3387,,,,,,,,,,,,,,,,45.688,-86.438,39.188
1,S,9520392,3387,0.160,1.120,2.080,-9.893,-0.198,0.158,,,,,,,,,,,,
1,B,9522424,2032,,,,,,,,,,,,,0.000,0.000,0.000,,,
1,S,9522424,2032,0.160,1.120,1.760,-9.893,-0.198,0.158,,,,,,,,,,,,
1,B,9525811,3387,,,,,,,,,,-10.105,-0.086,-0.211,,,,,,
1,S,9525811,3387,-0.160,1.120,1.760,-9.887,-0.193,0.158,,,,,,,,,,,,
1,B,9529197,3386,,,,,,,,,,,,,,,,45.312,-85.375,38.750
1,S,9529197,3386,0.160,1.760,1.760,-9.883,-0.188,0.163,,,,,,,,,,,,
1,B,9531229,2032,,,,,,,,,,,,,0.000,0.000,0.000,,,
1,S,9531229,2032,0.480,1.760,1.760,-9.877,-0.188,0.163,,,,,,,,,,,,
1,B,9535971,4742,,,,,,,,,,-10.121,-0.086,-0.184,,,,,,
1,S,9535971,4742,0.480,1.440,2.080,-9.893,-0.193,0.158,,,,,,,,,,,,
1,B,9538002,2031,,,,,,,,,,,,,,,,45.875,-85.750,39.188
1,S,9538002,2031,0.480,1.120,2.080,-9.898,-0.193,0.158,,,,,,,,,,,,
1,B,9541389,3387,,,,,,,,,,,,,0.000,0.000,0.000,,,
1,S,9541389,3387,0.480,1.120,2.080,-9.898,-0.188,0.152,,,,,,,,,,,,
1,B,9545453,4064,,,,,,,,,,-10.121,-0.078,-0.211,,,,,,
1,S,9545453,4064,1.120,1.120,1.760,-9.883,-0.182,0.147,,,,,,,,,,,,
1,B,9547485,2032,,,,,,,,,,-10.090,-0.066,-0.184,,,,,,
1,S,9547485,2032,1.120,1.120,1.760,-9.877,-0.177,0.142,,,,,,,,,,,,
1,B,9550872,3387,,,,,,,,,,,,,,,,45.938,-85.125,38.750
1,S,9550872,3387,1.440,1.440,1.760,-9.883,-0.188,0.147,,,,,,,,,,,,
1,B,9553581,2709,,,,,,,,,,,,,0.000,0.000,0.000,,,
1,S,9553581,2709,1.440,1.760,2.080,-9.893,-0.193,0.152,,,,,,,,,,,,
1,B,9556949,3368,,,,,,,,,,-10.105,-0.059,-0.184,,,,,,
1,S,9556949,3368,1.120,1.120,2.720,-9.898,-0.193,0.152,,,,,,,,,,,,
1,B,9559677,2728,,,,,,,,,,,,,,,,46.875,-84.438,37.500
1,S,9559677,2728,0.800,0.800,2.720,-9.887,-0.188,0.147,,,,,,,,,,,,
1,B,9562386,2709,,,,,,,,,,,,,0.000,0.000,0.000,,,
1,S,9562386,2709,1.120,0.800,2.400,-9.883,-0.188,0.147,,,,,,,,,,,,
1,B,9567805,5419,,,,,,,,,,-10.102,-0.078,-0.199,,,,,,
1,S,9567805,5419,1.440,0.800,2.080,-9.887,-0.188,0.147,,,,,,,,,,,,
1,B,9569837,2032,,,,,,,,,,-10.121,-0.078,-0.211,,,,,,
1,S,9569837,2032,1.440,0.800,2.080,-9.893,-0.193,0.142,,,,,,,,,,,,
1,B,9573901,4064,,,,,,,,,,,,,,,,46.125,-87.000,39.188
1,S,9573901,4064,1.760,1.440,2.400,-9.898,-0.198,0.142,,,,,,,,,,,,
1,B,9576610,2709,,,,,,,,,,,,,0.000,0.000,0.000,,,
1,S,9576610,2709,1.760,1.440,2.400,-9.887,-0.198,0.152,,,,,,,,,,,,
1,B,9578642,2032,,,,,,,,,,,,,,,,47.125,-85.188,38.188
1,S,9578642,2032,1.440,1.440,2.400,-9.883,-0.193,0.158,,,,,,,,,,,,
1,B,9582706,4064,,,,,,,,,,,,,0.000,0.000,0.000,,,
1,S,9582706,4064,1.120,1.120,2.080,-9.883,-0.182,0.158,,,,,,,,,,,,
1,B,9586092,3386,,,,,,,,,,-10.102,-0.086,-0.184,,,,,,
1,S,9586092,3386,0.800,1.120,1.760,-9.893,-0.177,0.147,,,,,,,,,,,,
1,B,9589479,3387,,,,,,,,,,,,,,,,46.562,-84.312,38.312
1,S,9589479,3387,1.440,1.760,2.080,-9.893,-0.188,0.152,,,,,,,,,,,,
1,B,9591511,2032,,,,,,,,,,,,,0.000,0.000,0.000,,,
1,S,9591511,2032,1.760,2.080,2.080,-9.887,-0.188,0.158,,,,,,,,,,,,
1,B,9596251,4740,,,,,,,,,,-10.137,-0.078,-0.199,,,,,,
1,S,9596251,4740,1.440,1.440,2.400,-9.887,-0.188,0.163,,,,,,,,,,,,
1,B,9598283,2032,,,,,,,,,,,,,,,,45.250,-83.938,37.312
1,S,9598283,2032,0.800,1.120,2.080,-9.887,-0.188,0.168,,,,,,,,,,,,
1,B,9600315,2032,,,,,,,,,,,,,0.000,0.000,0.000,,,
1,S,9600315,2032,0.800,0.800,2.080,-9.893,-0.193,0.168,,,,,,,,,,,,
1,B,9605056,4741,,,,,,,,,,-10.102,-0.086,-0.184,,,,,,
1,S,9605056,4741,1.120,0.800,1.760,-9.898,-0.188,0.163,,,,,,,,,,,,
1,B,9607088,2032,,,,,,,,,,,,,,,,43.938,-85.562,39.938
1,S,9607088,2032,1.760,0.800,1.760,-9.898,-0.188,0.163,,,,,,,,,,,,
1,B,9610475,3387,,,,,,,,,,,,,0.000,0.000,0.000,,,
1,S,9610475,3387,1.440,0.800,1.760,-9.893,-0.188,0.158,,,,,,,,,,,,
1,B,9614539,4064,,,,,,,,,,-10.109,-0.078,-0.199,,,,,,
1,S,9614539,4064,0.800,1.120,2.400,-9.883,-0.182,0.152,,,,,,,,,,,,
1,B,9617248,2709,,,,,,,,,,-10.117,-0.059,-0.219,,,,,,
1,S,9617248,2709,0.160,0.800,2.720,-9.887,-0.182,0.147,,,,,,,,,,,,
1,B,9620635,3387,,,,,,,,,,,,,,,,47.375,-84.375,37.125
1,S,9620635,3387,0.480,1.120,2.400,-9.893,-0.188,0.147,,,,,,,,,,,,
1,B,9622667,2032,,,,,,,,,,,,,0.000,0.000,0.000,,,
1,S,9622667,2032,1.440,1.120,2.080,-9.898,-0.193,0.147,,,,,,,,,,,,
1,B,9626053,3386,,,,,,,,,,,,,,,,45.625,-85.000,38.562
1,S,9626053,3386,1.440,1.440,2.400,-9.893,-0.193,0.147,,,,,,,,,,,,
1,B,9629440,3387,,,,,,,,,,-10.133,-0.078,-0.191,,,,,,
1,S,9629440,3387,1.440,1.760,3.040,-9.887,-0.188,0.152,,,,,,,,,,,,
1,B,9631472,2032,,,,,,,,,,,,,0.000,0.000,0.000,,,
1,S,9631472,2032,1.120,1.760,3.040,-9.893,-0.182,0.158,,,,,,,,,,,,
1,B,9635536,4064,,,,,,,,,,-10.117,-0.066,-0.184,,,,,,
1,S,9635536,4064,1.120,1.760,2.080,-9.898,-0.182,0.158,,,,,,,,,,,,
1,B,9638245,2709,,,,,,,,,,,,,,,,45.125,-84.000,38.375
1,S,9638245,2709,1.120,1.760,1.440,-9.902,-0.188,0.152,,,,,,,,,,,,
1,B,9640277,2032,,,,,,,,,,,,,0.000,0.000,0.000,,,
1,S,9640277,2032,1.440,1.440,1.440,-9.908,-0.193,0.152,,,,,,,,,,,,
1,B,9644341,4064,,,,,,,,,,-10.133,-0.066,-0.184,,,,,,
1,S,9644341,4064,1.440,1.120,1.440,-9.898,-0.188,0.158,,,,,,,,,,,,
1,B,9647050,2709,,,,,,,,,,,,,,,,46.125,-84.875,38.875
1,S,9647050,2709,0.160,0.800,2.080,-9.883,-0.182,0.158,,,,,,,,,,,,
1,B,9650437,3387,,,,,,,,,,-10.094,-0.078,-0.191,,,,,,
1,S,9650437,3387,-0.160,0.800,2.400,-9.877,-0.182,0.158,,,,,,,,,,,,
1,B,9653146,2709,,,,,,,,,,,,,0.000,0.000,0.000,,,
1,S,9653146,2709,0.480,0.800,2.720,-9.887,-0.182,0.158,,,,,,,,,,,,
1,B,9655856,2710,,,,,,,,,,,,,,,,45.188,-84.438,38.500
1,S,9655856,2710,1.440,1.120,2.720,-9.893,-0.182,0.163,,,,,,,,,,,,
1,B,9659242,3386,,,,,,,,,,-10.102,-0.059,-0.199,,,,,,
1,S,9659242,3386,1.760,1.120,2.400,-9.887,-0.188,0.163,,,,,,,,,,,,
1,B,9661274,2032,,,,,,,,,,,,,0.000,0.000,0.000,,,
1,S,9661274,2032,1.440,1.120,2.080,-9.883,-0.188,0.158,,,,,,,,,,,,
1,B,9665338,4064,,,,,,,,,,,,,,,,47.188,-85.688,37.562
1,S,9665338,4064,0.800,0.800,2.080,-9.877,-0.193,0.158,,,,,,,,,,,,
1,B,9668047,2709,,,,,,,,,,-10.094,-0.078,-0.191,,,,,,
1,S,9668047,2709,0.480,0.480,2.400,-9.887,-0.193,0.163,,,,,,,,,,,,
1,B,9670079,2032,,,,,,,,,,,,,0.000,0.000,0.000,,,
1,S,9670079,2032,0.480,0.480,2.400,-9.893,-0.198,0.168,,,,,,,,,,,,
1,B,9674143,4064,,,,,,,,,,-10.113,-0.086,-0.199,,,,,,
1,S,9674143,4064,0.800,1.120,2.400,-9.893,-0.193,0.163,,,,,,,,,,,,
1,B,9676853,2710,,,,,,,,,,,,,,,,46.000,-85.625,38.812
1,S,9676853,2710,1.440,1.120,2.400,-9.887,-0.188,0.158,,,,,,,,,,,,
1,B,9678885,2032,,,,,,,,,,-10.109,-0.098,-0.191,,,,,,
1,S,9678885,2032,1.440,0.800,2.080,-9.883,-0.188,0.152,,,,,,,,,,,,
1,B,9681594,2709,,,,,,,,,,,,,0.000,0.000,0.000,,,
1,S,9681594,2709,1.120,0.480,2.080,-9.883,-0.182,0.152,,,,,,,,,,,,
1,B,9685658,4064,,,,,,,,,,,,,,,,46.500,-85.438,38.188
1,S,9685658,4064,1.120,1.120,2.400,-9.887,-0.188,0.158,,,,,,,,,,,,
1,B,9689044,3386,,,,,,,,,,-10.105,-0.059,-0.191,,,,,,
1,S,9689044,3386,1.120,1.440,3.040,-9.877,-0.193,0.158,,,,,,,,,,,,
1,B,9691076,2032,,,,,,,,,,,,,0.000,0.000,0.000,,,
1,S,9691076,2032,1.120,1.440,3.040,-9.873,-0.198,0.152,,,,,,,,,,,,
1,B,9695140,4064,,,,,,,,,,,,,,,,47.125,-86.250,37.938
1,S,9695140,4064,1.120,1.120,2.720,-9.877,-0.193,0.147,,,,,,,,,,,,
1,B,9698527,3387,,,,,,,,,,-10.094,-0.078,-0.184,,,,,,
1,S,9698527,3387,1.120,0.800,2.080,-9.883,-0.193,0.158,,,,,,,,,,,,
1,B,9701236,2709,,,,,,,,,,,,,0.000,0.000,0.000,,,
1,S,9701236,2709,1.120,1.120,1.440,-9.893,-0.193,0.163,,,,,,,,,,,,
1,B,9705300,4064,,,,,,,,,,,,,,,,46.000,-85.000,38.438
1,S,9705300,4064,0.800,1.120,2.080,-9.893,-0.182,0.152,,,,,,,,,,,,
1,B,9707332,2032,,,,,,,,,,-10.094,-0.078,-0.191,,,,,,
1,S,9707332,2032,0.800,1.440,2.720,-9.893,-0.182,0.147,,,,,,,,,,,,
1,B,9710041,2709,,,,,,,,,,-10.098,-0.078,-0.199,,,,,,
1,S,9710041,2709,1.120,1.760,3.040,-9.887,-0.188,0.147,,,,,,,,,,,,
1,B,9713428,3387,,,,,,,,,,,,,0.000,0.000,0.000,,,
1,S,9713428,3387,1.760,1.440,2.080,-9.883,-0.182,0.152,,,,,,,,,,,,
1,B,9715460,2032,,,,,,,,,,,,,,,,45.625,-85.000,38.562
1,S,9715460,2032,1.760,1.120,1.760,-9.883,-0.182,0.158,,,,,,,,,,,,
1,B,9718847,3387,,,,,,,,,,-10.109,-0.066,-0.199,,,,,,
1,S,9718847,3387,1.440,1.120,1.440,-9.887,-0.188,0.163,,,,,,,,,,,,
1,B,9720879,2032,,,,,,,,,,,,,0.000,0.000,0.000,,,
1,S,9720879,2032,1.120,1.440,1.760,-9.887,-0.188,0.163,,,,,,,,,,,,
1,B,9724943,4064,,,,,,,,,,,,,,,,46.188,-84.812,37.812
1,S,9724943,4064,1.120,1.760,2.400,-9.887,-0.193,0.158,,,,,,,,,,,,
1,B,9728329,3386,,,,,,,,,,-10.098,-0.086,-0.191,,,,,,
1,S,9728329,3386,1.120,1.440,2.080,-9.883,-0.198,0.152,,,,,,,,,,,,
1,B,9731037,2708,,,,,,,,,,,,,0.000,0.000,0.000,,,
1,S,9731037,2708,0.480,1.120,1.760,-9.877,-0.198,0.152,,,,,,,,,,,,
1,B,9735101,4064,,,,,,,,,,,,,,,,45.500,-84.625,38.688
1,S,9735101,4064,0.160,0.800,2.720,-9.883,-0.188,0.158,,,,,,,,,,,,
1,B,9738489,3388,,,,,,,,,,-10.105,-0.066,-0.191,,,,,,
1,S,9738489,3388,0.480,1.120,3.040,-9.902,-0.182,0.152,,,,,,,,,,,,
1,B,9740521,2032,,,,,,,,,,,,,0.000,0.000,0.000,,,
1,S,9740521,2032,0.800,1.120,2.720,-9.902,-0.182,0.152,,,,,,,,,,,,
1,B,9745261,4740,,,,,,,,,,-10.117,-0.066,-0.164,,,,,,
1,S,9745261,4740,0.800,1.760,1.440,-9.898,-0.177,0.163,,,,,,,,,,,,
1,B,9747293,2032,,,,,,,,,,,,,,,,45.750,-85.875,38.750
1,S,9747293,2032,0.800,1.760,1.120,-9.887,-0.177,0.168,,,,,,,,,,,,
1,B,9749325,2032,,,,,,,,,,-10.105,-0.078,-0.184,,,,,,
1,S,9749325,2032,0.800,1.440,1.120,-9.877,-0.177,0.168,,,,,,,,,,,,
1,B,9752034,2709,,,,,,,,,,,,,0.000,0.000,0.000,,,
1,S,9752034,2709,0.800,0.800,1.440,-9.873,-0.188,0.158,,,,,,,,,,,,
1,B,9756098,4064,,,,,,,,,,,,,,,,45.750,-85.875,38.750
1,S,9756098,4064,0.800,0.800,1.760,-9.887,-0.193,0.147,,,,,,,,,,,,
1,B,9758130,2032,,,,,,,,,,-10.094,-0.066,-0.184,,,,,,
1,S,9758130,2032,1.120,0.480,2.080,-9.887,-0.198,0.147,,,,,,,,,,,,
1,B,9760841,2711,,,,,,,,,,,,,0.000,0.000,0.000,,,
1,S,9760841,2711,1.440,0.480,2.080,-9.883,-0.198,0.152,,,,,,,,,,,,
1,B,9764905,4064,,,,,,,,,,,,,,,,44.875,-86.000,39.562
1,S,9764905,4064,1.440,1.440,2.400,-9.887,-0.193,0.163,,,,,,,,,,,,
1,B,9768290,3385,,,,,,,,,,-10.109,-0.086,-0.172,,,,,,
1,S,9768290,3385,0.480,2.080,2.400,-9.898,-0.198,0.158,,,,,,,,,,,,
1,B,9770322,2032,,,,,,,,,,,,,0.000,0.000,0.000,,,
1,S,9770322,2032,0.480,2.400,2.080,-9.898,-0.198,0.158,,,,,,,,,,,,
1,B,9775063,4741,,,,,,,,,,,,,,,,45.500,-86.688,39.812
1,S,9775063,4741,0.800,1.760,1.760,-9.887,-0.193,0.152,,,,,,,,,,,,
1,B,9777095,2032,,,,,,,,,,-10.109,-0.098,-0.184,,,,,,
1,S,9777095,2032,0.800,1.760,2.080,-9.877,-0.188,0.152,,,,,,,,,,,,
1,B,9779127,2032,,,,,,,,,,-10.109,-0.066,-0.199,,,,,,
1,S,9779127,2032,0.800,1.760,2.080,-9.873,-0.188,0.152,,,,,,,,,,,,
1,B,9782514,3387,,,,,,,,,,,,,0.000,0.000,0.000,,,
1,S,9782514,3387,0.800,1.760,2.400,-9.883,-0.188,0.158,,,,,,,,,,,,
1,A,9784558,278111,,,,,,,10.914,-0.437,0.238,,,,,,,,,
1,B,9787255,4741,,,,,,,,,,,,,,,,45.750,-85.875,38.750
1,S,9787255,4741,0.800,1.440,2.720,-9.898,-0.188,0.163,,,,,,,,,,,,
1,A,9789825,5267,,,,,,,10.921,-0.415,0.261,,,,,,,,,
1,B,9789965,2710,,,,,,,,,,-10.117,-0.078,-0.184,,,,,,
1,S,9789965,2710,0.800,1.440,2.720,-9.898,-0.182,0.163,,,,,,,,,,,,
1,A,9793124,3299,,,,,,,10.925,-0.441,0.266,,,,,,,,,
1,B,9793351,3386,,,,,,,,,,,,,0.000,0.000,0.000,,,
1,S,9793351,3386,1.120,1.440,2.400,-9.887,-0.182,0.168,,,,,,,,,,,,
1,A,9795423,2299,,,,,,,10.918,-0.435,0.280,,,,,,,,,
1,B,9796060,2709,,,,,,,,,,,,,,,,45.250,-85.438,39.812
1,S,9796060,2709,1.120,1.440,2.400,-9.883,-0.182,0.163,,,,,,,,,,,,
1,A,9798723,3300,,,,,,,10.942,-0.431,0.238,,,,,,,,,
1,B,9799447,3387,,,,,,,,,,-10.086,-0.086,-0.184,,,,,,
1,S,9799447,3387,1.440,1.120,2.080,-9.887,-0.182,0.158,,,,,,,,,,,,
1,A,9801021,2298,,,,,,,10.947,-0.420,0.251,,,,,,,,,
1,B,9801479,2032,,,,,,,,,,,,,0.000,0.000,0.000,,,
1,S,9801479,2032,1.760,0.800,1.760,-9.893,-0.182,0.158,,,,,,,,,,,,
1,A,9805321,4300,,,,,,,10.925,-0.418,0.248,,,,,,,,,
1,B,9805543,4064,,,,,,,,,,,,,,,,46.812,-85.625,38.375
1,S,9805543,4064,1.440,0.800,1.440,-9.902,-0.182,0.152,,,,,,,,,,,,
1,A,9807632,2311,,,,,,,10.925,-0.436,0.254,,,,,,,,,
1,B,9808252,2709,,,,,,,,,,-10.113,-0.066,-0.172,,,,,,
1,S,9808252,2709,1.120,0.480,1.440,-9.893,-0.182,0.158,,,,,,,,,,,,
1,A,9809932,2300,,,,,,,10.922,-0.439,0.259,,,,,,,,,
1,B,9810284,2032,,,,,,,,,,,,,0.000,0.000,0.000,,,
1,S,9810284,2032,0.480,0.800,1.440,-9.887,-0.193,0.158,,,,,,,,,,,,
1,A,9815231,5299,,,,,,,10.930,-0.430,0.262,,,,,,,,,
1,B,9815703,5419,,,,,,,,,,-10.102,-0.059,-0.199,,,,,,
1,S,9815703,5419,0.480,1.440,1.760,-9.873,-0.193,0.158,,,,,,,,,,,,
1,A,9817531,2300,,,,,,,10.935,-0.441,0.265,,,,,,,,,
1,B,9817735,2032,,,,,,,,,,,,,,,,46.500,-85.938,39.312
1,S,9817735,2032,1.760,1.760,1.760,-9.877,-0.188,0.152,,,,,,,,,,,,
1,A,9820831,3300,,,,,,,10.913,-0.444,0.244,,,,,,,,,
1,B,9821121,3386,,,,,,,,,,-10.133,-0.066,-0.191,,,,,,
1,S,9821121,3386,1.760,2.080,1.760,-9.887,-0.182,0.152,,,,,,,,,,,,
1,A,9824130,3299,,,,,,,10.935,-0.439,0.230,,,,,,,,,
1,B,9824508,3387,,,,,,,,,,,,,0.000,0.000,0.000,,,
1,S,9824508,3387,1.120,1.760,1.760,-9.887,-0.182,0.158,,,,,,,,,,,,
1,A,9826441,2311,,,,,,,10.932,-0.425,0.255,,,,,,,,,
1,B,9826540,2032,,,,,,,,,,,,,,,,46.125,-85.938,38.688
1,S,9826540,2032,0.800,1.120,1.760,-9.883,-0.182,0.163,,,,,,,,,,,,
1,A,9829741,3300,,,,,,,10.922,-0.436,0.254,,,,,,,,,
1,B,9829927,3387,,,,,,,,,,-10.105,-0.098,-0.211,,,,,,
1,S,9829927,3387,0.480,0.160,1.760,-9.877,-0.188,0.163,,,,,,,,,,,,
1,A,9832039,2298,,,,,,,10.946,-0.441,0.250,,,,,,,,,
1,B,9832636,2709,,,,,,,,,,,,,0.000,0.000,0.000,,,
1,S,9832636,2709,-0.160,0.160,2.080,-9.877,-0.188,0.163,,,,,,,,,,,,
1,A,9835339,3300,,,,,,,10.924,-0.434,0.245,,,,,,,,,
1,B,9836022,3386,,,,,,,,,,,,,,,,45.750,-85.312,38.375
1,S,9836022,3386,0.160,1.440,2.080,-9.887,-0.193,0.163,,,,,,,,,,,,
1,A,9838639,3300,,,,,,,10.925,-0.428,0.271,,,,,,,,,
1,B,9839390,3368,,,,,,,,,,-10.113,-0.066,-0.184,,,,,,
1,S,9839390,3368,0.800,2.080,1.760,-9.893,-0.198,0.152,,,,,,,,,,,,
1,A,9840939,2300,,,,,,,10.923,-0.459,0.272,,,,,,,,,
1,B,9841441,2051,,,,,,,,,,,,,0.000,0.000,0.000,,,
1,S,9841441,2051,1.120,1.760,1.760,-9.893,-0.203,0.147,,,,,,,,,,,,
1,B,9845505,4064,,,,,,,,,,,,,,,,45.750,-85.812,39.500
1,S,9845505,4064,1.440,1.760,2.080,-9.887,-0.203,0.138,,,,,,,,,,,,
1,B,9848214,2709,,,,,,,,,,-10.113,-0.078,-0.184,,,,,,
1,S,9848214,2709,1.120,1.760,2.400,-9.887,-0.193,0.147,,,,,,,,,,,,
1,B,9850246,2032,,,,,,,,,,-10.109,-0.066,-0.199,,,,,,
1,S,9850246,2032,1.120,1.440,2.400,-9.893,-0.182,0.147,,,,,,,,,,,,
1,B,9853633,3387,,,,,,,,,,,,,0.000,0.000,0.000,,,
1,S,9853633,3387,1.120,1.120,2.720,-9.902,-0.177,0.152,,,,,,,,,,,,
1,B,9855665,2032,,,,,,,,,,,,,,,,47.125,-85.250,37.438
1,S,9855665,2032,1.120,0.800,2.720,-9.902,-0.172,0.147,,,,,,,,,,,,
1,B,9859051,3386,,,,,,,,,,-10.109,-0.098,-0.191,,,,,,
1,S,9859051,3386,1.120,0.480,2.400,-9.893,-0.177,0.142,,,,,,,,,,,,
1,B,9861083,2032,,,,,,,,,,,,,0.000,0.000,0.000,,,
1,S,9861083,2032,0.480,0.480,2.080,-9.883,-0.177,0.142,,,,,,,,,,,,
1,B,9865825,4742,,,,,,,,,,,,,,,,45.688,-84.375,38.125
1,S,9865825,7451,0.480,1.120,2.400,-9.893,-0.177,0.152,,,,,,,,,,,,
1,B,9869211,3386,,,,,,,,,,-10.102,-0.059,-0.199,,,,,,
1,S,9869211,677,1.120,1.760,2.400,-9.898,-0.177,0.152,,,,,,,,,,,,
1,B,9871243,2032,,,,,,,,,,,,,0.000,0.000,0.000,,,
1,S,9871243,2032,1.120,2.080,2.400,-9.898,-0.172,0.152,,,,,,,,,,,,
1,B,9875307,4064,,,,,,,,,,,,,,,,45.188,-84.438,38.500
1,S,9875307,4064,1.440,1.760,2.080,-9.893,-0.182,0.158,,,,,,,,,,,,
1,B,9878016,2709,,,,,,,,,,-10.113,-0.086,-0.211,,,,,,
1,S,9878016,2709,1.440,1.120,1.760,-9.887,-0.188,0.163,,,,,,,,,,,,
1,B,9880048,2032,,,,,,,,,,-10.113,-0.078,-0.191,,,,,,
1,S,9880048,2032,1.120,0.480,1.440,-9.883,-0.188,0.158,,,,,,,,,,,,
1,B,9884112,4064,,,,,,,,,,,,,0.000,0.000,0.000,,,
1,S,9884112,4064,0.800,0.480,1.440,-9.887,-0.188,0.152,,,,,,,,,,,,
1,B,9886822,2710,,,,,,,,,,,,,,,,45.938,-84.562,38.312
1,S,9886822,2710,0.480,1.120,2.080,-9.887,-0.182,0.152,,,,,,,,,,,,
1,B,9890208,3386,,,,,,,,,,-10.117,-0.059,-0.191,,,,,,
1,S,9890208,3386,1.120,1.440,2.720,-9.893,-0.182,0.152,,,,,,,,,,,,
1,B,9892240,2032,,,,,,,,,,,,,0.000,0.000,0.000,,,
1,S,9892240,2032,2.080,1.120,2.720,-9.893,-0.182,0.152,,,,,,,,,,,,
1,B,9896304,4064,,,,,,,,,,,,,,,,46.250,-85.188,38.688
1,S,9896304,4064,1.760,0.800,2.080,-9.887,-0.182,0.152,,,,,,,,,,,,
1,B,9899691,3387,,,,,,,,,,-10.102,-0.086,-0.191,,,,,,
1,S,9899691,3387,1.120,1.120,2.080,-9.883,-0.193,0.158,,,,,,,,,,,,
1,B,9902380,2689,,,,,,,,,,,,,0.000,0.000,0.000,,,
1,S,9902380,2689,1.120,1.440,2.080,-9.887,-0.193,0.158,,,,,,,,,,,,
1,B,9906464,4084,,,,,,,,,,,,,,,,45.938,-85.625,38.125
1,S,9906464,4084,1.440,1.760,1.760,-9.893,-0.198,0.163,,,,,,,,,,,,
1,B,9909851,3387,,,,,,,,,,-10.121,-0.086,-0.191,,,,,,
1,S,9909851,3387,1.440,1.760,2.080,-9.893,-0.193,0.163,,,,,,,,,,,,
1,B,9911883,2032,,,,,,,,,,,,,0.000,0.000,0.000,,,
1,S,9911883,2032,1.120,1.440,2.080,-9.893,-0.188,0.158,,,,,,,,,,,,
1,A,9914797,73858,,,,,,,10.917,-0.395,0.272,,,,,,,,,
1,B,9915947,4064,,,,,,,,,,-10.102,-0.066,-0.211,,,,,,
1,S,9915947,4064,1.120,1.440,2.080,-9.877,-0.188,0.163,,,,,,,,,,,,
1,A,9918073,3276,,,,,,,10.948,-0.438,0.314,,,,,,,,,
1,B,9918656,2709,,,,,,,,,,,,,,,,45.875,-85.750,39.188
1,S,9918656,2709,0.800,1.440,2.080,-9.877,-0.188,0.163,,,,,,,,,,,,
1,A,9920373,2300,,,,,,,10.930,-0.451,0.317,,,,,,,,,
1,B,9920688,2032,,,,,,,,,,,,,0.000,0.000,0.000,,,
1,S,9920688,2032,0.800,1.120,2.400,-9.893,-0.182,0.168,,,,,,,,,,,,
1,A,9924685,4312,,,,,,,10.945,-0.466,0.365,,,,,,,,,
1,B,9925429,4741,,,,,,,,,,-10.098,-0.047,-0.152,,,,,,
1,S,9925429,4741,0.800,0.800,2.080,-9.908,-0.177,0.198,,,,,,,,,,,,
1,A,9926985,2300,,,,,,,10.932,-0.499,0.350,,,,,,,,,
1,B,9927461,2032,,,,,,,,,,,,,,,,45.688,-84.375,38.125
1,S,9927461,2032,0.480,0.800,2.080,-9.902,-0.177,0.212,,,,,,,,,,,,
1,A,9930283,3298,,,,,,,10.969,-0.438,0.348,,,,,,,,,
1,B,9930848,3387,,,,,,,,,,,,,0.000,0.000,0.000,,,
1,S,9930848,3387,0.480,1.440,2.080,-9.898,-0.203,0.237,,,,,,,,,,,,
1,A,9934583,4300,,,,,,,10.957,-0.516,0.330,,,,,,,,,
1,B,9934912,4064,,,,,,,,,,-10.121,-0.066,-0.133,,,,,,
1,S,9934912,4064,0.800,2.080,2.400,-9.902,-0.228,0.268,,,,,,,,,,,,
1,A,9936883,2300,,,,,,,10.969,-0.467,0.322,,,,,,,,,
1,B,9937621,2709,,,,,,,,,,-10.141,-0.125,-0.105,,,,,,
1,S,9937621,2709,1.120,2.080,2.400,-9.908,-0.242,0.263,,,,,,,,,,,,
1,A,9940182,3299,,,,,,,10.928,-0.511,0.305,,,,,,,,,
1,B,9940330,2709,,,,,,,,,,,,,,,,46.125,-85.938,38.688
1,S,9940330,2709,1.120,1.760,2.720,-9.908,-0.247,0.242,,,,,,,,,,,,
1,A,9942493,2311,,,,,,,10.948,-0.464,0.288,,,,,,,,,
1,B,9943038,2708,,,,,,,,,,,,,0.000,0.000,0.000,,,
1,S,9943038,2708,1.120,1.760,2.720,-9.898,-0.247,0.217,,,,,,,,,,,,
1,A,9945793,3300,,,,,,,10.931,-0.470,0.278,,,,,,,,,
1,B,9946426,3388,,,,,,,,,,-10.109,-0.152,-0.133,,,,,,
1,S,9946426,3388,1.440,1.760,2.400,-9.877,-0.228,0.193,,,,,,,,,,,,
1,A,9949091,3298,,,,,,,10.930,-0.386,0.249,,,,,,,,,
1,B,9949813,3387,,,,,,,,,,,,,,,,45.750,-84.250,37.812
1,S,9949813,3387,1.440,2.080,2.400,-9.877,-0.198,0.177,,,,,,,,,,,,
1,A,9951391,2300,,,,,,,10.949,-0.392,0.254,,,,,,,,,
1,B,9951845,2032,,,,,,,,,,,,,-0.224,0.336,0.112,,,
1,S,9951845,2032,1.760,2.080,2.400,-9.877,-0.182,0.177,,,,,,,,,,,,
1,A,9955691,4300,,,,,,,10.950,-0.356,0.327,,,,,,,,,
1,B,9955909,4064,,,,,,,,,,-10.113,-0.066,-0.164,,,,,,
1,S,9955909,4064,1.760,2.080,2.400,-9.883,-0.142,0.188,,,,,,,,,,,,
1,A,9957991,2300,,,,,,,10.928,-0.471,0.356,,,,,,,,,
1,B,9958618,2709,,,,,,,,,,,,,,,,45.750,-85.312,38.375
1,S,9958618,5418,1.120,2.080,2.080,-9.893,-0.133,0.237,,,,,,,,,,,,
1,A,9961301,3310,,,,,,,10.949,-0.341,0.280,,,,,,,,,
1,B,9962003,3385,,,,,,,,,,,,,0.000,0.560,0.112,,,
1,S,9962003,676,0.480,1.760,2.080,-9.898,-0.138,0.237,,,,,,,,,,,,
1,A,9965602,4301,,,,,,,10.938,-0.515,0.248,,,,,,,,,
1,B,9966067,4064,,,,,,,,,,-10.105,-0.008,-0.152,,,,,,
1,S,9966067,4064,0.480,1.120,1.760,-9.908,-0.168,0.207,,,,,,,,,,,,
1,A,9967902,2300,,,,,,,10.939,-0.481,0.213,,,,,,,,,
1,B,9968099,2032,,,,,,,,,,-10.137,-0.086,-0.164,,,,,,
1,S,9968099,2032,0.800,1.440,1.760,-9.908,-0.198,0.182,,,,,,,,,,,,
1,A,9971201,3299,,,,,,,10.866,-0.538,0.168,,,,,,,,,
1,B,9971486,3387,,,,,,,,,,,,,,,,47.188,-86.250,38.688
1,S,9971486,5420,0.480,1.760,2.400,-9.902,-0.278,0.107,,,,,,,,,,,,
1,A,9973501,2300,,,,,,,10.909,-0.446,0.155,,,,,,,,,
1,B,9974195,2709,,,,,,,,,,,,,0.112,0.560,0.112,,,
1,S,9974195,676,1.440,2.080,2.400,-9.898,-0.282,0.102,,,,,,,,,,,,
1,A,9976802,3301,,,,,,,10.915,-0.451,0.222,,,,,,,,,
1,B,9976906,2711,,,,,,,,,,-10.105,-0.164,-0.250,,,,,,
1,S,9976906,2711,1.440,2.080,2.400,-9.887,-0.268,0.087,,,,,,,,,,,,
1,A,9980112,3310,,,,,,,10.977,-0.376,0.222,,,,,,,,,
1,B,9980291,3385,,,,,,,,,,,,,,,,45.938,-85.625,38.875
1,S,9980291,3385,1.440,2.080,2.400,-9.873,-0.212,0.102,,,,,,,,,,,,
1,A,9982412,2300,,,,,,,10.924,-0.344,0.184,,,,,,,,,
1,B,9983000,2709,,,,,,,,,,,,,0.112,0.671,0.112,,,
1,S,9983000,2709,1.760,2.080,2.400,-9.883,-0.163,0.117,,,,,,,,,,,,
1,A,9986712,4300,,,,,,,10.876,-0.334,0.117,,,,,,,,,
1,B,9987064,4064,,,,,,,,,,-10.113,-0.039,-0.230,,,,,,
1,S,9987064,4064,1.440,1.760,2.080,-9.893,-0.092,0.117,,,,,,,,,,,,
1,A,9989010,2298,,,,,,,10.910,-0.315,0.156,,,,,,,,,
1,B,9989755,2691,,,,,,,,,,,,,,,,45.750,-85.875,38.750
1,S,9989755,2691,0.800,1.120,1.440,-9.883,-0.077,0.098,,,,,,,,,,,,
1,A,9992310,3300,,,,,,,10.949,-0.479,0.179,,,,,,,,,
1,B,9992483,2728,,,,,,,,,,-10.094,0.047,-0.277,,,,,,
1,S,9992483,2728,0.160,1.120,1.440,-9.857,-0.077,0.068,,,,,,,,,,,,
1,A,9995610,3300,,,,,,,10.866,-0.288,0.045,,,,,,,,,
1,B,9995871,3388,,,,,,,,,,,,,0.112,0.560,0.112,,,
1,S,9995871,3388,-0.160,1.120,1.440,-9.873,-0.138,0.048,,,,,,,,,,,,
1,A,9997922,2312,,,,,,,10.980,-0.513,0.145,,,,,,,,,
1,B,9998579,2708,,,,,,,,,,,,,,,,46.125,-84.938,38.125
1,S,9998579,2708,0.160,1.440,1.760,-9.883,-0.172,0.022,,,,,,,,,,,,
1,A,10001220,3298,,,,,,,10.872,-0.532,0.054,,,,,,,,,
1,B,10001967,3388,,,,,,,,,,-10.105,-0.047,-0.324,,,,,,
1,S,10001967,3388,0.800,1.760,1.760,-9.893,-0.228,-0.003,,,,,,,,,,,,
1,A,10004520,3300,,,,,,,10.899,-0.512,0.081,,,,,,,,,
1,B,10004676,2709,,,,,,,,,,,,,0.112,0.448,0.000,,,
1,S,10004676,2709,0.800,1.440,2.080,-9.887,-0.263,-0.022,,,,,,,,,,,,
1,A,10006820,2300,,,,,,,10.942,-0.693,0.138,,,,,,,,,
1,B,10007384,2708,,,,,,,,,,,,,,,,45.875,-85.750,39.188
1,S,10007384,2708,0.480,1.120,1.760,-9.873,-0.237,-0.048,,,,,,,,,,,,
1,A,10010119,3299,,,,,,,10.912,-0.197,-0.006,,,,,,,,,
1,B,10010771,3387,,,,,,,,,,-10.074,-0.125,-0.395,,,,,,
1,S,10010771,3387,0.480,0.480,2.080,-9.867,-0.237,-0.052,,,,,,,,,,,,
1,A,10013419,3300,,,,,,,10.915,-0.469,0.125,,,,,,,,,
1,B,10014157,3386,,,,,,,,,,,,,0.112,0.224,0.000,,,
1,S,10014157,3386,0.480,0.480,2.080,-9.863,-0.177,-0.052,,,,,,,,,,,,
1,A,10016730,3311,,,,,,,10.953,-0.216,0.096,,,,,,,,,
1,B,10016867,2710,,,,,,,,,,-10.086,-0.039,-0.383,,,,,,
1,S,10016867,2710,0.800,0.800,1.760,-9.857,-0.138,-0.043,,,,,,,,,,,,
1,A,10020028,3298,,,,,,,10.883,-0.364,0.110,,,,,,,,,
1,B,10020253,3386,,,,,,,,,,,,,,,,46.312,-85.688,38.062
1,S,10020253,3386,1.120,0.480,1.440,-9.863,-0.087,-0.018,,,,,,,,,,,,
1,A,10022328,2300,,,,,,,10.922,-0.314,0.168,,,,,,,,,
1,B,10022964,2711,,,,,,,,,,,,,0.000,-0.224,0.000,,,
1,S,10022964,2711,0.480,0.160,1.760,-9.857,-0.068,-0.003,,,,,,,,,,,,
1,A,10026628,4300,,,,,,,10.890,-0.387,0.169,,,,,,,,,
1,B,10027026,4062,,,,,,,,,,-10.090,0.047,-0.336,,,,,,
1,S,10027026,4062,0.160,0.160,2.400,-9.857,-0.083,0.037,,,,,,,,,,,,
1,A,10028928,2300,,,,,,,10.915,-0.379,0.158,,,,,,,,,
1,B,10029058,2032,,,,,,,,,,-10.086,0.008,-0.305,,,,,,
1,S,10029058,2032,0.480,0.480,2.080,-9.857,-0.107,0.058,,,,,,,,,,,,
1,A,10032226,3298,,,,,,,10.945,-0.522,0.233,,,,,,,,,
1,B,10032445,3387,,,,,,,,,,,,,,,,46.312,-85.688,38.812
1,S,10032445,3387,0.800,0.480,1.760,-9.863,-0.142,0.087,,,,,,,,,,,,
1,A,10034538,2312,,,,,,,10.950,-0.427,0.220,,,,,,,,,
1,B,10035154,2709,,,,,,,,,,,,,0.112,-0.671,0.000,,,
1,S,10035154,2709,1.120,-0.160,1.760,-9.883,-0.193,0.113,,,,,,,,,,,,
1,A,10037838,3300,,,,,,,10.926,-0.544,0.279,,,,,,,,,
1,B,10038541,3387,,,,,,,,,,,,,,,,45.750,-85.875,38.750
1,S,10038541,3387,1.120,-0.480,1.760,-9.908,-0.242,0.142,,,,,,,,,,,,
1,A,10041137,3299,,,,,,,10.924,-0.507,0.314,,,,,,,,,
1,B,10041250,2709,,,,,,,,,,-10.109,-0.125,-0.184,,,,,,
1,S,10041250,2709,0.800,-0.800,1.440,-9.918,-0.268,0.177,,,,,,,,,,,,
1,A,10044437,3300,,,,,,,10.898,-0.425,0.394,,,,,,,,,
1,B,10044637,3387,,,,,,,,,,,,,0.112,-0.895,-0.224,,,
1,S,10044637,3387,0.480,-0.800,1.760,-9.912,-0.273,0.223,,,,,,,,,,,,
1,A,10047737,3300,,,,,,,10.937,-0.473,0.440,,,,,,,,,
1,B,10048023,3386,,,,,,,,,,-10.094,-0.125,-0.105,,,,,,
1,S,10048023,3386,0.480,-0.480,2.400,-9.883,-0.223,0.273,,,,,,,,,,,,
1,A,10051035,3298,,,,,,,10.965,-0.341,0.429,,,,,,,,,
1,B,10051410,3387,,,,,,,,,,,,,,,,47.000,-84.875,38.375
1,S,10051410,3387,1.120,0.160,2.400,-9.893,-0.182,0.318,,,,,,,,,,,,
1,A,10053346,2311,,,,,,,10.948,-0.442,0.470,,,,,,,,,
1,B,10053442,2032,,,,,,,,,,,,,0.000,-1.119,-0.224,,,
1,S,10053442,2032,1.440,0.480,2.400,-9.908,-0.163,0.338,,,,,,,,,,,,
1,A,10056646,3300,,,,,,,10.948,-0.418,0.461,,,,,,,,,
1,B,10056829,3387,,,,,,,,,,-10.121,-0.039,-0.047,,,,,,
1,S,10056829,3387,1.760,0.480,2.400,-9.922,-0.147,0.357,,,,,,,,,,,,
1,A,10059946,3300,,,,,,,10.916,-0.457,0.436,,,,,,,,,
1,B,10060215,3386,,,,,,,,,,,,,,,,44.750,-84.562,38.938
1,S,10060215,3386,1.120,1.120,2.400,-9.922,-0.172,0.367,,,,,,,,,,,,
1,A,10060216,2378,,,,,,,10.977,-0.542,0.492,,,,,,,,,
1,B,10062925,2710,,,,,,,,,,,,,0.112,-0.895,-0.224,,,
1,S,10062925,2710,0.800,1.120,2.080,-9.912,-0.193,0.362,,,,,,,,,,,,
1,A,10062926,602,,,,,,,10.900,-0.496,0.361,,,,,,,,,
1,B,10066989,4064,,,,,,,,,,-10.141,-0.078,0.008,,,,,,
1,S,10066989,4064,0.800,0.800,1.760,-9.912,-0.253,0.343,,,,,,,,,,,,
1,A,10066990,4064,,,,,,,10.957,-0.550,0.385,,,,,,,,,
1,B,10069020,2031,,,,,,,,,,-10.141,-0.172,-0.020,,,,,,
1,S,10069020,2031,1.120,0.800,1.440,-9.912,-0.273,0.323,,,,,,,,,,,,
1,A,10069021,2031,,,,,,,10.949,-0.489,0.326,,,,,,,,,
1,B,10072407,3387,,,,,,,,,,,,,,,,44.500,-84.875,39.812
1,S,10072407,3387,1.440,0.480,1.440,-9.918,-0.287,0.292,,,,,,,,,,,,
1,A,10073212,4191,,,,,,,10.909,-0.404,0.288,,,,,,,,,
1,B,10075116,2709,,,,,,,,,,,,,0.112,-0.560,-0.224,,,
1,S,10075116,2709,1.120,0.800,1.760,-9.922,-0.287,0.278,,,,,,,,,,,,
1,A,10075205,1993,,,,,,,10.915,-0.485,0.345,,,,,,,,,
1,B,10078503,3387,,,,,,,,,,-10.133,-0.145,-0.105,,,,,,
1,S,10078503,3387,1.120,1.760,1.760,-9.902,-0.242,0.253,,,,,,,,,,,,
1,A,10078194,2989,,,,,,,10.972,-0.372,0.294,,,,,,,,,
1,B,10081212,2709,,,,,,,,,,,,,,,,45.688,-84.375,38.125
1,S,10081212,2709,0.800,1.760,1.760,-9.887,-0.207,0.233,,,,,,,,,,,,
1,A,10081183,2989,,,,,,,10.915,-0.359,0.267,,,,,,,,,
1,B,10083922,2710,,,,,,,,,,,,,0.000,-0.112,0.000,,,
1,S,10083922,2710,0.800,1.440,1.440,-9.887,-0.168,0.217,,,,,,,,,,,,
1,A,10084172,2989,,,,,,,10.925,-0.413,0.267,,,,,,,,,
1,B,10087308,3386,,,,,,,,,,-10.117,-0.027,-0.152,,,,,,
1,S,10087308,3386,0.480,1.440,1.120,-9.902,-0.128,0.188,,,,,,,,,,,,
1,A,10087162,2990,,,,,,,10.885,-0.323,0.177,,,,,,,,,
1,B,10090695,3387,,,,,,,,,,,,,,,,45.438,-84.625,38.750
1,S,10090695,3387,0.480,1.760,1.120,-9.893,-0.138,0.158,,,,,,,,,,,,
1,A,10090151,2989,,,,,,,10.895,-0.425,0.189,,,,,,,,,
1,B,10092727,2032,,,,,,,,,,,,,-0.112,0.224,0.112,,,
1,S,10092727,2032,1.120,1.440,1.440,-9.867,-0.142,0.133,,,,,,,,,,,,
1,A,10093140,2989,,,,,,,10.925,-0.421,0.128,,,,,,,,,
1,B,10096791,4064,,,,,,,,,,-10.102,-0.008,-0.219,,,,,,
1,S,10096791,4064,1.440,1.120,2.720,-9.852,-0.168,0.092,,,,,,,,,,,,
1,A,10097125,3985,,,,,,,10.888,-0.386,0.097,,,,,,,,,
1,B,10099500,2709,,,,,,,,,,-10.102,-0.078,-0.289,,,,,,
1,S,10099500,2709,1.440,1.120,2.400,-9.867,-0.177,0.072,,,,,,,,,,,,
1,A,10099501,5106,,,,,,,10.919,-0.457,0.125,,,,,,,,,
1,B,10102887,3387,,,,,,,,,,,,,,,,45.250,-85.562,38.312
1,S,10102887,3387,0.800,1.120,2.400,-9.877,-0.177,0.048,,,,,,,,,,,,
1,A,10103103,872,,,,,,,10.928,-0.412,0.135,,,,,,,,,
1,B,10105596,2709,,,,,,,,,,,,,-0.112,0.336,0.112,,,
1,S,10105596,2709,0.480,1.120,2.400,-9.883,-0.182,0.043,,,,,,,,,,,,
1,A,10106092,2989,,,,,,,10.982,-0.469,0.186,,,,,,,,,
1,B,10108305,2709,,,,,,,,,,,,,,,,46.438,-83.938,37.500
1,S,10108305,2709,1.120,1.120,2.400,-9.883,-0.182,0.048,,,,,,,,,,,,
1,A,10108306,5049,,,,,,,10.866,-0.396,0.150,,,,,,,,,
1,B,10111692,3387,,,,,,,,,,-10.113,-0.066,-0.305,,,,,,
1,S,10111692,6096,1.120,0.800,2.080,-9.902,-0.212,0.083,,,,,,,,,,,,
1,A,10112070,929,,,,,,,10.870,-0.446,0.232,,,,,,,,,
1,B,10115078,3386,,,,,,,,,,,,,0.000,0.224,0.000,,,
1,S,10115078,677,-0.160,0.800,1.760,-9.893,-0.207,0.087,,,,,,,,,,,,
1,A,10115079,3009,,,,,,,10.952,-0.460,0.268,,,,,,,,,
1,B,10117788,2710,,,,,,,,,,-10.113,-0.105,-0.277,,,,,,
1,S,10117788,2710,0.160,0.800,1.760,-9.867,-0.203,0.102,,,,,,,,,,,,
1,A,10118088,3009,,,,,,,10.925,-0.420,0.301,,,,,,,,,
1,B,10121174,3386,,,,,,,,,,,,,,,,45.875,-85.188,38.000
1,S,10121174,3386,0.800,1.120,2.720,-9.873,-0.193,0.138,,,,,,,,,,,,
1,A,10122057,3969,,,,,,,10.916,-0.464,0.313,,,,,,,,,
1,B,10123884,2710,,,,,,,,,,,,,-0.112,0.000,0.000,,,
1,S,10123884,5419,1.760,0.800,2.400,-9.912,-0.177,0.188,,,,,,,,,,,,
1,A,10126578,4521,,,,,,,10.893,-0.425,0.303,,,,,,,,,
1,B,10127270,3386,,,,,,,,,,-10.109,-0.047,-0.199,,,,,,
1,S,10127270,677,1.760,0.480,2.400,-9.912,-0.182,0.188,,,,,,,,,,,,
1,B,10129980,2710,,,,,,,,,,,,,,,,44.938,-84.312,38.312
1,S,10129980,2710,1.440,0.480,2.400,-9.893,-0.198,0.198,,,,,,,,,,,,
1,A,10132000,5422,,,,,,,10.970,-0.507,0.321,,,,,,,,,
1,B,10132689,2709,,,,,,,,,,,,,-0.112,-0.112,0.000,,,
1,S,10132689,2709,1.440,1.120,1.760,-9.883,-0.198,0.198,,,,,,,,,,,,
1,A,10135251,3251,,,,,,,10.986,-0.567,0.321,,,,,,,,,
1,B,10136753,4064,,,,,,,,,,-10.098,-0.066,-0.152,,,,,,
1,S,10136753,4064,1.120,1.440,1.440,-9.943,-0.237,0.217,,,,,,,,,,,,
1,B,10139462,2709,,,,,,,,,,-10.188,-0.199,-0.125,,,,,,
1,S,10139462,2709,1.120,1.120,2.080,-9.988,-0.278,0.237,,,,,,,,,,,,
1,A,10142042,6791,,,,,,,10.869,-0.503,0.348,,,,,,,,,
1,B,10142171,2709,,,,,,,,,,,,,,,,45.688,-84.375,38.125
1,S,10142171,2709,1.120,0.800,2.720,-9.953,-0.302,0.253,,,,,,,,,,,,
1,A,10143134,1092,,,,,,,10.929,-0.360,0.340,,,,,,,,,
1,B,10144881,2710,,,,,,,,,,,,,-0.112,-0.112,0.000,,,
1,S,10144881,2710,1.120,1.120,3.040,-9.877,-0.302,0.253,,,,,,,,,,,,
1,A,10146434,3300,,,,,,,10.954,-0.406,0.385,,,,,,,,,
1,B,10148267,3386,,,,,,,,,,-10.090,-0.152,-0.098,,,,,,
1,S,10148267,3386,1.120,1.440,2.720,-9.842,-0.223,0.247,,,,,,,,,,,,
1,B,10151654,3387,,,,,,,,,,,,,,,,46.750,-84.125,37.750
1,S,10151654,3387,1.440,1.760,2.080,-9.873,-0.117,0.242,,,,,,,,,,,,
1,B,10153686,2032,,,,,,,,,,,,,0.000,0.000,0.112,,,
1,S,10153686,2032,1.440,1.760,1.760,-9.883,-0.072,0.237,,,,,,,,,,,,
1,B,10157072,3386,,,,,,,,,,-10.086,0.078,-0.113,,,,,,
1,S,10157072,3386,1.440,1.760,2.080,-9.852,0.018,0.198,,,,,,,,,,,,
1,B,10160459,3387,,,,,,,,,,,,,,,,45.125,-85.688,38.625
1,S,10160459,3387,1.440,1.760,2.080,-9.783,0.777,0.237,,,,,,,,,,,,
1,B,10162491,2032,,,,,,,,,,,,,-0.224,0.224,0.000,,,
1,S,10162491,2032,0.160,1.760,0.480,-9.773,1.867,0.302,,,,,,,,,,,,
1,B,10166555,4064,,,,,,,,,,-9.898,2.105,-0.078,,,,,,
1,S,10166555,4064,-0.800,0.800,-3.360,-9.893,1.163,0.083,,,,,,,,,,,,
1,B,10169264,2709,,,,,,,,,,-10.344,-2.520,-0.812,,,,,,
1,S,10169264,5419,0.800,0.800,-3.040,-10.047,-3.467,-0.652,,,,,,,,,,,,
1,B,10172651,3387,,,,,,,,,,,,,,,,45.250,-85.000,37.875
1,S,10172651,677,1.440,0.800,1.120,-10.037,-3.598,-0.703,,,,,,,,,,,,
1,B,10174683,2032,,,,,,,,,,,,,-0.224,0.224,-1.231,,,
1,S,10174683,2032,1.440,0.800,3.360,-9.988,-3.322,-0.738,,,,,,,,,,,,
1,B,10178069,3386,,,,,,,,,,,,,,,,46.000,-85.562,37.812
1,S,10178069,3386,1.120,0.160,5.920,-9.852,-1.363,-0.487,,,,,,,,,,,,
1,B,10181456,3387,,,,,,,,,,-10.070,-0.977,-0.824,,,,,,
1,S,10181456,3387,0.800,-0.480,5.600,-9.838,0.688,0.003,,,,,,,,,,,,
1,B,10184165,2709,,,,,,,,,,,,,0.000,-0.448,-0.112,,,
1,S,10184165,2709,1.120,-0.800,4.000,-9.867,1.742,0.412,,,,,,,,,,,,
1,B,10187552,3387,,,,,,,,,,-9.941,1.953,0.184,,,,,,
1,S,10187552,3387,1.120,-1.120,2.080,-9.748,1.833,0.637,,,,,,,,,,,,
1,B,10190939,3387,,,,,,,,,,,,,,,,46.188,-85.812,38.375
1,S,10190939,3387,1.440,-0.480,0.480,-9.723,0.897,0.527,,,,,,,,,,,,
1,B,10193648,2709,,,,,,,,,,,,,0.000,-0.895,0.224,,,
1,S,10193648,2709,1.120,0.480,-0.800,-9.818,0.253,0.343,,,,,,,,,,,,
1,B,10196357,2709,,,,,,,,,,-10.023,0.383,-0.027,,,,,,
1,S,10196357,2709,0.800,1.440,-1.120,-9.932,-0.307,0.198,,,,,,,,,,,,
1,B,10199744,3387,,,,,,,,,,,,,,,,46.438,-85.562,38.438
1,S,10199744,3387,0.160,1.440,-0.480,-10.002,-0.897,0.128,,,,,,,,,,,,
1,B,10202453,2709,,,,,,,,,,,,,-0.112,-1.119,-0.671,,,
1,S,10202453,2709,0.160,0.800,0.800,-9.992,-1.337,0.072,,,,,,,,,,,,
1,B,10206517,4064,,,,,,,,,,-10.230,-1.082,-0.191,,,,,,
1,S,10206517,4064,1.120,0.160,3.680,-10.008,-1.837,0.013,,,,,,,,,,,,
1,B,10208549,2032,,,,,,,,,,-10.227,-1.035,-0.258,,,,,,
1,S,10208549,2032,1.760,-0.160,4.640,-10.002,-1.573,0.048,,,,,,,,,,,,
1,B,10211936,3387,,,,,,,,,,,,,,,,45.250,-83.500,38.000
1,S,10211936,3387,1.440,-0.160,4.960,-9.938,-0.532,0.263,,,,,,,,,,,,
1,B,10214645,2709,,,,,,,,,,,,,0.000,-1.119,-0.224,,,
1,S,10214645,2709,1.120,0.480,4.640,-9.908,0.323,0.542,,,,,,,,,,,,
1,B,10217354,2709,,,,,,,,,,,,,,,,45.625,-83.938,38.000
1,S,10217354,2709,0.800,1.120,3.680,-9.852,0.983,0.762,,,,,,,,,,,,
1,B,10220741,3387,,,,,,,,,,-10.020,0.988,0.355,,,,,,
1,S,10220741,3387,0.800,1.760,2.400,-9.773,1.163,0.807,,,,,,,,,,,,
1,B,10224127,3386,,,,,,,,,,,,,0.112,-0.783,0.448,,,
1,S,10224127,3386,0.800,1.760,1.120,-9.777,0.723,0.632,,,,,,,,,,,,
1,B,10227514,3387,,,,,,,,,,-10.008,0.633,0.211,,,,,,
1,S,10227514,3387,1.440,2.080,-0.160,-9.887,-0.022,0.343,,,,,,,,,,,,
1,B,10230901,3387,,,,,,,,,,,,,,,,46.125,-85.938,38.688
1,S,10230901,3387,0.800,2.400,-0.160,-9.992,-0.752,0.077,,,,,,,,,,,,
1,B,10232933,2032,,,,,,,,,,,,,-0.112,-0.112,-0.112,,,
1,S,10232933,2032,0.480,1.760,0.800,-10.002,-1.038,-0.028,,,,,,,,,,,,
1,B,10236997,4064,,,,,,,,,,-10.230,-0.863,-0.355,,,,,,
1,S,10236997,4064,0.480,1.440,2.720,-9.977,-1.188,-0.142,,,,,,,,,,,,
1,B,10239706,2709,,,,,,,,,,-10.152,-0.516,-0.496,,,,,,
1,S,10239706,2709,1.120,2.080,3.680,-9.947,-0.863,-0.163,,,,,,,,,,,,
1,B,10243092,3386,,,,,,,,,,,,,,,,45.625,-85.000,38.562
1,S,10243092,3386,1.760,2.080,4.000,-9.873,-0.228,-0.133,,,,,,,,,,,,
1,B,10245124,2032,,,,,,,,,,,,,-0.224,0.336,0.000,,,
1,S,10245124,2032,1.760,1.760,3.680,-9.832,0.163,-0.087,,,,,,,,,,,,
1,B,10248511,3387,,,,,,,,,,,,,,,,45.250,-86.062,39.438
1,S,10248511,3387,1.120,1.440,3.040,-9.797,0.637,-0.022,,,,,,,,,,,,
1,B,10251898,3387,,,,,,,,,,-9.988,0.691,-0.395,,,,,,
1,S,10251898,3387,0.800,0.800,2.080,-9.797,0.772,-0.007,,,,,,,,,,,,
1,B,10255284,3386,,,,,,,,,,,,,-0.224,0.224,0.224,,,
1,S,10255284,3386,0.800,0.160,0.800,-9.793,0.557,-0.083,,,,,,,,,,,,
1,B,10257994,2710,,,,,,,,,,-10.004,0.516,-0.480,,,,,,
1,S,10257994,2710,0.800,-0.160,0.480,-9.822,0.198,-0.188,,,,,,,,,,,,
1,B,10261380,3386,,,,,,,,,,,,,,,,45.188,-85.500,39.062
1,S,10261380,3386,0.800,-0.480,0.800,-9.877,-0.287,-0.318,,,,,,,,,,,,
1,B,10264089,2709,,,,,,,,,,,,,-0.224,-0.336,-0.336,,,
1,S,10264089,2709,0.800,-0.160,1.120,-9.902,-0.578,-0.388,,,,,,,,,,,,
1,B,10267476,3387,,,,,,,,,,-10.113,-0.461,-0.738,,,,,,
1,S,10267476,3387,0.160,-0.800,1.120,-9.908,-0.733,-0.403,,,,,,,,,,,,
1,B,10270185,2709,,,,,,,,,,,,,,,,44.312,-85.125,38.688
1,S,10270185,2709,0.160,-1.440,1.440,-9.912,-0.647,-0.362,,,,,,,,,,,,
1,B,10272895,2710,,,,,,,,,,-10.176,-0.422,-0.699,,,,,,
1,S,10272895,5419,0.160,-2.400,1.440,-9.912,-0.033,-0.142,,,,,,,,,,,,
1,B,10276281,3386,,,,,,,,,,,,,-0.224,-1.231,-0.671,,,
1,S,10276281,677,0.800,-3.040,1.440,-9.908,0.058,-0.102,,,,,,,,,,,,
1,B,10278313,2032,,,,,,,,,,,,,,,,45.062,-85.188,38.500
1,S,10278313,2032,1.120,-2.720,0.800,-9.893,0.297,0.013,,,,,,,,,,,,
1,B,10281700,3387,,,,,,,,,,-10.094,0.480,-0.297,,,,,,
1,S,10281700,3387,1.440,-2.400,0.480,-9.883,0.527,0.142,,,,,,,,,,,,
1,B,10285086,3386,,,,,,,,,,,,,-0.112,-2.350,-0.783,,,
1,S,10285086,3386,1.120,-2.400,-0.160,-9.883,0.477,0.152,,,,,,,,,,,,
1,B,10287118,2032,,,,,,,,,,,,,,,,46.375,-85.125,37.625
1,S,10287118,2032,0.800,-2.080,-0.160,-9.883,0.338,0.107,,,,,,,,,,,,
1,B,10290505,3387,,,,,,,,,,-10.086,0.410,-0.238,,,,,,
1,S,10290505,3387,0.480,-2.400,-0.160,-9.883,-0.022,-0.013,,,,,,,,,,,,
1,B,10292537,2032,,,,,,,,,,,,,-0.112,-3.133,-1.343,,,
1,S,10292537,6096,0.480,-3.040,-0.480,-9.963,-0.517,-0.158,,,,,,,,,,,,
1,B,10297278,4741,,,,,,,,,,,,,,,,45.750,-85.312,38.375
1,S,10297278,677,0.800,-3.680,-0.480,-9.967,-0.527,-0.158,,,,,,,,,,,,
1,B,10299310,2032,,,,,,,,,,-10.148,-0.355,-0.449,,,,,,
1,S,10299310,2032,1.120,-3.680,-0.160,-9.973,-0.522,-0.133,,,,,,,,,,,,
1,B,10301342,2032,,,,,,,,,,-10.184,-0.270,-0.363,,,,,,
1,S,10301342,2032,0.800,-3.680,0.160,-9.967,-0.468,-0.072,,,,,,,,,,,,
1,B,10304729,3387,,,,,,,,,,,,,-0.112,-3.805,-1.902,,,
1,S,10304729,3387,0.480,-4.320,0.800,-9.973,-0.282,0.083,,,,,,,,,,,,
1,B,10307438,2709,,,,,,,,,,,,,,,,45.750,-85.875,38.750
1,S,10307438,2709,0.160,-4.320,0.800,-9.963,-0.102,0.242,,,,,,,,,,,,
1,B,10310147,2709,,,,,,,,,,-10.133,0.199,0.086,,,,,,
1,S,10310147,2709,0.480,-4.000,0.480,-9.943,0.068,0.412,,,,,,,,,,,,
1,B,10312857,2710,,,,,,,,,,,,,0.112,-4.141,-1.902,,,
1,S,10312857,2710,1.120,-3.680,0.160,-9.912,0.163,0.552,,,,,,,,,,,,
1,B,10316921,4064,,,,,,,,,,,,,,,,46.438,-86.562,39.000
1,S,10316921,4064,1.440,-3.360,-0.480,-9.893,0.098,0.657,,,,,,,,,,,,
1,B,10320307,3386,,,,,,,,,,-10.105,0.125,0.316,,,,,,
1,S,10320307,3386,1.440,-3.040,-1.120,-9.898,-0.122,0.652,,,,,,,,,,,,
1,B,10322339,2032,,,,,,,,,,,,,0.112,-4.029,-2.238,,,
1,S,10322339,2032,1.120,-3.040,-0.800,-9.898,-0.282,0.627,,,,,,,,,,,,
1,B,10327080,4741,,,,,,,,,,,,,,,,46.500,-85.438,38.188
1,S,10327080,4741,0.800,-2.080,0.160,-9.887,-0.627,0.537,,,,,,,,,,,,
1,B,10330448,3368,,,,,,,,,,-10.121,-0.480,0.258,,,,,,
1,S,10330448,3368,0.480,-2.080,1.120,-9.873,-0.733,0.502,,,,,,,,,,,,
1,B,10332499,2051,,,,,,,,,,,,,-0.112,-3.245,-2.238,,,
1,S,10332499,2051,0.160,-2.400,1.440,-9.867,-0.738,0.487,,,,,,,,,,,,
1,B,10336563,4064,,,,,,,,,,-10.094,-0.633,0.125,,,,,,
1,S,10336563,6096,0.480,-2.080,1.440,-9.873,-0.652,0.608,,,,,,,,,,,,
1,B,10339272,2709,,,,,,,,,,,,,,,,46.438,-85.000,37.375
1,S,10339272,677,2.080,-0.800,1.440,-9.873,-0.637,0.623,,,,,,,,,,,,
1,B,10341304,2032,,,,,,,,,,,,,-0.112,-2.350,-1.679,,,
1,S,10341304,2032,2.080,-0.160,1.440,-9.867,-0.598,0.657,,,,,,,,,,,,
1,B,10345368,4064,,,,,,,,,,-10.102,-0.516,0.324,,,,,,
1,S,10345368,4064,2.400,0.800,2.400,-9.867,-0.453,0.647,,,,,,,,,,,,
1,B,10348077,2709,,,,,,,,,,,,,,,,46.188,-85.812,38.375
1,S,10348077,2709,1.440,0.480,2.080,-9.848,-0.383,0.613,,,,,,,,,,,,
1,B,10350787,2710,,,,,,,,,,-10.066,-0.289,0.258,,,,,,
1,S,10350787,2710,0.800,0.480,1.760,-9.848,-0.398,0.593,,,,,,,,,,,,
1,B,10354173,3386,,,,,,,,,,,,,0.112,-1.343,-0.783,,,
1,S,10354173,3386,0.800,0.800,2.400,-9.852,-0.453,0.598,,,,,,,,,,,,
1,B,10356883,2710,,,,,,,,,,,,,,,,45.312,-84.375,38.188
1,S,10356883,2710,0.800,1.440,2.720,-9.842,-0.532,0.632,,,,,,,,,,,,
1,B,10360269,3386,,,,,,,,,,-10.051,-0.469,0.277,,,,,,
1,S,10360269,3386,0.800,1.440,3.360,-9.828,-0.593,0.598,,,,,,,,,,,,
1,B,10362301,2032,,,,,,,,,,,,,0.224,-0.112,0.112,,,
1,S,10362301,2032,0.480,1.440,3.360,-9.838,-0.542,0.532,,,,,,,,,,,,
1,A,10363485,217051,,,,,,,11.079,-0.486,0.353,,,,,,,,,
1,B,10366365,4064,,,,,,,,,,,,,,,,45.750,-85.312,38.375
1,S,10366365,4064,0.480,1.760,3.040,-9.877,-0.412,0.388,,,,,,,,,,,,
1,A,10368415,4930,,,,,,,10.893,-0.634,0.242,,,,,,,,,
1,B,10369074,2709,,,,,,,,,,-10.066,-0.355,0.098,,,,,,
1,S,10369074,2709,0.480,2.400,3.360,-9.898,-0.388,0.312,,,,,,,,,,,,
1,A,10370715,2378,,,,,,,10.961,-0.734,0.359,,,,,,,,,
1,B,10371106,2032,,,,,,,,,,,,,0.112,0.783,0.895,,,
1,S,10371106,2032,0.800,2.720,4.000,-9.912,-0.383,0.263,,,,,,,,,,,,
1,A,10370793,0,,,,,,,10.946,-0.495,0.278,,,,,,,,,
1,B,10375170,4064,,,,,,,,,,-10.137,-0.289,-0.105,,,,,,
1,S,10375170,4064,1.120,3.040,4.640,-9.932,-0.417,0.223,,,,,,,,,,,,
1,A,10375111,4318,,,,,,,10.954,-0.431,0.123,,,,,,,,,
1,B,10377880,2710,,,,,,,,,,,,,,,,46.188,-85.812,38.375
1,S,10377880,2710,1.440,3.040,4.320,-9.928,-0.403,0.212,,,,,,,,,,,,
1,A,10379613,4502,,,,,,,10.972,-0.548,0.215,,,,,,,,,
1,B,10379912,2032,,,,,,,,,,-10.117,-0.184,-0.199,,,,,,
1,S,10379912,4064,1.120,3.040,4.000,-9.912,-0.263,0.142,,,,,,,,,,,,
1,A,10379913,300,,,,,,,11.013,-0.412,0.214,,,,,,,,,
1,B,10382621,2709,,,,,,,,,,,,,0.224,1.343,1.343,,,
1,S,10382621,677,1.440,2.720,4.000,-9.912,-0.247,0.128,,,,,,,,,,,,
1,A,10382086,2173,,,,,,,10.967,-0.402,0.112,,,,,,,,,
1,B,10386685,4064,,,,,,,,,,,,,,,,44.562,-84.812,38.812
1,S,10386685,4064,1.440,2.720,3.680,-9.918,-0.182,0.072,,,,,,,,,,,,
1,A,10387068,4982,,,,,,,10.951,-0.287,-0.018,,,,,,,,,
1,B,10390071,3386,,,,,,,,,,-10.121,-0.059,-0.297,,,,,,
1,S,10390071,3386,0.800,2.720,3.680,-9.893,-0.152,0.037,,,,,,,,,,,,
1,A,10390057,2989,,,,,,,10.882,-0.043,-0.364,,,,,,,,,
1,B,10392103,2032,,,,,,,,,,,,,0.224,1.343,1.679,,,
1,S,10392103,2032,0.800,2.400,3.680,-9.883,-0.122,-0.018,,,,,,,,,,,,
1,A,10392050,1993,,,,,,,10.998,-0.105,-0.281,,,,,,,,,
1,B,10396845,4742,,,,,,,,,,,,,,,,45.875,-85.188,38.750
1,S,10396845,4742,1.120,2.080,3.360,-9.877,0.043,-0.292,,,,,,,,,,,,
1,A,10397031,4981,,,,,,,10.942,-0.042,-0.167,,,,,,,,,
1,B,10399554,2709,,,,,,,,,,-10.094,0.164,-0.594,,,,,,
1,S,10399554,2709,1.440,1.440,3.360,-9.902,0.098,-0.388,,,,,,,,,,,,
1,A,10400020,2989,,,,,,,10.971,0.072,-0.203,,,,,,,,,
1,B,10402263,2709,,,,,,,,,,,,,0.224,0.895,1.679,,,
1,S,10402263,2709,1.120,0.800,3.360,-9.912,0.147,-0.378,,,,,,,,,,,,
1,A,10402013,1993,,,,,,,11.023,-0.308,-0.099,,,,,,,,,
1,B,10406327,4064,,,,,,,,,,,,,,,,46.188,-86.375,38.750
1,S,10406327,4064,1.440,0.160,2.720,-9.893,0.233,-0.268,,,,,,,,,,,,
1,A,10406996,4983,,,,,,,11.032,-0.353,-0.067,,,,,,,,,
1,B,10409036,2709,,,,,,,,,,-10.117,0.324,-0.680,,,,,,
1,S,10409036,2709,2.080,-0.160,2.720,-9.893,0.172,-0.217,,,,,,,,,,,,
1,A,10409037,2041,,,,,,,10.982,-0.343,-0.125,,,,,,,,,
1,B,10411068,2032,,,,,,,,,,-10.156,0.125,-0.566,,,,,,
1,S,10411068,2032,2.400,0.160,2.400,-9.922,0.058,-0.207,,,,,,,,,,,,
1,A,10413970,4967,,,,,,,10.986,-0.470,0.017,,,,,,,,,
1,B,10414455,3387,,,,,,,,,,,,,0.336,0.000,1.119,,,
1,S,10414455,3387,2.400,0.160,2.400,-9.967,-0.128,-0.193,,,,,,,,,,,,
1,A,10414967,963,,,,,,,10.977,-0.493,0.054,,,,,,,,,
1,B,10416487,2032,,,,,,,,,,,,,,,,46.250,-85.250,37.938
1,S,10416487,2032,2.400,-0.160,2.080,-9.973,-0.193,-0.172,,,,,,,,,,,,
1,A,10416960,1993,,,,,,,10.972,-0.470,0.212,,,,,,,,,
1,B,10419874,3387,,,,,,,,,,-10.160,-0.133,-0.430,,,,,,
1,S,10419874,3387,2.400,-1.440,2.400,-9.963,-0.242,-0.083,,,,,,,,,,,,
1,A,10421851,4891,,,,,,,10.942,-0.428,0.240,,,,,,,,,
1,B,10422583,2709,,,,,,,,,,,,,0.336,-1.119,0.448,,,
1,S,10422583,2709,2.080,-1.760,2.720,-9.943,-0.242,0.022,,,,,,,,,,,,
1,A,10422938,1087,,,,,,,10.899,-0.425,0.389,,,,,,,,,
1,B,10426647,4064,,,,,,,,,,,,,,,,46.812,-85.625,38.375
1,S,10426647,4064,1.760,-1.760,2.720,-9.902,-0.188,0.177,,,,,,,,,,,,
1,A,10426923,3985,,,,,,,11.047,-0.355,0.355,,,,,,,,,
1,B,10430033,3386,,,,,,,,,,-10.117,-0.059,-0.145,,,,,,
1,S,10430033,3386,1.760,-1.120,2.400,-9.887,-0.152,0.273,,,,,,,,,,,,
1,A,10430034,3111,,,,,,,10.859,-0.405,0.376,,,,,,,,,
1,B,10432065,2032,,,,,,,,,,,,,0.560,-1.902,0.112,,,
1,S,10432065,2032,2.080,-1.120,2.080,-9.902,-0.142,0.302,,,,,,,,,,,,
1,A,10435891,5857,,,,,,,10.970,-0.594,0.318,,,,,,,,,
1,B,10436129,4064,,,,,,,,,,,,,,,,46.938,-85.938,38.188
1,S,10436129,4064,2.720,-1.440,1.440,-9.912,-0.163,0.278,,,,,,,,,,,,
1,A,10437125,1234,,,,,,,10.912,-0.659,0.268,,,,,,,,,
1,B,10438839,2710,,,,,,,,,,-10.113,-0.027,-0.059,,,,,,
1,S,10438839,2710,2.720,-1.760,1.760,-9.912,-0.212,0.217,,,,,,,,,,,,
1,B,10440871,2032,,,,,,,,,,-10.141,-0.277,-0.211,,,,,,
1,S,10440871,2032,2.400,-1.440,2.080,-9.918,-0.292,0.177,,,,,,,,,,,,
1,A,10444859,7734,,,,,,,10.985,-0.809,0.122,,,,,,,,,
1,B,10445612,4741,,,,,,,,,,,,,0.895,-2.238,-0.112,,,
1,S,10445612,4741,2.080,-1.120,2.720,-9.947,-0.472,0.098,,,,,,,,,,,,
1,A,10446018,1159,,,,,,,11.042,-0.821,0.106,,,,,,,,,
1,B,10447644,2032,,,,,,,,,,,,,,,,45.750,-85.312,38.375
1,S,10447644,2032,2.720,-1.440,2.720,-9.963,-0.532,0.068,,,,,,,,,,,,
1,A,10449320,3302,,,,,,,11.000,-0.953,0.035,,,,,,,,,
1,B,10451030,3386,,,,,,,,,,-10.227,-0.516,-0.289,,,,,,
1,S,10451030,3386,3.040,-1.760,2.720,-9.988,-0.608,0.022,,,,,,,,,,,,
1,A,10453827,4507,,,,,,,11.022,-0.965,-0.002,,,,,,,,,
1,B,10454417,3387,,,,,,,,,,,,,1.119,-2.462,0.000,,,
1,S,10454417,3387,3.040,-2.080,3.040,-10.008,-0.688,-0.033,,,,,,,,,,,,
1,A,10456143,2316,,,,,,,11.011,-1.001,-0.058,,,,,,,,,
1,B,10456449,2032,,,,,,,,,,,,,,,,45.625,-86.000,39.062
1,S,10456449,2032,2.400,-2.080,3.680,-10.018,-0.723,-0.068,,,,,,,,,,,,
1,B,10459837,3388,,,,,,,,,,-10.258,-0.660,-0.422,,,,,,
1,S,10459837,3388,2.400,-2.080,4.960,-10.027,-0.752,-0.133,,,,,,,,,,,,
1,B,10461869,2032,,,,,,,,,,,,,1.343,-2.686,0.560,,,
1,S,10461869,2032,2.720,-2.400,5.280,-10.027,-0.748,-0.168,,,,,,,,,,,,
1,B,10466609,4740,,,,,,,,,,,,,,,,45.188,-85.062,38.938
1,S,10466609,7449,2.720,-3.360,5.280,-10.037,-0.688,-0.263,,,,,,,,,,,,
1,B,10469997,3388,,,,,,,,,,-10.242,-0.621,-0.586,,,,,,
1,S,10469997,679,2.080,-3.360,5.600,-10.037,-0.688,-0.273,,,,,,,,,,,,
1,B,10472027,2030,,,,,,,,,,,,,1.231,-3.357,1.567,,,
1,S,10472027,2030,2.080,-3.680,5.920,-10.047,-0.677,-0.307,,,,,,,,,,,,
1,B,10476091,4064,,,,,,,,,,,,,,,,45.812,-84.750,37.875
1,S,10476091,4064,2.080,-4.960,6.560,-10.053,-0.677,-0.352,,,,,,,,,,,,
1,B,10478801,2710,,,,,,,,,,-10.258,-0.586,-0.672,,,,,,
1,S,10478801,2710,2.080,-5.280,6.880,-10.062,-0.688,-0.352,,,,,,,,,,,,
1,B,10480834,2033,,,,,,,,,,-10.285,-0.602,-0.699,,,,,,
1,S,10480834,2033,1.760,-5.280,7.200,-10.068,-0.688,-0.347,,,,,,,,,,,,
1,B,10484219,3385,,,,,,,,,,,,,0.895,-4.476,2.910,,,
1,S,10484219,3385,1.440,-5.280,7.840,-10.057,-0.672,-0.343,,,,,,,,,,,,
1,B,10487606,3387,,,,,,,,,,,,,,,,45.938,-84.625,37.625
1,S,10487606,3387,1.120,-5.920,7.840,-10.062,-0.652,-0.333,,,,,,,,,,,,
1,B,10490994,3388,,,,,,,,,,-10.297,-0.566,-0.691,,,,,,
1,S,10490994,3388,0.800,-6.880,7.840,-10.068,-0.652,-0.338,,,,,,,,,,,,
1,B,10493024,2030,,,,,,,,,,,,,0.336,-5.819,4.252,,,
1,S,10493024,2030,0.160,-7.840,7.840,-10.068,-0.652,-0.338,,,,,,,,,,,,
1,B,10497088,4064,,,,,,,,,,,,,,,,46.750,-85.188,37.562
1,S,10497088,4064,-0.160,-8.160,8.480,-10.053,-0.637,-0.328,,,,,,,,,,,,
1,B,10500475,3387,,,,,,,,,,-10.281,-0.547,-0.680,,,,,,
1,S,10500475,3387,-0.160,-8.160,9.120,-10.047,-0.613,-0.302,,,,,,,,,,,,
1,B,10502508,2033,,,,,,,,,,,,,-0.336,-7.162,5.483,,,
1,S,10502508,2033,0.480,-8.160,9.760,-10.053,-0.598,-0.282,,,,,,,,,,,,
1,B,10507248,4740,,,,,,,,,,,,,,,,45.688,-84.375,38.125
1,S,10507248,4740,0.160,-9.120,10.400,-10.043,-0.547,-0.258,,,,,,,,,,,,
1,B,10509280,2032,,,,,,,,,,-10.270,-0.488,-0.613,,,,,,
1,S,10509280,2032,-0.160,-9.440,10.720,-10.027,-0.512,-0.242,,,,,,,,,,,,
1,B,10511991,2711,,,,,,,,,,-10.238,-0.363,-0.566,,,,,,
1,S,10511991,2711,-0.480,-9.440,10.720,-10.018,-0.477,-0.217,,,,,,,,,,,,
1,B,10514700,2709,,,,,,,,,,,,,-1.007,-8.505,6.602,,,
1,S,10514700,2709,-0.800,-9.760,11.040,-10.018,-0.448,-0.188,,,,,,,,,,,,
1,B,10517408,2708,,,,,,,,,,,,,,,,46.438,-84.500,37.938
1,S,10517408,2708,-1.120,-10.400,10.720,-10.023,-0.412,-0.152,,,,,,,,,,,,
1,B,10520796,3388,,,,,,,,,,-10.199,-0.238,-0.461,,,,,,
1,S,10520796,3388,-1.760,-10.720,10.720,-10.012,-0.357,-0.098,,,,,,,,,,,,
1,B,10522828,2032,,,,,,,,,,,,,-1.679,-9.624,7.610,,,
1,S,10522828,2032,-2.080,-11.040,10.720,-9.998,-0.323,-0.068,,,,,,,,,,,,
1,B,10526892,4064,,,,,,,,,,,,,,,,45.688,-84.875,38.250
1,S,10526892,4064,-1.760,-11.360,11.360,-9.977,-0.278,-0.022,,,,,,,,,,,,
1,B,10530278,3386,,,,,,,,,,-10.195,-0.145,-0.375,,,,,,
1,S,10530278,3386,-1.760,-11.680,11.680,-9.963,-0.242,0.022,,,,,,,,,,,,
1,B,10532988,2710,,,,,,,,,,,,,-2.574,-10.631,8.393,,,
1,S,10532988,2710,-3.040,-12.000,11.680,-9.938,-0.198,0.083,,,,,,,,,,,,
1,B,10537051,4063,,,,,,,,,,,,,,,,46.688,-85.750,38.688
1,S,10537051,4063,-3.360,-12.000,12.000,-9.902,-0.142,0.182,,,,,,,,,,,,
1,B,10539083,2032,,,,,,,,,,-10.094,-0.027,-0.199,,,,,,
1,S,10539083,2032,-3.360,-12.000,12.320,-9.893,-0.122,0.212,,,,,,,,,,,,
1,B,10541793,2710,,,,,,,,,,,,,-3.693,-11.079,8.841,,,
1,S,10541793,2710,-3.360,-11.360,12.640,-9.877,-0.098,0.228,,,,,,,,,,,,
1,B,10545857,4064,,,,,,,,,,-10.098,0.047,-0.113,,,,,,
1,S,10545857,4064,-4.000,-10.400,12.320,-9.887,-0.077,0.278,,,,,,,,,,,,
1,B,10547889,2032,,,,,,,,,,,,,,,,47.000,-85.375,37.750
1,S,10547889,2032,-5.280,-10.400,12.000,-9.883,-0.072,0.318,,,,,,,,,,,,
1,B,10550598,2709,,,,,,,,,,-10.059,0.020,0.008,,,,,,
1,S,10550598,2709,-5.920,-10.720,11.360,-9.857,-0.077,0.367,,,,,,,,,,,,
1,B,10552630,2032,,,,,,,,,,,,,-4.924,-11.302,9.064,,,
1,S,10552630,2032,-6.560,-11.360,11.680,-9.842,-0.087,0.398,,,,,,,,,,,,
1,B,10556694,4064,,,,,,,,,,,,,,,,45.500,-85.750,38.562
1,S,10556694,4064,-6.560,-11.360,12.640,-9.838,-0.083,0.453,,,,,,,,,,,,
1,B,10560080,3386,,,,,,,,,,-10.059,0.086,0.105,,,,,,
1,S,10560080,5418,-6.880,-10.400,12.960,-9.828,-0.048,0.482,,,,,,,,,,,,
1,B,10562790,2710,,,,,,,,,,,,,-6.267,-10.855,9.176,,,
1,S,10562790,678,-7.840,-10.080,12.960,-9.828,-0.043,0.487,,,,,,,,,,,,
1,B,10566854,4064,,,,,,,,,,,,,,,,45.375,-85.812,38.875
1,S,10566854,4064,-7.840,-9.760,12.320,-9.812,-0.037,0.517,,,,,,,,,,,,
1,B,10570240,3386,,,,,,,,,,-10.059,0.105,0.145,,,,,,
1,S,10570240,3386,-8.800,-9.440,12.320,-9.803,-0.028,0.532,,,,,,,,,,,,
1,B,10572272,2032,,,,,,,,,,,,,-7.833,-10.295,9.176,,,
1,S,10572272,2032,-8.800,-9.440,12.320,-9.803,-0.022,0.542,,,,,,,,,,,,
1,B,10576336,4064,,,,,,,,,,,,,,,,46.125,-87.000,38.438
1,S,10576336,4064,-9.440,-9.120,11.680,-9.832,0.007,0.588,,,,,,,,,,,,
1,B,10579045,2709,,,,,,,,,,-10.035,0.125,0.211,,,,,,
1,S,10579045,2709,-10.720,-8.800,11.360,-9.838,0.037,0.623,,,,,,,,,,,,
1,B,10581077,2032,,,,,,,,,,-10.031,0.164,0.258,,,,,,
1,S,10581077,2032,-11.360,-8.480,11.360,-9.838,0.052,0.647,,,,,,,,,,,,
1,B,10585819,4742,,,,,,,,,,,,,-9.624,-9.400,9.176,,,
1,S,10585819,4742,-11.680,-7.840,12.320,-9.812,0.072,0.652,,,,,,,,,,,,
1,B,10587851,2032,,,,,,,,,,,,,,,,45.312,-85.438,38.000
1,S,10587851,2032,-12.000,-7.840,12.320,-9.803,0.068,0.652,,,,,,,,,,,,
1,B,10591237,3386,,,,,,,,,,-10.008,0.199,0.289,,,,,,
1,S,10591237,6096,-12.320,-7.840,11.040,-9.803,0.107,0.652,,,,,,,,,,,,
1,B,10594624,3387,,,,,,,,,,,,,-10.855,-8.505,9.064,,,
1,S,10594624,677,-11.680,-7.200,11.040,-9.803,0.117,0.652,,,,,,,,,,,,
1,B,10596656,2032,,,,,,,,,,,,,,,,46.750,-85.188,37.562
1,S,10596656,2032,-11.680,-7.520,10.720,-9.807,0.142,0.662,,,,,,,,,,,,
1,B,10600042,3386,,,,,,,,,,-10.035,0.270,0.336,,,,,,
1,S,10600042,3386,-12.000,-7.520,10.400,-9.818,0.172,0.688,,,,,,,,,,,,
1,B,10602074,2032,,,,,,,,,,,,,-11.414,-7.610,8.729,,,
1,S,10602074,2032,-12.640,-7.520,10.400,-9.828,0.188,0.713,,,,,,,,,,,,
1,B,10606816,4742,,,,,,,,,,,,,,,,45.688,-85.500,37.938
1,S,10606816,4742,-12.640,-7.200,10.720,-9.812,0.223,0.748,,,,,,,,,,,,
1,B,10609525,2709,,,,,,,,,,-10.000,0.324,0.402,,,,,,
1,S,10609525,2709,-11.360,-6.880,10.720,-9.793,0.228,0.777,,,,,,,,,,,,
1,B,10612234,2709,,,,,,,,,,,,,-11.302,-6.938,8.281,,,
1,S,10612234,2709,-10.720,-5.920,10.400,-9.783,0.233,0.828,,,,,,,,,,,,
1,B,10616298,4064,,,,,,,,,,,,,,,,46.438,-85.562,37.750
1,S,10616298,4064,-10.400,-5.280,9.760,-9.777,0.233,0.902,,,,,,,,,,,,
1,B,10618330,2032,,,,,,,,,,-10.000,0.324,0.535,,,,,,
1,S,10618330,2032,-9.760,-5.280,9.760,-9.773,0.228,0.938,,,,,,,,,,,,
1,B,10621039,2709,,,,,,,,,,-9.988,0.316,0.707,,,,,,
1,S,10621039,2709,-9.440,-4.640,9.760,-9.773,0.207,0.998,,,,,,,,,,,,
1,B,10623071,2032,,,,,,,,,,,,,-10.407,-6.267,7.722,,,
1,S,10623071,2032,-9.440,-4.000,9.760,-9.768,0.193,1.048,,,,,,,,,,,,
1,B,10627794,4723,,,,,,,,,,,,,,,,46.062,-86.562,38.375
1,S,10627794,4723,-9.440,-4.320,9.440,-9.773,0.168,1.147,,,,,,,,,,,,
1,B,10630522,2728,,,,,,,,,,-9.980,0.277,0.898,,,,,,
1,S,10630522,2728,-9.760,-4.320,9.440,-9.748,0.158,1.192,,,,,,,,,,,,
1,B,10633231,2709,,,,,,,,,,,,,-9.624,-5.260,7.162,,,
1,S,10633231,2709,-10.080,-3.360,9.440,-9.742,0.163,1.238,,,,,,,,,,,,
1,B,10637295,4064,,,,,,,,,,,,,,,,46.062,-86.000,37.938
1,S,10637295,4064,-10.080,-1.440,9.440,-9.752,0.142,1.333,,,,,,,,,,,,
1,B,10640682,3387,,,,,,,,,,-9.984,0.250,1.062,,,,,,
1,S,10640682,3387,-9.760,-1.120,9.440,-9.762,0.122,1.413,,,,,,,,,,,,
1,B,10642714,2032,,,,,,,,,,,,,-9.176,-3.805,6.602,,,
1,S,10642714,6096,-9.440,-0.800,9.440,-9.742,0.058,1.528,,,,,,,,,,,,
1,B,10647455,4741,,,,,,,,,,,,,,,,46.250,-86.312,37.750
1,S,10647455,677,-8.480,0.480,9.440,-9.742,0.048,1.542,,,,,,,,,,,,
1,B,10649487,2032,,,,,,,,,,-9.949,0.191,1.207,,,,,,
1,S,10649487,2032,-8.480,1.120,9.120,-9.758,0.033,1.593,,,,,,,,,,,,
1,B,10651519,2032,,,,,,,,,,,,,-8.729,-1.567,6.267,,,
1,S,10651519,2032,-8.480,2.400,8.800,-9.773,0.022,1.643,,,,,,,,,,,,
1,B,10656260,4741,,,,,,,,,,-10.004,0.133,1.285,,,,,,
1,S,10656260,4741,-8.480,4.000,8.160,-9.768,-0.022,1.752,,,,,,,,,,,,
1,B,10658292,2032,,,,,,,,,,,,,,,,45.812,-86.312,38.875
1,S,10658292,2032,-8.480,4.320,8.160,-9.768,-0.052,1.788,,,,,,,,,,,,
1,B,10660324,2032,,,,,,,,,,-9.977,0.047,1.371,,,,,,
1,S,10660324,2032,-8.800,4.960,8.480,-9.762,-0.077,1.823,,,,,,,,,,,,
1,B,10663033,2709,,,,,,,,,,,,,-8.393,1.007,6.155,,,
1,S,10663033,2709,-8.800,6.240,8.800,-9.768,-0.113,1.867,,,,,,,,,,,,
1,B,10667097,4064,,,,,,,,,,,,,,,,45.688,-84.875,38.250
1,S,10667097,4064,-8.480,8.480,9.120,-9.787,-0.163,1.927,,,,,,,,,,,,
1,B,10670484,3387,,,,,,,,,,-10.035,-0.078,1.445,,,,,,
1,S,10670484,3387,-8.480,9.440,9.120,-9.812,-0.203,1.962,,,,,,,,,,,,
1,B,10672516,2032,,,,,,,,,,,,,-8.281,4.364,6.155,,,
1,S,10672516,2032,-8.480,10.080,9.120,-9.832,-0.223,1.978,,,,,,,,,,,,
1,B,10677257,4741,,,,,,,,,,,,,,,,45.188,-84.562,37.062
1,S,10677257,4741,-8.480,12.640,9.120,-9.857,-0.247,1.988,,,,,,,,,,,,
1,B,10679289,2032,,,,,,,,,,-10.070,-0.125,1.523,,,,,,
1,S,10679289,2032,-8.800,13.600,9.440,-9.863,-0.242,1.982,,,,,,,,,,,,
1,B,10681321,2032,,,,,,,,,,,,,-8.281,8.169,6.491,,,
1,S,10681321,2032,-9.120,14.560,10.080,-9.857,-0.237,1.972,,,,,,,,,,,,
1,B,10686062,4741,,,,,,,,,,-10.113,-0.105,1.492,,,,,,
1,S,10686062,4741,-9.120,17.120,10.400,-9.877,-0.217,1.948,,,,,,,,,,,,
1,B,10688094,2032,,,,,,,,,,,,,,,,45.812,-86.375,38.125
1,S,10688094,2032,-8.480,18.080,10.400,-9.898,-0.207,1.938,,,,,,,,,,,,
1,B,10690126,2032,,,,,,,,,,-10.156,-0.059,1.445,,,,,,
1,S,10690126,2032,-8.480,18.720,10.720,-9.922,-0.198,1.927,,,,,,,,,,,,
1,B,10692836,2710,,,,,,,,,,,,,-8.393,12.198,6.938,,,
1,S,10692836,2710,-8.800,20.000,10.720,-9.943,-0.177,1.897,,,,,,,,,,,,
1,B,10696900,4064,,,,,,,,,,,,,,,,46.125,-85.375,38.250
1,S,10696900,4064,-9.120,21.920,10.720,-9.973,-0.188,1.847,,,,,,,,,,,,
1,B,10700286,3386,,,,,,,,,,-10.355,-0.289,1.371,,,,,,
1,S,10700286,3386,-8.800,23.200,10.720,-10.123,-0.383,1.853,,,,,,,,,,,,
1,B,10702318,2032,,,,,,,,,,,,,-8.729,16.338,7.498,,,
1,S,10702318,2032,-9.120,24.480,11.040,-10.188,-0.507,1.853,,,,,,,,,,,,
1,B,10707059,4741,,,,,,,,,,,,,,,,46.312,-87.438,37.562
1,S,10707059,4741,-9.760,27.040,11.040,-10.078,-0.233,1.782,,,,,,,,,,,,
1,B,10710446,3387,,,,,,,,,,-10.273,0.020,1.312,,,,,,
1,S,10710446,3387,-10.400,28.640,10.720,-9.963,0.328,1.673,,,,,,,,,,,,
1,B,10712478,2032,,,,,,,,,,,,,-9.624,20.703,7.945,,,
1,S,10712478,2032,-10.080,29.600,10.720,-9.967,0.632,1.587,,,,,,,,,,,,
1,B,10716542,4064,,,,,,,,,,,,,,,,45.562,-85.125,38.062
1,S,10716542,4064,-9.760,30.560,9.760,-10.092,0.917,1.353,,,,,,,,,,,,
1,B,10719251,2709,,,,,,,,,,-10.258,0.969,1.148,,,,,,
1,S,10719251,2709,-9.120,30.880,9.440,-10.152,0.863,1.167,,,,,,,,,,,,
1,B,10721283,2032,,,,,,,,,,-10.312,0.738,0.574,,,,,,
1,S,10721283,2032,-8.800,31.200,8.800,-10.152,0.748,1.028,,,,,,,,,,,,
1,B,10725347,4064,,,,,,,,,,,,,-9.624,24.284,7.610,,,
1,S,10725347,4064,-8.800,31.520,7.840,-10.088,0.552,0.748,,,,,,,,,,,,
1,B,10728056,2709,,,,,,,,,,,,,,,,45.250,-85.000,37.875
1,S,10728056,2709,-9.120,32.160,7.520,-10.057,0.542,0.557,,,,,,,,,,,,
1,B,10731443,3387,,,,,,,,,,-10.262,0.758,-0.039,,,,,,
1,S,10731443,3387,-9.120,33.120,7.200,-10.062,0.682,0.323,,,,,,,,,,,,
1,B,10733475,2032,,,,,,,,,,,,,-9.400,26.634,6.379,,,
1,S,10733475,2032,-9.120,33.120,6.880,-10.078,0.787,0.182,,,,,,,,,,,,
1,B,10736863,3388,,,,,,,,,,,,,,,,44.625,-87.375,39.250
1,S,10736863,3388,-9.120,32.480,6.560,-10.053,0.887,-0.062,,,,,,,,,,,,
1,B,10740248,3385,,,,,,,,,,-10.199,0.988,-0.566,,,,,,
1,S,10740248,3385,-8.480,31.520,5.920,-9.963,0.887,-0.338,,,,,,,,,,,,
1,B,10742280,2032,,,,,,,,,,,,,-8.952,27.417,4.700,,,
1,S,10742280,2032,-7.840,30.880,4.960,-9.902,0.868,-0.512,,,,,,,,,,,,
1,B,10746345,4065,,,,,,,,,,,,,,,,45.375,-85.375,38.750
1,S,10746345,4065,-6.880,28.960,3.680,-9.873,0.797,-0.838,,,,,,,,,,,,
1,B,10749732,3387,,,,,,,,,,-10.098,0.891,-1.141,,,,,,
1,S,10749732,3387,-5.920,27.360,3.040,-9.928,0.718,-1.028,,,,,,,,,,,,
1,B,10752441,2709,,,,,,,,,,,,,-7.162,25.850,2.910,,,
1,S,10752441,2709,-5.280,25.440,2.720,-9.943,0.623,-1.117,,,,,,,,,,,,
1,B,10756505,4064,,,,,,,,,,,,,,,,45.688,-86.062,38.312
1,S,10756505,4064,-4.640,23.520,2.720,-9.893,0.472,-1.183,,,,,,,,,,,,
1,B,10758537,2032,,,,,,,,,,-10.137,0.641,-1.484,,,,,,
1,S,10758537,2032,-2.720,23.200,3.040,-9.848,0.398,-1.192,,,,,,,,,,,,
1,B,10761246,2709,,,,,,,,,,-9.988,0.461,-1.484,,,,,,
1,S,10761246,2709,-1.760,22.240,3.360,-9.787,0.343,-1.173,,,,,,,,,,,,
1,B,10763278,2032,,,,,,,,,,,,,-4.588,22.381,1.679,,,
1,S,10763278,2032,-0.800,20.960,3.360,-9.748,0.328,-1.123,,,,,,,,,,,,
1,B,10767342,4064,,,,,,,,,,,,,,,,45.000,-85.312,38.812
1,S,10767342,4064,-0.160,17.760,3.360,-9.693,0.347,-1.012,,,,,,,,,,,,
1,B,10770729,3387,,,,,,,,,,-9.926,0.469,-1.227,,,,,,
1,S,10770729,3387,1.440,15.840,3.680,-9.697,0.378,-0.953,,,,,,,,,,,,
1,B,10773438,2709,,,,,,,,,,,,,-1.455,17.905,1.119,,,
1,S,10773438,2709,2.720,14.880,3.680,-9.703,0.378,-0.902,,,,,,,,,,,,
1,B,10777502,4064,,,,,,,,,,,,,,,,45.500,-87.375,38.750
1,S,10777502,4064,4.000,12.960,3.680,-9.682,0.347,-0.792,,,,,,,,,,,,
1,B,10780889,3387,,,,,,,,,,-9.906,0.461,-1.062,,,,,,
1,S,10780889,3387,5.600,11.360,4.000,-9.643,0.307,-0.718,,,,,,,,,,,,
1,B,10782921,2032,,,,,,,,,,,,,2.238,13.317,1.343,,,
1,S,10782921,2032,6.880,10.720,4.320,-9.623,0.302,-0.677,,,,,,,,,,,,
1,B,10786985,4064,,,,,,,,,,,,,,,,45.438,-87.938,39.188
1,S,10786985,4064,7.520,9.760,4.320,-9.627,0.383,-0.608,,,,,,,,,,,,
1,B,10789694,2709,,,,,,,,,,-9.824,0.449,-0.977,,,,,,
1,S,10789694,2709,9.440,9.760,4.000,-9.652,0.492,-0.557,,,,,,,,,,,,
1,B,10791726,2032,,,,,,,,,,,,,5.595,9.512,1.679,,,
1,S,10791726,2032,9.760,9.440,3.680,-9.672,0.588,-0.532,,,,,,,,,,,,
1,B,10795790,4064,,,,,,,,,,-9.887,0.758,-0.832,,,,,,
1,S,10795790,4064,9.760,8.480,3.680,-9.658,0.752,-0.502,,,,,,,,,,,,
1,B,10798499,2709,,,,,,,,,,,,,,,,44.438,-86.000,38.938
1,S,10798499,2709,10.400,7.520,3.680,-9.602,0.853,-0.463,,,,,,,,,,,,
1,B,10800531,2032,,,,,,,,,,-9.719,1.043,-0.766,,,,,,
1,S,10800531,4064,11.360,7.200,3.680,-9.477,0.993,-0.383,,,,,,,,,,,,
1,B,10803240,2709,,,,,,,,,,,,,8.057,6.714,1.567,,,
1,S,10803240,677,12.320,6.560,3.040,-9.457,1.018,-0.367,,,,,,,,,,,,
1,B,10807304,4064,,,,,,,,,,,,,,,,44.438,-86.000,38.938
1,S,10807304,4064,12.320,5.920,2.080,-9.348,1.127,-0.278,,,,,,,,,,,,
1,B,10809336,2032,,,,,,,,,,-9.520,1.188,-0.574,,,,,,
1,S,10809336,2032,12.320,5.920,2.080,-9.303,1.107,-0.228,,,,,,,,,,,,
1,B,10812045,2709,,,,,,,,,,,,,9.512,4.812,0.448,,,
1,S,10812045,2709,12.640,5.920,1.440,-9.268,1.083,-0.177,,,,,,,,,,,,
1,B,10816109,4064,,,,,,,,,,,,,,,,45.125,-85.688,37.938
1,S,10816109,4064,12.640,4.960,0.160,-9.348,1.448,-0.168,,,,,,,,,,,,
1,B,10819496,3387,,,,,,,,,,-9.547,1.656,-0.555,,,,,,
1,S,10819496,3387,13.280,4.000,-1.760,-9.393,1.952,-0.168,,,,,,,,,,,,
1,B,10821528,2032,,,,,,,,,,,,,10.519,3.469,-1.567,,,
1,S,10821528,2032,13.600,3.680,-3.360,-9.352,2.217,-0.128,,,,,,,,,,,,
1,B,10826269,4741,,,,,,,,,,,,,,,,45.562,-87.812,39.625
1,S,10826269,4741,13.600,4.320,-6.880,-9.078,2.638,0.083,,,,,,,,,,,,
1,B,10828301,2032,,,,,,,,,,-9.371,2.508,-0.375,,,,,,
1,S,10828301,2032,13.600,4.000,-8.480,-8.928,2.797,0.177,,,,,,,,,,,,
1,B,10830333,2032,,,,,,,,,,-8.836,3.273,-0.105,,,,,,
1,S,10830333,2032,13.920,4.000,-10.080,-8.783,3.002,0.253,,,,,,,,,,,,
1,B,10833720,3387,,,,,,,,,,,,,11.526,2.574,-5.483,,,
1,S,10833720,3387,14.560,3.680,-12.320,-8.598,3.433,0.343,,,,,,,,,,,,
1,B,10837784,4064,,,,,,,,,,,,,,,,45.188,-86.125,38.750
1,S,10837784,4064,15.200,4.320,-16.160,-8.443,3.917,0.427,,,,,,,,,,,,
1,B,10841170,3386,,,,,,,,,,-8.547,4.031,0.059,,,,,,
1,S,10841170,3386,15.520,5.280,-20.320,-8.357,4.128,0.517,,,,,,,,,,,,
1,B,10843880,2710,,,,,,,,,,,,,12.310,2.238,-11.974,,,
1,S,10843880,2710,15.520,5.920,-23.520,-8.277,4.152,0.573,,,,,,,,,,,,
1,B,10847944,4064,,,,,,,,,,,,,,,,44.688,-85.750,39.000
1,S,10847944,4064,15.840,5.600,-27.680,-8.168,4.098,0.568,,,,,,,,,,,,
1,B,10851330,3386,,,,,,,,,,-8.352,4.023,0.133,,,,,,
1,S,10851330,3386,15.520,5.920,-31.200,-8.178,4.018,0.463,,,,,,,,,,,,
1,B,10853362,2032,,,,,,,,,,,,,12.533,2.910,-20.814,,,
1,S,10853362,2032,15.200,6.560,-33.440,-8.262,3.982,0.378,,,,,,,,,,,,
1,B,10858103,4741,,,,,,,,,,,,,,,,45.312,-87.062,38.938
1,S,10858103,4741,14.880,7.840,-38.560,-8.637,3.857,0.068,,,,,,,,,,,,
1,B,10860135,2032,,,,,,,,,,-8.633,3.926,-0.219,,,,,,
1,S,10860135,2032,13.600,7.520,-40.480,-8.803,3.697,-0.152,,,,,,,,,,,,
1,B,10862167,2032,,,,,,,,,,-9.270,3.352,-0.996,,,,,,
1,S,10862167,2032,13.280,7.520,-42.080,-8.967,3.518,-0.417,,,,,,,,,,,,
1,B,10865554,3387,,,,,,,,,,,,,12.198,4.029,-30.326,,,
1,S,10865554,3387,13.280,6.880,-44.960,-9.297,3.197,-0.917,,,,,,,,,,,,
1,B,10868244,2690,,,,,,,,,,,,,,,,45.750,-85.312,38.375
1,S,10868244,2690,12.960,6.560,-46.880,-9.533,3.038,-1.312,,,,,,,,,,,,
1,B,10870974,2730,,,,,,,,,,-10.121,2.738,-2.730,,,,,,
1,S,10870974,2730,12.960,6.240,-48.480,-9.902,2.768,-2.172,,,,,,,,,,,,
1,B,10873682,2708,,,,,,,,,,,,,11.079,4.252,-39.055,,,
1,S,10873682,2708,12.640,4.640,-50.080,-10.152,2.458,-2.917,,,,,,,,,,,,
1,B,10877746,4064,,,,,,,,,,,,,,,,45.062,-84.688,39.125
1,S,10877746,4064,12.000,-0.160,-52.640,-10.502,1.597,-4.008,,,,,,,,,,,,
1,B,10881132,3386,,,,,,,,,,-10.824,1.148,-4.684,,,,,,
1,S,10881132,3386,10.720,-4.320,-53.600,-10.912,0.438,-4.867,,,,,,,,,,,,
1,B,10883164,2032,,,,,,,,,,,,,9.624,1.231,-45.769,,,
1,S,10883164,2032,10.400,-6.880,-53.280,-11.238,-0.287,-5.277,,,,,,,,,,,,
1,B,10887907,4743,,,,,,,,,,,,,,,,45.625,-85.625,38.188
1,S,10887907,4743,9.760,-14.240,-51.680,-13.842,-3.792,-5.732,,,,,,,,,,,,
1,B,10890616,2709,,,,,,,,,,-13.145,-2.566,-6.070,,,,,,
1,S,10890616,2709,8.160,-20.000,-47.520,-16.848,-7.497,-5.168,,,,,,,,,,,,
1,B,10893324,2708,,,,,,,,,,,,,8.393,-7.386,-47.336,,,
1,S,10893324,2708,8.800,-25.440,-37.600,-18.552,-10.697,-3.248,,,,,,,,,,,,
1,B,10897388,4064,,,,,,,,,,-18.371,-10.180,-2.395,,,,,,
1,S,10897388,4064,11.360,-28.640,-17.440,-14.973,-8.492,-0.312,,,,,,,,,,,,
1,B,10900078,2690,,,,,,,,,,,,,,,,45.562,-85.562,39.000
1,S,10900078,2690,10.080,-30.240,-11.360,-11.172,-3.458,0.307,,,,,,,,,,,,
1,B,10902129,2051,,,,,,,,,,-6.512,3.715,0.422,,,,,,
1,S,10902129,2051,7.520,-31.840,-13.280,-6.532,3.373,0.713,,,,,,,,,,,,
1,B,10905517,3388,,,,,,,,,,,,,7.610,-18.353,-35.810,,,
1,S,10905517,3388,7.200,-32.160,-24.480,-4.487,7.308,0.728,,,,,,,,,,,,
1,B,10907549,2032,,,,,,,,,,,,,,,,46.500,-85.000,38.062
1,S,10907549,2032,9.760,-31.520,-32.480,-5.442,6.383,0.357,,,,,,,,,,,,
1,B,10910936,3387,,,,,,,,,,-8.457,2.211,-0.777,,,,,,
1,S,10910936,3387,11.680,-30.560,-41.120,-9.322,1.228,-0.487,,,,,,,,,,,,
1,B,10912968,2032,,,,,,,,,,,,,7.945,-25.738,-30.550,,,
1,S,10912968,2032,11.680,-29.920,-41.440,-11.908,-1.962,-0.958,,,,,,,,,,,,
1,B,10917709,4741,,,,,,,,,,,,,,,,46.500,-85.438,38.188
1,S,10917709,4741,9.440,-30.240,-35.040,-14.217,-3.353,-1.637,,,,,,,,,,,,
1,B,10921075,3366,,,,,,,,,,-14.031,-2.395,-2.145,,,,,,
1,S,10921075,3366,1.440,-32.160,-32.480,-12.477,-0.738,-1.518,,,,,,,,,,,,
1,B,10923127,2052,,,,,,,,,,,,,5.148,-28.872,-30.774,,,
1,S,10923127,2052,-0.480,-33.440,-33.440,-9.812,1.762,-1.252,,,,,,,,,,,,
1,B,10927191,4064,,,,,,,,,,,,,,,,46.250,-85.188,38.688
1,S,10927191,4064,0.800,-35.680,-39.200,-7.367,2.192,-1.048,,,,,,,,,,,,
1,B,10929901,2710,,,,,,,,,,-8.160,2.078,-1.379,,,,,,
1,S,10929901,2710,3.680,-36.320,-42.400,-7.707,0.347,-1.143,,,,,,,,,,,,
1,B,10931933,2032,,,,,,,,,,,,,2.798,-30.998,-34.019,,,
1,S,10931933,2032,4.320,-36.640,-43.040,-8.648,-1.252,-1.292,,,,,,,,,,,,
1,B,10935997,4064,,,,,,,,,,-9.691,-1.906,-1.809,,,,,,
1,S,10935997,4064,3.360,-37.280,-40.160,-10.492,-3.053,-1.438,,,,,,,,,,,,
1,B,10938706,2709,,,,,,,,,,,,,,,,46.375,-86.125,38.938
1,S,10938706,2709,-0.480,-37.920,-37.600,-10.697,-2.518,-1.357,,,,,,,,,,,,
1,B,10940738,2032,,,,,,,,,,-10.141,-0.918,-1.492,,,,,,
1,S,10940738,2032,-2.720,-38.880,-36.640,-10.238,-1.492,-1.222,,,,,,,,,,,,
1,B,10942770,2032,,,,,,,,,,,,,0.000,-33.236,-36.257,,,
1,S,10942770,2032,-3.360,-40.160,-36.960,-9.527,-0.448,-1.022,,,,,,,,,,,,
1,B,10947511,4741,,,,,,,,,,,,,,,,46.375,-86.125,38.938
1,S,10947511,4741,-3.040,-42.400,-39.200,-8.672,-0.182,-0.588,,,,,,,,,,,,
1,B,10949543,2032,,,,,,,,,,-9.516,-1.102,-0.766,,,,,,
1,S,10949543,2032,-1.440,-42.720,-39.840,-9.318,-1.278,-0.263,,,,,,,,,,,,
1,B,10951575,2032,,,,,,,,,,,,,-2.350,-35.474,-37.153,,,
1,S,10951575,2032,-2.080,-42.080,-39.520,-10.627,-2.572,0.372,,,,,,,,,,,,
1,B,10956316,4741,,,,,,,,,,,,,,,,46.750,-85.125,38.250
1,S,10956316,4741,-3.680,-36.960,-35.680,-12.992,-2.812,2.473,,,,,,,,,,,,
1,B,10959703,3387,,,,,,,,,,-12.934,-2.000,2.402,,,,,,
1,S,10959703,3387,-4.960,-31.840,-33.760,-11.617,-1.488,3.058,,,,,,,,,,,,
1,B,10961735,2032,,,,,,,,,,,,,-2.462,-33.907,-35.810,,,
1,S,10961735,2032,-0.160,-29.920,-34.080,-10.127,-1.103,2.808,,,,,,,,,,,,
1,B,10967153,5418,,,,,,,,,,,,,,,,46.812,-84.562,37.875
1,S,10967153,5418,3.360,-26.720,-35.040,-8.717,-2.263,1.907,,,,,,,,,,,,
1,B,10969185,2032,,,,,,,,,,-9.141,-1.371,1.973,,,,,,
1,S,10969185,2032,6.880,-25.440,-33.760,-9.318,-3.018,1.857,,,,,,,,,,,,
1,B,10971895,2710,,,,,,,,,,-10.117,-3.102,1.426,,,,,,
1,S,10971895,2710,7.200,-23.840,-31.200,-9.963,-3.533,1.788,,,,,,,,,,,,
1,B,10974604,2709,,,,,,,,,,,,,1.119,-28.648,-33.236,,,
1,S,10974604,2709,8.160,-22.240,-28.320,-9.783,-3.353,1.512,,,,,,,,,,,,
1,B,10977313,2709,,,,,,,,,,,,,,,,48.625,-84.438,36.562
1,S,10977313,2709,10.080,-21.280,-26.400,-8.982,-2.788,1.052,,,,,,,,,,,,
1,B,10980700,3387,,,,,,,,,,-8.625,-2.051,0.375,,,,,,
1,S,10980700,3387,11.360,-20.640,-24.800,-8.182,-2.197,0.552,,,,,,,,,,,,
1,B,10982732,2032,,,,,,,,,,,,,5.260,-23.388,-29.207,,,
1,S,10982732,2032,11.680,-20.640,-24.160,-8.158,-2.143,0.417,,,,,,,,,,,,
1,B,10986796,4064,,,,,,,,,,,,,,,,47.938,-83.188,36.625
1,S,10986796,4064,11.360,-21.280,-22.560,-8.887,-2.553,0.427,,,,,,,,,,,,
1,B,10990182,3386,,,,,,,,,,-9.473,-2.461,0.125,,,,,,
1,S,10990182,3386,10.720,-21.600,-20.960,-9.592,-3.053,0.482,,,,,,,,,,,,
1,B,10992892,2710,,,,,,,,,,,,,7.945,-20.255,-24.619,,,
1,S,10992892,2710,10.080,-21.280,-19.040,-9.863,-3.208,0.472,,,,,,,,,,,,
1,B,10996956,4064,,,,,,,,,,,,,,,,48.688,-84.875,36.625
1,S,10996956,4064,9.440,-21.280,-15.840,-9.818,-3.192,0.388,,,,,,,,,,,,
1,B,10998988,2032,,,,,,,,,,-10.141,-2.891,0.125,,,,,,
1,S,10998988,2032,9.440,-21.600,-14.240,-9.672,-3.212,0.312,,,,,,,,,,,,
1,B,11001697,2709,,,,,,,,,,-9.500,-3.113,-0.125,,,,,,
1,S,11001697,2709,9.120,-21.920,-12.320,-9.418,-3.288,0.223,,,,,,,,,,,,
1,B,11005761,4064,,,,,,,,,,,,,8.281,-19.472,-19.024,,,
1,S,11005761,4064,8.800,-22.560,-9.440,-9.057,-3.527,0.182,,,,,,,,,,,,
1,B,11007793,2032,,,,,,,,,,,,,,,,47.875,-84.312,37.500
1,S,11007793,2032,7.200,-23.200,-8.160,-8.922,-3.652,0.203,,,,,,,,,,,,
1,B,11011179,3386,,,,,,,,,,-9.051,-3.438,-0.059,,,,,,
1,S,11011179,3386,5.920,-24.160,-5.600,-8.758,-3.777,0.268,,,,,,,,,,,,
1,B,11013890,2711,,,,,,,,,,,,,6.267,-20.367,-12.757,,,
1,S,11013890,2711,4.000,-25.440,-3.360,-8.713,-3.792,0.367,,,,,,,,,,,,
1,B,11017954,4064,,,,,,,,,,,,,,,,48.000,-84.188,37.125
1,S,11017954,4064,2.720,-26.400,0.480,-8.912,-3.797,0.652,,,,,,,,,,,,
1,B,11021339,3385,,,,,,,,,,-9.387,-3.516,0.441,,,,,,
1,S,11021339,3385,1.760,-25.760,3.360,-9.188,-3.837,0.927,,,,,,,,,,,,
1,B,11023371,2032,,,,,,,,,,,,,2.910,-22.045,-5.931,,,
1,S,11023371,2032,1.120,-25.120,4.960,-9.283,-3.828,1.058,,,,,,,,,,,,
1,B,11027436,4065,,,,,,,,,,,,,,,,48.375,-84.188,37.062
1,S,11027436,4065,0.480,-25.120,7.840,-9.312,-3.728,1.238,,,,,,,,,,,,
1,B,11030823,3387,,,,,,,,,,-9.613,-3.398,0.977,,,,,,
1,S,11030823,3387,-0.800,-25.120,10.400,-9.357,-3.643,1.417,,,,,,,,,,,,
1,B,11033532,2709,,,,,,,,,,,,,-0.336,-23.053,1.231,,,
1,S,11033532,2709,-1.440,-24.800,12.640,-9.418,-3.583,1.552,,,,,,,,,,,,
1,B,11037596,4064,,,,,,,,,,-9.734,-3.238,1.285,,,,,,
1,S,11037596,4064,-1.440,-23.200,15.520,-9.447,-3.498,1.708,,,,,,,,,,,,
1,B,11039628,2032,,,,,,,,,,,,,,,,48.000,-84.188,37.938
1,S,11039628,2032,-1.760,-22.560,16.480,-9.432,-3.408,1.728,,,,,,,,,,,,
1,B,11042337,2709,,,,,,,,,,-9.711,-3.016,1.379,,,,,,
1,S,11042337,2709,-2.400,-22.240,17.760,-9.383,-3.312,1.702,,,,,,,,,,,,
1,B,11045724,3387,,,,,,,,,,,,,-2.126,-22.381,8.281,,,
1,S,11045724,3387,-3.040,-20.960,20.320,-9.258,-3.252,1.692,,,,,,,,,,,,
1,B,11047756,2032,,,,,,,,,,,,,,,,47.812,-83.938,37.375
1,S,11047756,2032,-2.720,-20.000,21.600,-9.178,-3.257,1.702,,,,,,,,,,,,
1,B,11051142,3386,,,,,,,,,,-9.391,-3.016,1.406,,,,,,
1,S,11051142,3386,-1.760,-19.040,23.840,-9.092,-3.317,1.692,,,,,,,,,,,,
1,B,11053174,2032,,,,,,,,,,,,,-2.798,-20.367,14.660,,,
1,S,11053174,2032,-0.800,-18.400,25.440,-9.057,-3.513,1.647,,,,,,,,,,,,
1,B,11057916,4742,,,,,,,,,,,,,,,,48.062,-85.062,37.375
1,S,11057916,4742,-1.120,-16.800,29.600,-9.102,-4.013,1.573,,,,,,,,,,,,
1,B,11060625,2709,,,,,,,,,,-9.469,-3.648,1.254,,,,,,
1,S,11060625,2709,-2.400,-16.160,32.480,-9.297,-3.908,1.653,,,,,,,,,,,,
1,B,11063334,2709,,,,,,,,,,,,,-3.021,-17.793,21.374,,,
1,S,11063334,2709,-3.040,-15.520,34.720,-9.533,-3.578,1.758,,,,,,,,,,,,
1,B,11067398,4064,,,,,,,,,,,,,,,,48.000,-83.688,36.750
1,S,11067398,4064,-3.360,-14.240,37.600,-9.662,-3.178,1.802,,,,,,,,,,,,
1,B,11069430,2032,,,,,,,,,,-9.930,-3.027,1.457,,,,,,
1,S,11069430,2032,-4.000,-13.920,38.880,-9.613,-3.067,1.768,,,,,,,,,,,,
1,B,11072139,2709,,,,,,,,,,,,,-3.581,-15.107,28.088,,,
1,S,11072139,2709,-3.680,-12.960,40.800,-9.518,-2.942,1.698,,,,,,,,,,,,
1,B,11076203,4064,,,,,,,,,,-9.793,-2.527,1.332,,,,,,
1,S,11076203,4064,-3.680,-11.680,43.360,-9.438,-2.697,1.627,,,,,,,,,,,,
1,B,11078913,2710,,,,,,,,,,,,,,,,48.125,-84.500,36.938
1,S,11078913,2710,-4.640,-11.360,44.320,-9.428,-2.513,1.663,,,,,,,,,,,,
1,B,11080945,2032,,,,,,,,,,-9.750,-2.145,1.340,,,,,,
1,S,11080945,2032,-5.280,-11.360,44.960,-9.463,-2.422,1.748,,,,,,,,,,,,
1,B,11082977,2032,,,,,,,,,,,,,-4.588,-12.645,34.355,,,
1,S,11082977,6095,-5.920,-11.040,49.120,-9.812,-2.362,2.143,,,,,,,,,,,,
1,B,11087718,4741,,,,,,,,,,,,,,,,46.938,-85.938,38.188
1,S,11087718,678,-7.520,-8.480,49.440,-9.857,-2.368,2.188,,,,,,,,,,,,
1,B,11090427,2709,,,,,,,,,,-10.223,-2.105,1.859,,,,,,
1,S,11090427,2709,-7.840,-6.560,51.360,-10.018,-2.328,2.393,,,,,,,,,,,,
1,B,11093136,2709,,,,,,,,,,,,,-6.602,-9.960,39.838,,,
1,S,11093136,2709,-8.800,-4.960,52.640,-10.133,-2.163,2.607,,,,,,,,,,,,
1,B,11097200,4064,,,,,,,,,,,,,,,,47.812,-84.312,36.750
1,S,11097200,4064,-10.080,-3.040,53.920,-10.168,-1.708,2.808,,,,,,,,,,,,
1,B,11100587,3387,,,,,,,,,,-10.410,-1.492,2.336,,,,,,
1,S,11100587,3387,-12.320,-1.120,55.520,-10.072,-1.403,2.868,,,,,,,,,,,,
1,B,11102619,2032,,,,,,,,,,,,,-10.072,-6.267,44.539,,,
1,S,11102619,2032,-14.560,-0.160,56.160,-9.977,-1.337,2.893,,,,,,,,,,,,
1,B,11107360,4741,,,,,,,,,,,,,,,,48.375,-84.188,37.062
1,S,11107360,4741,-15.840,2.400,57.440,-9.873,-1.262,2.973,,,,,,,,,,,,
1,B,11109392,2032,,,,,,,,,,-10.184,-1.062,2.508,,,,,,
1,S,11109392,2032,-17.440,3.360,58.400,-9.912,-1.137,3.033,,,,,,,,,,,,
1,B,11111424,2032,,,,,,,,,,-10.258,-0.660,2.719,,,,,,
1,S,11111424,2032,-17.760,4.640,59.040,-9.982,-0.943,3.107,,,,,,,,,,,,
1,B,11114811,3387,,,,,,,,,,,,,-14.100,-1.567,48.231,,,
1,S,11114811,3387,-18.400,6.880,59.360,-10.053,-0.608,3.228,,,,,,,,,,,,
1,B,11118197,3386,,,,,,,,,,,,,,,,46.562,-84.875,37.750
1,S,11118197,3386,-19.360,9.760,59.360,-10.057,-0.357,3.337,,,,,,,,,,,,
1,B,11121584,3387,,,,,,,,,,-10.320,-0.191,2.996,,,,,,
1,S,11121584,3387,-20.320,12.640,59.360,-10.072,-0.228,3.498,,,,,,,,,,,,
1,B,11123616,2032,,,,,,,,,,,,,-17.457,4.364,50.693,,,
1,S,11123616,2032,-21.280,14.560,59.040,-10.057,-0.168,3.558,,,,,,,,,,,,
1,B,11128357,4741,,,,,,,,,,,,,,,,47.125,-85.750,36.875
1,S,11128357,4741,-21.920,18.720,59.040,-9.973,-0.083,3.623,,,,,,,,,,,,
1,B,11131745,3388,,,,,,,,,,-10.207,0.008,3.180,,,,,,
1,S,11131745,3388,-22.560,22.240,59.040,-10.018,0.007,3.748,,,,,,,,,,,,
1,B,11133777,2032,,,,,,,,,,,,,-20.031,11.414,51.701,,,
1,S,11133777,2032,-23.200,24.800,58.720,-10.057,0.087,3.792,,,,,,,,,,,,
1,B,11137841,4064,,,,,,,,,,,,,,,,46.312,-86.188,37.438
1,S,11137841,6096,-23.840,28.640,58.080,-9.992,0.398,3.803,,,,,,,,,,,,
1,B,11140550,2709,,,,,,,,,,-10.277,0.277,3.398,,,,,,
1,S,11140550,677,-25.120,31.520,57.760,-9.967,0.448,3.792,,,,,,,,,,,,
1,B,11142582,2032,,,,,,,,,,,,,-21.822,19.584,51.477,,,
1,S,11142582,2032,-25.120,33.760,57.440,-9.918,0.627,3.783,,,,,,,,,,,,
1,B,11146646,4064,,,,,,,,,,-10.113,0.863,3.398,,,,,,
1,S,11146646,4064,-25.440,37.920,56.160,-9.977,1.107,3.853,,,,,,,,,,,,
1,B,11149355,2709,,,,,,,,,,,,,,,,46.375,-86.188,38.125
1,S,11149355,2709,-24.800,40.480,54.880,-10.062,1.407,3.868,,,,,,,,,,,,
1,B,11151387,2032,,,,,,,,,,-10.281,1.590,3.477,,,,,,
1,S,11151387,2032,-23.520,42.720,53.280,-10.107,1.558,3.837,,,,,,,,,,,,
1,B,11153419,2032,,,,,,,,,,,,,-22.381,28.536,49.574,,,
1,S,11153419,2032,-22.560,44.640,52.320,-10.117,1.673,3.783,,,,,,,,,,,,
1,B,11158160,4741,,,,,,,,,,,,,,,,46.125,-84.375,37.000
1,S,11158160,7451,-21.920,49.760,49.760,-10.098,2.123,3.473,,,,,,,,,,,,
1,B,11161547,3387,,,,,,,,,,-10.238,2.039,3.199,,,,,,
1,S,11161547,677,-20.640,52.320,47.840,-10.117,2.183,3.447,,,,,,,,,,,,
1,B,11163579,2032,,,,,,,,,,,,,-20.926,37.265,45.769,,,
1,S,11163579,2032,-20.320,53.600,46.240,-10.213,2.397,3.357,,,,,,,,,,,,
1,B,11167643,4064,,,,,,,,,,,,,,,,47.062,-86.938,37.688
1,S,11167643,4064,-19.040,56.160,42.080,-10.393,2.797,3.107,,,,,,,,,,,,
1,B,11171029,3386,,,,,,,,,,-10.520,2.730,2.770,,,,,,
1,S,11171029,3386,-16.800,58.720,38.880,-10.338,2.922,2.768,,,,,,,,,,,,
1,B,11173720,2691,,,,,,,,,,,,,-17.905,45.098,40.062,,,
1,S,11173720,2691,-15.200,60.320,36.960,-10.258,2.947,2.562,,,,,,,,,,,,
1,B,11177803,4083,,,,,,,,,,-10.312,2.949,2.039,,,,,,
1,S,11177803,4083,-14.560,61.920,33.760,-10.088,3.053,2.143,,,,,,,,,,,,
1,B,11179835,2032,,,,,,,,,,,,,,,,46.562,-86.938,38.062
1,S,11179835,2032,-14.560,62.560,31.840,-10.033,3.172,1.968,,,,,,,,,,,,
1,B,11182544,2709,,,,,,,,,,,,,-14.548,51.141,32.788,,,
1,S,11182544,2709,-14.240,63.840,28.960,-9.973,3.393,1.732,,,,,,,,,,,,
1,B,11186608,4064,,,,,,,,,,-10.086,3.363,1.285,,,,,,
1,S,11186608,4064,-13.280,65.440,24.800,-9.943,3.683,1.343,,,,,,,,,,,,
1,B,11188640,2032,,,,,,,,,,,,,,,,46.000,-86.750,37.938
1,S,11188640,2032,-11.040,65.760,22.880,-10.012,3.812,1.147,,,,,,,,,,,,
1,B,11192026,3386,,,,,,,,,,-10.246,3.898,0.641,,,,,,
1,S,11192026,3386,-10.400,65.760,18.720,-10.197,4.043,0.823,,,,,,,,,,,,
1,B,11195413,3387,,,,,,,,,,,,,-11.638,54.946,24.507,,,
1,S,11195413,3387,-9.760,65.120,15.200,-10.248,4.183,0.487,,,,,,,,,,,,
1,B,11197445,2032,,,,,,,,,,,,,,,,45.250,-86.625,38.125
1,S,11197445,2032,-9.440,64.800,13.600,-10.178,4.218,0.273,,,,,,,,,,,,
1,B,11200832,3387,,,,,,,,,,-10.238,4.164,-0.172,,,,,,
1,S,11200832,3387,-9.120,64.160,10.400,-9.963,4.218,-0.122,,,,,,,,,,,,
1,B,11203541,2709,,,,,,,,,,,,,-9.400,56.289,15.443,,,
1,S,11203541,2709,-8.480,63.520,7.520,-9.822,4.188,-0.422,,,,,,,,,,,,
1,B,11207605,4064,,,,,,,,,,,,,,,,45.812,-87.000,38.562
1,S,11207605,4064,-8.480,62.560,2.720,-9.752,4.173,-0.782,,,,,,,,,,,,
1,B,11209637,2032,,,,,,,,,,-9.875,4.117,-1.035,,,,,,
1,S,11209637,2032,-7.520,61.600,0.160,-9.742,4.162,-0.922,,,,,,,,,,,,
1,B,11212346,2709,,,,,,,,,,-9.723,3.926,-1.531,,,,,,
1,S,11212346,2709,-6.880,60.000,-3.360,-9.678,4.067,-1.048,,,,,,,,,,,,
1,B,11216410,4064,,,,,,,,,,,,,-7.610,55.170,5.707,,,
1,S,11216410,4064,-6.240,57.760,-7.520,-9.467,3.833,-1.103,,,,,,,,,,,,
1,B,11218442,2032,,,,,,,,,,,,,,,,45.562,-86.250,37.938
1,S,11218442,2032,-5.600,57.120,-9.440,-9.348,3.737,-1.087,,,,,,,,,,,,
1,B,11221830,3388,,,,,,,,,,-9.379,3.621,-1.426,,,,,,
1,S,11221830,3388,-5.280,55.840,-12.640,-9.217,3.663,-1.012,,,,,,,,,,,,
1,B,11225215,3385,,,,,,,,,,,,,-6.379,52.036,-4.252,,,
1,S,11225215,3385,-4.640,54.560,-16.160,-9.213,3.612,-0.988,,,,,,,,,,,,
1,B,11227247,2032,,,,,,,,,,,,,,,,44.688,-85.125,38.625
1,S,11227247,2032,-4.960,53.920,-18.080,-9.277,3.638,-1.032,,,,,,,,,,,,
1,B,11230635,3388,,,,,,,,,,-9.547,3.641,-1.531,,,,,,
1,S,11230635,5420,-4.960,52.960,-23.840,-9.623,3.743,-1.222,,,,,,,,,,,,
1,B,11233343,2708,,,,,,,,,,,,,-5.819,48.231,-13.653,,,
1,S,11233343,676,-5.600,51.680,-24.480,-9.658,3.743,-1.232,,,,,,,,,,,,
1,B,11237408,4065,,,,,,,,,,,,,,,,46.312,-87.312,39.000
1,S,11237408,4065,-5.600,49.760,-28.960,-9.678,3.638,-1.218,,,,,,,,,,,,
1,B,11240795,3387,,,,,,,,,,-9.754,3.562,-1.648,,,,,,
1,S,11240795,3387,-6.560,47.840,-32.800,-9.533,3.388,-1.173,,,,,,,,,,,,
1,B,11242827,2032,,,,,,,,,,,,,-6.267,44.315,-23.276,,,
1,S,11242827,2032,-7.840,46.880,-35.040,-9.502,3.203,-1.198,,,,,,,,,,,,
1,B,11246891,4064,,,,,,,,,,,,,,,,46.062,-86.000,37.938
1,S,11246891,4064,-8.480,45.920,-37.920,-9.793,2.962,-1.407,,,,,,,,,,,,
1,B,11249600,2709,,,,,,,,,,-9.766,3.027,-1.715,,,,,,
1,S,11249600,2709,-8.800,45.280,-39.200,-10.188,2.993,-1.688,,,,,,,,,,,,
1,B,11251632,2032,,,,,,,,,,-10.695,3.102,-2.488,,,,,,
1,S,11251632,4064,-8.480,44.640,-42.400,-10.652,3.123,-2.228,,,,,,,,,,,,
1,B,11254341,2709,,,,,,,,,,,,,-7.386,40.622,-31.893,,,
1,S,11254341,677,-8.480,42.400,-42.720,-10.688,3.107,-2.312,,,,,,,,,,,,
1,B,11258405,4064,,,,,,,,,,,,,,,,43.812,-85.750,38.750
1,S,11258405,4064,-8.480,39.200,-46.240,-10.652,2.692,-2.587,,,,,,,,,,,,
1,B,11261792,3387,,,,,,,,,,-10.668,2.316,-2.941,,,,,,
1,S,11261792,3387,-8.160,36.640,-49.120,-10.457,2.083,-2.527,,,,,,,,,,,,
1,B,11263824,2032,,,,,,,,,,,,,-8.169,36.146,-39.615,,,
1,S,11263824,2032,-8.480,35.040,-50.080,-10.322,1.748,-2.428,,,,,,,,,,,,
1,B,11267888,4064,,,,,,,,,,,,,,,,45.750,-86.500,38.438
1,S,11267888,4064,-8.480,32.160,-51.360,-10.107,1.363,-2.197,,,,,,,,,,,,
1,B,11271274,3386,,,,,,,,,,-10.285,1.398,-2.594,,,,,,
1,S,11271274,3386,-8.160,29.920,-52.320,-10.002,1.278,-1.982,,,,,,,,,,,,
1,B,11273984,2710,,,,,,,,,,,,,-8.505,30.774,-45.434,,,
1,S,11273984,2710,-8.480,28.640,-53.600,-9.967,1.228,-1.823,,,,,,,,,,,,
1,B,11278047,4063,,,,,,,,,,,,,,,,45.688,-86.500,39.188
1,S,11278047,4063,-8.480,27.360,-54.880,-10.033,0.932,-1.843,,,,,,,,,,,,
1,B,11280079,2032,,,,,,,,,,-10.117,1.141,-2.191,,,,,,
1,S,11280079,2032,-8.480,26.720,-54.880,-10.158,0.728,-2.013,,,,,,,,,,,,
1,B,11282789,2710,,,,,,,,,,-10.777,0.441,-2.777,,,,,,
1,S,11282789,5419,-8.800,25.120,-56.160,-10.742,0.223,-2.607,,,,,,,,,,,,
1,B,11286175,3386,,,,,,,,,,,,,-8.729,25.626,-49.574,,,
1,S,11286175,677,-9.120,21.920,-56.480,-10.807,0.172,-2.658,,,,,,,,,,,,
1,B,11288207,2032,,,,,,,,,,,,,,,,45.812,-86.312,38.875
1,S,11288207,2032,-9.120,20.000,-56.800,-10.922,0.037,-2.708,,,,,,,,,,,,
1,B,11291594,3387,,,,,,,,,,-10.879,0.066,-2.738,,,,,,
1,S,11291594,3387,-9.120,17.120,-56.480,-10.707,-0.077,-2.487,,,,,,,,,,,,
1,B,11293626,2032,,,,,,,,,,,,,-8.617,19.919,-51.812,,,
1,S,11293626,2032,-8.480,15.840,-55.840,-10.322,-0.022,-2.237,,,,,,,,,,,,
1,B,11298348,4722,,,,,,,,,,,,,,,,46.125,-84.938,38.125
1,S,11298348,4722,-7.840,14.880,-55.200,-9.348,0.343,-1.798,,,,,,,,,,,,
1,B,11301076,2728,,,,,,,,,,-9.266,0.652,-2.070,,,,,,
1,S,11301076,2728,-5.920,13.920,-54.880,-8.797,0.662,-1.798,,,,,,,,,,,,
1,B,11303786,2710,,,,,,,,,,,,,-6.826,14.772,-52.148,,,
1,S,11303786,2710,-4.640,12.960,-54.880,-8.732,0.743,-2.103,,,,,,,,,,,,
1,B,11307850,4064,,,,,,,,,,,,,,,,46.062,-84.938,37.438
1,S,11307850,4064,-2.720,10.720,-54.560,-9.062,0.482,-2.947,,,,,,,,,,,,
1,B,11309882,2032,,,,,,,,,,-9.309,0.613,-3.074,,,,,,
1,S,11309882,2032,-0.160,9.440,-54.240,-9.223,0.273,-3.458,,,,,,,,,,,,
1,B,11312591,2709,,,,,,,,,,,,,-3.469,9.848,-51.589,,,
1,S,11312591,2709,0.800,6.880,-53.920,-9.273,0.013,-4.072,,,,,,,,,,,,
1,B,11316655,4064,,,,,,,,,,-9.340,0.008,-4.711,,,,,,
1,S,11316655,4064,2.400,2.080,-53.280,-8.932,-0.212,-4.652,,,,,,,,,,,,
1,B,11319345,2690,,,,,,,,,,,,,,,,47.125,-85.188,38.188
1,S,11319345,2690,4.320,-1.440,-52.640,-8.643,-0.223,-4.793,,,,,,,,,,,,
1,B,11321396,2051,,,,,,,,,,-8.359,-0.078,-5.250,,,,,,
1,S,11321396,2051,5.920,-3.360,-52.000,-8.242,-0.217,-4.897,,,,,,,,,,,,
1,B,11323428,2032,,,,,,,,,,,,,1.231,3.357,-50.358,,,
1,S,11323428,2032,7.520,-5.600,-51.680,-7.992,-0.233,-4.968,,,,,,,,,,,,
1,B,11328169,4741,,,,,,,,,,,,,,,,46.562,-84.875,37.750
1,S,11328169,4741,9.440,-11.040,-51.040,-7.772,-0.398,-5.178,,,,,,,,,,,,
1,B,11330880,2711,,,,,,,,,,-8.191,-0.566,-5.688,,,,,,
1,S,11330880,2711,13.280,-14.560,-50.400,-7.912,-0.743,-5.407,,,,,,,,,,,,
1,B,11333589,2709,,,,,,,,,,,,,6.826,-5.595,-48.679,,,
1,S,11333589,2709,14.880,-18.400,-49.760,-8.168,-1.183,-5.668,,,,,,,,,,,,
1,B,11337653,4064,,,,,,,,,,,,,,,,46.438,-84.500,38.688
1,S,11337653,4064,16.480,-24.800,-47.840,-8.557,-1.823,-5.812,,,,,,,,,,,,
1,B,11341039,3386,,,,,,,,,,,,,11.862,-17.234,-46.217,,,
1,S,11341039,3386,17.760,-31.520,-46.240,-8.822,-2.208,-5.518,,,,,,,,,,,,
1,B,11347135,6096,,,,,,,,,,-8.934,-1.648,-6.004,,,,,,
1,S,11347135,6096,18.400,-42.080,-41.120,-9.578,-3.143,-4.353,,,,,,,,,,,,
1,B,11350522,3387,,,,,,,,,,,,,,,,47.562,-84.625,38.375
1,S,11350522,3387,22.240,-47.840,-36.000,-10.127,-3.913,-4.018,,,,,,,,,,,,
1,B,11352554,2032,,,,,,,,,,,,,16.786,-31.334,-41.069,,,
1,S,11352554,2032,26.080,-51.040,-33.120,-10.277,-4.357,-4.003,,,,,,,,,,,,
1,B,11357973,5419,,,,,,,,,,-10.387,-3.992,-4.387,,,,,,
1,S,11357973,5419,26.720,-58.400,-28.320,-8.848,-3.018,-3.947,,,,,,,,,,,,
1,B,11360682,2709,,,,,,,,,,-7.121,-0.871,-3.746,,,,,,
1,S,11360682,2709,22.560,-62.560,-27.680,-7.357,-1.413,-3.697,,,,,,,,,,,,
1,B,11364048,3366,,,,,,,,,,,,,,,,47.938,-83.812,37.062
1,S,11364048,3366,22.560,-67.360,-27.680,-6.308,-0.907,-3.322,,,,,,,,,,,,
1,B,11366100,2052,,,,,,,,,,,,,19.807,-45.434,-33.796,,,
1,S,11366100,2052,25.120,-68.960,-28.000,-6.277,-1.857,-3.078,,,,,,,,,,,,
1,B,11369487,3387,,,,,,,,,,,,,,,,47.438,-85.875,38.500
1,S,11369487,3387,24.800,-70.560,-28.000,-7.317,-3.388,-3.158,,,,,,,,,,,,
1,B,11372874,3387,,,,,,,,,,-7.730,-3.094,-3.602,,,,,,
1,S,11372874,3387,22.240,-73.120,-26.080,-8.562,-4.482,-3.322,,,,,,,,,,,,
1,B,11375583,2709,,,,,,,,,,,,,20.031,-57.072,-28.536,,,
1,S,11375583,2709,19.360,-75.360,-22.880,-8.918,-4.582,-3.288,,,,,,,,,,,,
1,B,11378970,3387,,,,,,,,,,-8.918,-3.660,-3.484,,,,,,
1,S,11378970,3387,17.120,-78.880,-19.040,-8.293,-3.592,-3.002,,,,,,,,,,,,
1,B,11382356,3386,,,,,,,,,,,,,,,,47.875,-85.875,38.438
1,S,11382356,3386,15.840,-82.400,-16.480,-7.418,-2.817,-2.627,,,,,,,,,,,,
1,B,11384388,2032,,,,,,,,,,,,,16.786,-66.472,-23.165,,,
1,S,11384388,2032,15.200,-84.320,-15.520,-7.133,-2.723,-2.507,,,,,,,,,,,,
1,B,11387775,3387,,,,,,,,,,-7.504,-2.613,-2.941,,,,,,
1,S,11387775,3387,14.240,-86.880,-14.240,-7.138,-2.982,-2.518,,,,,,,,,,,,
1,B,11391161,3386,,,,,,,,,,,,,,,,48.125,-83.500,37.188
1,S,11391161,3386,11.360,-89.440,-12.640,-7.633,-3.703,-2.638,,,,,,,,,,,,
1,B,11393871,2710,,,,,,,,,,,,,11.750,-74.529,-17.681,,,
1,S,11393871,2710,9.120,-92.000,-10.080,-8.287,-4.798,-2.647,,,,,,,,,,,,
1,B,11397936,4065,,,,,,,,,,-8.477,-4.129,-3.055,,,,,,
1,S,11397936,4065,6.240,-95.520,-4.320,-9.072,-5.843,-2.428,,,,,,,,,,,,
1,B,11399968,2032,,,,,,,,,,-10.688,-5.977,-2.191,,,,,,
1,S,11399968,2032,-0.160,-96.800,-2.400,-9.822,-6.107,-1.978,,,,,,,,,,,,
1,B,11403353,3385,,,,,,,,,,,,,,,,48.688,-83.938,36.938
1,S,11403353,3385,-3.680,-97.760,-2.080,-13.477,-7.543,-0.242,,,,,,,,,,,,
1,B,11405385,2032,,,,,,,,,,,,,3.693,-81.356,-11.079,,,
1,S,11405385,2032,-8.480,-97.440,-2.400,-17.008,-9.043,1.343,,,,,,,,,,,,
1,B,11408773,3388,,,,,,,,,,,,,,,,48.875,-84.688,36.062
1,S,11408773,3388,-10.080,-93.920,3.360,-20.547,-9.908,3.922,,,,,,,,,,,,
1,B,11412158,3385,,,,,,,,,,-20.410,-9.117,3.695,,,,,,
1,S,11412158,3385,-6.560,-86.560,15.840,-15.363,-7.043,3.868,,,,,,,,,,,,
1,B,11414869,2711,,,,,,,,,,,,,-2.350,-83.146,-2.014,,,
1,S,11414869,2711,0.160,-83.040,20.320,-7.878,-3.562,1.897,,,,,,,,,,,,
1,B,11417578,2709,,,,,,,,,,-5.426,-2.383,0.699,,,,,,
1,S,11417578,2709,1.440,-84.000,18.080,-3.627,-1.968,0.427,,,,,,,,,,,,
1,B,11420965,3387,,,,,,,,,,,,,,,,48.188,-83.438,36.125
1,S,11420965,5419,-0.480,-86.240,17.760,-9.693,-5.952,2.212,,,,,,,,,,,,
1,B,11423674,2709,,,,,,,,,,,,,-4.141,-80.348,7.274,,,
1,S,11423674,677,-1.760,-84.960,19.040,-10.707,-6.513,2.578,,,,,,,,,,,,
1,B,11427738,4064,,,,,,,,,,-11.449,-6.129,2.480,,,,,,
1,S,11427738,4064,-1.440,-80.160,29.600,-11.898,-7.322,3.237,,,,,,,,,,,,
1,B,11429770,2032,,,,,,,,,,,,,,,,49.062,-83.938,36.812
1,S,11429770,2032,0.480,-78.880,32.800,-9.842,-6.308,2.708,,,,,,,,,,,,
1,B,11433156,3386,,,,,,,,,,,,,-3.357,-75.425,17.905,,,
1,S,11433156,3386,0.480,-78.240,35.040,-7.173,-4.923,2.118,,,,,,,,,,,,
1,B,11437220,4064,,,,,,,,,,-8.207,-4.988,1.879,,,,,,
1,S,11437220,4064,-0.480,-76.000,39.200,-8.898,-5.138,3.033,,,,,,,,,,,,
1,B,11439930,2710,,,,,,,,,,-10.812,-5.211,3.477,,,,,,
1,S,11439930,2710,-0.480,-73.120,44.320,-10.652,-5.692,3.783,,,,,,,,,,,,
1,B,11443316,3386,,,,,,,,,,,,,,,,49.688,-83.188,35.625
1,S,11443316,3386,0.800,-70.240,49.120,-10.543,-5.463,3.792,,,,,,,,,,,,
1,B,11445348,2032,,,,,,,,,,,,,-1.679,-69.717,28.984,,,
1,S,11445348,2032,1.760,-68.960,50.400,-9.578,-4.848,3.462,,,,,,,,,,,,
1,B,11448735,3387,,,,,,,,,,-9.160,-3.867,2.977,,,,,,
1,S,11448735,3387,1.760,-67.040,52.320,-8.502,-3.938,3.223,,,,,,,,,,,,
1,B,11452121,3386,,,,,,,,,,,,,,,,49.938,-84.250,35.375
1,S,11452121,3386,1.760,-63.840,55.840,-9.037,-3.708,3.723,,,,,,,,,,,,
1,B,11454153,2032,,,,,,,,,,,,,0.112,-63.339,39.391,,,
1,S,11454153,2032,2.400,-61.600,57.760,-9.738,-3.723,4.197,,,,,,,,,,,,
1,B,11458217,4064,,,,,,,,,,-10.371,-3.352,4.109,,,,,,
1,S,11458217,4064,3.360,-57.440,60.640,-10.613,-3.438,4.883,,,,,,,,,,,,
1,B,11460927,2710,,,,,,,,,,,,,,,,48.125,-85.000,36.375
1,S,11460927,2710,4.640,-54.880,61.600,-10.393,-2.978,4.973,,,,,,,,,,,,
1,B,11464313,3386,,,,,,,,,,,,,2.014,-55.729,48.120,,,
1,S,11464313,3386,4.640,-50.400,62.880,-9.623,-2.453,4.888,,,,,,,,,,,,
1,B,11468377,4064,,,,,,,,,,-10.156,-2.375,4.605,,,,,,
1,S,11468377,4064,4.960,-45.280,64.800,-9.188,-2.092,5.027,,,,,,,,,,,,
1,B,11470409,2032,,,,,,,,,,-9.711,-1.668,4.953,,,,,,
1,S,11470409,2032,4.960,-43.040,65.120,-9.318,-1.948,5.232,,,,,,,,,,,,
1,B,11473796,3387,,,,,,,,,,,,,,,,48.562,-84.500,35.812
1,S,11473796,5419,4.640,-39.200,67.680,-9.717,-1.817,5.723,,,,,,,,,,,,
1,B,11476505,2709,,,,,,,,,,,,,3.357,-46.665,54.051,,,
1,S,11476505,677,5.600,-36.000,68.000,-9.723,-1.827,5.753,,,,,,,,,,,,
1,B,11479214,2709,,,,,,,,,,-9.945,-1.648,5.410,,,,,,
1,S,11479214,2709,5.600,-33.120,69.600,-9.672,-1.887,5.817,,,,,,,,,,,,
1,B,11482602,3388,,,,,,,,,,,,,,,,47.938,-84.688,35.812
1,S,11482602,3388,5.600,-28.960,70.880,-9.777,-1.718,5.987,,,,,,,,,,,,
1,B,11485310,2708,,,,,,,,,,,,,3.581,-36.593,58.415,,,
1,S,11485310,2708,4.320,-24.800,71.520,-10.072,-1.363,6.228,,,,,,,,,,,,
1,B,11488678,3368,,,,,,,,,,-10.559,-1.148,5.930,,,,,,
1,S,11488678,3368,3.360,-19.360,71.840,-10.182,-1.028,6.303,,,,,,,,,,,,
1,B,11491407,2729,,,,,,,,,,,,,,,,47.438,-84.312,36.062
1,S,11491407,2729,3.040,-15.520,71.840,-9.762,-0.787,6.088,,,,,,,,,,,,
1,B,11494115,2708,,,,,,,,,,,,,2.686,-25.291,61.548,,,
1,S,11494115,2708,2.720,-12.320,71.840,-9.293,-0.637,5.902,,,,,,,,,,,,
1,B,11498180,4065,,,,,,,,,,-9.355,-0.441,5.457,,,,,,
1,S,11498180,4065,1.760,-7.200,73.120,-9.027,-0.247,5.853,,,,,,,,,,,,
1,B,11500212,2032,,,,,,,,,,-9.441,0.113,5.535,,,,,,
1,S,11500212,2032,0.480,-4.000,73.440,-9.072,-0.072,5.902,,,,,,,,,,,,
1,B,11503599,3387,,,,,,,,,,,,,,,,47.625,-85.688,36.438
1,S,11503599,3387,0.480,1.120,72.800,-9.258,0.212,5.997,,,,,,,,,,,,
1,B,11506308,2709,,,,,,,,,,,,,0.895,-13.093,63.003,,,
1,S,11506308,2709,-0.480,5.280,71.520,-9.428,0.463,6.058,,,,,,,,,,,,
1,B,11509675,3367,,,,,,,,,,,,,,,,47.000,-86.938,36.938
1,S,11509675,3367,-2.080,10.080,70.560,-9.533,0.623,6.143,,,,,,,,,,,,
1,B,11512404,2729,,,,,,,,,,-9.840,0.680,5.719,,,,,,
1,S,11512404,2729,-4.000,14.560,70.560,-9.537,0.657,6.223,,,,,,,,,,,,
1,B,11515791,3387,,,,,,,,,,,,,-1.902,-0.448,62.891,,,
1,S,11515791,3387,-5.600,20.000,70.240,-9.408,0.693,6.218,,,,,,,,,,,,
1,B,11520532,4741,,,,,,,,,,,,,,,,47.500,-86.375,37.188
1,S,11520532,4741,-7.520,27.040,67.680,-9.242,0.887,6.162,,,,,,,,,,,,
1,B,11523241,2709,,,,,,,,,,,,,-6.043,12.869,61.436,,,
1,S,11523241,2709,-10.720,31.520,66.400,-9.197,1.008,6.168,,,,,,,,,,,,
1,B,11530014,6773,,,,,,,,,,-9.395,1.148,5.719,,,,,,
1,S,11530014,6773,-12.000,42.400,64.160,-9.268,1.377,6.213,,,,,,,,,,,,
1,B,11532046,2032,,,,,,,,,,,,,-10.967,26.746,58.639,,,
1,S,11532046,2032,-16.480,45.600,63.200,-9.283,1.498,6.168,,,,,,,,,,,,
1,B,11537465,5419,,,,,,,,,,-9.512,1.551,5.680,,,,,,
1,S,11537465,5419,-18.080,54.240,60.640,-9.268,1.792,6.122,,,,,,,,,,,,
1,B,11539497,2032,,,,,,,,,,,,,,,,46.938,-85.438,36.312
1,S,11539497,2032,-20.000,57.760,59.680,-9.277,1.958,6.117,,,,,,,,,,,,
1,B,11542206,2709,,,,,,,,,,-9.461,2.105,5.621,,,,,,
1,S,11542206,2709,-20.000,62.560,58.080,-9.248,2.167,6.062,,,,,,,,,,,,
1,B,11546270,4064,,,,,,,,,,,,,,,,46.688,-86.312,36.625
1,S,11546270,4064,-20.320,69.280,55.200,-9.113,2.578,5.923,,,,,,,,,,,,
1,B,11548302,2032,,,,,,,,,,,,,-15.555,40.958,54.834,,,
1,S,11548302,2032,-21.280,71.840,53.600,-9.072,2.828,5.878,,,,,,,,,,,,
1,B,11551689,3387,,,,,,,,,,-9.316,2.891,5.441,,,,,,
1,S,11551689,3387,-22.240,76.000,50.400,-9.193,3.297,5.883,,,,,,,,,,,,
1,B,11555754,4065,,,,,,,,,,,,,,,,46.688,-86.375,35.875
1,S,11555754,4065,-24.160,82.080,47.200,-9.432,3.723,5.897,,,,,,,,,,,,
1,B,11558462,2708,,,,,,,,,,,,,-19.136,54.946,49.910,,,
1,S,11558462,2708,-24.160,86.560,44.640,-9.508,3.888,5.878,,,,,,,,,,,,
1,B,11560495,2033,,,,,,,,,,-9.602,3.715,5.422,,,,,,
1,S,11560495,2033,-23.840,89.440,42.720,-9.518,3.973,5.827,,,,,,,,,,,,
1,B,11563882,3387,,,,,,,,,,,,,,,,47.438,-86.500,35.750
1,S,11563882,3387,-23.840,94.560,38.880,-9.432,4.103,5.713,,,,,,,,,,,,
1,B,11565914,2032,,,,,,,,,,,,,-21.038,68.486,43.084,,,
1,S,11565914,2032,-23.840,97.760,36.640,-9.348,4.168,5.647,,,,,,,,,,,,
1,B,11569300,3386,,,,,,,,,,-9.633,4.023,5.258,,,,,,
1,S,11569300,3386,-24.160,102.880,33.440,-9.252,4.312,5.537,,,,,,,,,,,,
1,B,11572687,3387,,,,,,,,,,,,,,,,46.875,-86.062,36.000
1,S,11572687,3387,-24.800,108.000,30.240,-9.318,4.553,5.433,,,,,,,,,,,,
1,B,11574719,2032,,,,,,,,,,,,,-22.157,81.691,34.691,,,
1,S,11574719,2032,-24.800,110.880,28.320,-9.463,4.742,5.367,,,,,,,,,,,,
1,B,11578105,3386,,,,,,,,,,-9.504,4.445,4.980,,,,,,
1,S,11578105,3386,-25.120,115.680,23.840,-9.828,5.117,5.213,,,,,,,,,,,,
1,B,11581492,3387,,,,,,,,,,,,,,,,46.062,-86.688,36.938
1,S,11581492,3387,-25.440,120.480,18.400,-10.258,5.442,4.968,,,,,,,,,,,,
1,B,11584201,2709,,,,,,,,,,,,,-22.941,94.672,24.955,,,
1,S,11584201,2709,-26.080,124.320,13.920,-10.598,5.558,4.683,,,,,,,,,,,,
1,B,11588265,4064,,,,,,,,,,-10.180,5.180,4.598,,,,,,
1,S,11588265,4064,-27.040,129.440,8.800,-11.033,5.503,4.082,,,,,,,,,,,,
1,B,11590297,2032,,,,,,,,,,,,,,,,46.062,-86.688,36.938
1,S,11590297,2032,-28.320,132.000,6.560,-11.252,5.588,3.692,,,,,,,,,,,,
1,B,11593006,2709,,,,,,,,,,-11.117,5.344,3.609,,,,,,
1,S,11593006,2709,-29.280,135.520,3.040,-11.512,5.838,3.027,,,,,,,,,,,,
1,B,11595716,2710,,,,,,,,,,,,,-24.843,107.206,13.429,,,
1,S,11595716,2710,-30.560,138.080,-1.760,-11.732,6.077,2.203,,,,,,,,,,,,
1,B,11598425,2709,,,,,,,,,,-11.719,5.824,1.801,,,,,,
1,S,11598425,2709,-31.840,139.360,-8.160,-11.982,6.223,1.292,,,,,,,,,,,,
1,B,11601812,3387,,,,,,,,,,,,,,,,45.562,-85.125,36.375
1,S,11601812,3387,-33.120,140.000,-15.520,-12.232,6.112,0.107,,,,,,,,,,,,
1,B,11603844,2032,,,,,,,,,,,,,-27.976,116.830,-0.336,,,
1,S,11603844,2032,-34.720,139.680,-19.680,-12.303,5.957,-0.618,,,,,,,,,,,,
1,B,11607908,4064,,,,,,,,,,-12.285,5.785,-0.871,,,,,,
1,S,11607908,4064,-36.000,138.080,-26.720,-12.357,5.723,-2.292,,,,,,,,,,,,
1,B,11610617,2709,,,,,,,,,,-12.473,5.754,-4.262,,,,,,
1,S,11610617,5418,-38.240,135.520,-37.600,-12.678,6.018,-4.758,,,,,,,,,,,,
1,B,11614003,3386,,,,,,,,,,,,,,,,45.688,-87.625,38.250
1,S,11614003,677,-40.160,130.720,-39.200,-12.668,6.013,-4.978,,,,,,,,,,,,
1,B,11616035,2032,,,,,,,,,,,,,-31.781,120.075,-16.562,,,
1,S,11616035,2032,-40.480,126.560,-44.000,-12.398,5.862,-5.473,,,,,,,,,,,,
1,B,11619422,3387,,,,,,,,,,-11.250,4.828,-6.312,,,,,,
1,S,11619422,3387,-41.760,119.200,-50.720,-11.123,4.902,-5.918,,,,,,,,,,,,
1,B,11622809,3387,,,,,,,,,,,,,,,,44.875,-86.000,37.812
1,S,11622809,3387,-43.360,112.480,-55.520,-9.818,3.583,-6.082,,,,,,,,,,,,
1,B,11624842,2033,,,,,,,,,,,,,-35.586,113.696,-33.907,,,
1,S,11624842,2033,-44.000,108.960,-57.440,-9.338,3.022,-6.117,,,,,,,,,,,,
1,B,11628906,4064,,,,,,,,,,-9.195,2.785,-6.590,,,,,,
1,S,11628906,4064,-44.640,101.600,-60.320,-8.713,2.422,-6.168,,,,,,,,,,,,
1,B,11631615,2709,,,,,,,,,,,,,,,,44.812,-86.562,38.250
1,S,11631615,2709,-44.640,95.200,-62.560,-8.568,1.992,-6.138,,,,,,,,,,,,
1,B,11633647,2032,,,,,,,,,,,,,-38.608,99.708,-48.343,,,
1,S,11633647,2032,-44.640,90.400,-63.520,-8.592,1.688,-6.062,,,,,,,,,,,,
1,B,11637711,4064,,,,,,,,,,-8.844,1.609,-6.367,,,,,,
1,S,11637711,4064,-44.320,82.400,-64.480,-8.633,1.282,-5.933,,,,,,,,,,,,
1,B,11640420,2709,,,,,,,,,,,,,,,,44.812,-86.125,38.125
1,S,11640420,2709,-42.720,77.600,-64.160,-8.557,1.093,-5.803,,,,,,,,,,,,
1,B,11643807,3387,,,,,,,,,,,,,-38.384,82.027,-56.401,,,
1,S,11643807,3387,-41.120,71.840,-62.880,-8.432,0.887,-5.487,,,,,,,,,,,,
1,B,11647871,4064,,,,,,,,,,-8.758,1.129,-5.879,,,,,,
1,S,11647871,4064,-38.240,65.120,-60.960,-8.277,0.733,-4.968,,,,,,,,,,,,
1,B,11649903,2032,,,,,,,,,,-8.520,0.949,-4.941,,,,,,
1,S,11649903,2032,-32.800,62.240,-59.680,-8.162,0.772,-4.737,,,,,,,,,,,,
1,B,11653289,3386,,,,,,,,,,,,,,,,44.750,-86.688,38.500
1,S,11653289,3386,-29.920,57.440,-57.760,-7.963,1.012,-4.492,,,,,,,,,,,,
1,B,11655999,2710,,,,,,,,,,,,,-33.348,64.570,-57.967,,,
1,S,11655999,2710,-24.800,53.600,-56.480,-7.957,1.288,-4.402,,,,,,,,,,,,
1,B,11660062,4063,,,,,,,,,,,,,,,,46.438,-86.625,38.312
1,S,11660062,4063,-20.640,47.840,-54.560,-8.312,1.778,-4.308,,,,,,,,,,,,
1,B,11663449,3387,,,,,,,,,,,,,-23.388,49.574,-55.058,,,
1,S,11663449,3387,-14.560,43.680,-53.600,-8.658,2.373,-4.202,,,,,,,,,,,,
1,B,11669545,6096,,,,,,,,,,-9.051,2.871,-4.359,,,,,,
1,S,11669545,6096,-9.440,36.960,-53.920,-8.688,3.397,-3.837,,,,,,,,,,,,
1,B,11671577,2032,,,,,,,,,,,,,-10.967,37.377,-52.372,,,
1,S,11671577,2032,-1.440,35.040,-54.560,-8.557,3.587,-3.688,,,,,,,,,,,,
1,B,11678350,6773,,,,,,,,,,-8.699,3.676,-3.859,,,,,,
1,S,11678350,6773,1.120,28.640,-57.120,-7.957,3.513,-3.493,,,,,,,,,,,,
1,B,11680382,2032,,,,,,,,,,,,,,,,44.625,-84.750,37.812
1,S,11680382,2032,10.080,26.720,-57.760,-7.817,3.257,-3.553,,,,,,,,,,,,
1,B,11682414,2032,,,,,,,,,,,,,1.455,27.641,-52.148,,,
1,S,11682414,2032,12.640,24.800,-58.080,-7.763,2.922,-3.658,,,,,,,,,,,,
1,B,11687155,4741,,,,,,,,,,-8.113,3.180,-3.812,,,,,,
1,S,11687155,4741,15.200,20.000,-59.040,-8.027,1.988,-4.058,,,,,,,,,,,,
1,B,11690542,3387,,,,,,,,,,,,,,,,44.812,-85.062,38.312
1,S,11690542,3387,19.360,17.120,-59.360,-8.402,1.433,-4.378,,,,,,,,,,,,
1,B,11692574,2032,,,,,,,,,,-8.535,1.754,-4.500,,,,,,
1,S,11692574,2032,21.920,15.520,-59.360,-8.607,1.212,-4.537,,,,,,,,,,,,
1,B,11694606,2032,,,,,,,,,,,,,11.974,19.024,-53.715,,,
1,S,11694606,2032,22.880,13.600,-59.680,-8.758,1.062,-4.638,,,,,,,,,,,,
1,B,11699347,4741,,,,,,,,,,,,,,,,46.438,-85.562,38.438
1,S,11699347,4741,24.160,8.800,-59.360,-8.822,0.772,-4.697,,,,,,,,,,,,
1,B,11701379,2032,,,,,,,,,,-9.098,1.035,-5.000,,,,,,
1,S,11701379,2032,26.720,7.200,-59.040,-8.742,0.603,-4.678,,,,,,,,,,,,
1,B,11703412,2033,,,,,,,,,,,,,20.031,11.191,-54.946,,,
1,S,11703412,2033,28.000,5.600,-58.720,-8.627,0.388,-4.647,,,,,,,,,,,,
1,B,11708153,4741,,,,,,,,,,-8.824,0.395,-4.922,,,,,,
1,S,11708153,4741,29.600,1.760,-57.760,-8.352,-0.147,-4.582,,,,,,,,,,,,
1,B,11710185,2032,,,,,,,,,,,,,,,,47.250,-86.188,37.688
1,S,11710185,2032,33.440,0.160,-57.760,-8.262,-0.383,-4.577,,,,,,,,,,,,
1,B,11713572,3387,,,,,,,,,,,,,26.298,3.469,-54.946,,,
1,S,11713572,3387,34.720,-2.720,-56.800,-8.223,-0.792,-4.622,,,,,,,,,,,,
1,B,11717636,4064,,,,,,,,,,-8.520,-0.496,-4.895,,,,,,
1,S,11717636,4064,36.320,-6.880,-55.840,-8.328,-1.268,-4.777,,,,,,,,,,,,
1,B,11720345,2709,,,,,,,,,,-8.695,-1.195,-5.191,,,,,,
1,S,11720345,2709,37.600,-10.400,-55.520,-8.443,-1.508,-4.883,,,,,,,,,,,,
1,B,11723054,2709,,,,,,,,,,,,,,,,45.375,-84.750,39.062
1,S,11723054,2709,37.920,-13.920,-54.880,-8.502,-1.633,-4.938,,,,,,,,,,,,
1,B,11725764,2710,,,,,,,,,,,,,30.886,-4.700,-53.603,,,
1,S,11725764,2710,38.560,-17.120,-53.920,-8.443,-1.738,-4.938,,,,,,,,,,,,
1,B,11729150,3386,,,,,,,,,,-8.637,-1.582,-5.258,,,,,,
1,S,11729150,3386,39.200,-20.640,-52.960,-8.283,-1.877,-4.888,,,,,,,,,,,,
1,B,11732537,3387,,,,,,,,,,,,,,,,46.125,-84.312,37.688
1,S,11732537,3387,40.160,-23.520,-52.320,-8.143,-1.883,-4.777,,,,,,,,,,,,
1,B,11734569,2032,,,,,,,,,,,,,33.236,-13.541,-51.589,,,
1,S,11734569,2032,39.520,-25.760,-52.000,-8.102,-1.817,-4.683,,,,,,,,,,,,
1,B,11738633,4064,,,,,,,,,,-8.371,-1.523,-4.961,,,,,,
1,S,11738633,4064,38.880,-30.560,-51.040,-8.133,-1.762,-4.452,,,,,,,,,,,,
1,B,11741342,2709,,,,,,,,,,,,,,,,46.438,-83.500,38.188
1,S,11741342,2709,37.600,-34.080,-50.720,-8.242,-1.827,-4.312,,,,,,,,,,,,
1,B,11743374,2032,,,,,,,,,,-8.621,-1.762,-4.617,,,,,,
1,S,11743374,2032,37.280,-36.320,-50.720,-8.367,-1.978,-4.237,,,,,,,,,,,,
1,B,11746761,3387,,,,,,,,,,,,,33.572,-23.165,-49.462,,,
1,S,11746761,3387,37.280,-39.840,-50.080,-8.572,-2.337,-4.183,,,,,,,,,,,,
1,B,11748793,2032,,,,,,,,,,,,,,,,46.938,-85.438,38.812
1,S,11748793,2032,36.320,-42.400,-49.760,-8.643,-2.547,-4.168,,,,,,,,,,,,
1,B,11752179,3386,,,,,,,,,,-8.859,-2.508,-4.480,,,,,,
1,S,11752179,3386,35.360,-46.880,-48.800,-8.598,-2.868,-4.122,,,,,,,,,,,,
1,B,11754211,2032,,,,,,,,,,,,,31.669,-33.348,-47.672,,,
1,S,11754211,2032,34.080,-49.760,-47.840,-8.473,-3.018,-4.082,,,,,,,,,,,,
1,B,11758954,4743,,,,,,,,,,,,,,,,47.500,-83.250,37.062
1,S,11758954,4743,33.440,-57.120,-45.920,-8.037,-3.248,-3.902,,,,,,,,,,,,
1,B,11762339,3385,,,,,,,,,,-8.332,-2.969,-4.242,,,,,,
1,S,11762339,3385,31.520,-62.240,-44.640,-7.902,-3.428,-3.743,,,,,,,,,,,,
1,B,11764371,2032,,,,,,,,,,,,,28.312,-44.650,-45.210,,,
1,S,11764371,2032,29.600,-64.480,-44.000,-8.098,-3.692,-3.623,,,,,,,,,,,,
1,B,11768436,4065,,,,,,,,,,,,,,,,46.625,-83.812,38.688
1,S,11768436,4065,28.000,-68.960,-41.440,-9.623,-5.397,-3.402,,,,,,,,,,,,
1,B,11771145,2709,,,,,,,,,,-9.156,-4.301,-3.906,,,,,,
1,S,11771145,2709,23.840,-71.840,-38.240,-11.158,-6.978,-3.458,,,,,,,,,,,,
1,B,11773177,2032,,,,,,,,,,,,,22.941,-56.065,-41.069,,,
1,S,11773177,2032,20.640,-74.080,-35.040,-11.973,-7.617,-3.667,,,,,,,,,,,,
1,B,11777241,4064,,,,,,,,,,-12.262,-6.809,-4.051,,,,,,
1,S,11777241,4064,18.720,-82.080,-27.040,-11.002,-6.317,-3.922,,,,,,,,,,,,
1,B,11779951,2710,,,,,,,,,,,,,,,,47.812,-83.938,37.375
1,S,11779951,2710,19.040,-88.160,-22.560,-8.857,-4.742,-3.433,,,,,,,,,,,,
1,B,11781983,2032,,,,,,,,,,-7.309,-3.180,-3.113,,,,,,
1,S,11781983,2032,20.640,-92.000,-20.000,-7.138,-3.598,-2.862,,,,,,,,,,,,
1,B,11784673,2690,,,,,,,,,,,,,18.688,-69.158,-32.117,,,
1,S,11784673,2690,20.960,-95.520,-18.400,-5.688,-2.627,-2.377,,,,,,,,,,,,
1,B,11788756,4083,,,,,,,,,,,,,,,,48.562,-85.000,37.688
1,S,11788756,4083,20.000,-98.720,-18.080,-4.388,-1.857,-1.962,,,,,,,,,,,,
1,B,11792142,3386,,,,,,,,,,-5.129,-2.145,-2.422,,,,,,
1,S,11792142,3386,18.720,-101.600,-18.080,-5.463,-3.178,-2.172,,,,,,,,,,,,
1,B,11794174,2032,,,,,,,,,,,,,15.331,-81.579,-23.724,,,
1,S,11794174,2032,15.520,-103.520,-17.120,-6.397,-3.812,-2.337,,,,,,,,,,,,
1,B,11798238,4064,,,,,,,,,,,,,,,,48.375,-83.188,37.250
1,S,11798238,4064,13.600,-106.400,-14.560,-8.312,-5.348,-2.578,,,,,,,,,,,,
1,B,11801625,3387,,,,,,,,,,-8.395,-4.863,-2.977,,,,,,
1,S,11801625,3387,9.760,-108.960,-12.000,-9.188,-6.378,-2.723,,,,,,,,,,,,
1,B,11804334,2709,,,,,,,,,,,,,9.736,-91.539,-16.898,,,
1,S,11804334,2709,4.960,-112.160,-8.160,-8.822,-5.973,-2.612,,,,,,,,,,,,
1,B,11808398,4064,,,,,,,,,,-8.797,-5.047,-2.871,,,,,,
1,S,11808398,4064,0.800,-116.320,-2.720,-7.692,-4.853,-1.907,,,,,,,,,,,,
1,B,11810430,2032,,,,,,,,,,,,,,,,48.312,-82.750,37.125
1,S,11810430,2032,-5.280,-117.920,-1.120,-7.287,-4.202,-1.548,,,,,,,,,,,,
1,B,11813139,2709,,,,,,,,,,,,,0.224,-99.820,-9.400,,,
1,S,11813139,2709,-8.800,-118.880,0.160,-7.022,-3.308,-1.262,,,,,,,,,,,,
1,B,11817203,4064,,,,,,,,,,-7.352,-2.891,-1.715,,,,,,
1,S,11817203,4064,-12.640,-120.800,-0.480,-8.398,-3.757,-0.748,,,,,,,,,,,,
1,B,11819235,2032,,,,,,,,,,,,,,,,49.562,-83.875,36.375
1,S,11819235,2032,-16.160,-120.160,-1.120,-11.307,-6.242,-0.068,,,,,,,,,,,,
1,B,11823978,4743,,,,,,,,,,,,,-12.533,-104.296,-3.917,,,
1,S,11823978,4743,-20.640,-115.040,0.800,-20.392,-11.023,1.758,,,,,,,,,,,,
1,B,11830072,6094,,,,,,,,,,-15.836,-9.020,-0.027,,,,,,
1,S,11830072,6094,-33.440,-109.600,16.800,-14.223,-4.428,2.243,,,,,,,,,,,,
1,B,11832104,2032,,,,,,,,,,,,,,,,49.312,-83.125,35.750
1,S,11832104,2032,-25.760,-108.320,19.040,-8.732,-0.748,1.933,,,,,,,,,,,,
1,B,11834815,2711,,,,,,,,,,,,,-20.926,-102.618,3.581,,,
1,S,11834815,2711,-22.240,-106.400,15.840,-4.157,1.817,1.758,,,,,,,,,,,,
1,B,11840213,5398,,,,,,,,,,-16.297,-5.422,2.270,,,,,,
1,S,11840213,5398,-18.400,-100.000,12.000,-9.113,-2.772,3.663,,,,,,,,,,,,
1,B,11842265,2052,,,,,,,,,,,,,,,,49.375,-83.000,36.188
1,S,11842265,2052,-14.880,-95.840,16.480,-14.697,-6.452,5.173,,,,,,,,,,,,
1,B,11844297,2032,,,,,,,,,,,,,-19.919,-95.680,9.848,,,
1,S,11844297,6096,-13.600,-91.360,22.560,-11.412,-4.072,3.732,,,,,,,,,,,,
1,B,11849038,4741,,,,,,,,,,-15.691,-6.102,5.238,,,,,,
1,S,11849038,677,-4.960,-85.600,28.000,-10.078,-3.322,3.317,,,,,,,,,,,,
1,B,11851070,2032,,,,,,,,,,-6.500,-1.523,2.059,,,,,,
1,S,11851070,2032,-4.000,-84.960,26.080,-6.697,-1.617,2.357,,,,,,,,,,,,
1,B,11854457,3387,,,,,,,,,,,,,,,,49.875,-83.938,35.562
1,S,11854457,3387,-1.760,-83.360,23.840,-5.702,-1.613,2.263,,,,,,,,,,,,
1,B,11856489,2032,,,,,,,,,,,,,-12.533,-85.272,16.226,,,
1,S,11856489,2032,0.480,-81.440,24.800,-7.768,-2.708,2.913,,,,,,,,,,,,
1,B,11859876,3387,,,,,,,,,,,,,,,,48.438,-82.625,35.125
1,S,11859876,3387,1.760,-76.640,29.920,-11.857,-4.372,4.207,,,,,,,,,,,,
1,B,11863262,3386,,,,,,,,,,-12.039,-3.695,3.906,,,,,,
1,S,11863262,3386,4.320,-72.160,33.760,-12.102,-3.947,4.638,,,,,,,,,,,,
1,B,11866649,3387,,,,,,,,,,,,,-3.469,-74.753,21.486,,,
1,S,11866649,3387,7.520,-68.960,33.760,-9.268,-2.143,3.987,,,,,,,,,,,,
1,B,11870035,3386,,,,,,,,,,-8.906,-1.629,3.555,,,,,,
1,S,11870035,3386,10.400,-65.440,33.120,-7.973,-1.532,3.607,,,,,,,,,,,,
1,B,11872745,2710,,,,,,,,,,,,,,,,50.062,-83.188,34.562
1,S,11872745,2710,12.320,-62.880,32.800,-8.988,-1.968,3.922,,,,,,,,,,,,
1,B,11875454,2709,,,,,,,,,,,,,4.812,-64.905,25.626,,,
1,S,11875454,2709,12.640,-60.320,33.120,-10.482,-2.553,4.482,,,,,,,,,,,,
1,B,11879518,4064,,,,,,,,,,-10.773,-2.191,4.289,,,,,,
1,S,11879518,4064,12.960,-56.480,35.360,-10.877,-2.592,4.822,,,,,,,,,,,,
1,B,11881550,2032,,,,,,,,,,,,,,,,50.375,-83.750,34.875
1,S,11881550,2032,15.520,-54.240,36.000,-10.098,-2.197,4.598,,,,,,,,,,,,
1,B,11884938,3388,,,,,,,,,,-9.418,-1.570,4.004,,,,,,
1,S,11884938,3388,16.800,-50.720,36.960,-8.627,-1.567,4.107,,,,,,,,,,,,
1,B,11888323,3385,,,,,,,,,,,,,10.967,-55.393,28.648,,,
1,S,11888323,3385,17.760,-47.200,37.280,-8.293,-1.343,4.018,,,,,,,,,,,,
1,B,11891032,2709,,,,,,,,,,,,,,,,50.188,-85.688,34.938
1,S,11891032,2709,18.720,-44.640,37.920,-8.828,-1.488,4.272,,,,,,,,,,,,
1,B,11893743,2711,,,,,,,,,,-9.203,-1.340,3.957,,,,,,
1,S,11893743,2711,19.040,-42.080,38.240,-9.453,-1.728,4.562,,,,,,,,,,,,
1,B,11897129,3386,,,,,,,,,,,,,14.772,-46.665,30.662,,,
1,S,11897129,3386,19.360,-38.880,39.200,-9.717,-1.857,4.678,,,,,,,,,,,,
1,B,11900516,3387,,,,,,,,,,-9.848,-1.617,4.309,,,,,,
1,S,11900516,3387,19.680,-35.680,39.520,-9.568,-1.788,4.633,,,,,,,,,,,,
1,B,11903903,3387,,,,,,,,,,,,,,,,49.438,-83.938,34.938
1,S,11903903,3387,19.360,-32.800,39.840,-9.543,-1.667,4.567,,,,,,,,,,,,
1,B,11905935,2032,,,,,,,,,,,,,16.562,-38.160,32.341,,,
1,S,11905935,2032,18.720,-30.880,40.480,-9.623,-1.607,4.537,,,,,,,,,,,,
1,B,11909321,3386,,,,,,,,,,-9.926,-1.379,4.164,,,,,,
1,S,11909321,3386,18.400,-27.680,41.440,-9.637,-1.508,4.478,,,,,,,,,,,,
1,B,11912708,3387,,,,,,,,,,,,,,,,50.125,-83.625,33.875
1,S,11912708,3387,18.080,-24.480,41.760,-9.328,-1.222,4.332,,,,,,,,,,,,
1,B,11914740,2032,,,,,,,,,,,,,16.338,-29.991,34.019,,,
1,S,11914740,2032,18.080,-22.880,42.080,-9.137,-1.018,4.242,,,,,,,,,,,,
1,B,11919481,4741,,,,,,,,,,-9.410,-0.832,3.852,,,,,,
1,S,11919481,4741,18.080,-19.680,42.080,-9.348,-0.762,4.338,,,,,,,,,,,,
1,B,11921513,2032,,,,,,,,,,-10.008,-0.594,4.156,,,,,,
1,S,11921513,2032,16.800,-18.080,42.080,-9.648,-0.733,4.497,,,,,,,,,,,,
1,B,11924900,3387,,,,,,,,,,,,,,,,49.312,-84.625,34.938
1,S,11924900,3387,15.840,-15.200,42.080,-10.012,-0.662,4.718,,,,,,,,,,,,
1,B,11926932,2032,,,,,,,,,,,,,14.883,-22.269,35.362,,,
1,S,11926932,2032,14.560,-13.280,42.080,-10.043,-0.568,4.742,,,,,,,,,,,,
1,B,11930318,3386,,,,,,,,,,,,,,,,49.750,-84.562,34.562
1,S,11930318,3386,13.920,-10.080,41.760,-9.828,-0.383,4.617,,,,,,,,,,,,
1,B,11933705,3387,,,,,,,,,,-10.027,-0.289,4.234,,,,,,
1,S,11933705,3387,13.920,-6.880,41.760,-9.512,-0.253,4.473,,,,,,,,,,,,
1,B,11937091,3386,,,,,,,,,,,,,12.869,-14.660,35.810,,,
1,S,11937091,3386,13.920,-4.000,41.440,-9.293,-0.158,4.402,,,,,,,,,,,,
1,B,11940478,3387,,,,,,,,,,-9.539,-0.039,4.004,,,,,,
1,S,11940478,3387,13.280,-0.800,41.120,-9.258,-0.087,4.362,,,,,,,,,,,,
1,B,11943866,3388,,,,,,,,,,,,,,,,49.312,-83.000,33.938
1,S,11943866,3388,13.600,2.080,40.480,-9.352,0.098,4.393,,,,,,,,,,,,
1,B,11945898,2032,,,,,,,,,,,,,11.302,-6.826,35.362,,,
1,S,11945898,2032,13.600,4.000,39.520,-9.422,0.212,4.463,,,,,,,,,,,,
1,B,11949284,3386,,,,,,,,,,-9.625,0.305,4.137,,,,,,
1,S,11949284,3386,13.600,6.880,38.560,-9.523,0.367,4.577,,,,,,,,,,,,
1,B,11952671,3387,,,,,,,,,,,,,,,,49.312,-85.688,35.500
1,S,11952671,3387,13.600,10.400,38.240,-9.453,0.338,4.582,,,,,,,,,,,,
1,B,11954703,2032,,,,,,,,,,,,,10.967,1.007,33.907,,,
1,S,11954703,2032,13.920,12.320,37.920,-9.352,0.297,4.567,,,,,,,,,,,,
1,B,11958767,4064,,,,,,,,,,-9.609,0.422,4.203,,,,,,
1,S,11958767,4064,13.920,16.160,36.320,-9.178,0.302,4.543,,,,,,,,,,,,
1,B,11961476,2709,,,,,,,,,,-9.391,0.496,4.109,,,,,,
1,S,11961476,2709,13.920,18.400,35.040,-9.148,0.403,4.503,,,,,,,,,,,,
1,B,11964863,3387,,,,,,,,,,,,,,,,49.500,-84.375,34.312
1,S,11964863,3387,14.240,21.920,33.760,-9.248,0.627,4.438,,,,,,,,,,,,
1,B,11966895,2032,,,,,,,,,,,,,11.191,9.064,31.781,,,
1,S,11966895,2032,14.880,24.160,33.120,-9.328,0.782,4.418,,,,,,,,,,,,
1,B,11970281,3386,,,,,,,,,,-9.594,0.996,4.098,,,,,,
1,S,11970281,3386,15.200,27.040,32.160,-9.422,1.032,4.383,,,,,,,,,,,,
1,B,11973668,3387,,,,,,,,,,,,,,,,49.250,-86.312,35.188
1,S,11973668,3387,16.160,30.240,30.880,-9.467,1.302,4.287,,,,,,,,,,,,
1,B,11975700,2032,,,,,,,,,,,,,12.086,17.234,28.984,,,
1,S,11975700,2032,16.800,32.480,29.920,-9.498,1.548,4.183,,,,,,,,,,,,
1,B,11979086,3386,,,,,,,,,,-9.711,1.879,3.766,,,,,,
1,S,11979086,3386,16.800,35.680,27.680,-9.502,2.272,3.958,,,,,,,,,,,,
1,B,11982473,3387,,,,,,,,,,,,,,,,48.188,-85.562,35.000
1,S,11982473,3387,17.760,38.240,24.480,-9.408,2.882,3.737,,,,,,,,,,,,
1,B,11984505,2032,,,,,,,,,,,,,14.100,25.067,24.731,,,
1,S,11984505,2032,20.000,39.200,22.240,-9.318,3.002,3.607,,,,,,,,,,,,
1,B,11988569,4064,,,,,,,,,,-9.406,2.902,3.219,,,,,,
1,S,11988569,4064,21.600,41.120,17.440,-9.258,2.812,3.413,,,,,,,,,,,,
1,B,11991278,2709,,,,,,,,,,-9.625,2.508,3.055,,,,,,
1,S,11991278,5420,24.480,43.040,14.880,-9.502,2.428,3.388,,,,,,,,,,,,
1,B,11994665,3387,,,,,,,,,,,,,,,,47.438,-84.375,35.375
1,S,11994665,676,27.360,45.920,12.320,-9.523,2.408,3.388,,,,,,,,,,,,
1,B,11996698,2033,,,,,,,,,,,,,17.793,32.117,18.017,,,
1,S,11996698,2033,27.360,47.520,10.400,-9.568,2.357,3.357,,,,,,,,,,,,
1,B,12000083,3385,,,,,,,,,,,,,,,,48.125,-85.062,35.625
1,S,12000083,3385,28.320,50.080,6.880,-9.578,2.243,3.283,,,,,,,,,,,,
1,B,12003470,3387,,,,,,,,,,-9.762,2.184,2.930,,,,,,
1,S,12003470,3387,29.600,51.360,4.320,-9.477,2.067,3.147,,,,,,,,,,,,
1,B,12006838,3368,,,,,,,,,,,,,22.157,38.608,10.183,,,
1,S,12006838,3368,30.240,53.280,2.080,-9.348,1.913,3.047,,,,,,,,,,,,
1,B,12009567,2729,,,,,,,,,,-9.496,1.781,2.633,,,,,,
1,S,12009567,2729,31.200,54.880,0.800,-9.248,1.677,2.967,,,,,,,,,,,,
1,B,12012954,3387,,,,,,,,,,,,,,,,47.688,-84.562,35.625
1,S,12012954,3387,32.160,56.800,-1.120,-9.287,1.502,2.967,,,,,,,,,,,,
1,B,12015663,2709,,,,,,,,,,,,,25.738,44.427,2.686,,,
1,S,12015663,2709,32.800,58.720,-2.720,-9.373,1.347,2.942,,,,,,,,,,,,
1,B,12019727,4064,,,,,,,,,,-9.562,1.371,2.527,,,,,,
1,S,12019727,4064,33.120,61.600,-4.640,-9.463,1.107,2.882,,,,,,,,,,,,
1,B,12021759,2032,,,,,,,,,,,,,,,,47.875,-85.875,36.688
1,S,12021759,2032,32.800,62.880,-5.280,-9.502,0.998,2.803,,,,,,,,,,,,
1,B,12025145,3386,,,,,,,,,,,,,27.753,50.134,-3.245,,,
1,S,12025145,3386,32.800,65.120,-5.920,-9.537,0.733,2.578,,,,,,,,,,,,
1,B,12029209,4064,,,,,,,,,,-9.750,0.883,2.242,,,,,,
1,S,12029209,4064,32.480,66.720,-7.840,-9.402,0.547,2.217,,,,,,,,,,,,
1,B,12031919,2710,,,,,,,,,,-9.648,0.516,1.695,,,,,,
1,S,12031919,2710,32.160,67.680,-8.800,-9.453,0.427,2.103,,,,,,,,,,,,
1,B,12035305,3386,,,,,,,,,,,,,,,,47.188,-85.188,36.375
1,S,12035305,3386,31.520,69.280,-9.440,-9.693,0.292,2.078,,,,,,,,,,,,
1,B,12037337,2032,,,,,,,,,,,,,27.976,55.170,-7.386,,,
1,S,12037337,2032,31.200,70.560,-9.440,-9.787,0.177,1.988,,,,,,,,,,,,
1,B,12040724,3387,,,,,,,,,,-9.977,0.086,1.418,,,,,,
1,S,12040724,3387,31.200,72.160,-8.800,-9.818,-0.147,1.698,,,,,,,,,,,,
1,B,12044110,3386,,,,,,,,,,,,,,,,48.250,-85.938,36.562
1,S,12044110,3386,31.200,73.760,-8.800,-9.877,-0.623,1.393,,,,,,,,,,,,
1,B,12046142,2032,,,,,,,,,,,,,27.417,59.646,-9.960,,,
1,S,12046142,2032,31.200,74.080,-9.120,-9.977,-0.932,1.232,,,,,,,,,,,,
1,B,12049529,3387,,,,,,,,,,-10.277,-0.891,0.863,,,,,,
1,S,12049529,3387,30.880,74.400,-9.120,-10.098,-1.347,0.938,,,,,,,,,,,,
1,B,12052917,3388,,,,,,,,,,,,,,,,46.875,-84.500,36.812
1,S,12052917,3388,29.280,74.720,-7.840,-10.137,-1.468,0.547,,,,,,,,,,,,
1,B,12054949,2032,,,,,,,,,,,,,26.186,63.003,-10.295,,,
1,S,12054949,2032,28.000,75.040,-6.880,-10.113,-1.292,0.217,,,,,,,,,,,,
1,B,12059670,4721,,,,,,,,,,-10.367,-1.043,-0.039,,,,,,
1,S,12059670,4721,28.000,75.360,-5.600,-10.072,-0.853,-0.403,,,,,,,,,,,,
1,B,12061722,2052,,,,,,,,,,-10.453,-0.832,-0.871,,,,,,
1,S,12061722,2052,31.200,75.040,-5.600,-10.223,-0.892,-0.588,,,,,,,,,,,,
1,B,12065108,3386,,,,,,,,,,,,,,,,46.688,-84.188,37.062
1,S,12065108,3386,33.120,74.080,-5.280,-10.383,-1.127,-0.757,,,,,,,,,,,,
1,B,12067140,2032,,,,,,,,,,,,,26.410,64.793,-9.176,,,
1,S,12067140,2032,35.680,73.440,-5.280,-10.328,-1.228,-0.958,,,,,,,,,,,,
1,B,12071204,4064,,,,,,,,,,,,,,,,47.000,-84.312,37.250
1,S,12071204,4064,36.640,72.480,-4.000,-10.188,-1.548,-1.438,,,,,,,,,,,,
1,B,12074591,3387,,,,,,,,,,,,,29.096,64.570,-7.610,,,
1,S,12074591,3387,38.560,72.480,-2.080,-10.477,-2.252,-1.748,,,,,,,,,,,,
1,B,12081364,6773,,,,,,,,,,-10.441,-1.180,-1.656,,,,,,
1,S,12081364,6773,39.200,68.960,6.240,-11.713,-5.862,-4.188,,,,,,,,,,,,
1,B,12083396,2032,,,,,,,,,,,,,,,,47.500,-85.250,38.062
1,S,12083396,2032,34.080,65.120,12.320,-12.307,-7.692,-6.117,,,,,,,,,,,,
1,B,12085428,2032,,,,,,,,,,,,,29.655,61.772,-2.014,,,
1,S,12085428,2032,28.960,59.040,20.640,-12.758,-8.363,-7.878,,,,,,,,,,,,
1,B,12092201,6773,,,,,,,,,,-13.426,-7.289,-8.523,,,,,,
1,S,12092201,6773,23.840,33.440,42.720,-8.252,-1.472,-7.348,,,,,,,,,,,,
1,B,12094911,2710,,,,,,,,,,,,,,,,46.500,-84.375,37.688
1,S,12094911,2710,20.000,25.120,41.760,-4.643,2.183,-5.918,,,,,,,,,,,,
1,B,12098297,3386,,,,,,,,,,,,,24.843,48.903,13.317,,,
1,S,12098297,3386,22.880,17.120,36.640,-2.533,3.868,-4.942,,,,,,,,,,,,
1,B,12101684,3387,,,,,,,,,,-6.156,0.957,-6.770,,,,,,
1,S,12101684,3387,26.400,10.080,32.800,-4.447,1.488,-4.928,,,,,,,,,,,,
1,B,12105070,3386,,,,,,,,,,,,,,,,46.688,-84.188,37.062
1,S,12105070,3386,28.000,3.040,34.080,-8.178,-2.217,-5.168,,,,,,,,,,,,
1,B,12107102,2032,,,,,,,,,,,,,22.493,28.424,24.955,,,
1,S,12107102,2032,26.080,-0.800,37.280,-9.918,-3.572,-5.162,,,,,,,,,,,,
1,B,12110490,3388,,,,,,,,,,-10.863,-2.883,-5.441,,,,,,
1,S,12110490,3388,22.880,-7.840,43.360,-10.602,-3.047,-4.777,,,,,,,,,,,,
1,B,12113877,3387,,,,,,,,,,,,,,,,47.625,-85.625,37.188
1,S,12113877,3387,16.800,-15.520,46.880,-8.908,0.198,-3.922,,,,,,,,,,,,
1,B,12115909,2032,,,,,,,,,,,,,18.353,6.379,32.900,,,
1,S,12115909,2032,13.280,-19.360,45.920,-8.562,1.778,-2.978,,,,,,,,,,,,
1,B,12119295,3386,,,,,,,,,,-11.578,1.215,-2.039,,,,,,
1,S,12119295,3386,13.280,-18.720,39.200,-16.418,-0.983,2.308,,,,,,,,,,,,
1,B,12122682,3387,,,,,,,,,,,,,,,,46.562,-85.875,38.312
1,S,12122682,3387,7.840,-4.000,30.240,-20.703,-2.413,6.617,,,,,,,,,,,,
1,B,12124714,2032,,,,,,,,,,,,,6.267,-6.379,33.684,,,
1,S,12124714,2032,-17.760,5.280,24.160,-16.677,3.417,5.418,,,,,,,,,,,,
1,B,12129455,4741,,,,,,,,,,-13.824,5.285,4.023,,,,,,
1,S,12129455,4741,-27.360,10.400,10.720,-6.772,9.068,1.972,,,,,,,,,,,,
1,B,12131487,2032,,,,,,,,,,-9.906,3.504,3.273,,,,,,
1,S,12131487,2032,-6.880,10.720,6.880,-7.963,6.367,2.752,,,,,,,,,,,,
1,B,12134874,3387,,,,,,,,,,,,,,,,46.188,-84.812,37.875
1,S,12134874,3387,3.040,11.040,2.080,-10.018,1.337,3.002,,,,,,,,,,,,
1,B,12136906,2032,,,,,,,,,,,,,-2.126,-3.805,22.269,,,
1,S,12136906,2032,7.200,11.680,0.480,-10.482,-0.627,2.277,,,,,,,,,,,,
1,B,12140292,3386,,,,,,,,,,,,,,,,46.062,-84.438,38.062
1,S,12140292,3386,4.960,13.920,2.400,-10.182,-2.312,0.383,,,,,,,,,,,,
1,B,12143679,3387,,,,,,,,,,-10.316,-1.906,-0.258,,,,,,
1,S,12143679,3387,-0.160,12.960,5.920,-9.443,-2.348,-1.528,,,,,,,,,,,,
1,B,12147065,3386,,,,,,,,,,,,,-3.805,3.469,9.848,,,
1,S,12147065,3386,-3.040,10.080,8.160,-9.402,-2.397,-2.328,,,,,,,,,,,,
1,B,12150452,3387,,,,,,,,,,-10.023,-2.355,-2.488,,,,,,
1,S,12150452,3387,-1.760,7.840,10.080,-9.912,-2.268,-2.092,,,,,,,,,,,,
1,B,12153839,3387,,,,,,,,,,,,,,,,45.875,-84.188,37.500
1,S,12153839,3387,0.480,6.240,11.360,-10.473,-1.222,-1.272,,,,,,,,,,,,
1,B,12155871,2032,,,,,,,,,,,,,-2.798,6.714,5.148,,,
1,S,12155871,2032,2.400,5.920,11.680,-10.727,-0.398,-0.703,,,,,,,,,,,,
1,B,12159257,3386,,,,,,,,,,-10.891,-0.047,-1.082,,,,,,
1,S,12159257,3386,3.040,6.560,11.680,-10.662,1.012,-0.048,,,,,,,,,,,,
1,B,12162645,3388,,,,,,,,,,,,,,,,45.750,-85.938,38.000
1,S,12162645,3388,3.360,6.560,9.120,-10.338,2.297,0.362,,,,,,,,,,,,
1,B,12164677,2032,,,,,,,,,,-10.387,2.594,0.078,,,,,,
1,S,12164677,2032,2.720,5.920,6.880,-10.178,2.703,0.517,,,,,,,,,,,,
1,B,12168062,3385,,,,,,,,,,,,,-0.448,6.379,4.924,,,
1,S,12168062,3385,2.400,5.600,4.000,-10.018,2.473,0.362,,,,,,,,,,,,
1,B,12170095,2033,,,,,,,,,,,,,,,,46.062,-84.938,37.438
1,S,12170095,2033,3.360,5.280,2.720,-9.918,1.863,-0.037,,,,,,,,,,,,
1,B,12173482,3387,,,,,,,,,,-9.980,1.398,-0.766,,,,,,
1,S,12173482,3387,3.360,4.960,1.760,-9.648,0.812,-0.772,,,,,,,,,,,,
1,B,12176869,3387,,,,,,,,,,,,,1.231,4.924,3.133,,,
1,S,12176869,3387,2.720,4.320,1.440,-9.348,-0.068,-1.163,,,,,,,,,,,,
1,B,12178901,2032,,,,,,,,,,,,,,,,46.938,-84.938,37.688
1,S,12178901,2032,2.080,3.360,1.440,-9.312,-0.422,-1.248,,,,,,,,,,,,
1,B,12182287,3386,,,,,,,,,,-9.645,-0.461,-1.617,,,,,,
1,S,12182287,5418,1.760,2.080,2.080,-9.887,-0.998,-1.183,,,,,,,,,,,,
1,B,12184997,2710,,,,,,,,,,,,,1.455,2.798,1.231,,,
1,S,12184997,678,1.120,0.800,3.360,-9.957,-1.002,-1.137,,,,,,,,,,,,
1,B,12189060,4063,,,,,,,,,,,,,,,,46.500,-86.000,38.562
1,S,12189060,4063,0.800,-0.480,4.000,-10.152,-0.623,-0.618,,,,,,,,,,,,
1,B,12191092,2032,,,,,,,,,,-10.305,-0.680,-1.234,,,,,,
1,S,12191092,2032,0.800,-0.480,4.000,-10.197,-0.318,-0.263,,,,,,,,,,,,
1,B,12193802,2710,,,,,,,,,,,,,1.007,0.336,0.783,,,
1,S,12193802,2710,0.800,-0.800,3.360,-10.297,0.018,0.177,,,,,,,,,,,,
1,B,12197866,4064,,,,,,,,,,-10.531,0.172,-0.027,,,,,,
1,S,12197866,4064,1.440,-0.800,2.400,-10.307,0.193,0.583,,,,,,,,,,,,
1,B,12199898,2032,,,,,,,,,,,,,,,,45.625,-85.000,38.562
1,S,12199898,2032,1.760,-0.800,2.080,-10.168,0.182,0.688,,,,,,,,,,,,
1,B,12202607,2709,,,,,,,,,,-10.023,0.184,0.402,,,,,,
1,S,12202607,2709,1.440,-0.160,2.080,-9.842,0.077,0.723,,,,,,,,,,,,
1,B,12204639,2032,,,,,,,,,,,,,0.783,-1.007,0.448,,,
1,S,12204639,2032,1.120,0.160,2.080,-9.623,-0.068,0.688,,,,,,,,,,,,
1,B,12208703,4064,,,,,,,,,,,,,,,,45.812,-85.938,38.812
1,S,12208703,4064,0.800,0.480,2.080,-9.502,-0.398,0.557,,,,,,,,,,,,
1,B,12212089,3386,,,,,,,,,,-9.816,-0.410,0.199,,,,,,
1,S,12212089,3386,1.120,0.800,2.720,-9.627,-0.583,0.517,,,,,,,,,,,,
1,B,12214800,2711,,,,,,,,,,,,,0.448,-1.119,0.224,,,
1,S,12214800,2711,1.440,0.800,2.720,-9.713,-0.583,0.527,,,,,,,,,,,,
1,B,12218864,4064,,,,,,,,,,,,,,,,46.438,-85.562,38.500
1,S,12218864,4064,1.120,0.800,3.360,-9.867,-0.443,0.482,,,,,,,,,,,,
1,B,12222250,3386,,,,,,,,,,-10.105,-0.375,0.152,,,,,,
1,S,12222250,3386,0.480,0.800,2.720,-10.047,-0.302,0.448,,,,,,,,,,,,
1,B,12224282,2032,,,,,,,,,,,,,0.560,-0.448,0.336,,,
1,S,12224282,2032,1.120,0.480,2.400,-10.107,-0.207,0.432,,,,,,,,,,,,
1,B,12229003,4721,,,,,,,,,,-10.277,-0.020,0.105,,,,,,
1,S,12229003,4721,1.760,0.480,1.440,-10.062,-0.043,0.297,,,,,,,,,,,,
1,B,12231055,2052,,,,,,,,,,,,,,,,45.688,-85.438,38.625
1,S,12231055,2052,4.320,0.480,1.120,-9.982,-0.092,0.087,,,,,,,,,,,,
1,B,12233087,2032,,,,,,,,,,-10.070,-0.258,-0.461,,,,,,
1,S,12233087,2032,5.280,0.480,0.480,-9.928,-0.228,-0.087,,,,,,,,,,,,
1,B,12236474,3387,,,,,,,,,,,,,1.455,0.000,-0.224,,,
1,S,12236474,3387,5.600,-0.160,-0.800,-9.852,-0.613,-0.343,,,,,,,,,,,,
1,B,12238506,2032,,,,,,,,,,,,,,,,46.312,-84.688,37.500
1,S,12238506,2032,5.280,-0.480,-1.760,-9.863,-0.968,-0.487,,,,,,,,,,,,
1,B,12241893,3387,,,,,,,,,,-10.180,-1.398,-1.234,,,,,,
1,S,12241893,3387,4.000,-1.760,-3.040,-9.992,-1.623,-0.792,,,,,,,,,,,,
1,B,12244602,2709,,,,,,,,,,,,,1.679,-0.783,-1.902,,,
1,S,12244602,2709,1.440,-2.720,-3.360,-10.092,-1.722,-1.022,,,,,,,,,,,,
1,B,12248666,4064,,,,,,,,,,,,,,,,46.062,-84.438,38.062
1,S,12248666,4064,-0.480,-3.680,-3.680,-10.158,-1.058,-1.147,,,,,,,,,,,,
1,B,12252052,3386,,,,,,,,,,-10.309,-0.691,-1.512,,,,,,
1,S,12252052,3386,-2.400,-4.320,-4.640,-10.303,-0.193,-1.048,,,,,,,,,,,,
1,B,12254084,2032,,,,,,,,,,,,,-0.336,-2.910,-4.252,,,
1,S,12254084,2032,-2.720,-4.960,-5.920,-10.443,0.247,-0.973,,,,,,,,,,,,
1,B,12258826,4742,,,,,,,,,,,,,,,,46.125,-85.375,38.250
1,S,12258826,4742,-2.720,-7.520,-10.720,-11.012,0.662,-0.757,,,,,,,,,,,,
1,B,12260859,2033,,,,,,,,,,-10.863,0.621,-1.180,,,,,,
1,S,12260859,2033,-1.120,-8.160,-12.640,-11.293,0.698,-0.632,,,,,,,,,,,,
1,B,12262891,2032,,,,,,,,,,-11.766,0.566,-0.547,,,,,,
1,S,12262891,2032,-0.160,-8.480,-14.560,-11.537,0.637,-0.497,,,,,,,,,,,,
1,B,12267632,4741,,,,,,,,,,,,,-1.007,-5.595,-8.841,,,
1,S,12267632,4741,1.120,-7.840,-19.680,-11.822,0.432,-0.077,,,,,,,,,,,,
1,B,12269664,2032,,,,,,,,,,,,,,,,45.625,-85.625,38.250
1,S,12269664,2032,4.000,-7.200,-21.280,-11.693,0.588,0.087,,,,,,,,,,,,
1,B,12273049,3385,,,,,,,,,,-11.297,1.016,0.133,,,,,,
1,S,12273049,3385,5.280,-6.560,-25.120,-11.252,0.993,0.343,,,,,,,,,,,,
1,B,12275082,2033,,,,,,,,,,,,,1.567,-6.938,-16.003,,,
1,S,12275082,2033,8.800,-6.560,-27.680,-10.982,1.147,0.497,,,,,,,,,,,,
1,B,12279824,4742,,,,,,,,,,,,,,,,46.000,-85.000,38.438
1,S,12279824,4742,11.360,-5.280,-34.080,-10.758,0.748,0.672,,,,,,,,,,,,
1,B,12282533,2709,,,,,,,,,,-10.867,0.422,0.535,,,,,,
1,S,12282533,2709,17.440,-5.280,-36.640,-10.973,-0.158,0.642,,,,,,,,,,,,
1,B,12285242,2709,,,,,,,,,,,,,8.281,-7.050,-25.403,,,
1,S,12285242,2709,20.640,-5.600,-38.240,-11.092,-0.838,0.613,,,,,,,,,,,,
1,B,12289306,4064,,,,,,,,,,,,,,,,46.125,-84.938,38.125
1,S,12289306,4064,22.880,-7.520,-41.120,-10.742,-0.853,0.562,,,,,,,,,,,,
1,B,12291338,2032,,,,,,,,,,-10.785,-0.699,0.375,,,,,,
1,S,12291338,2032,25.440,-8.800,-42.720,-10.547,-0.703,0.522,,,,,,,,,,,,
1,B,12294047,2709,,,,,,,,,,,,,16.562,-7.498,-34.579,,,
1,S,12294047,2709,27.040,-10.400,-44.960,-10.287,-0.472,0.427,,,,,,,,,,,,
1,B,12298111,4064,,,,,,,,,,-10.148,-0.238,0.191,,,,,,
1,S,12298111,4064,29.280,-12.000,-49.120,-10.078,-0.163,0.278,,,,,,,,,,,,
1,B,12300821,2710,,,,,,,,,,,,,,,,46.938,-85.500,38.062
1,S,12300821,2710,33.120,-13.280,-52.320,-10.297,-0.328,0.217,,,,,,,,,,,,
1,B,12302853,2032,,,,,,,,,,-10.555,-0.449,-0.047,,,,,,
1,S,12302853,2032,35.680,-14.240,-53.920,-10.473,-0.517,0.142,,,,,,,,,,,,
1,B,12304885,2032,,,,,,,,,,,,,25.067,-9.848,-43.196,,,
1,S,12304885,6097,37.920,-15.520,-57.760,-9.707,0.657,0.133,,,,,,,,,,,,
1,B,12309626,4741,,,,,,,,,,,,,,,,46.938,-84.938,37.688
1,S,12309626,676,46.560,-17.440,-58.720,-9.547,0.858,0.147,,,,,,,,,,,,
1,B,12312335,2709,,,,,,,,,,-9.199,1.301,0.152,,,,,,
1,S,12312335,2709,47.840,-18.400,-62.880,-9.088,1.327,0.172,,,,,,,,,,,,
1,B,12315044,2709,,,,,,,,,,,,,35.586,-13.541,-51.924,,,
1,S,12315044,2709,52.320,-19.360,-67.360,-9.117,1.268,0.242,,,,,,,,,,,,
1,B,12319108,4064,,,,,,,,,,,,,,,,46.438,-82.500,37.625
1,S,12319108,4064,56.800,-20.960,-73.440,-9.512,0.897,0.453,,,,,,,,,,,,
1,B,12322496,3388,,,,,,,,,,-9.609,0.844,0.363,,,,,,
1,S,12322496,3388,63.200,-21.280,-76.960,-9.777,0.463,0.698,,,,,,,,,,,,
1,B,12324528,2032,,,,,,,,,,,,,47.896,-17.122,-61.996,,,
1,S,12324528,2032,68.000,-20.960,-78.560,-9.953,0.193,0.828,,,,,,,,,,,,
1,B,12329269,4741,,,,,,,,,,,,,,,,47.125,-84.188,37.688
1,S,12329269,4741,70.560,-20.960,-79.840,-11.133,-1.353,1.107,,,,,,,,,,,,
1,B,12331301,2032,,,,,,,,,,-10.668,-0.488,0.785,,,,,,
1,S,12331301,2032,74.080,-20.960,-78.560,-11.977,-2.533,1.188,,,,,,,,,,,,
1,B,12333333,2032,,,,,,,,,,-12.945,-3.227,0.707,,,,,,
1,S,12333333,2032,74.080,-20.320,-75.680,-12.648,-3.502,1.212,,,,,,,,,,,,
1,B,12336720,3387,,,,,,,,,,,,,57.855,-18.912,-69.158,,,
1,S,12336720,3387,72.160,-18.400,-69.280,-12.467,-3.522,1.163,,,,,,,,,,,,
1,B,12339429,2709,,,,,,,,,,,,,,,,47.312,-82.938,37.250
1,S,12339429,2709,68.000,-16.480,-66.080,-11.422,-2.303,1.117,,,,,,,,,,,,
1,B,12342797,3368,,,,,,,,,,-10.648,-1.055,0.832,,,,,,
1,S,12342797,3368,65.760,-15.520,-66.080,-10.498,-1.177,1.127,,,,,,,,,,,,
1,B,12344848,2051,,,,,,,,,,,,,59.870,-18.017,-68.598,,,
1,S,12344848,2051,64.480,-15.200,-67.040,-10.203,-0.927,1.183,,,,,,,,,,,,
1,B,12348912,4064,,,,,,,,,,,,,,,,47.312,-82.938,37.250
1,S,12348912,4064,63.520,-14.240,-68.320,-10.453,-1.542,1.188,,,,,,,,,,,,
1,B,12351621,2709,,,,,,,,,,-10.570,-1.590,0.738,,,,,,
1,S,12351621,2709,60.640,-13.600,-68.960,-10.613,-1.978,1.137,,,,,,,,,,,,
1,B,12353653,2032,,,,,,,,,,,,,56.177,-16.003,-66.472,,,
1,S,12353653,2032,58.400,-13.600,-68.960,-10.668,-2.127,1.153,,,,,,,,,,,,
1,B,12357717,4064,,,,,,,,,,,,,,,,47.750,-83.438,37.250
1,S,12357717,4064,56.800,-13.600,-69.600,-10.758,-2.087,1.212,,,,,,,,,,,,
1,B,12361103,3386,,,,,,,,,,-11.027,-1.859,0.766,,,,,,
1,S,12361103,3386,54.240,-12.960,-69.280,-10.818,-1.903,1.097,,,,,,,,,,,,
1,B,12363794,2691,,,,,,,,,,,,,50.358,-13.988,-65.017,,,
1,S,12363794,2691,52.000,-12.640,-68.640,-10.842,-1.877,1.028,,,,,,,,,,,,
1,B,12368555,4761,,,,,,,,,,,,,,,,48.188,-81.875,36.938
1,S,12368555,4761,50.720,-12.000,-67.680,-10.963,-2.167,0.922,,,,,,,,,,,,
1,B,12371264,2709,,,,,,,,,,-11.137,-1.859,0.602,,,,,,
1,S,12371264,2709,48.480,-12.000,-67.360,-10.953,-2.203,0.848,,,,,,,,,,,,
1,B,12373296,2032,,,,,,,,,,-11.109,-1.953,0.410,,,,,,
1,S,12373296,2032,47.200,-12.000,-67.360,-10.922,-2.178,0.812,,,,,,,,,,,,
1,B,12376683,3387,,,,,,,,,,,,,44.539,-12.310,-63.786,,,
1,S,12376683,3387,46.560,-10.720,-66.720,-10.838,-2.112,0.713,,,,,,,,,,,,
1,B,12380069,3386,,,,,,,,,,,,,,,,48.188,-81.875,36.938
1,S,12380069,6096,46.240,-10.720,-65.440,-10.797,-2.002,0.542,,,,,,,,,,,,
1,B,12383456,3387,,,,,,,,,,-11.008,-1.742,0.238,,,,,,
1,S,12383456,677,45.600,-11.040,-64.160,-10.797,-1.972,0.532,,,,,,,,,,,,
1,B,12385488,2032,,,,,,,,,,,,,40.622,-11.302,-62.220,,,
1,S,12385488,2032,45.600,-11.360,-63.520,-10.803,-1.857,0.492,,,,,,,,,,,,
1,B,12389552,4064,,,,,,,,,,,,,,,,48.312,-82.750,37.125
1,S,12389552,4064,45.920,-10.400,-62.880,-10.717,-1.673,0.393,,,,,,,,,,,,
1,B,12392939,3387,,,,,,,,,,-10.953,-1.477,0.113,,,,,,
1,S,12392939,3387,47.200,-10.080,-62.560,-10.613,-1.597,0.253,,,,,,,,,,,,
1,B,12395629,2690,,,,,,,,,,,,,39.838,-10.743,-60.205,,,
1,S,12395629,2690,48.160,-10.400,-61.920,-10.562,-1.673,0.233,,,,,,,,,,,,
1,B,12399712,4083,,,,,,,,,,,,,,,,49.188,-82.125,37.000
1,S,12399712,4083,48.800,-10.720,-60.000,-10.537,-2.127,0.367,,,,,,,,,,,,
1,B,12401744,2032,,,,,,,,,,-10.770,-1.703,0.039,,,,,,
1,S,12401744,2032,50.080,-11.040,-58.720,-10.527,-2.248,0.398,,,,,,,,,,,,
1,B,12404453,2709,,,,,,,,,,,,,41.181,-10.519,-57.743,,,
1,S,12404453,2709,50.720,-11.040,-57.760,-10.467,-2.292,0.417,,,,,,,,,,,,
1,B,12408517,4064,,,,,,,,,,-10.617,-2.031,0.078,,,,,,
1,S,12408517,4064,51.360,-11.040,-56.160,-10.398,-2.217,0.438,,,,,,,,,,,,
1,B,12410550,2033,,,,,,,,,,,,,,,,47.812,-81.312,37.688
1,S,12410550,2033,51.680,-11.040,-55.200,-10.367,-2.232,0.443,,,,,,,,,,,,
1,B,12413258,2708,,,,,,,,,,-10.559,-2.078,0.164,,,,,,
1,S,12413258,2708,51.360,-11.360,-53.280,-10.248,-2.297,0.443,,,,,,,,,,,,
1,B,12415291,2033,,,,,,,,,,,,,43.084,-10.407,-54.274,,,
1,S,12415291,2033,51.040,-11.360,-51.680,-10.072,-2.447,0.438,,,,,,,,,,,,
1,B,12419355,4064,,,,,,,,,,,,,,,,48.812,-81.625,37.000
1,S,12419355,4064,51.360,-10.720,-48.800,-9.922,-2.808,0.487,,,,,,,,,,,,
1,B,12422742,3387,,,,,,,,,,-10.488,-2.664,0.145,,,,,,
1,S,12422742,3387,51.360,-10.720,-46.240,-10.172,-2.857,0.542,,,,,,,,,,,,
1,B,12425451,2709,,,,,,,,,,,,,43.867,-10.183,-49.350,,,
1,S,12425451,2709,49.440,-10.400,-44.320,-10.332,-2.688,0.593,,,,,,,,,,,,
1,B,12429515,4064,,,,,,,,,,,,,,,,49.562,-81.125,36.375
1,S,12429515,4064,48.160,-9.440,-40.480,-10.297,-2.478,0.562,,,,,,,,,,,,
1,B,12432902,3387,,,,,,,,,,,,,42.860,-9.848,-43.084,,,
1,S,12432902,3387,48.160,-9.120,-37.920,-10.148,-2.507,0.453,,,,,,,,,,,,
1,B,12438998,6096,,,,,,,,,,-10.242,-2.328,0.059,,,,,,
1,S,12438998,6096,47.520,-9.440,-33.760,-9.877,-2.672,0.407,,,,,,,,,,,,
1,B,12441029,2031,,,,,,,,,,,,,,,,48.688,-80.688,36.750
1,S,12441029,2031,44.960,-9.440,-31.840,-9.852,-2.667,0.427,,,,,,,,,,,,
1,B,12447803,6774,,,,,,,,,,,,,40.510,-9.512,-36.146,,,
1,S,12447803,6774,44.000,-9.440,-26.400,-9.672,-2.498,0.417,,,,,,,,,,,,
1,B,12451170,3367,,,,,,,,,,-10.062,-2.297,0.078,,,,,,
1,S,12451170,3367,41.120,-9.120,-23.840,-9.598,-2.453,0.412,,,,,,,,,,,,
1,B,12453900,2730,,,,,,,,,,,,,,,,48.188,-81.375,37.562
1,S,12453900,2730,39.520,-8.800,-21.600,-9.488,-2.467,0.427,,,,,,,,,,,,
1,B,12456608,2708,,,,,,,,,,,,,37.153,-8.952,-28.872,,,
1,S,12456608,5418,38.560,-8.160,-19.360,-9.373,-2.438,0.502,,,,,,,,,,,,
1,B,12459996,3388,,,,,,,,,,-9.898,-2.176,0.047,,,,,,
1,S,12459996,678,36.000,-8.160,-16.480,-9.357,-2.413,0.517,,,,,,,,,,,,
1,B,12462705,2709,,,,,,,,,,,,,,,,49.125,-79.062,36.188
1,S,12462705,2709,35.680,-8.160,-14.880,-9.297,-2.308,0.562,,,,,,,,,,,,
1,B,12465414,2709,,,,,,,,,,,,,33.124,-8.393,-22.045,,,
1,S,12465414,2709,34.720,-7.840,-13.600,-9.242,-2.192,0.593,,,,,,,,,,,,
1,B,12469478,4064,,,,,,,,,,-9.668,-2.125,0.152,,,,,,
1,S,12469478,4064,33.440,-6.880,-11.680,-9.168,-2.022,0.632,,,,,,,,,,,,
1,B,12471510,2032,,,,,,,,,,,,,,,,48.750,-80.562,37.188
1,S,12471510,2032,30.880,-6.560,-10.400,-9.137,-1.962,0.667,,,,,,,,,,,,
1,B,12474219,2709,,,,,,,,,,,,,29.207,-7.722,-15.891,,,
1,S,12474219,2709,30.560,-6.240,-8.800,-9.092,-1.887,0.718,,,,,,,,,,,,
1,B,12478283,4064,,,,,,,,,,-9.371,-1.582,0.410,,,,,,
1,S,12478283,4064,30.240,-5.920,-7.520,-9.018,-1.742,0.772,,,,,,,,,,,,
1,B,12480993,2710,,,,,,,,,,,,,,,,49.188,-80.125,36.688
1,S,12480993,2710,30.560,-5.600,-7.200,-8.967,-1.657,0.802,,,,,,,,,,,,
1,B,12483024,2031,,,,,,,,,,-9.211,-1.320,0.527,,,,,,
1,S,12483024,2031,30.240,-5.600,-6.880,-8.928,-1.593,0.818,,,,,,,,,,,,
1,B,12485056,2032,,,,,,,,,,,,,26.298,-6.826,-10.967,,,
1,S,12485056,2032,29.280,-5.280,-6.240,-8.887,-1.538,0.833,,,,,,,,,,,,
1,B,12489798,4742,,,,,,,,,,,,,,,,49.688,-80.438,36.375
1,S,12489798,4742,28.320,-4.320,-4.640,-8.777,-1.462,0.877,,,,,,,,,,,,
1,B,12492507,2709,,,,,,,,,,-9.035,-1.215,0.613,,,,,,
1,S,12492507,2709,28.640,-3.680,-3.680,-8.717,-1.458,0.932,,,,,,,,,,,,
1,B,12495216,2709,,,,,,,,,,,,,24.955,-5.483,-7.498,,,
1,S,12495216,2709,29.600,-3.040,-3.040,-8.688,-1.462,0.988,,,,,,,,,,,,
1,B,12499280,4064,,,,,,,,,,,,,,,,48.875,-79.438,37.062
1,S,12499280,4064,29.280,-1.760,-2.720,-8.727,-1.427,1.048,,,,,,,,,,,,
1,B,12502668,3388,,,,,,,,,,-8.988,-1.180,0.746,,,,,,
1,S,12502668,3388,29.280,-0.160,-2.400,-8.777,-1.353,1.103,,,,,,,,,,,,
1,B,12504700,2032,,,,,,,,,,,,,24.619,-3.917,-5.483,,,
1,S,12504700,2032,29.600,0.480,-2.080,-8.793,-1.308,1.137,,,,,,,,,,,,
1,B,12509441,4741,,,,,,,,,,-9.059,-1.055,0.918,,,,,,
1,S,12509441,4741,29.920,0.800,-1.440,-8.793,-1.312,1.202,,,,,,,,,,,,
1,B,12511473,2032,,,,,,,,,,,,,,,,48.625,-79.688,37.000
1,S,12511473,2032,30.240,0.800,-1.760,-8.783,-1.333,1.208,,,,,,,,,,,,
1,B,12513505,2032,,,,,,,,,,-9.020,-1.090,0.969,,,,,,
1,S,12513505,2032,30.880,0.800,-1.760,-8.768,-1.363,1.192,,,,,,,,,,,,
1,B,12516892,3387,,,,,,,,,,,,,25.403,-2.126,-4.476,,,
1,S,12516892,3387,31.520,1.440,-2.400,-8.723,-1.397,1.153,,,,,,,,,,,,
1,B,12519601,2709,,,,,,,,,,,,,,,,49.500,-79.688,36.438
1,S,12519601,2709,32.800,1.760,-3.040,-8.668,-1.403,1.127,,,,,,,,,,,,
1,B,12522988,3387,,,,,,,,,,-8.816,-1.180,0.871,,,,,,
1,S,12522988,3387,33.760,2.400,-3.360,-8.598,-1.387,1.077,,,,,,,,,,,,
1,B,12525019,2031,,,,,,,,,,,,,26.746,-0.671,-4.588,,,
1,S,12525019,2031,34.080,2.080,-3.680,-8.568,-1.347,1.032,,,,,,,,,,,,
1,B,12529083,4064,,,,,,,,,,,,,,,,50.125,-79.938,36.625
1,S,12529083,4064,34.400,1.120,-4.320,-8.523,-1.252,0.953,,,,,,,,,,,,
1,B,12532470,3387,,,,,,,,,,-8.707,-1.023,0.777,,,,,,
1,S,12532470,3387,35.360,1.120,-5.280,-8.498,-1.192,0.912,,,,,,,,,,,,
1,B,12534502,2032,,,,,,,,,,,,,29.431,-0.112,-5.819,,,
1,S,12534502,2032,37.600,1.120,-6.240,-8.498,-1.163,0.902,,,,,,,,,,,,
1,B,12539243,4741,,,,,,,,,,,,,,,,48.875,-78.875,36.688
1,S,12539243,4741,39.200,0.480,-9.120,-8.502,-1.062,0.897,,,,,,,,,,,,
1,B,12541275,2032,,,,,,,,,,-8.703,-0.891,0.785,,,,,,
1,S,12541275,2032,43.360,0.160,-10.080,-8.492,-1.038,0.887,,,,,,,,,,,,
1,B,12543986,2711,,,,,,,,,,-8.609,-0.852,0.766,,,,,,
1,S,12543986,2711,44.960,-0.480,-10.720,-8.457,-1.002,0.858,,,,,,,,,,,,
1,B,12548048,4062,,,,,,,,,,,,,34.467,-0.336,-8.393,,,
1,S,12548048,4062,47.840,-0.160,-11.360,-8.352,-0.988,0.797,,,,,,,,,,,,
1,B,12550080,2032,,,,,,,,,,,,,,,,49.938,-80.188,36.500
1,S,12550080,2032,52.640,0.480,-11.680,-8.297,-1.012,0.782,,,,,,,,,,,,
1,B,12553468,3388,,,,,,,,,,-8.453,-0.910,0.586,,,,,,
1,S,12553468,3388,54.880,0.800,-12.320,-8.227,-1.087,0.772,,,,,,,,,,,,
1,B,12555500,2032,,,,,,,,,,,,,41.629,-0.560,-11.526,,,
1,S,12555500,2032,57.760,0.800,-12.960,-8.197,-1.153,0.772,,,,,,,,,,,,
1,B,12560241,4741,,,,,,,,,,,,,,,,49.438,-78.188,36.562
1,S,12560241,4741,58.720,1.120,-14.880,-8.193,-1.302,0.762,,,,,,,,,,,,
1,B,12563628,3387,,,,,,,,,,-8.457,-1.082,0.449,,,,,,
1,S,12563628,3387,59.680,1.440,-15.200,-8.227,-1.333,0.762,,,,,,,,,,,,
1,B,12565660,2032,,,,,,,,,,,,,47.896,-0.448,-14.324,,,
1,S,12565660,2032,60.000,1.760,-15.520,-8.252,-1.327,0.777,,,,,,,,,,,,
1,B,12569724,4064,,,,,,,,,,,,,,,,48.500,-79.875,38.312
1,S,12569724,4064,59.680,1.440,-16.160,-8.328,-1.232,0.828,,,,,,,,,,,,
1,B,12572433,2709,,,,,,,,,,-8.531,-1.043,0.469,,,,,,
1,S,12572433,2709,58.080,1.120,-16.800,-8.398,-1.133,0.877,,,,,,,,,,,,
1,B,12574465,2032,,,,,,,,,,,,,50.358,0.000,-16.450,,,
1,S,12574465,2032,56.480,1.120,-17.440,-8.457,-1.052,0.922,,,,,,,,,,,,
1,B,12578529,4064,,,,,,,,,,-8.746,-0.844,0.602,,,,,,
1,S,12578529,4064,55.200,1.760,-18.400,-8.582,-0.912,1.012,,,,,,,,,,,,
1,B,12581238,2709,,,,,,,,,,,,,,,,49.000,-79.750,36.875
1,S,12581238,2709,52.960,2.080,-18.720,-8.648,-0.848,1.062,,,,,,,,,,,,
1,B,12583270,2032,,,,,,,,,,-8.949,-0.758,0.746,,,,,,
1,S,12583270,2032,51.680,2.080,-19.040,-8.688,-0.833,1.087,,,,,,,,,,,,
1,B,12585302,2032,,,,,,,,,,,,,48.567,0.224,-18.353,,,
1,S,12585302,2032,50.720,2.080,-19.360,-8.707,-0.848,1.113,,,,,,,,,,,,
1,B,12590043,4741,,,,,,,,,,,,,,,,48.688,-78.062,36.750
1,S,12590043,4741,49.440,2.080,-20.320,-8.748,-0.948,1.167,,,,,,,,,,,,
1,B,12593431,3388,,,,,,,,,,-8.973,-0.844,0.852,,,,,,
1,S,12593431,3388,46.880,1.760,-20.960,-8.762,-0.998,1.173,,,,,,,,,,,,
1,B,12595463,2032,,,,,,,,,,,,,44.650,0.336,-20.367,,,
1,S,12595463,2032,45.920,1.760,-21.920,-8.773,-1.012,1.157,,,,,,,,,,,,
1,B,12599527,4064,,,,,,,,,,,,,,,,49.312,-78.312,36.875
1,S,12599527,4064,45.600,2.400,-23.520,-8.838,-1.022,1.107,,,,,,,,,,,,
1,B,12602914,3387,,,,,,,,,,-9.008,-0.871,0.805,,,,,,
1,S,12602914,5419,45.280,2.080,-25.440,-8.957,-1.038,1.052,,,,,,,,,,,,
1,B,12605623,2709,,,,,,,,,,,,,41.069,0.336,-22.717,,,
1,S,12605623,677,45.280,1.760,-26.720,-8.977,-1.032,1.048,,,,,,,,,,,,
1,B,12609687,4064,,,,,,,,,,,,,,,,48.750,-78.500,36.875
1,S,12609687,4064,45.280,1.760,-28.320,-9.113,-0.993,1.012,,,,,,,,,,,,
1,B,12611719,2032,,,,,,,,,,-9.223,-0.891,0.777,,,,,,
1,S,12611719,2032,46.560,1.440,-29.280,-9.178,-0.973,0.993,,,,,,,,,,,,
1,B,12614428,2709,,,,,,,,,,-9.441,-0.812,0.766,,,,,,
1,S,12614428,2709,47.200,1.120,-30.880,-9.262,-0.932,0.973,,,,,,,,,,,,
1,B,12617796,3368,,,,,,,,,,,,,39.727,0.224,-25.850,,,
1,S,12617796,3368,47.840,1.120,-32.480,-9.338,-0.873,0.943,,,,,,,,,,,,
1,B,12619847,2051,,,,,,,,,,,,,,,,48.875,-79.375,37.812
1,S,12619847,2051,49.440,1.440,-33.760,-9.373,-0.848,0.917,,,,,,,,,,,,
1,B,12623233,3386,,,,,,,,,,-9.547,-0.719,0.613,,,,,,
1,S,12623233,3386,51.040,2.080,-35.360,-9.383,-0.853,0.843,,,,,,,,,,,,
1,B,12625265,2032,,,,,,,,,,,,,41.741,0.336,-29.879,,,
1,S,12625265,2032,53.600,2.080,-36.640,-9.377,-0.868,0.787,,,,,,,,,,,,
1,B,12629329,4064,,,,,,,,,,,,,,,,48.375,-80.062,37.875
1,S,12629329,4064,54.880,2.400,-38.240,-9.322,-1.147,0.743,,,,,,,,,,,,
1,B,12632717,3388,,,,,,,,,,-9.438,-1.160,0.496,,,,,,
1,S,12632717,3388,56.480,3.360,-38.560,-9.322,-1.492,0.752,,,,,,,,,,,,
1,B,12635426,2709,,,,,,,,,,,,,45.658,0.783,-34.243,,,
1,S,12635426,2709,57.760,3.680,-38.880,-9.312,-1.647,0.682,,,,,,,,,,,,
1,B,12639490,4064,,,,,,,,,,,,,,,,48.938,-77.188,36.438
1,S,12639490,4064,58.400,3.360,-40.480,-9.293,-1.827,0.568,,,,,,,,,,,,
1,B,12642877,3387,,,,,,,,,,-9.539,-1.590,0.277,,,,,,
1,S,12642877,3387,57.760,3.360,-41.120,-9.297,-1.972,0.507,,,,,,,,,,,,
1,B,12644909,2032,,,,,,,,,,,,,48.455,1.119,-37.600,,,
1,S,12644909,2032,57.120,3.040,-41.120,-9.303,-2.042,0.468,,,,,,,,,,,,
1,B,12649631,4722,,,,,,,,,,-9.551,-1.926,0.078,,,,,,
1,S,12649631,4722,56.800,2.080,-41.760,-9.342,-2.203,0.398,,,,,,,,,,,,
1,B,12651682,2051,,,,,,,,,,,,,,,,49.188,-77.938,37.062
1,S,12651682,2051,54.880,1.760,-41.760,-9.387,-2.272,0.393,,,,,,,,,,,,
1,B,12653714,2032,,,,,,,,,,-9.633,-2.105,-0.008,,,,,,
1,S,12653714,2032,53.600,1.440,-42.080,-9.412,-2.322,0.403,,,,,,,,,,,,
1,B,12657100,3386,,,,,,,,,,,,,48.008,0.895,-39.615,,,
1,S,12657100,3386,52.320,0.480,-42.080,-9.443,-2.342,0.422,,,,,,,,,,,,
1,B,12659132,2032,,,,,,,,,,,,,,,,49.312,-78.812,38.000
1,S,12659132,2032,49.440,0.160,-42.080,-9.473,-2.328,0.438,,,,,,,,,,,,
1,B,12662519,3387,,,,,,,,,,-9.719,-2.070,0.059,,,,,,
1,S,12662519,3387,47.840,-0.480,-42.720,-9.527,-2.257,0.472,,,,,,,,,,,,
1,B,12665228,2709,,,,,,,,,,,,,44.427,0.000,-40.510,,,
1,S,12665228,2709,45.920,-0.800,-42.720,-9.578,-2.158,0.512,,,,,,,,,,,,
1,B,12669292,4064,,,,,,,,,,,,,,,,49.188,-76.938,36.562
1,S,12669292,4064,44.000,-1.120,-43.360,-9.662,-2.038,0.593,,,,,,,,,,,,
1,B,12672679,3387,,,,,,,,,,,,,38.943,-0.895,-41.405,,,
1,S,12672679,3387,40.800,-1.440,-44.000,-9.723,-1.982,0.647,,,,,,,,,,,,
1,B,12680129,7450,,,,,,,,,,-9.883,-1.828,0.230,,,,,,
1,S,12680129,7450,38.880,-0.160,-46.880,-9.842,-1.942,0.828,,,,,,,,,,,,
1,B,12682162,2033,,,,,,,,,,,,,,,,49.062,-76.062,36.375
1,S,12682162,2033,37.280,0.160,-47.520,-9.863,-1.938,0.887,,,,,,,,,,,,
1,B,12684194,2032,,,,,,,,,,,,,34.019,-1.790,-43.084,,,
1,S,12684194,2032,36.640,0.160,-48.160,-9.883,-1.948,0.953,,,,,,,,,,,,
1,B,12690968,6774,,,,,,,,,,-10.051,-1.773,0.727,,,,,,
1,S,12690968,6774,36.000,-0.800,-49.760,-9.928,-2.078,1.157,,,,,,,,,,,,
1,B,12693000,2032,,,,,,,,,,,,,30.774,-2.014,-45.210,,,
1,S,12693000,2032,35.040,-0.480,-50.080,-9.918,-2.138,1.183,,,,,,,,,,,,
1,B,12698418,5418,,,,,,,,,,-10.090,-1.965,0.949,,,,,,
1,S,12698418,5418,35.040,0.480,-51.360,-9.832,-2.283,1.163,,,,,,,,,,,,
1,B,12700450,2032,,,,,,,,,,,,,,,,49.625,-74.812,35.812
1,S,12700450,2032,35.360,0.480,-51.680,-9.783,-2.328,1.137,,,,,,,,,,,,
1,B,12703159,2709,,,,,,,,,,-9.941,-2.145,0.898,,,,,,
1,S,12703159,2709,35.680,0.160,-52.000,-9.707,-2.368,1.093,,,,,,,,,,,,
1,B,12705869,2710,,,,,,,,,,,,,,,,49.375,-75.688,36.125
1,S,12705869,2710,36.320,0.480,-52.320,-9.627,-2.377,1.042,,,,,,,,,,,,
1,B,12708578,2709,,,,,,,,,,,,,29.767,-1.567,-47.448,,,
1,S,12708578,2709,36.640,0.160,-52.640,-9.562,-2.388,1.002,,,,,,,,,,,,
1,B,12711966,3388,,,,,,,,,,-9.715,-2.164,0.758,,,,,,
1,S,12711966,3388,36.640,0.480,-53.280,-9.498,-2.413,0.963,,,,,,,,,,,,
1,B,12714674,2708,,,,,,,,,,,,,,,,49.125,-75.438,36.688
1,S,12714674,2708,36.640,1.440,-53.920,-9.463,-2.447,0.948,,,,,,,,,,,,
1,B,12717383,2709,,,,,,,,,,,,,29.991,-0.895,-49.239,,,
1,S,12717383,2709,36.320,1.760,-54.880,-9.438,-2.498,0.948,,,,,,,,,,,,
1,B,12720771,3388,,,,,,,,,,-9.625,-2.262,0.699,,,,,,
1,S,12720771,3388,36.000,1.760,-54.880,-9.418,-2.567,0.943,,,,,,,,,,,,
1,B,12724157,3386,,,,,,,,,,,,,,,,49.312,-75.750,37.125
1,S,12724157,3386,35.360,1.760,-54.240,-9.428,-2.643,0.948,,,,,,,,,,,,
1,B,12726189,2032,,,,,,,,,,,,,30.103,0.000,-50.581,,,
1,S,12726189,2032,35.040,2.080,-53.920,-9.438,-2.688,0.953,,,,,,,,,,,,
1,B,12730253,4064,,,,,,,,,,-9.633,-2.441,0.680,,,,,,
1,S,12730253,4064,34.720,2.400,-53.920,-9.463,-2.757,0.978,,,,,,,,,,,,
1,B,12732963,2710,,,,,,,,,,-9.715,-2.547,0.727,,,,,,
1,S,12732963,2710,33.440,3.040,-54.240,-9.482,-2.797,0.993,,,,,,,,,,,,
1,B,12735672,2709,,,,,,,,,,,,,,,,48.938,-74.125,36.312
1,S,12735672,2709,32.800,3.040,-54.560,-9.512,-2.833,1.012,,,,,,,,,,,,
1,B,12738381,2709,,,,,,,,,,,,,29.319,0.783,-51.253,,,
1,S,12738381,2709,32.480,3.360,-54.560,-9.547,-2.857,1.028,,,,,,,,,,,,
1,B,12741768,3387,,,,,,,,,,-9.797,-2.613,0.766,,,,,,
1,S,12741768,3387,31.520,3.360,-53.600,-9.598,-2.868,1.058,,,,,,,,,,,,
1,B,12745154,3386,,,,,,,,,,,,,,,,49.500,-74.500,36.000
1,S,12745154,3386,30.240,3.680,-53.280,-9.623,-2.877,1.093,,,,,,,,,,,,
1,B,12747186,2032,,,,,,,,,,,,,27.753,1.343,-51.253,,,
1,S,12747186,2032,29.920,4.000,-52.960,-9.627,-2.902,1.113,,,,,,,,,,,,
1,B,12750573,3387,,,,,,,,,,-9.836,-2.680,0.863,,,,,,
1,S,12750573,6096,29.600,4.320,-52.000,-9.633,-2.967,1.167,,,,,,,,,,,,
1,B,12753960,3387,,,,,,,,,,,,,,,,50.562,-74.750,36.062
1,S,12753960,678,28.640,3.680,-52.000,-9.627,-2.967,1.173,,,,,,,,,,,,
1,B,12755992,2032,,,,,,,,,,,,,26.074,1.679,-50.470,,,
1,S,12755992,2032,28.640,3.360,-51.680,-9.623,-2.967,1.192,,,,,,,,,,,,
1,B,12760055,4063,,,,,,,,,,-9.844,-2.730,0.949,,,,,,
1,S,12760055,4063,28.000,3.360,-51.360,-9.607,-2.958,1.242,,,,,,,,,,,,
1,B,12762766,2711,,,,,,,,,,-9.797,-2.699,1.016,,,,,,
1,S,12762766,2711,27.360,4.320,-50.720,-9.578,-2.933,1.252,,,,,,,,,,,,
1,B,12766152,3386,,,,,,,,,,,,,,,,50.000,-73.375,35.812
1,S,12766152,3386,27.360,4.960,-50.080,-9.527,-2.917,1.242,,,,,,,,,,,,
1,B,12768184,2032,,,,,,,,,,,,,24.619,2.126,-49.239,,,
1,S,12768184,2032,27.360,4.960,-49.760,-9.498,-2.913,1.232,,,,,,,,,,,,
1,B,12772248,4064,,,,,,,,,,,,,,,,50.875,-73.812,35.438
1,S,12772248,4064,27.040,4.320,-49.760,-9.432,-2.928,1.208,,,,,,,,,,,,
1,B,12775635,3387,,,,,,,,,,-9.668,-2.691,0.996,,,,,,
1,S,12775635,3387,26.080,4.320,-50.080,-9.398,-2.938,1.188,,,,,,,,,,,,
1,B,12779021,3386,,,,,,,,,,,,,23.500,2.574,-47.896,,,
1,S,12779021,3386,25.440,4.640,-50.080,-9.398,-2.947,1.188,,,,,,,,,,,,
1,B,12782408,3387,,,,,,,,,,-9.609,-2.711,0.930,,,,,,
1,S,12782408,6096,25.760,4.960,-49.440,-9.412,-3.047,1.238,,,,,,,,,,,,
1,B,12785795,3387,,,,,,,,,,,,,,,,50.562,-73.188,35.125
1,S,12785795,678,25.440,5.280,-49.440,-9.412,-3.053,1.242,,,,,,,,,,,,
1,B,12787827,2032,,,,,,,,,,,,,22.269,3.133,-47.000,,,
1,S,12787827,2032,25.440,5.600,-49.440,-9.418,-3.072,1.258,,,,,,,,,,,,
1,B,12791213,3386,,,,,,,,,,-9.613,-2.797,0.988,,,,,,
1,S,12791213,3386,24.480,6.880,-49.760,-9.453,-3.042,1.288,,,,,,,,,,,,
1,B,12794600,3387,,,,,,,,,,,,,,,,50.250,-74.062,36.438
1,S,12794600,3387,23.520,7.520,-49.440,-9.488,-2.982,1.333,,,,,,,,,,,,
1,B,12796632,2032,,,,,,,,,,,,,21.038,4.029,-46.553,,,
1,S,12796632,2032,22.880,7.840,-49.760,-9.512,-2.967,1.357,,,,,,,,,,,,
1,B,12800018,3386,,,,,,,,,,-9.727,-2.770,1.121,,,,,,
1,S,12800018,3386,23.200,8.480,-50.080,-9.543,-2.962,1.383,,,,,,,,,,,,
1,B,12803405,3387,,,,,,,,,,,,,,,,49.188,-71.750,36.062
1,S,12803405,3387,22.880,8.800,-49.760,-9.572,-2.967,1.407,,,,,,,,,,,,
1,B,12805438,2033,,,,,,,,,,,,,19.695,5.260,-46.553,,,
1,S,12805438,2033,22.560,9.120,-49.440,-9.598,-2.953,1.423,,,,,,,,,,,,
1,B,12809502,4064,,,,,,,,,,-9.754,-2.738,1.148,,,,,,
1,S,12809502,4064,21.920,9.440,-49.760,-9.672,-2.908,1.472,,,,,,,,,,,,
1,B,12812889,3387,,,,,,,,,,,,,,,,49.750,-74.188,36.875
1,S,12812889,3387,21.920,10.080,-50.720,-9.697,-2.893,1.528,,,,,,,,,,,,
1,B,12815598,2709,,,,,,,,,,,,,18.688,6.602,-46.777,,,
1,S,12815598,2709,21.600,10.720,-50.400,-9.668,-2.933,1.573,,,,,,,,,,,,
1,B,12819662,4064,,,,,,,,,,-9.855,-2.664,1.207,,,,,,
1,S,12819662,4064,21.600,11.360,-49.120,-9.578,-3.087,1.597,,,,,,,,,,,,
1,B,12821694,2032,,,,,,,,,,,,,,,,50.625,-72.562,35.438
1,S,12821694,2032,22.240,12.000,-48.480,-9.537,-3.163,1.577,,,,,,,,,,,,
1,B,12824403,2709,,,,,,,,,,,,,18.353,8.169,-46.553,,,
1,S,12824403,2709,22.560,12.640,-48.160,-9.488,-3.248,1.548,,,,,,,,,,,,
1,B,12828467,4064,,,,,,,,,,-9.672,-3.047,1.234,,,,,,
1,S,12828467,4064,22.880,13.600,-48.160,-9.398,-3.377,1.522,,,,,,,,,,,,
1,B,12830499,2032,,,,,,,,,,,,,,,,49.875,-72.375,36.312
1,S,12830499,2032,21.920,13.600,-47.840,-9.348,-3.417,1.522,,,,,,,,,,,,
1,B,12833208,2709,,,,,,,,,,-9.523,-3.199,1.215,,,,,,
1,S,12833208,2709,20.960,13.920,-46.880,-9.277,-3.458,1.512,,,,,,,,,,,,
1,B,12835240,2032,,,,,,,,,,,,,17.905,9.848,-45.434,,,
1,S,12835240,2032,20.000,14.240,-45.600,-9.232,-3.478,1.508,,,,,,,,,,,,
1,B,12839963,4723,,,,,,,,,,,,,,,,49.875,-72.375,36.312
1,S,12839963,4723,19.680,15.200,-43.680,-9.168,-3.538,1.488,,,,,,,,,,,,
1,B,12842013,2050,,,,,,,,,,-9.391,-3.293,1.207,,,,,,
1,S,12842013,2050,18.080,15.840,-43.360,-9.148,-3.598,1.472,,,,,,,,,,,,
1,B,12844045,2032,,,,,,,,,,,,,16.450,11.750,-43.419,,,
1,S,12844045,6097,17.440,16.480,-43.360,-9.137,-3.748,1.458,,,,,,,,,,,,
1,B,12848788,4743,,,,,,,,,,,,,,,,49.812,-70.500,35.562
1,S,12848788,678,16.480,18.080,-41.760,-9.143,-3.772,1.458,,,,,,,,,,,,
1,B,12851497,2709,,,,,,,,,,-9.367,-3.504,1.180,,,,,,
1,S,12851497,2709,16.160,18.400,-40.800,-9.143,-3.873,1.448,,,,,,,,,,,,
1,B,12854206,2709,,,,,,,,,,,,,14.324,13.764,-40.734,,,
1,S,12854206,2709,15.200,18.720,-39.840,-9.127,-3.967,1.433,,,,,,,,,,,,
1,B,12859625,5419,,,,,,,,,,,,,,,,50.250,-72.062,36.125
1,S,12859625,5419,13.920,20.000,-38.560,-9.092,-4.072,1.393,,,,,,,,,,,,
1,B,12861657,2032,,,,,,,,,,-9.344,-3.734,1.121,,,,,,
1,S,12861657,2032,11.040,20.640,-37.600,-9.092,-4.072,1.377,,,,,,,,,,,,
1,B,12865721,4064,,,,,,,,,,,,,10.967,15.667,-37.824,,,
1,S,12865721,4064,10.400,21.920,-36.000,-9.102,-4.037,1.377,,,,,,,,,,,,
1,B,12872494,6773,,,,,,,,,,-9.348,-3.766,1.074,,,,,,
1,S,12872494,6773,8.800,22.560,-34.720,-9.188,-4.027,1.393,,,,,,,,,,,,
1,B,12875203,2709,,,,,,,,,,,,,,,,50.750,-70.812,35.625
1,S,12875203,2709,4.320,23.200,-35.040,-9.232,-4.048,1.383,,,,,,,,,,,,
1,B,12877914,2711,,,,,,,,,,,,,6.938,17.457,-35.250,,,
1,S,12877914,2711,3.040,23.840,-35.040,-9.273,-4.077,1.363,,,,,,,,,,,,
1,B,12881978,4064,,,,,,,,,,-9.523,-3.820,1.062,,,,,,
1,S,12881978,4064,1.760,24.800,-34.720,-9.328,-4.103,1.343,,,,,,,,,,,,
1,B,12885364,3386,,,,,,,,,,,,,,,,48.438,-71.625,37.000
1,S,12885364,3386,0.160,25.760,-34.080,-9.363,-4.112,1.323,,,,,,,,,,,,
1,B,12887396,2032,,,,,,,,,,,,,2.574,19.360,-33.572,,,
1,S,12887396,2032,-0.800,26.080,-33.440,-9.377,-4.133,1.317,,,,,,,,,,,,
1,B,12890783,3387,,,,,,,,,,-9.559,-3.867,1.082,,,,,,
1,S,12890783,3387,-1.120,26.400,-33.440,-9.398,-4.138,1.308,,,,,,,,,,,,
1,B,12894169,3386,,,,,,,,,,,,,,,,49.562,-70.750,36.188
1,S,12894169,3386,-2.080,27.040,-33.760,-9.402,-4.093,1.298,,,,,,,,,,,,
1,B,12896201,2032,,,,,,,,,,,,,-1.119,21.262,-32.788,,,
1,S,12896201,2032,-2.720,27.360,-34.080,-9.398,-4.058,1.282,,,,,,,,,,,,
1,B,12900943,4742,,,,,,,,,,-9.598,-3.793,1.074,,,,,,
1,S,12900943,4742,-3.040,27.680,-34.080,-9.377,-3.982,1.248,,,,,,,,,,,,
1,B,12902975,2032,,,,,,,,,,-9.551,-3.668,1.023,,,,,,
1,S,12902975,2032,-4.000,28.320,-34.080,-9.373,-3.958,1.238,,,,,,,,,,,,
1,B,12906361,3386,,,,,,,,,,,,,,,,49.812,-69.438,35.750
1,S,12906361,3386,-4.320,29.280,-34.400,-9.377,-3.917,1.228,,,,,,,,,,,,
1,B,12908393,2032,,,,,,,,,,,,,-3.693,22.829,-32.565,,,
1,S,12908393,2032,-4.320,29.600,-35.040,-9.377,-3.908,1.222,,,,,,,,,,,,
1,B,12911780,3387,,,,,,,,,,,,,,,,49.688,-69.562,36.125
1,S,12911780,3387,-4.640,30.240,-35.680,-9.367,-3.873,1.202,,,,,,,,,,,,
1,B,12915166,3386,,,,,,,,,,-9.520,-3.590,1.016,,,,,,
1,S,12915166,3386,-4.960,29.920,-36.640,-9.328,-3.837,1.173,,,,,,,,,,,,
1,B,12918553,3387,,,,,,,,,,,,,-4.812,24.172,-33.124,,,
1,S,12918553,3387,-4.000,29.600,-37.280,-9.268,-3.812,1.123,,,,,,,,,,,,
1,B,12921941,3388,,,,,,,,,,-9.441,-3.562,0.910,,,,,,
1,S,12921941,3388,-3.040,29.920,-37.280,-9.217,-3.752,1.058,,,,,,,,,,,,
1,B,12925327,3386,,,,,,,,,,,,,,,,49.438,-70.438,36.438
1,S,12925327,3386,-3.040,30.880,-37.600,-9.143,-3.692,0.993,,,,,,,,,,,,
1,B,12927359,2032,,,,,,,,,,,,,-4.364,25.179,-34.243,,,
1,S,12927359,2032,-3.040,31.200,-38.240,-9.092,-3.678,0.953,,,,,,,,,,,,
1,B,12930746,3387,,,,,,,,,,-9.258,-3.449,0.785,,,,,,
1,S,12930746,3387,-2.400,31.200,-39.840,-9.008,-3.652,0.892,,,,,,,,,,,,
1,B,12934132,3386,,,,,,,,,,,,,,,,49.500,-70.875,36.500
1,S,12934132,3386,-1.440,31.200,-41.120,-8.932,-3.643,0.838,,,,,,,,,,,,
1,B,12936164,2032,,,,,,,,,,-9.051,-3.398,0.672,,,,,,
1,S,12936164,2032,-0.480,30.880,-41.760,-8.893,-3.667,0.812,,,,,,,,,,,,
1,B,12939551,3387,,,,,,,,,,,,,-3.021,25.738,-36.146,,,
1,S,12939551,3387,0.160,30.240,-43.680,-8.822,-3.752,0.777,,,,,,,,,,,,
1,B,12941583,2032,,,,,,,,,,,,,,,,49.000,-68.312,35.438
1,S,12941583,2032,0.480,29.920,-44.640,-8.783,-3.803,0.762,,,,,,,,,,,,
1,B,12944970,3387,,,,,,,,,,-8.875,-3.582,0.527,,,,,,
1,S,12944970,3387,0.800,29.600,-45.600,-8.732,-3.837,0.748,,,,,,,,,,,,
1,B,12948356,3386,,,,,,,,,,,,,-1.455,25.626,-39.055,,,
1,S,12948356,3386,1.120,29.280,-47.200,-8.703,-3.803,0.723,,,,,,,,,,,,
1,B,12950388,2032,,,,,,,,,,,,,,,,49.125,-68.188,35.125
1,S,12950388,2032,1.120,28.960,-48.480,-8.688,-3.772,0.703,,,,,,,,,,,,
1,B,12953775,3387,,,,,,,,,,-8.812,-3.535,0.496,,,,,,
1,S,12953775,3387,1.440,28.640,-50.400,-8.648,-3.752,0.672,,,,,,,,,,,,
1,B,12956484,2709,,,,,,,,,,,,,0.112,25.067,-42.860,,,
1,S,12956484,2709,2.080,28.320,-51.680,-8.617,-3.777,0.652,,,,,,,,,,,,
1,B,12960549,4065,,,,,,,,,,,,,,,,49.375,-67.938,35.938
1,S,12960549,4065,3.040,27.360,-54.240,-8.602,-3.857,0.637,,,,,,,,,,,,
1,B,12962581,2032,,,,,,,,,,-8.738,-3.602,0.410,,,,,,
1,S,12962581,2032,3.680,27.360,-55.200,-8.607,-3.897,0.647,,,,,,,,,,,,
1,B,12965290,2709,,,,,,,,,,,,,1.343,24.060,-47.448,,,
1,S,12965290,2709,4.000,27.360,-57.120,-8.627,-3.933,0.677,,,,,,,,,,,,
1,B,12969354,4064,,,,,,,,,,-8.742,-3.727,0.430,,,,,,
1,S,12969354,4064,4.320,27.680,-59.360,-8.672,-3.917,0.718,,,,,,,,,,,,
1,B,12971386,2032,,,,,,,,,,,,,,,,49.125,-68.688,36.250
1,S,12971386,2032,4.640,27.680,-60.640,-8.703,-3.882,0.728,,,,,,,,,,,,
1,B,12974773,3387,,,,,,,,,,,,,2.910,23.276,-52.708,,,
1,S,12974773,3387,5.280,27.360,-63.200,-8.752,-3.837,0.743,,,,,,,,,,,,
1,B,12978837,4064,,,,,,,,,,-8.848,-3.609,0.555,,,,,,
1,S,12978837,4064,6.560,26.080,-65.120,-8.783,-3.833,0.772,,,,,,,,,,,,
1,B,12981546,2709,,,,,,,,,,-8.879,-3.582,0.652,,,,,,
1,S,12981546,2709,8.160,26.400,-66.400,-8.773,-3.817,0.762,,,,,,,,,,,,
1,B,12984933,3387,,,,,,,,,,,,,,,,49.438,-68.312,36.062
1,S,12984933,3387,9.760,26.400,-68.640,-8.742,-3.777,0.728,,,,,,,,,,,,
1,B,12986965,2032,,,,,,,,,,,,,5.707,22.605,-58.191,,,
1,S,12986965,2032,12.640,26.080,-70.240,-8.713,-3.777,0.708,,,,,,,,,,,,
1,B,12991028,4063,,,,,,,,,,,,,,,,48.750,-67.062,36.188
1,S,12991028,4063,14.240,25.440,-71.840,-8.627,-3.888,0.672,,,,,,,,,,,,
1,B,12994415,3387,,,,,,,,,,-8.785,-3.590,0.586,,,,,,
1,S,12994415,3387,17.760,25.440,-72.800,-8.553,-4.043,0.667,,,,,,,,,,,,
1,B,12997803,3388,,,,,,,,,,,,,10.519,21.934,-63.451,,,
1,S,12997803,3388,20.320,24.800,-74.080,-8.488,-4.157,0.652,,,,,,,,,,,,
1,B,13001188,3385,,,,,,,,,,-8.633,-3.898,0.496,,,,,,
1,S,13001188,3385,22.240,23.840,-74.720,-8.443,-4.232,0.632,,,,,,,,,,,,
1,B,13004576,3388,,,,,,,,,,,,,,,,49.562,-68.125,36.250
1,S,13004576,3388,23.520,22.880,-75.360,-8.398,-4.327,0.637,,,,,,,,,,,,
1,B,13006608,2032,,,,,,,,,,,,,16.003,20.926,-67.591,,,
1,S,13006608,2032,25.120,22.560,-76.000,-8.373,-4.388,0.657,,,,,,,,,,,,
1,B,13009995,3387,,,,,,,,,,-8.578,-4.098,0.461,,,,,,
1,S,13009995,3387,26.080,21.920,-76.960,-8.338,-4.478,0.682,,,,,,,,,,,,
1,B,13013381,3386,,,,,,,,,,,,,,,,49.438,-66.750,35.875
1,S,13013381,3386,26.400,21.600,-77.600,-8.297,-4.567,0.688,,,,,,,,,,,,
1,B,13015413,2032,,,,,,,,,,,,,20.367,19.472,-70.501,,,
1,S,13015413,2032,26.400,21.280,-77.920,-8.273,-4.622,0.688,,,,,,,,,,,,
1,B,13020154,4741,,,,,,,,,,-8.496,-4.262,0.469,,,,,,
1,S,13020154,4741,26.400,20.640,-78.880,-8.217,-4.782,0.728,,,,,,,,,,,,
1,B,13022186,2032,,,,,,,,,,,,,,,,49.438,-66.750,35.875
1,S,13022186,2032,27.360,20.000,-78.880,-8.188,-4.853,0.757,,,,,,,,,,,,
1,B,13024218,2032,,,,,,,,,,-8.391,-4.531,0.535,,,,,,
1,S,13024218,2032,27.360,19.360,-79.520,-8.148,-4.923,0.787,,,,,,,,,,,,
1,B,13026928,2710,,,,,,,,,,,,,22.717,17.793,-72.515,,,
1,S,13026928,2710,26.720,18.720,-79.840,-8.102,-4.992,0.797,,,,,,,,,,,,
1,B,13029637,2709,,,,,,,,,,-8.285,-4.730,0.547,,,,,,
1,S,13029637,2709,25.760,18.080,-80.480,-8.078,-5.032,0.787,,,,,,,,,,,,
1,B,13033023,3386,,,,,,,,,,,,,,,,49.625,-66.438,36.000
1,S,13033023,3386,25.440,17.760,-80.480,-8.072,-5.043,0.782,,,,,,,,,,,,
1,B,13035734,2711,,,,,,,,,,,,,22.941,16.226,-73.746,,,
1,S,13035734,2711,25.760,17.440,-80.480,-8.078,-5.032,0.812,,,,,,,,,,,,
1,B,13039798,4064,,,,,,,,,,-8.266,-4.750,0.566,,,,,,
1,S,13039798,4064,25.440,17.760,-80.800,-8.123,-5.003,0.887,,,,,,,,,,,,
1,B,13041830,2032,,,,,,,,,,,,,,,,47.938,-64.938,36.250
1,S,13041830,2032,24.800,18.080,-81.120,-8.162,-4.992,0.943,,,,,,,,,,,,
1,B,13045216,3386,,,,,,,,,,,,,22.045,14.995,-74.753,,,
1,S,13045216,3386,24.480,18.400,-81.440,-8.242,-5.032,1.062,,,,,,,,,,,,
1,B,13049958,4742,,,,,,,,,,-8.410,-4.742,0.805,,,,,,
1,S,13049958,4742,23.840,19.360,-82.720,-8.363,-5.082,1.153,,,,,,,,,,,,
1,B,13051990,2032,,,,,,,,,,-8.562,-4.797,0.930,,,,,,
1,S,13051990,2032,23.520,19.040,-83.040,-8.387,-5.072,1.157,,,,,,,,,,,,
1,B,13055376,3386,,,,,,,,,,,,,,,,48.938,-64.688,35.938
1,S,13055376,3386,23.520,18.400,-83.040,-8.383,-5.053,1.167,,,,,,,,,,,,
1,B,13057408,2032,,,,,,,,,,,,,20.926,14.772,-75.760,,,
1,S,13057408,2032,23.520,18.720,-83.360,-8.352,-5.067,1.192,,,,,,,,,,,,
1,B,13062130,4722,,,,,,,,,,,,,,,,47.250,-64.750,36.188
1,S,13062130,4722,23.200,20.640,-83.360,-8.312,-5.128,1.228,,,,,,,,,,,,
1,B,13064859,2729,,,,,,,,,,,,,20.255,15.443,-76.656,,,
1,S,13064859,2729,24.160,21.280,-83.360,-8.322,-5.162,1.222,,,,,,,,,,,,
1,B,13071632,6773,,,,,,,,,,-8.543,-4.953,1.055,,,,,,
1,S,13071632,6773,24.800,20.960,-84.000,-8.352,-5.412,1.242,,,,,,,,,,,,
1,B,13073665,2033,,,,,,,,,,,,,20.255,16.674,-77.327,,,
1,S,13073665,2033,24.160,21.280,-84.000,-8.357,-5.513,1.248,,,,,,,,,,,,
1,B,13081115,7450,,,,,,,,,,-8.562,-5.277,1.082,,,,,,
1,S,13081115,10160,23.520,23.520,-83.040,-8.283,-6.022,1.188,,,,,,,,,,,,
1,B,13084502,3387,,,,,,,,,,,,,,,,48.875,-63.250,35.312
1,S,13084502,677,23.200,24.160,-82.720,-8.273,-6.062,1.183,,,,,,,,,,,,
1,B,13086534,2032,,,,,,,,,,,,,20.031,18.353,-77.215,,,
1,S,13086534,2032,23.200,24.160,-82.080,-8.252,-6.188,1.163,,,,,,,,,,,,
1,B,13090598,4064,,,,,,,,,,-8.523,-5.641,1.004,,,,,,
1,S,13090598,4064,23.520,24.480,-80.800,-8.203,-6.433,1.107,,,,,,,,,,,,
1,B,13093307,2709,,,,,,,,,,,,,,,,48.000,-61.750,35.125
1,S,13093307,2709,23.520,25.440,-79.200,-8.158,-6.558,1.058,,,,,,,,,,,,
1,B,13095339,2032,,,,,,,,,,-8.422,-6.082,0.910,,,,,,
1,S,13095339,2032,23.200,26.400,-78.240,-8.123,-6.652,1.008,,,,,,,,,,,,
1,B,13098726,3387,,,,,,,,,,,,,19.584,20.143,-75.648,,,
1,S,13098726,3387,22.880,27.360,-76.000,-8.068,-6.883,0.897,,,,,,,,,,,,
1,B,13100758,2032,,,,,,,,,,-8.340,-6.492,0.727,,,,,,
1,S,13100758,2032,22.560,27.680,-74.720,-8.047,-7.067,0.828,,,,,,,,,,,,
1,B,13104144,3386,,,,,,,,,,,,,,,,47.438,-61.938,35.875
1,S,13104144,3386,22.560,27.360,-72.160,-8.023,-7.418,0.718,,,,,,,,,,,,
1,B,13106176,2032,,,,,,,,,,,,,19.248,22.045,-72.067,,,
1,S,13106176,2032,22.240,27.360,-70.560,-8.012,-7.633,0.642,,,,,,,,,,,,
1,B,13110919,4743,,,,,,,,,,-8.340,-7.211,0.395,,,,,,
1,S,13110919,4743,22.240,28.960,-65.760,-7.997,-8.133,0.468,,,,,,,,,,,,
1,B,13112951,2032,,,,,,,,,,-8.332,-7.949,0.078,,,,,,
1,S,13112951,2032,20.640,29.280,-63.200,-8.002,-8.338,0.393,,,,,,,,,,,,
1,B,13116337,3386,,,,,,,,,,,,,,,,46.500,-60.500,35.688
1,S,13116337,3386,19.360,29.280,-59.680,-8.023,-8.648,0.278,,,,,,,,,,,,
1,B,13118369,2032,,,,,,,,,,,,,17.905,23.612,-65.689,,,
1,S,13118369,2032,17.120,28.960,-57.440,-8.033,-8.812,0.212,,,,,,,,,,,,
1,B,13121756,3387,,,,,,,,,,,,,,,,48.125,-61.625,35.562
1,S,13121756,3387,16.160,28.320,-52.960,-8.047,-9.062,0.107,,,,,,,,,,,,
1,B,13125142,3386,,,,,,,,,,-8.410,-8.535,-0.172,,,,,,
1,S,13125142,3386,14.240,28.640,-47.200,-8.037,-9.312,0.003,,,,,,,,,,,,
1,B,13129206,4064,,,,,,,,,,,,,14.883,24.507,-56.289,,,
1,S,13129206,4064,12.640,29.280,-39.840,-8.012,-9.648,-0.133,,,,,,,,,,,,
1,B,13132593,3387,,,,,,,,,,-8.457,-9.125,-0.422,,,,,,
1,S,13132593,3387,10.400,28.960,-33.120,-7.973,-9.963,-0.263,,,,,,,,,,,,
1,B,13135980,3387,,,,,,,,,,,,,,,,46.875,-59.500,35.062
1,S,13135980,3387,8.160,27.680,-26.400,-7.907,-10.277,-0.417,,,,,,,,,,,,
1,B,13138670,2690,,,,,,,,,,,,,10.407,24.619,-43.531,,,
1,S,13138670,2690,5.280,27.040,-20.960,-7.848,-10.453,-0.512,,,,,,,,,,,,
1,B,13141398,2728,,,,,,,,,,-8.293,-9.793,-0.746,,,,,,
1,S,13141398,2728,3.040,27.040,-15.520,-7.728,-10.717,-0.657,,,,,,,,,,,,
1,A,13143269,2687126,,,,,,,7.994,-11.283,-0.783,,,,,,,,,
1,B,13144785,3387,,,,,,,,,,,,,,,,47.188,-59.188,34.875
1,S,13144785,5420,1.120,26.720,-8.160,-7.562,-11.137,-0.843,,,,,,,,,,,,
1,A,13146782,3513,,,,,,,7.905,-11.383,-0.820,,,,,,,,,
1,B,13147494,2709,,,,,,,,,,,,,4.476,23.724,-27.529,,,
1,S,13147494,676,-4.320,26.080,-1.440,-7.543,-11.193,-0.863,,,,,,,,,,,,
1,A,13150081,3299,,,,,,,7.749,-11.542,-0.872,,,,,,,,,
1,B,13150203,2709,,,,,,,,,,-8.094,-10.355,-1.129,,,,,,
1,S,13150203,2709,-5.280,24.800,4.960,-7.457,-11.387,-0.953,,,,,,,,,,,,
1,A,13153393,3312,,,,,,,7.712,-11.504,-1.019,,,,,,,,,
1,B,13153591,3388,,,,,,,,,,,,,,,,46.875,-59.500,35.062
1,S,13153591,3388,-8.480,22.880,12.320,-7.348,-11.568,-1.058,,,,,,,,,,,,
1,A,13155692,2299,,,,,,,7.587,-11.591,-1.006,,,,,,,,,
1,B,13156300,2709,,,,,,,,,,,,,-3.805,21.710,-8.505,,,
1,S,13156300,2709,-13.600,21.600,18.400,-7.258,-11.643,-1.127,,,,,,,,,,,,
1,A,13159992,4300,,,,,,,7.533,-11.606,-1.126,,,,,,,,,
1,B,13160364,4064,,,,,,,,,,-7.863,-10.840,-1.387,,,,,,
1,S,13160364,4064,-17.440,20.000,28.320,-7.133,-11.693,-1.222,,,,,,,,,,,,
1,A,13162291,2299,,,,,,,7.475,-11.587,-1.162,,,,,,,,,
1,B,13162396,2032,,,,,,,,,,,,,,,,46.875,-59.500,35.062
1,S,13162396,2032,-22.560,19.040,33.760,-7.082,-11.703,-1.258,,,,,,,,,,,,
1,A,13164591,2300,,,,,,,7.461,-11.598,-1.182,,,,,,,,,
1,B,13165105,2709,,,,,,,,,,-7.625,-11.004,-1.582,,,,,,
1,S,13165105,2709,-25.120,17.760,40.800,-7.022,-11.703,-1.302,,,,,,,,,,,,
1,A,13167891,3300,,,,,,,7.380,-11.461,-1.266,,,,,,,,,
1,B,13168492,3387,,,,,,,,,,,,,-14.436,18.464,12.757,,,
1,S,13168492,3387,-29.280,15.840,49.440,-6.963,-11.703,-1.363,,,,,,,,,,,,
1,A,13170201,2310,,,,,,,7.328,-11.504,-1.258,,,,,,,,,
1,B,13170524,2032,,,,,,,,,,-7.480,-11.012,-1.723,,,,,,
1,S,13170524,2032,-34.720,14.560,54.240,-6.933,-11.682,-1.397,,,,,,,,,,,,
1,A,13173502,3301,,,,,,,7.356,-11.354,-1.291,,,,,,,,,
1,B,13173911,3387,,,,,,,,,,,,,,,,46.125,-59.438,36.000
1,S,13173911,3387,-37.600,12.640,62.240,-6.867,-11.627,-1.438,,,,,,,,,,,,
1,A,13175802,2300,,,,,,,7.328,-11.306,-1.287,,,,,,,,,
1,B,13175943,2032,,,,,,,,,,-7.336,-10.910,-1.781,,,,,,
1,S,13175943,2032,-41.760,11.360,67.040,-6.832,-11.582,-1.438,,,,,,,,,,,,
1,A,13179100,3298,,,,,,,7.363,-11.188,-1.226,,,,,,,,,
1,B,13179329,3386,,,,,,,,,,,,,-26.410,14.324,35.027,,,
1,S,13179329,3386,-44.320,9.760,75.680,-6.803,-11.502,-1.423,,,,,,,,,,,,
1,A,13181401,2301,,,,,,,7.365,-11.104,-1.274,,,,,,,,,
1,B,13182038,2709,,,,,,,,,,,,,,,,46.812,-60.062,35.500
1,S,13182038,2709,-48.480,8.480,82.720,-6.803,-11.428,-1.417,,,,,,,,,,,,
1,A,13184701,3300,,,,,,,7.435,-10.938,-1.277,,,,,,,,,
1,B,13185426,3388,,,,,,,,,,-7.309,-10.707,-1.781,,,,,,
1,S,13185426,3388,-52.000,6.560,90.720,-6.832,-11.297,-1.417,,,,,,,,,,,,
1,A,13188011,3310,,,,,,,7.519,-10.683,-1.297,,,,,,,,,
1,B,13188134,2708,,,,,,,,,,,,,-38.719,9.736,57.408,,,
1,S,13188134,2708,-56.800,4.960,96.480,-6.857,-11.158,-1.407,,,,,,,,,,,,
1,A,13190311,2300,,,,,,,7.574,-10.502,-1.286,,,,,,,,,
1,B,13190845,2711,,,,,,,,,,,,,,,,47.375,-60.438,35.188
1,S,13190845,2711,-60.320,3.680,102.240,-6.888,-10.988,-1.387,,,,,,,,,,,,
1,A,13193611,3300,,,,,,,7.666,-10.263,-1.336,,,,,,,,,
1,B,13194231,3386,,,,,,,,,,-7.375,-10.332,-1.703,,,,,,
1,S,13194231,3386,-63.200,2.080,109.280,-6.928,-10.762,-1.363,,,,,,,,,,,,
1,A,13195911,2300,,,,,,,7.733,-10.046,-1.345,,,,,,,,,
1,B,13196263,2032,,,,,,,,,,,,,-50.022,4.924,78.782,,,
1,S,13196263,2032,-66.400,1.120,113.120,-6.957,-10.613,-1.353,,,,,,,,,,,,
1,A,13200210,4299,,,,,,,7.829,-9.653,-1.345,,,,,,,,,
1,B,13200327,4064,,,,,,,,,,,,,,,,47.250,-61.625,36.062
1,S,13200327,4064,-67.680,-1.440,120.800,-7.032,-10.283,-1.353,,,,,,,,,,,,
1,A,13202510,2378,,,,,,,7.878,-9.481,-1.342,,,,,,,,,
1,B,13203036,2709,,,,,,,,,,-7.441,-9.766,-1.609,,,,,,
1,S,13203036,2709,-69.920,-3.360,125.280,-7.093,-10.047,-1.343,,,,,,,,,,,,
1,A,13202813,225,,,,,,,7.956,-9.129,-1.364,,,,,,,,,
1,B,13205068,2032,,,,,,,,,,,,,-58.974,0.112,98.030,,,
1,S,13205068,2032,-71.520,-4.640,128.800,-7.133,-9.867,-1.323,,,,,,,,,,,,
1,A,13205068,2255,,,,,,,8.096,-8.724,-1.358,,,,,,,,,
1,B,13209810,4742,,,,,,,,,,-7.555,-9.117,-1.484,,,,,,
1,S,13209810,4742,-72.800,-7.200,136.160,-7.213,-9.432,-1.248,,,,,,,,,,,,
1,A,13209788,4720,,,,,,,8.096,-8.561,-1.297,,,,,,,,,
1,B,13211842,2032,,,,,,,,,,,,,,,,46.188,-60.812,36.625
1,S,13211842,2032,-74.720,-7.840,139.040,-7.242,-9.227,-1.222,,,,,,,,,,,,
1,A,13211780,1992,,,,,,,8.134,-8.283,-1.241,,,,,,,,,
1,B,13213874,2032,,,,,,,,,,-7.660,-8.391,-1.340,,,,,,
1,S,13213874,2032,-75.040,-9.120,141.920,-7.263,-9.012,-1.192,,,,,,,,,,,,
1,A,13214769,2989,,,,,,,8.127,-7.949,-1.297,,,,,,,,,
1,B,13216583,2709,,,,,,,,,,,,,-64.458,-4.812,114.592,,,
1,S,13216583,2709,-75.040,-10.720,145.760,-7.282,-8.727,-1.153,,,,,,,,,,,,
1,A,13216762,1993,,,,,,,8.170,-7.612,-1.171,,,,,,,,,
1,B,13220648,4065,,,,,,,,,,,,,,,,48.250,-63.625,35.562
1,S,13220648,4065,-74.720,-13.280,150.240,-7.282,-8.268,-1.087,,,,,,,,,,,,
1,A,13220748,3986,,,,,,,8.192,-7.348,-1.050,,,,,,,,,
1,B,13224033,3385,,,,,,,,,,-7.609,-7.574,-1.207,,,,,,
1,S,13224033,3385,-73.120,-15.200,153.120,-7.272,-7.897,-1.008,,,,,,,,,,,,
1,A,13223737,2989,,,,,,,8.327,-6.842,-0.982,,,,,,,,,
1,B,13226066,2033,,,,,,,,,,,,,-66.136,-9.512,127.908,,,
1,S,13226066,2033,-71.840,-15.840,154.720,-7.272,-7.683,-0.943,,,,,,,,,,,,
1,A,13226726,2989,,,,,,,8.377,-6.677,-0.766,,,,,,,,,
1,B,13230808,4742,,,,,,,,,,,,,,,,47.375,-63.625,36.062
1,S,13230808,4742,-71.200,-17.120,158.560,-7.298,-7.223,-0.748,,,,,,,,,,,,
1,A,13232740,6014,,,,,,,8.264,-6.642,-0.559,,,,,,,,,
1,B,13234194,3386,,,,,,,,,,-7.609,-6.828,-0.898,,,,,,
1,S,13234194,3386,-68.320,-18.080,161.440,-7.332,-6.957,-0.588,,,,,,,,,,,,
1,A,13235824,3084,,,,,,,8.445,-6.421,-0.408,,,,,,,,,
1,B,13236226,2032,,,,,,,,,,,,,-64.346,-13.541,137.980,,,
1,S,13236226,2032,-66.720,-18.400,162.720,-7.348,-6.822,-0.487,,,,,,,,,,,,
1,A,13240122,4298,,,,,,,8.676,-6.038,-0.211,,,,,,,,,
1,B,13240290,4064,,,,,,,,,,,,,,,,46.812,-66.875,36.938
1,S,13240290,4064,-65.760,-19.040,164.960,-7.412,-6.577,-0.278,,,,,,,,,,,,
1,A,13242434,2312,,,,,,,8.504,-6.143,-0.127,,,,,,,,,
1,B,13243000,2710,,,,,,,,,,,,,-59.982,-16.338,144.806,,,
1,S,13243000,2710,-63.520,-18.720,166.240,-7.478,-6.407,-0.133,,,,,,,,,,,,
1,A,13248734,6300,,,,,,,8.745,-5.674,0.181,,,,,,,,,
1,B,13249095,6095,,,,,,,,,,-7.781,-5.879,-0.125,,,,,,
1,S,13249095,6095,-61.600,-18.080,168.160,-7.577,-6.058,0.128,,,,,,,,,,,,
1,A,13251032,2298,,,,,,,8.820,-5.616,0.242,,,,,,,,,
1,B,13251786,2691,,,,,,,,,,,,,,,,47.938,-67.000,37.375
1,S,13251786,2691,-58.720,-17.440,169.120,-7.607,-5.963,0.203,,,,,,,,,,,,
1,A,13256332,5300,,,,,,,8.952,-5.351,0.408,,,,,,,,,
1,B,13256546,4760,,,,,,,,,,,,,-54.722,-17.234,148.947,,,
1,S,13256546,4760,-57.120,-16.800,169.440,-7.728,-5.668,0.417,,,,,,,,,,,,
1,A,13260632,4300,,,,,,,9.038,-5.101,0.624,,,,,,,,,
1,B,13261288,4742,,,,,,,,,,-7.938,-5.508,0.125,,,,,,
1,S,13261288,4742,-54.560,-16.160,169.760,-7.832,-5.402,0.608,,,,,,,,,,,,
1,A,13263932,3300,,,,,,,9.203,-4.974,0.646,,,,,,,,,
1,B,13264675,3387,,,,,,,,,,,,,,,,47.750,-68.312,37.750
1,S,13264675,3387,-51.360,-15.200,170.080,-7.907,-5.242,0.718,,,,,,,,,,,,
1,A,13266242,2310,,,,,,,9.219,-5.001,0.713,,,,,,,,,
1,B,13266707,2032,,,,,,,,,,,,,-49.239,-16.450,151.073,,,
1,S,13266707,2032,-48.480,-14.240,170.080,-7.957,-5.157,0.767,,,,,,,,,,,,
1,A,13270541,4299,,,,,,,9.413,-4.880,0.828,,,,,,,,,
1,B,13270771,4064,,,,,,,,,,-8.074,-5.113,0.449,,,,,,
1,S,13270771,4064,-46.880,-12.640,169.440,-8.092,-5.013,0.868,,,,,,,,,,,,
1,A,13272841,2300,,,,,,,9.572,-4.708,0.872,,,,,,,,,
1,B,13273480,2709,,,,,,,,,,,,,,,,48.562,-69.312,37.062
1,S,13273480,2709,-44.640,-12.000,169.120,-8.203,-4.933,0.927,,,,,,,,,,,,
1,A,13275140,2299,,,,,,,9.683,-4.661,0.870,,,,,,,,,
1,B,13275512,2032,,,,,,,,,,,,,-43.531,-14.212,151.521,,,
1,S,13275512,2032,-43.360,-11.360,168.800,-8.297,-4.872,0.963,,,,,,,,,,,,
1,A,13279439,4299,,,,,,,9.825,-4.401,0.874,,,,,,,,,
1,B,13279576,4064,,,,,,,,,,-8.602,-4.559,0.863,,,,,,
1,S,13279576,4064,-42.080,-9.760,167.840,-8.482,-4.713,1.018,,,,,,,,,,,,
1,A,13281739,2300,,,,,,,9.922,-4.364,0.893,,,,,,,,,
1,B,13282285,2709,,,,,,,,,,,,,,,,47.812,-69.812,37.688
1,S,13282285,2709,-39.200,-8.480,167.840,-8.598,-4.572,1.048,,,,,,,,,,,,
1,A,13284049,2310,,,,,,,10.081,-4.157,0.868,,,,,,,,,
1,B,13284317,2032,,,,,,,,,,,,,-37.600,-10.967,150.849,,,
1,S,13284317,2032,-36.960,-7.520,168.160,-8.682,-4.463,1.062,,,,,,,,,,,,
1,A,13289349,5300,,,,,,,10.364,-4.025,0.882,,,,,,,,,
1,B,13289736,5419,,,,,,,,,,-8.926,-4.184,0.949,,,,,,
1,S,13289736,5419,-35.360,-4.960,167.200,-8.912,-4.168,1.038,,,,,,,,,,,,
1,A,13291649,2300,,,,,,,10.452,-3.851,0.868,,,,,,,,,
1,B,13291769,2033,,,,,,,,,,-9.250,-3.832,0.883,,,,,,
1,S,13291769,2033,-31.200,-4.000,166.240,-9.012,-4.077,1.018,,,,,,,,,,,,
1,A,13294948,3299,,,,,,,10.577,-3.669,0.871,,,,,,,,,
1,B,13295154,3385,,,,,,,,,,,,,,,,48.562,-70.438,36.875
1,S,13295154,3385,-29.600,-2.400,164.960,-9.172,-3.942,0.988,,,,,,,,,,,,
1,A,13297246,2376,,,,,,,10.648,-3.539,0.820,,,,,,,,,
1,B,13297865,2711,,,,,,,,,,,,,-30.998,-6.938,149.171,,,
1,S,13297865,2711,-28.000,-1.120,164.000,-9.287,-3.788,0.958,,,,,,,,,,,,
1,A,13297324,0,,,,,,,10.753,-3.289,0.815,,,,,,,,,
1,B,13301251,3386,,,,,,,,,,,,,,,,47.938,-72.250,37.875
1,S,13301251,3386,-26.400,0.480,162.720,-9.402,-3.542,0.927,,,,,,,,,,,,
1,A,13301251,3927,,,,,,,10.785,-3.164,0.795,,,,,,,,,
1,B,13303961,2710,,,,,,,,,,-9.520,-3.410,0.785,,,,,,
1,S,13303961,2710,-23.520,1.760,161.120,-9.477,-3.357,0.907,,,,,,,,,,,,
1,A,13303962,2711,,,,,,,10.856,-3.082,0.763,,,,,,,,,
1,B,13306670,2709,,,,,,,,,,,,,-24.731,-3.021,146.485,,,
1,S,13306670,2709,-21.280,2.720,159.520,-9.543,-3.212,0.892,,,,,,,,,,,,
1,A,13306434,2472,,,,,,,10.958,-2.814,0.803,,,,,,,,,
1,B,13310734,4064,,,,,,,,,,,,,,,,47.625,-73.625,38.562
1,S,13310734,4064,-19.040,4.000,157.600,-9.633,-3.038,0.868,,,,,,,,,,,,
1,A,13310735,4301,,,,,,,10.901,-2.809,0.809,,,,,,,,,
1,B,13313443,2709,,,,,,,,,,-9.711,-2.977,0.738,,,,,,
1,S,13313443,2709,-16.800,4.960,156.640,-9.678,-2.908,0.868,,,,,,,,,,,,
1,A,13313408,2673,,,,,,,10.961,-2.654,0.812,,,,,,,,,
1,B,13315475,2032,,,,,,,,,,-9.805,-2.625,0.719,,,,,,
1,S,13315475,2032,-15.200,5.280,156.000,-9.703,-2.803,0.873,,,,,,,,,,,,
1,A,13315401,1993,,,,,,,10.912,-2.479,0.844,,,,,,,,,
1,B,13318862,3387,,,,,,,,,,,,,-18.800,0.560,142.792,,,
1,S,13318862,3387,-14.240,6.560,153.760,-9.732,-2.623,0.882,,,,,,,,,,,,
1,A,13319386,3985,,,,,,,10.991,-2.296,0.818,,,,,,,,,
1,B,13320894,2032,,,,,,,,,,,,,,,,47.375,-73.438,38.375
1,S,13320894,2032,-12.000,7.200,152.160,-9.742,-2.513,0.892,,,,,,,,,,,,
1,A,13321379,1993,,,,,,,10.891,-2.286,0.794,,,,,,,,,
1,B,13324280,3386,,,,,,,,,,,,,-12.981,3.693,137.980,,,
1,S,13324280,3386,-10.720,7.840,150.240,-9.748,-2.337,0.897,,,,,,,,,,,,
1,A,13324368,2989,,,,,,,10.938,-1.989,0.734,,,,,,,,,
1,B,13330377,6097,,,,,,,,,,-9.887,-2.184,0.738,,,,,,
1,S,13330377,6097,-8.800,9.760,146.400,-9.713,-2.078,0.897,,,,,,,,,,,,
1,A,13331343,6975,,,,,,,10.888,-1.814,0.965,,,,,,,,,
1,B,13333764,3387,,,,,,,,,,,,,,,,47.625,-76.312,39.312
1,S,13333764,3387,-4.960,11.040,144.480,-9.707,-1.927,0.922,,,,,,,,,,,,
1,A,13334332,2989,,,,,,,10.961,-1.745,1.017,,,,,,,,,
1,B,13336473,2709,,,,,,,,,,,,,-7.610,6.379,132.720,,,
1,S,13336473,2709,-3.360,12.000,142.880,-9.703,-1.802,0.968,,,,,,,,,,,,
1,A,13342227,7895,,,,,,,10.977,-1.671,1.170,,,,,,,,,
1,B,13342569,6096,,,,,,,,,,-9.852,-1.848,0.719,,,,,,
1,S,13342569,6096,-2.080,13.280,139.680,-9.723,-1.593,1.083,,,,,,,,,,,,
1,A,13342569,2321,,,,,,,11.016,-1.616,1.283,,,,,,,,,
1,B,13344601,2032,,,,,,,,,,,,,,,,46.562,-75.625,38.375
1,S,13344601,2032,0.800,14.240,138.720,-9.738,-1.552,1.123,,,,,,,,,,,,
1,A,13346841,2293,,,,,,,10.995,-1.578,1.319,,,,,,,,,
1,B,13347310,2709,,,,,,,,,,,,,-3.021,9.064,127.349,,,
1,S,13347310,2709,1.440,15.840,137.120,-9.758,-1.502,1.177,,,,,,,,,,,,
1,A,13347311,470,,,,,,,11.035,-1.495,1.400,,,,,,,,,
1,B,13351374,4064,,,,,,,,,,-9.883,-1.332,0.977,,,,,,
1,S,13351374,6096,2.720,17.760,134.560,-9.818,-1.393,1.308,,,,,,,,,,,,
1,A,13351375,4064,,,,,,,11.068,-1.472,1.401,,,,,,,,,
1,B,13354083,2709,,,,,,,,,,-9.969,-1.168,1.090,,,,,,
1,S,13354083,677,4.640,19.040,132.960,-9.828,-1.377,1.317,,,,,,,,,,,,
1,A,13354259,2884,,,,,,,11.060,-1.580,1.255,,,,,,,,,
1,B,13356793,2710,,,,,,,,,,,,,,,,46.125,-76.125,38.938
1,S,13356793,2710,4.960,20.320,131.360,-9.863,-1.323,1.343,,,,,,,,,,,,
1,A,13357248,2989,,,,,,,11.129,-1.424,1.500,,,,,,,,,
1,B,13360179,3386,,,,,,,,,,,,,0.448,12.310,121.977,,,
1,S,13360179,3386,4.960,21.920,129.760,-9.908,-1.268,1.333,,,,,,,,,,,,
1,A,13360458,3210,,,,,,,11.054,-1.342,1.349,,,,,,,,,
1,B,13362890,2711,,,,,,,,,,,,,,,,46.000,-77.188,39.750
1,S,13362890,5420,4.640,23.200,128.160,-9.947,-1.228,1.282,,,,,,,,,,,,
1,A,13364374,3916,,,,,,,11.155,-1.494,1.397,,,,,,,,,
1,B,13366276,3386,,,,,,,,,,,,,2.910,16.226,117.054,,,
1,S,13366276,677,5.600,25.120,127.840,-9.953,-1.232,1.282,,,,,,,,,,,,
1,A,13368675,4301,,,,,,,11.203,-1.396,1.414,,,,,,,,,
1,B,13370340,4064,,,,,,,,,,-10.105,-1.109,1.035,,,,,,
1,S,13370340,4064,5.920,27.360,126.560,-10.002,-1.248,1.288,,,,,,,,,,,,
1,A,13373190,4515,,,,,,,11.160,-1.521,1.412,,,,,,,,,
1,B,13373727,3387,,,,,,,,,,,,,,,,46.688,-78.500,39.688
1,S,13373727,3387,6.880,29.280,125.920,-10.057,-1.258,1.288,,,,,,,,,,,,
1,A,13374274,1084,,,,,,,11.124,-1.552,1.371,,,,,,,,,
1,B,13375759,2032,,,,,,,,,,,,,4.364,20.703,113.025,,,
1,S,13375759,2032,7.520,30.240,125.280,-10.078,-1.278,1.282,,,,,,,,,,,,
1,A,13378575,4301,,,,,,,11.068,-1.707,1.465,,,,,,,,,
1,B,13380500,4741,,,,,,,,,,-10.199,-1.055,1.023,,,,,,
1,S,13380500,4741,7.200,32.800,124.000,-10.057,-1.387,1.272,,,,,,,,,,,,
1,B,13382532,2032,,,,,,,,,,,,,,,,45.938,-78.938,41.000
1,S,13382532,2032,5.600,34.080,123.680,-10.033,-1.458,1.268,,,,,,,,,,,,
1,A,13384376,5801,,,,,,,10.952,-1.934,1.506,,,,,,,,,
1,B,13384564,2032,,,,,,,,,,-10.262,-1.121,0.977,,,,,,
1,S,13384564,2032,4.960,35.680,124.000,-9.998,-1.548,1.262,,,,,,,,,,,,
1,B,13387951,3387,,,,,,,,,,,,,4.364,25.626,110.451,,,
1,S,13387951,3387,4.000,37.600,124.320,-9.928,-1.698,1.238,,,,,,,,,,,,
1,B,13390660,2709,,,,,,,,,,-10.184,-1.438,0.863,,,,,,
1,S,13390660,2709,2.080,39.200,124.320,-9.857,-1.782,1.202,,,,,,,,,,,,
1,B,13393369,2709,,,,,,,,,,,,,,,,45.500,-78.938,40.375
1,S,13393369,2709,0.160,40.800,124.320,-9.773,-1.812,1.173,,,,,,,,,,,,
1,B,13396078,2709,,,,,,,,,,-9.980,-1.629,0.746,,,,,,
1,S,13396078,2709,-2.400,42.080,124.320,-9.693,-1.808,1.153,,,,,,,,,,,,
1,B,13399466,3388,,,,,,,,,,,,,1.567,30.886,109.444,,,
1,S,13399466,3388,-5.280,44.320,125.280,-9.598,-1.798,1.143,,,,,,,,,,,,
1,B,13401498,2032,,,,,,,,,,,,,,,,45.312,-80.188,41.562
1,S,13401498,2032,-8.160,45.920,125.600,-9.533,-1.792,1.143,,,,,,,,,,,,
1,B,13404885,3387,,,,,,,,,,-9.758,-1.609,0.766,,,,,,
1,S,13404885,3387,-9.760,48.160,125.600,-9.408,-1.768,1.123,,,,,,,,,,,,
1,B,13406917,2032,,,,,,,,,,,,,-4.029,36.369,109.892,,,
1,S,13406917,6096,-12.320,49.120,125.600,-9.148,-1.558,1.022,,,,,,,,,,,,
1,B,13411658,4741,,,,,,,,,,,,,,,,44.500,-79.062,40.438
1,S,13411658,677,-15.840,51.680,126.560,-9.117,-1.522,1.008,,,,,,,,,,,,
1,B,13413690,2032,,,,,,,,,,,,,-10.519,41.853,111.011,,,
1,S,13413690,2032,-16.160,52.960,126.560,-9.037,-1.413,0.973,,,,,,,,,,,,
1,B,13419786,6096,,,,,,,,,,-9.184,-0.969,0.574,,,,,,
1,S,13419786,8128,-17.440,56.160,127.200,-8.848,-0.863,0.868,,,,,,,,,,,,
1,B,13422495,2709,,,,,,,,,,,,,-15.667,47.112,111.906,,,
1,S,13422495,677,-20.640,57.760,127.200,-8.832,-0.807,0.863,,,,,,,,,,,,
1,B,13429268,6773,,,,,,,,,,-9.047,-0.535,0.469,,,,,,
1,S,13429268,6773,-20.640,61.920,125.920,-8.762,-0.253,0.738,,,,,,,,,,,,
1,B,13431979,2711,,,,,,,,,,,,,,,,43.250,-80.750,42.312
1,S,13431979,2711,-21.280,63.840,125.600,-8.768,-0.083,0.647,,,,,,,,,,,,
1,B,13434009,2030,,,,,,,,,,-9.016,0.059,0.250,,,,,,
1,S,13434009,2030,-20.640,64.800,125.280,-8.783,0.018,0.568,,,,,,,,,,,,
1,B,13438074,4065,,,,,,,,,,,,,,,,44.188,-82.062,42.188
1,S,13438074,4065,-20.000,65.760,124.000,-8.842,0.212,0.412,,,,,,,,,,,,
1,B,13440784,2710,,,,,,,,,,,,,-18.353,51.924,111.906,,,
1,S,13440784,2710,-19.360,66.400,122.400,-8.887,0.378,0.307,,,,,,,,,,,,
1,B,13444170,3386,,,,,,,,,,-9.094,0.480,-0.039,,,,,,
1,S,13444170,3386,-19.360,67.040,120.800,-8.947,0.642,0.163,,,,,,,,,,,,
1,B,13446880,2710,,,,,,,,,,,,,,,,43.625,-82.312,42.125
1,S,13446880,2710,-18.720,68.000,119.840,-8.992,0.882,0.048,,,,,,,,,,,,
1,B,13450266,3386,,,,,,,,,,,,,-18.576,55.953,110.227,,,
1,S,13450266,3386,-17.120,68.640,117.920,-9.057,1.163,-0.092,,,,,,,,,,,,
1,B,13452976,2710,,,,,,,,,,-9.215,1.062,-0.324,,,,,,
1,S,13452976,2710,-15.200,69.280,116.000,-9.117,1.347,-0.198,,,,,,,,,,,,
1,B,13456362,3386,,,,,,,,,,,,,,,,42.562,-82.062,43.062
1,S,13456362,3386,-14.240,69.600,113.760,-9.178,1.518,-0.333,,,,,,,,,,,,
1,B,13458394,2032,,,,,,,,,,,,,-16.338,58.974,106.982,,,
1,S,13458394,2032,-12.960,69.920,112.480,-9.197,1.593,-0.417,,,,,,,,,,,,
1,B,13461782,3388,,,,,,,,,,-9.355,1.543,-0.633,,,,,,
1,S,13461782,3388,-12.000,70.240,110.240,-9.197,1.752,-0.573,,,,,,,,,,,,
1,B,13465167,3385,,,,,,,,,,,,,,,,41.625,-83.750,43.062
1,S,13465167,3385,-10.400,70.240,107.360,-9.148,1.998,-0.757,,,,,,,,,,,,
1,B,13467199,2032,,,,,,,,,,,,,-12.981,60.653,101.722,,,
1,S,13467199,2032,-9.120,70.240,105.440,-9.107,2.172,-0.868,,,,,,,,,,,,
1,B,13471264,4065,,,,,,,,,,-9.281,1.965,-1.055,,,,,,
1,S,13471264,4065,-8.800,69.920,101.280,-9.053,2.547,-1.067,,,,,,,,,,,,
1,B,13474651,3387,,,,,,,,,,,,,,,,43.000,-84.688,43.438
1,S,13474651,3387,-8.160,68.640,97.120,-9.047,2.893,-1.198,,,,,,,,,,,,
1,B,13477360,2709,,,,,,,,,,-9.133,2.613,-1.465,,,,,,
1,S,13477360,2709,-7.840,68.000,93.920,-9.072,3.163,-1.268,,,,,,,,,,,,
1,B,13480069,2709,,,,,,,,,,,,,-9.400,60.989,94.449,,,
1,S,13480069,2709,-7.200,67.680,90.400,-9.123,3.382,-1.298,,,,,,,,,,,,
1,B,13482779,2710,,,,,,,,,,-9.207,3.312,-1.668,,,,,,
1,S,13482779,5419,-6.240,68.000,82.400,-9.262,3.498,-1.232,,,,,,,,,,,,
1,B,13486165,3386,,,,,,,,,,,,,,,,41.375,-85.562,43.875
1,S,13486165,677,-4.960,67.680,81.440,-9.277,3.482,-1.222,,,,,,,,,,,,
1,B,13488197,2032,,,,,,,,,,,,,-6.826,59.758,84.601,,,
1,S,13488197,2032,-4.960,66.720,78.560,-9.312,3.428,-1.202,,,,,,,,,,,,
1,B,13491584,3387,,,,,,,,,,-9.371,3.363,-1.629,,,,,,
1,S,13491584,3387,-4.960,65.760,74.080,-9.338,3.308,-1.163,,,,,,,,,,,,
1,B,13494972,3388,,,,,,,,,,,,,,,,40.375,-84.750,44.188
1,S,13494972,3388,-5.920,65.120,70.240,-9.342,3.172,-1.107,,,,,,,,,,,,
1,B,13497002,2030,,,,,,,,,,-9.453,3.074,-1.582,,,,,,
1,S,13497002,2030,-6.880,65.440,68.320,-9.328,3.078,-1.062,,,,,,,,,,,,
1,B,13500390,3388,,,,,,,,,,,,,-5.819,58.191,73.186,,,
1,S,13500390,3388,-7.200,65.120,64.480,-9.287,2.938,-1.022,,,,,,,,,,,,
1,B,13502422,2032,,,,,,,,,,,,,,,,39.562,-83.250,44.750
1,S,13502422,2032,-8.160,64.480,61.920,-9.248,2.848,-1.018,,,,,,,,,,,,
1,B,13505809,3387,,,,,,,,,,-9.387,2.777,-1.504,,,,,,
1,S,13505809,3387,-9.440,63.520,57.760,-9.188,2.712,-1.048,,,,,,,,,,,,
1,B,13509195,3386,,,,,,,,,,,,,-7.274,56.512,61.660,,,
1,S,13509195,3386,-11.680,62.560,54.560,-9.123,2.643,-1.113,,,,,,,,,,,,
1,B,13512582,3387,,,,,,,,,,-9.215,2.605,-1.617,,,,,,
1,S,13512582,3387,-13.280,61.600,51.680,-9.057,2.623,-1.192,,,,,,,,,,,,
1,B,13515969,3387,,,,,,,,,,,,,,,,39.250,-84.688,44.750
1,S,13515969,3387,-14.240,60.640,48.800,-8.988,2.647,-1.282,,,,,,,,,,,,
1,B,13518000,2031,,,,,,,,,,,,,-10.295,54.834,51.365,,,
1,S,13518000,2031,-15.520,60.000,47.520,-8.938,2.692,-1.363,,,,,,,,,,,,
1,B,13522064,4064,,,,,,,,,,-9.078,2.730,-1.828,,,,,,
1,S,13522064,4064,-16.480,59.360,44.320,-8.877,2.817,-1.552,,,,,,,,,,,,
1,B,13524774,2710,,,,,,,,,,,,,-13.541,52.708,42.636,,,
1,S,13524774,2710,-17.760,58.720,42.400,-8.832,2.922,-1.677,,,,,,,,,,,,
1,B,13530871,6097,,,,,,,,,,-8.918,2.977,-2.191,,,,,,
1,S,13530871,6097,-18.080,56.480,36.320,-8.703,3.192,-1.938,,,,,,,,,,,,
1,B,13532903,2032,,,,,,,,,,,,,,,,39.500,-85.812,45.500
1,S,13532903,2032,-18.400,55.520,34.080,-8.648,3.303,-2.027,,,,,,,,,,,,
1,B,13535612,2709,,,,,,,,,,,,,-15.779,49.798,34.355,,,
1,S,13535612,2709,-18.720,53.600,30.880,-8.562,3.458,-2.163,,,,,,,,,,,,
1,B,13541708,6096,,,,,,,,,,-8.723,3.352,-2.520,,,,,,
1,S,13541708,6096,-18.400,49.120,22.240,-8.412,3.812,-2.453,,,,,,,,,,,,
1,B,13545094,3386,,,,,,,,,,,,,,,,39.000,-86.000,44.438
1,S,13545094,3386,-19.360,47.200,17.440,-8.342,4.018,-2.587,,,,,,,,,,,,
1,B,13547126,2032,,,,,,,,,,,,,-17.457,45.769,24.955,,,
1,S,13547126,2032,-20.000,45.600,14.880,-8.287,4.143,-2.663,,,,,,,,,,,,
1,B,13551868,4742,,,,,,,,,,-8.484,3.773,-2.941,,,,,,
1,S,13551868,4742,-20.320,41.760,8.160,-8.148,4.407,-2.842,,,,,,,,,,,,
1,B,13553900,2032,,,,,,,,,,,,,,,,38.688,-86.875,46.500
1,S,13553900,2032,-20.320,40.480,4.320,-8.102,4.487,-2.913,,,,,,,,,,,,
1,B,13555932,2032,,,,,,,,,,-8.238,4.234,-3.207,,,,,,
1,S,13555932,2032,-20.000,39.200,0.480,-8.078,4.553,-2.967,,,,,,,,,,,,
1,B,13559318,3386,,,,,,,,,,,,,-18.576,40.062,13.317,,,
1,S,13559318,3386,-19.680,36.000,-5.920,-8.047,4.633,-3.042,,,,,,,,,,,,
1,B,13562027,2709,,,,,,,,,,-8.109,4.512,-3.391,,,,,,
1,S,13562027,2709,-19.040,32.800,-11.040,-8.002,4.713,-3.103,,,,,,,,,,,,
1,B,13564738,2711,,,,,,,,,,,,,,,,39.062,-86.375,45.250
1,S,13564738,2711,-18.400,29.600,-15.840,-7.923,4.777,-3.178,,,,,,,,,,,,
1,B,13567447,2709,,,,,,,,,,,,,-18.017,32.788,-1.007,,,
1,S,13567447,2709,-17.120,26.400,-20.960,-7.817,4.763,-3.252,,,,,,,,,,,,
1,B,13571511,4064,,,,,,,,,,-7.902,4.664,-3.562,,,,,,
1,S,13571511,4064,-15.840,22.240,-29.280,-7.737,4.562,-3.333,,,,,,,,,,,,
1,B,13573543,2032,,,,,,,,,,-7.797,4.340,-3.668,,,,,,
1,S,13573543,2032,-13.280,20.320,-33.440,-7.742,4.433,-3.353,,,,,,,,,,,,
1,B,13576930,3387,,,,,,,,,,,,,,,,39.375,-86.000,45.062
1,S,13576930,3387,-12.320,16.800,-40.480,-7.803,4.263,-3.357,,,,,,,,,,,,
1,B,13579639,2709,,,,,,,,,,,,,-15.107,24.284,-17.569,,,
1,S,13579639,2709,-10.400,13.920,-46.880,-7.878,4.192,-3.353,,,,,,,,,,,,
1,B,13583025,3386,,,,,,,,,,-7.926,4.043,-3.660,,,,,,
1,S,13583025,3386,-9.120,9.760,-54.560,-8.008,4.162,-3.337,,,,,,,,,,,,
1,B,13585735,2710,,,,,,,,,,,,,,,,38.562,-85.438,45.125
1,S,13585735,2710,-6.240,6.880,-60.000,-8.143,4.128,-3.333,,,,,,,,,,,,
1,B,13588444,2709,,,,,,,,,,,,,-10.519,14.883,-35.810,,,
1,S,13588444,5418,-3.680,4.640,-70.880,-8.408,3.953,-3.312,,,,,,,,,,,,
1,B,13591831,3387,,,,,,,,,,-8.309,3.898,-3.570,,,,,,
1,S,13591831,678,2.400,1.760,-72.480,-8.438,3.922,-3.303,,,,,,,,,,,,
1,B,13594540,2709,,,,,,,,,,,,,,,,38.938,-85.125,44.938
1,S,13594540,2709,3.360,-0.800,-78.560,-8.553,3.783,-3.268,,,,,,,,,,,,
1,B,13597249,2709,,,,,,,,,,,,,-3.245,5.483,-54.834,,,
1,S,13597249,2709,6.560,-3.680,-83.680,-8.662,3.632,-3.237,,,,,,,,,,,,
1,B,13601314,4065,,,,,,,,,,-8.609,3.562,-3.398,,,,,,
1,S,13601314,4065,10.400,-7.200,-91.680,-8.812,3.428,-3.203,,,,,,,,,,,,
1,B,13604023,2709,,,,,,,,,,-8.922,3.160,-3.293,,,,,,
1,S,13604023,2709,17.120,-9.440,-97.120,-8.912,3.303,-3.143,,,,,,,,,,,,
1,B,13606733,2710,,,,,,,,,,,,,,,,39.625,-84.750,44.688
1,S,13606733,2710,21.600,-11.680,-102.560,-9.023,3.172,-3.087,,,,,,,,,,,,
1,B,13609442,2709,,,,,,,,,,,,,7.386,-3.245,-73.858,,,
1,S,13609442,2709,27.040,-13.600,-107.360,-9.143,3.042,-3.022,,,,,,,,,,,,
1,B,13612829,3387,,,,,,,,,,,,,,,,39.062,-85.375,44.750
1,S,13612829,3387,32.800,-15.520,-113.120,-9.307,2.877,-2.902,,,,,,,,,,,,
1,B,13615538,2709,,,,,,,,,,-9.289,2.805,-3.094,,,,,,
1,S,13615538,2709,39.520,-17.440,-117.920,-9.408,2.737,-2.792,,,,,,,,,,,,
1,B,13618925,3387,,,,,,,,,,,,,21.598,-10.743,-92.210,,,
1,S,13618925,3387,44.320,-19.040,-123.680,-9.482,2.558,-2.663,,,,,,,,,,,,
1,B,13622311,3386,,,,,,,,,,-9.523,2.414,-2.750,,,,,,
1,S,13622311,3386,50.400,-20.640,-129.440,-9.512,2.422,-2.587,,,,,,,,,,,,
1,B,13625698,3387,,,,,,,,,,,,,,,,39.438,-84.438,44.875
1,S,13625698,3387,57.440,-22.560,-135.840,-9.502,2.308,-2.553,,,,,,,,,,,,
1,B,13627731,2033,,,,,,,,,,,,,37.712,-16.898,-109.220,,,
1,S,13627731,2033,63.520,-24.160,-139.360,-9.477,2.228,-2.533,,,,,,,,,,,,
1,B,13631116,3385,,,,,,,,,,-9.496,2.105,-2.664,,,,,,
1,S,13631116,3385,66.720,-26.080,-145.120,-9.412,2.072,-2.493,,,,,,,,,,,,
1,B,13634504,3388,,,,,,,,,,,,,,,,39.312,-82.875,45.000
1,S,13634504,3388,71.840,-27.680,-150.240,-9.332,1.933,-2.447,,,,,,,,,,,,
1,B,13636536,2032,,,,,,,,,,,,,54.051,-21.934,-124.999,,,
1,S,13636536,2032,77.920,-28.640,-153.120,-9.277,1.847,-2.422,,,,,,,,,,,,
1,B,13641277,4741,,,,,,,,,,-9.367,1.801,-2.613,,,,,,
1,S,13641277,4741,81.760,-31.520,-159.840,-9.127,1.597,-2.368,,,,,,,,,,,,
1,B,13643309,2032,,,,,,,,,,-9.117,1.359,-2.520,,,,,,
1,S,13643309,2032,88.480,-32.480,-162.400,-9.043,1.462,-2.342,,,,,,,,,,,,
1,B,13646696,3387,,,,,,,,,,,,,,,,40.188,-82.875,44.500
1,S,13646696,3387,90.720,-34.080,-166.880,-8.893,1.228,-2.303,,,,,,,,,,,,
1,B,13648728,2032,,,,,,,,,,,,,69.382,-26.522,-139.323,,,
1,S,13648728,2032,95.520,-35.360,-169.440,-8.797,1.093,-2.277,,,,,,,,,,,,
1,B,13652114,3386,,,,,,,,,,-8.812,0.852,-2.480,,,,,,
1,S,13652114,3386,98.400,-36.960,-173.280,-8.652,0.868,-2.243,,,,,,,,,,,,
1,B,13655501,3387,,,,,,,,,,,,,,,,39.875,-81.688,43.750
1,S,13655501,3387,102.560,-38.560,-177.440,-8.518,0.647,-2.208,,,,,,,,,,,,
1,B,13657533,2032,,,,,,,,,,,,,82.251,-31.110,-151.968,,,
1,S,13657533,2032,105.120,-39.840,-179.680,-8.453,0.552,-2.183,,,,,,,,,,,,
1,B,13660921,3388,,,,,,,,,,-8.590,0.402,-2.453,,,,,,
1,S,13660921,3388,106.400,-42.400,-183.200,-8.367,0.443,-2.127,,,,,,,,,,,,
1,B,13664307,3386,,,,,,,,,,,,,,,,40.938,-80.938,44.000
1,S,13664307,3386,107.680,-44.000,-186.400,-8.332,0.323,-2.033,,,,,,,,,,,,
1,B,13666339,2032,,,,,,,,,,,,,90.756,-35.922,-162.935,,,
1,S,13666339,2032,108.320,-44.640,-188.320,-8.312,0.292,-1.958,,,,,,,,,,,,
1,B,13671080,4741,,,,,,,,,,-8.406,0.145,-2.309,,,,,,
1,S,13671080,4741,108.640,-46.240,-193.760,-8.252,0.217,-1.742,,,,,,,,,,,,
1,B,13673112,2032,,,,,,,,,,-8.465,-0.027,-1.934,,,,,,
1,S,13673112,2032,108.000,-47.520,-196.640,-8.252,0.152,-1.633,,,,,,,,,,,,
1,B,13676499,3387,,,,,,,,,,,,,,,,41.562,-80.188,43.625
1,S,13676499,3387,107.360,-49.120,-200.480,-8.283,0.013,-1.433,,,,,,,,,,,,
1,B,13678531,2032,,,,,,,,,,,,,94.337,-40.286,-173.006,,,
1,S,13678531,2032,106.400,-50.080,-202.400,-8.307,-0.077,-1.302,,,,,,,,,,,,
1,B,13681918,3387,,,,,,,,,,,,,,,,42.750,-79.688,43.625
1,S,13681918,3387,106.080,-50.400,-205.280,-8.348,-0.253,-1.077,,,,,,,,,,,,
1,B,13685304,3386,,,,,,,,,,-8.527,-0.383,-1.418,,,,,,
1,S,13685304,3386,106.080,-51.040,-209.120,-8.373,-0.407,-0.892,,,,,,,,,,,,
1,B,13688691,3387,,,,,,,,,,,,,94.560,-43.755,-182.630,,,
1,S,13688691,3387,105.440,-51.360,-212.640,-8.393,-0.623,-0.748,,,,,,,,,,,,
1,B,13692077,3386,,,,,,,,,,-8.609,-0.852,-1.102,,,,,,
1,S,13692077,3386,103.520,-51.040,-215.840,-8.432,-0.932,-0.578,,,,,,,,,,,,
1,B,13695465,3388,,,,,,,,,,,,,,,,42.312,-77.688,42.938
1,S,13695465,3388,101.280,-51.360,-218.400,-8.498,-1.218,-0.367,,,,,,,,,,,,
1,B,13697497,2032,,,,,,,,,,,,,91.987,-45.546,-191.471,,,
1,S,13697497,2032,99.680,-51.360,-219.360,-8.523,-1.377,-0.253,,,,,,,,,,,,
1,B,13701561,4064,,,,,,,,,,-8.742,-1.426,-0.633,,,,,,
1,S,13701561,4064,99.360,-50.400,-220.640,-8.518,-1.782,-0.072,,,,,,,,,,,,
1,B,13704270,2709,,,,,,,,,,,,,88.965,-45.881,-198.297,,,
1,S,13704270,2709,100.320,-49.760,-221.280,-8.508,-2.103,0.037,,,,,,,,,,,,
1,B,13710366,6096,,,,,,,,,,-8.762,-2.250,-0.230,,,,,,
1,S,13710366,6096,100.960,-48.480,-222.560,-8.477,-2.752,0.077,,,,,,,,,,,,
1,B,13712398,2032,,,,,,,,,,,,,,,,42.688,-76.188,42.688
1,S,13712398,2032,100.000,-47.840,-222.880,-8.457,-2.917,0.062,,,,,,,,,,,,
1,B,13715107,2709,,,,,,,,,,,,,86.727,-45.322,-202.102,,,
1,S,13715107,2709,99.360,-47.840,-222.880,-8.422,-3.118,0.048,,,,,,,,,,,,
1,B,13721203,6096,,,,,,,,,,-8.742,-2.941,-0.277,,,,,,
1,S,13721203,6096,98.400,-47.840,-221.600,-8.303,-3.578,-0.022,,,,,,,,,,,,
1,B,13724591,3388,,,,,,,,,,,,,,,,43.812,-74.250,42.062
1,S,13724591,3388,96.160,-48.160,-220.640,-8.203,-3.837,-0.058,,,,,,,,,,,,
1,B,13726623,2032,,,,,,,,,,,,,84.713,-44.315,-202.885,,,
1,S,13726623,2032,94.880,-48.160,-220.000,-8.137,-3.998,-0.068,,,,,,,,,,,,
1,B,13731364,4741,,,,,,,,,,-8.625,-3.496,-0.355,,,,,,
1,S,13731364,4741,94.560,-47.520,-218.400,-8.047,-4.367,-0.052,,,,,,,,,,,,
1,B,13733396,2032,,,,,,,,,,,,,,,,44.875,-73.000,41.188
1,S,13733396,2032,93.600,-47.840,-217.440,-8.002,-4.527,-0.058,,,,,,,,,,,,
1,B,13735428,2032,,,,,,,,,,,,,82.587,-43.643,-200.871,,,
1,S,13735428,2032,93.280,-48.480,-216.160,-7.947,-4.683,-0.072,,,,,,,,,,,,
1,B,13740169,4741,,,,,,,,,,-8.250,-4.625,-0.402,,,,,,
1,S,13740169,4741,92.640,-48.480,-212.640,-7.798,-5.082,-0.092,,,,,,,,,,,,
1,B,13742201,2032,,,,,,,,,,,,,,,,44.562,-71.812,40.438
1,S,13742201,2032,90.720,-48.160,-211.360,-7.732,-5.258,-0.113,,,,,,,,,,,,
1,B,13744233,2032,,,,,,,,,,-8.062,-5.258,-0.480,,,,,,
1,S,13744233,2032,89.760,-47.840,-209.760,-7.678,-5.423,-0.147,,,,,,,,,,,,
1,B,13746943,2710,,,,,,,,,,,,,79.789,-43.643,-196.619,,,
1,S,13746943,2710,88.800,-47.840,-207.520,-7.628,-5.562,-0.217,,,,,,,,,,,,
1,B,13751006,4063,,,,,,,,,,,,,,,,45.250,-69.312,39.750
1,S,13751006,4063,87.840,-48.800,-203.680,-7.513,-5.782,-0.383,,,,,,,,,,,,
1,B,13754393,3387,,,,,,,,,,-7.930,-5.699,-0.699,,,,,,
1,S,13754393,3387,85.600,-49.120,-200.800,-7.447,-5.997,-0.393,,,,,,,,,,,,
1,B,13756426,2033,,,,,,,,,,,,,76.320,-43.979,-190.352,,,
1,S,13756426,6097,83.680,-48.800,-195.360,-7.478,-6.353,-0.398,,,,,,,,,,,,
1,B,13761167,4741,,,,,,,,,,,,,,,,45.000,-68.625,39.938
1,S,13761167,677,81.120,-48.800,-194.720,-7.487,-6.397,-0.417,,,,,,,,,,,,
1,B,13763199,2032,,,,,,,,,,-7.809,-5.977,-0.727,,,,,,
1,S,13763199,2032,80.800,-48.480,-192.800,-7.532,-6.513,-0.463,,,,,,,,,,,,
1,B,13765231,2032,,,,,,,,,,,,,72.179,-44.315,-182.630,,,
1,S,13765231,2032,79.840,-48.800,-190.880,-7.603,-6.638,-0.482,,,,,,,,,,,,
1,B,13769973,4742,,,,,,,,,,-8.188,-6.484,-0.719,,,,,,
1,S,13769973,4742,78.880,-49.120,-185.440,-7.838,-6.912,-0.378,,,,,,,,,,,,
1,B,13772004,2031,,,,,,,,,,,,,,,,46.250,-68.062,38.875
1,S,13772004,2031,76.640,-49.120,-183.200,-7.952,-7.043,-0.307,,,,,,,,,,,,
1,B,13774036,2032,,,,,,,,,,-8.562,-6.980,-0.555,,,,,,
1,S,13774036,2032,75.360,-49.120,-180.640,-8.053,-7.188,-0.263,,,,,,,,,,,,
1,B,13776746,2710,,,,,,,,,,,,,67.927,-44.315,-173.342,,,
1,S,13776746,2710,74.400,-49.120,-177.120,-8.178,-7.388,-0.242,,,,,,,,,,,,
1,B,13780810,4064,,,,,,,,,,,,,,,,44.438,-65.125,38.562
1,S,13780810,4064,73.120,-48.480,-170.400,-8.332,-7.692,-0.253,,,,,,,,,,,,
1,B,13784196,3386,,,,,,,,,,,,,63.227,-44.091,-162.040,,,
1,S,13784196,3386,71.200,-48.160,-164.320,-8.422,-7.923,-0.287,,,,,,,,,,,,
1,B,13790293,6097,,,,,,,,,,-8.863,-7.480,-0.594,,,,,,
1,S,13790293,6097,69.280,-47.840,-155.360,-8.412,-8.242,-0.273,,,,,,,,,,,,
1,B,13793680,3387,,,,,,,,,,,,,,,,46.062,-64.625,37.500
1,S,13793680,3387,62.880,-48.160,-149.600,-8.307,-8.348,-0.237,,,,,,,,,,,,
1,B,13795712,2032,,,,,,,,,,,,,57.184,-43.755,-148.611,,,
1,S,13795712,2032,59.360,-48.160,-145.760,-8.268,-8.402,-0.258,,,,,,,,,,,,
1,A,13800640,416264,,,,,,,8.544,-8.566,-0.258,,,,,,,,,
1,B,13802485,6773,,,,,,,,,,-8.797,-7.852,-0.613,,,,,,
1,S,13802485,6773,57.440,-46.880,-134.240,-8.143,-8.488,-0.453,,,,,,,,,,,,
1,A,13804185,3545,,,,,,,8.567,-8.471,-0.405,,,,,,,,,
1,B,13804517,2032,,,,,,,,,,,,,,,,46.188,-63.500,37.375
1,S,13804517,2032,51.360,-46.560,-130.720,-8.082,-8.488,-0.502,,,,,,,,,,,,
1,A,13806485,2300,,,,,,,8.626,-8.305,-0.356,,,,,,,,,
1,B,13807226,2709,,,,,,,,,,,,,49.350,-43.419,-133.728,,,
1,S,13807226,2709,48.480,-46.880,-126.560,-7.987,-8.482,-0.547,,,,,,,,,,,,
1,A,13810785,4300,,,,,,,8.561,-8.213,-0.653,,,,,,,,,
1,B,13811290,4064,,,,,,,,,,-8.410,-8.016,-0.938,,,,,,
1,S,13811290,4064,44.960,-47.840,-121.120,-7.832,-8.408,-0.667,,,,,,,,,,,,
1,A,13813083,2298,,,,,,,8.300,-8.386,-0.652,,,,,,,,,
1,B,13813322,2032,,,,,,,,,,-8.125,-7.863,-1.227,,,,,,
1,S,13813322,2032,40.160,-48.160,-118.560,-7.777,-8.338,-0.752,,,,,,,,,,,,
1,A,13816383,3300,,,,,,,8.341,-8.341,-0.606,,,,,,,,,
1,B,13816710,3388,,,,,,,,,,,,,,,,45.125,-63.750,38.500
1,S,13816710,3388,37.600,-49.440,-114.400,-7.688,-8.258,-0.868,,,,,,,,,,,,
1,A,13818683,2300,,,,,,,8.345,-8.328,-0.548,,,,,,,,,
1,B,13819419,2709,,,,,,,,,,,,,39.727,-43.419,-118.956,,,
1,S,13819419,2709,32.800,-50.400,-111.200,-7.622,-8.232,-0.902,,,,,,,,,,,,
1,A,13821995,3312,,,,,,,8.262,-8.491,-0.399,,,,,,,,,
1,B,13822128,2709,,,,,,,,,,,,,,,,46.438,-62.625,37.062
1,S,13822128,2709,28.960,-51.040,-108.000,-7.572,-8.242,-0.887,,,,,,,,,,,,
1,A,13825293,3298,,,,,,,8.364,-8.211,-0.386,,,,,,,,,
1,B,13825515,3387,,,,,,,,,,-7.910,-7.824,-1.320,,,,,,
1,S,13825515,3387,24.800,-51.680,-104.160,-7.527,-8.262,-0.833,,,,,,,,,,,,
1,A,13829593,4300,,,,,,,8.441,-7.814,-0.275,,,,,,,,,
1,B,13830256,4741,,,,,,,,,,,,,27.976,-44.539,-105.751,,,
1,S,13830256,4741,19.360,-52.640,-98.720,-7.468,-8.193,-0.688,,,,,,,,,,,,
1,A,13832893,3300,,,,,,,8.374,-7.845,-0.142,,,,,,,,,
1,B,13833643,3387,,,,,,,,,,-7.777,-7.727,-1.148,,,,,,
1,S,13833643,3387,10.400,-53.600,-96.160,-7.438,-8.023,-0.557,,,,,,,,,,,,
1,A,13836192,3299,,,,,,,8.488,-7.602,-0.076,,,,,,,,,
1,B,13836352,2709,,,,,,,,,,,,,,,,45.625,-60.438,36.188
1,S,13836352,2709,4.000,-54.560,-94.240,-7.442,-7.857,-0.448,,,,,,,,,,,,
1,A,13838492,2300,,,,,,,8.552,-7.498,0.046,,,,,,,,,
1,B,13839061,2709,,,,,,,,,,,,,14.212,-46.441,-95.008,,,
1,S,13839061,2709,-0.160,-55.200,-92.640,-7.463,-7.692,-0.347,,,,,,,,,,,,
1,A,13841804,3312,,,,,,,8.541,-7.386,0.118,,,,,,,,,
1,B,13842448,3387,,,,,,,,,,-7.758,-7.344,-0.805,,,,,,
1,S,13842448,3387,-3.680,-55.200,-91.040,-7.497,-7.522,-0.228,,,,,,,,,,,,
1,A,13845102,3298,,,,,,,8.676,-7.267,0.197,,,,,,,,,
1,B,13845836,3388,,,,,,,,,,,,,,,,46.000,-59.500,35.562
1,S,13845836,3388,-7.840,-55.520,-89.440,-7.532,-7.388,-0.102,,,,,,,,,,,,
1,A,13847402,2300,,,,,,,8.618,-7.254,0.248,,,,,,,,,
1,B,13847868,2032,,,,,,,,,,,,,0.783,-48.343,-86.839,,,
1,S,13847868,2032,-11.680,-55.520,-88.480,-7.558,-7.312,-0.022,,,,,,,,,,,,
1,A,13850702,3300,,,,,,,8.647,-7.161,0.267,,,,,,,,,
1,B,13851254,3386,,,,,,,,,,-7.812,-6.980,-0.430,,,,,,
1,S,13851254,3386,-13.280,-56.160,-86.240,-7.603,-7.228,0.107,,,,,,,,,,,,
1,A,13854001,3299,,,,,,,8.598,-7.151,0.311,,,,,,,,,
1,B,13854641,3387,,,,,,,,,,,,,,,,47.188,-60.125,35.438
1,S,13854641,3387,-15.200,-55.840,-84.640,-7.622,-7.178,0.223,,,,,,,,,,,,
1,A,13856301,2300,,,,,,,8.619,-7.170,0.355,,,,,,,,,
1,B,13856673,2032,,,,,,,,,,,,,-9.848,-49.686,-81.132,,,
1,S,13856673,2032,-16.160,-55.200,-83.680,-7.607,-7.162,0.278,,,,,,,,,,,,
1,A,13860613,4312,,,,,,,8.403,-7.270,0.340,,,,,,,,,
1,B,13860737,4064,,,,,,,,,,-7.852,-6.801,-0.078,,,,,,
1,S,13860737,4064,-16.800,-54.880,-82.720,-7.537,-7.173,0.367,,,,,,,,,,,,
1,A,13862912,2299,,,,,,,8.275,-7.305,0.477,,,,,,,,,
1,B,13863446,2709,,,,,,,,,,,,,,,,47.188,-60.125,35.438
1,S,13863446,2709,-18.080,-54.880,-81.760,-7.463,-7.202,0.422,,,,,,,,,,,,
1,A,13865210,2298,,,,,,,8.260,-7.163,0.426,,,,,,,,,
1,B,13865478,2032,,,,,,,,,,-7.773,-6.789,0.211,,,,,,
1,S,13865478,2032,-18.080,-54.560,-80.800,-7.383,-7.232,0.472,,,,,,,,,,,,
1,A,13868510,3300,,,,,,,8.026,-7.206,0.269,,,,,,,,,
1,B,13868865,3387,,,,,,,,,,,,,-15.667,-50.022,-76.991,,,
1,S,13868865,3387,-17.760,-54.560,-79.520,-7.218,-7.277,0.552,,,,,,,,,,,,
1,A,13871810,3300,,,,,,,7.522,-7.569,0.377,,,,,,,,,
1,B,13872251,3386,,,,,,,,,,-7.445,-6.867,0.410,,,,,,
1,S,13872251,3386,-16.800,-54.240,-77.920,-7.058,-7.282,0.578,,,,,,,,,,,,
1,A,13875108,3298,,,,,,,7.920,-6.897,0.236,,,,,,,,,
1,B,13875638,3387,,,,,,,,,,,,,,,,45.750,-59.375,36.125
1,S,13875638,3387,-15.840,-52.960,-76.000,-6.947,-7.317,0.598,,,,,,,,,,,,
1,A,13877419,2311,,,,,,,7.722,-7.565,0.723,,,,,,,,,
1,B,13877671,2033,,,,,,,,,,,,,-16.674,-49.350,-73.522,,,
1,S,13877671,6097,-13.920,-52.320,-74.400,-6.753,-7.322,0.743,,,,,,,,,,,,
1,A,13881719,4300,,,,,,,7.611,-7.375,0.720,,,,,,,,,
1,B,13882412,4741,,,,,,,,,,-7.188,-6.887,0.508,,,,,,
1,S,13882412,677,-10.720,-51.680,-74.080,-6.737,-7.322,0.767,,,,,,,,,,,,
1,A,13884017,2298,,,,,,,7.941,-7.323,0.757,,,,,,,,,
1,B,13884444,2032,,,,,,,,,,,,,-13.764,-47.784,-70.165,,,
1,S,13884444,2032,-10.400,-51.360,-73.760,-6.697,-7.332,0.858,,,,,,,,,,,,
1,A,13890317,6300,,,,,,,7.723,-7.345,1.004,,,,,,,,,
1,B,13890540,6096,,,,,,,,,,-6.961,-6.941,0.793,,,,,,
1,S,13890540,6096,-9.120,-47.840,-71.520,-6.707,-7.322,1.067,,,,,,,,,,,,
1,A,13893617,3300,,,,,,,7.797,-7.391,1.141,,,,,,,,,
1,B,13893927,3387,,,,,,,,,,,,,,,,46.500,-58.562,34.688
1,S,13893927,3387,-4.960,-45.920,-70.560,-6.732,-7.332,1.167,,,,,,,,,,,,
1,A,13895917,2300,,,,,,,7.897,-7.496,1.319,,,,,,,,,
1,B,13896636,2709,,,,,,,,,,,,,-8.729,-44.874,-67.144,,,
1,S,13896636,2709,-3.040,-44.320,-69.920,-6.728,-7.353,1.232,,,,,,,,,,,,
1,A,13902228,6311,,,,,,,7.997,-7.244,1.411,,,,,,,,,
1,B,13902732,6096,,,,,,,,,,-6.973,-6.934,1.043,,,,,,
1,S,13902732,6096,-2.400,-40.800,-68.320,-6.772,-7.367,1.367,,,,,,,,,,,,
1,A,13904527,2299,,,,,,,8.021,-7.351,1.568,,,,,,,,,
1,B,13904764,2032,,,,,,,,,,,,,,,,46.250,-57.750,34.812
1,S,13904764,2032,-2.080,-39.200,-68.000,-6.808,-7.343,1.403,,,,,,,,,,,,
1,A,13906827,2300,,,,,,,8.015,-7.466,1.665,,,,,,,,,
1,B,13907473,2709,,,,,,,,,,,,,-4.924,-40.734,-64.905,,,
1,S,13907473,2709,-2.400,-37.600,-67.680,-6.862,-7.293,1.452,,,,,,,,,,,,
1,A,13911125,4298,,,,,,,8.018,-7.515,1.682,,,,,,,,,
1,B,13911538,4065,,,,,,,,,,-7.125,-6.914,1.188,,,,,,
1,S,13911538,4065,-3.680,-35.680,-67.360,-6.933,-7.277,1.528,,,,,,,,,,,,
1,A,13913425,2300,,,,,,,8.191,-7.438,1.753,,,,,,,,,
1,B,13913570,2032,,,,,,,,,,,,,,,,47.312,-58.062,34.812
1,S,13913570,2032,-5.600,-34.720,-67.040,-6.978,-7.298,1.567,,,,,,,,,,,,
1,A,13916724,3299,,,,,,,8.124,-7.567,1.845,,,,,,,,,
1,B,13916957,3387,,,,,,,,,,,,,-4.476,-35.586,-63.339,,,
1,S,13916957,3387,-6.560,-32.800,-67.360,-7.043,-7.362,1.617,,,,,,,,,,,,
1,A,13921034,4310,,,,,,,8.303,-7.470,1.869,,,,,,,,,
1,B,13921698,4741,,,,,,,,,,-7.234,-6.973,1.246,,,,,,
1,S,13921698,4741,-8.480,-29.280,-67.040,-7.122,-7.438,1.677,,,,,,,,,,,,
1,A,13923334,2300,,,,,,,8.456,-7.222,1.792,,,,,,,,,
1,B,13923730,2032,,,,,,,,,,-7.426,-7.031,1.293,,,,,,
1,S,13923730,2032,-12.000,-27.360,-66.720,-7.162,-7.418,1.702,,,,,,,,,,,,
1,A,13926634,3300,,,,,,,8.331,-7.185,1.655,,,,,,,,,
1,B,13927116,3386,,,,,,,,,,,,,,,,46.562,-57.375,34.562
1,S,13927116,3386,-12.960,-24.160,-66.400,-7.232,-7.303,1.712,,,,,,,,,,,,
1,A,13928933,2299,,,,,,,8.376,-7.266,1.778,,,,,,,,,
1,B,13929148,2032,,,,,,,,,,,,,-7.610,-29.767,-62.220,,,
1,S,13929148,2032,-14.560,-22.880,-66.400,-7.268,-7.223,1.692,,,,,,,,,,,,
1,A,13932232,3299,,,,,,,8.334,-7.207,1.762,,,,,,,,,
1,B,13932535,3387,,,,,,,,,,-7.520,-6.789,1.273,,,,,,
1,S,13932535,3387,-16.160,-20.640,-66.080,-7.277,-7.152,1.643,,,,,,,,,,,,
1,A,13935532,3300,,,,,,,8.331,-7.254,1.798,,,,,,,,,
1,B,13935923,3388,,,,,,,,,,,,,,,,46.312,-56.125,33.812
1,S,13935923,3388,-18.080,-17.760,-65.440,-7.263,-7.157,1.637,,,,,,,,,,,,
1,A,13937844,2312,,,,,,,8.279,-7.186,1.742,,,,,,,,,
1,B,13937955,2032,,,,,,,,,,,,,-12.533,-23.500,-61.213,,,
1,S,13937955,2032,-19.680,-16.800,-64.800,-7.253,-7.178,1.647,,,,,,,,,,,,
1,A,13941141,3297,,,,,,,8.250,-7.229,1.761,,,,,,,,,
1,B,13941341,3386,,,,,,,,,,-7.465,-6.820,1.266,,,,,,
1,S,13941341,3386,-20.960,-14.880,-63.840,-7.213,-7.168,1.617,,,,,,,,,,,,
1,A,13944441,3300,,,,,,,8.130,-7.204,1.683,,,,,,,,,
1,B,13944728,3387,,,,,,,,,,,,,,,,46.312,-55.562,33.375
1,S,13944728,5419,-23.520,-12.320,-63.200,-7.147,-7.122,1.573,,,,,,,,,,,,
1,A,13946741,2300,,,,,,,8.228,-7.205,1.700,,,,,,,,,
1,B,13947437,2709,,,,,,,,,,,,,-18.241,-17.010,-59.758,,,
1,S,13947437,677,-26.400,-10.400,-63.200,-7.138,-7.122,1.567,,,,,,,,,,,,
1,A,13952040,5299,,,,,,,8.117,-7.301,1.778,,,,,,,,,
1,B,13952178,4741,,,,,,,,,,-7.363,-6.770,1.246,,,,,,
1,S,13952178,4741,-26.720,-8.160,-62.880,-7.048,-7.168,1.558,,,,,,,,,,,,
1,A,13954339,2299,,,,,,,8.098,-7.199,1.780,,,,,,,,,
1,B,13954888,2710,,,,,,,,,,-7.215,-6.836,1.207,,,,,,
1,S,13954888,2710,-30.560,-6.880,-62.560,-6.992,-7.202,1.562,,,,,,,,,,,,
1,A,13957650,3311,,,,,,,8.415,-6.995,1.904,,,,,,,,,
1,B,13958274,3386,,,,,,,,,,,,,,,,46.688,-56.188,33.750
1,S,13958274,6096,-33.120,-4.960,-61.600,-7.067,-6.997,1.607,,,,,,,,,,,,
1,A,13960950,3300,,,,,,,8.607,-6.661,1.844,,,,,,,,,
1,B,13961661,3387,,,,,,,,,,,,,-24.395,-11.079,-58.303,,,
1,S,13961661,677,-37.600,-3.040,-61.920,-7.103,-6.952,1.617,,,,,,,,,,,,
1,A,13964250,3300,,,,,,,9.274,-6.109,2.035,,,,,,,,,
1,B,13964370,2709,,,,,,,,,,-7.348,-6.512,1.266,,,,,,
1,S,13964370,2709,-37.920,-1.760,-63.200,-7.303,-6.692,1.667,,,,,,,,,,,,
1,A,13967550,3300,,,,,,,9.331,-5.913,1.964,,,,,,,,,
1,B,13967758,3388,,,,,,,,,,,,,,,,46.000,-54.875,33.750
1,S,13967758,3388,-40.160,-0.480,-66.400,-7.662,-6.228,1.768,,,,,,,,,,,,
1,A,13967758,3377,,,,,,,9.302,-5.558,1.842,,,,,,,,,
1,B,13971143,3385,,,,,,,,,,,,,-30.998,-6.155,-57.967,,,
1,S,13971143,3385,-43.040,1.120,-69.920,-7.952,-5.812,1.857,,,,,,,,,,,,
1,A,13971011,84,,,,,,,9.210,-5.836,1.962,,,,,,,,,
1,B,13973854,2711,,,,,,,,,,-7.977,-5.621,1.445,,,,,,
1,S,13973854,2711,-44.320,2.080,-72.800,-8.008,-5.607,1.897,,,,,,,,,,,,
1,A,13973854,2843,,,,,,,9.141,-5.646,1.858,,,,,,,,,
1,B,13976563,2709,,,,,,,,,,,,,,,,45.562,-54.938,34.188
1,S,13976563,2709,-44.640,3.040,-75.680,-7.952,-5.553,1.948,,,,,,,,,,,,
1,A,13976563,2709,,,,,,,9.019,-6.031,1.996,,,,,,,,,
1,B,13979950,3387,,,,,,,,,,,,,-36.593,-1.902,-60.877,,,
1,S,13979950,3387,-44.640,4.640,-78.560,-7.822,-5.638,2.007,,,,,,,,,,,,
1,A,13979951,3388,,,,,,,8.745,-6.200,1.932,,,,,,,,,
1,B,13982659,2709,,,,,,,,,,-7.953,-5.324,1.723,,,,,,
1,S,13982659,2709,-43.040,5.920,-80.480,-7.713,-5.782,2.033,,,,,,,,,,,,
1,A,13982969,3018,,,,,,,8.578,-6.610,1.960,,,,,,,,,
1,B,13986045,3386,,,,,,,,,,,,,,,,45.375,-53.688,33.125
1,S,13986045,3386,-41.120,7.840,-82.720,-7.562,-6.048,2.047,,,,,,,,,,,,
1,A,13985958,2989,,,,,,,8.389,-6.773,1.951,,,,,,,,,
1,B,13988077,2032,,,,,,,,,,,,,-38.160,2.126,-67.144,,,
1,S,13988077,2032,-38.880,9.120,-84.000,-7.457,-6.247,2.042,,,,,,,,,,,,
1,A,13987950,1992,,,,,,,8.289,-7.190,2.052,,,,,,,,,
1,B,13991464,3387,,,,,,,,,,-7.660,-5.793,1.773,,,,,,
1,S,13991464,3387,-37.600,11.360,-85.920,-7.258,-6.612,2.033,,,,,,,,,,,,
1,A,13992227,4277,,,,,,,8.161,-7.300,1.987,,,,,,,,,
1,B,13994851,3387,,,,,,,,,,,,,,,,46.188,-54.250,33.750
1,S,13994851,3387,-36.640,13.600,-87.200,-7.082,-6.973,2.013,,,,,,,,,,,,
1,A,13996564,4337,,,,,,,8.026,-7.546,2.054,,,,,,,,,
1,B,13996884,2033,,,,,,,,,,,,,-36.593,6.714,-73.970,,,
1,S,13996884,2033,-36.960,14.880,-87.840,-7.008,-7.147,2.002,,,,,,,,,,,,
1,A,14000864,4300,,,,,,,7.880,-7.704,1.927,,,,,,,,,
1,B,14001605,4721,,,,,,,,,,-7.277,-6.570,1.684,,,,,,
1,S,14001605,4721,-37.280,18.400,-88.800,-6.893,-7.418,2.002,,,,,,,,,,,,
1,A,14003162,2298,,,,,,,7.804,-7.811,1.970,,,,,,,,,
1,B,14003657,2052,,,,,,,,,,,,,,,,46.188,-54.250,33.750
1,S,14003657,2052,-38.560,20.000,-89.120,-6.812,-7.558,2.002,,,,,,,,,,,,
1,A,14005462,2300,,,,,,,7.768,-7.878,1.918,,,,,,,,,
1,B,14005689,2032,,,,,,,,,,-7.059,-7.148,1.637,,,,,,
1,S,14005689,2032,-39.200,21.600,-89.120,-6.753,-7.657,1.998,,,,,,,,,,,,
1,A,14008762,3300,,,,,,,7.674,-8.130,1.888,,,,,,,,,
1,B,14009075,3386,,,,,,,,,,,,,-35.138,12.198,-78.894,,,
1,S,14009075,3386,-39.200,23.840,-88.480,-6.683,-7.843,1.978,,,,,,,,,,,,
1,A,14012072,3310,,,,,,,7.495,-8.578,1.863,,,,,,,,,
1,B,14012462,3387,,,,,,,,,,-6.926,-7.512,1.676,,,,,,
1,S,14012462,3387,-39.200,27.040,-87.520,-6.638,-8.068,1.948,,,,,,,,,,,,
1,A,14015372,3300,,,,,,,7.617,-8.781,1.752,,,,,,,,,
1,B,14015849,3387,,,,,,,,,,,,,,,,45.750,-53.750,33.812
1,S,14015849,3387,-38.240,30.880,-86.240,-6.582,-8.357,1.887,,,,,,,,,,,,
1,A,14017672,2300,,,,,,,7.404,-9.117,1.848,,,,,,,,,
1,B,14017881,2032,,,,,,,,,,,,,-34.355,18.688,-80.460,,,
1,S,14017881,2032,-37.600,33.120,-84.960,-6.553,-8.557,1.847,,,,,,,,,,,,
1,A,14020972,3300,,,,,,,7.371,-9.345,1.707,,,,,,,,,
1,B,14021267,3386,,,,,,,,,,-6.836,-8.105,1.523,,,,,,
1,S,14021267,3386,-37.280,35.680,-82.400,-6.513,-8.918,1.772,,,,,,,,,,,,
1,A,14024271,3299,,,,,,,7.376,-9.646,1.726,,,,,,,,,
1,B,14024654,3387,,,,,,,,,,,,,,,,45.688,-52.750,34.312
1,S,14024654,3387,-37.920,38.240,-80.160,-6.473,-9.227,1.683,,,,,,,,,,,,
1,A,14026571,2300,,,,,,,7.455,-9.571,1.462,,,,,,,,,
1,B,14026687,2033,,,,,,,,,,,,,-34.915,26.074,-78.110,,,
1,S,14026687,2033,-40.160,39.840,-78.880,-6.452,-9.387,1.617,,,,,,,,,,,,
1,A,14030885,4314,,,,,,,7.450,-9.744,1.573,,,,,,,,,
1,B,14031428,4741,,,,,,,,,,-6.809,-8.789,1.301,,,,,,
1,S,14031428,4741,-42.080,43.680,-74.720,-6.468,-9.693,1.448,,,,,,,,,,,,
1,A,14034184,3299,,,,,,,7.373,-10.206,1.446,,,,,,,,,
1,B,14034815,3387,,,,,,,,,,,,,,,,45.875,-53.562,34.188
1,S,14034815,3387,-46.240,45.920,-70.560,-6.508,-9.883,1.373,,,,,,,,,,,,
1,A,14036484,2300,,,,,,,7.394,-10.349,1.407,,,,,,,,,
1,B,14036847,2032,,,,,,,,,,,,,-38.496,33.572,-72.403,,,
1,S,14036847,2032,-49.120,47.520,-68.000,-6.527,-10.018,1.337,,,,,,,,,,,,
1,A,14042784,6300,,,,,,,7.344,-10.858,1.291,,,,,,,,,
1,B,14042943,6096,,,,,,,,,,-6.875,-9.281,1.109,,,,,,
1,S,14042943,6096,-51.040,50.400,-60.000,-6.562,-10.527,1.177,,,,,,,,,,,,
1,A,14045082,2298,,,,,,,7.338,-11.203,1.097,,,,,,,,,
1,B,14045652,2709,,,,,,,,,,,,,,,,43.750,-52.500,34.000
1,S,14045652,2709,-58.080,52.320,-56.160,-6.577,-10.752,1.097,,,,,,,,,,,,
1,A,14047382,2300,,,,,,,7.388,-11.326,1.172,,,,,,,,,
1,B,14047684,2032,,,,,,,,,,,,,-45.434,40.174,-63.115,,,
1,S,14047684,2032,-60.960,53.600,-53.280,-6.598,-10.943,1.038,,,,,,,,,,,,
1,A,14053694,6312,,,,,,,7.329,-11.580,0.632,,,,,,,,,
1,B,14054438,6754,,,,,,,,,,-7.039,-10.434,0.727,,,,,,
1,S,14054438,6754,-62.880,57.120,-42.080,-6.657,-11.482,0.792,,,,,,,,,,,,
1,A,14055993,2299,,,,,,,7.223,-11.728,0.441,,,,,,,,,
1,B,14056489,2051,,,,,,,,,,,,,-54.834,45.546,-50.917,,,
1,S,14056489,2051,-70.880,57.760,-38.560,-6.657,-11.617,0.642,,,,,,,,,,,,
1,A,14060291,4298,,,,,,,7.151,-11.748,0.109,,,,,,,,,
1,B,14060554,4065,,,,,,,,,,-7.086,-10.988,0.336,,,,,,
1,S,14060554,4065,-73.440,57.760,-31.840,-6.617,-11.768,0.372,,,,,,,,,,,,
1,A,14063591,3300,,,,,,,7.068,-11.672,-0.370,,,,,,,,,
1,B,14063941,3387,,,,,,,,,,,,,,,,44.438,-52.688,34.875
1,S,14063941,3387,-78.560,58.080,-25.760,-6.543,-11.838,0.102,,,,,,,,,,,,
1,A,14065891,2300,,,,,,,7.036,-11.682,-0.531,,,,,,,,,
1,B,14066630,2689,,,,,,,,,,,,,-65.129,49.127,-35.922,,,
1,S,14066630,2689,-82.720,58.720,-20.320,-6.487,-11.848,-0.077,,,,,,,,,,,,
1,A,14070190,4299,,,,,,,6.945,-11.545,-0.926,,,,,,,,,
1,B,14070714,4084,,,,,,,,,,-6.973,-11.203,-0.211,,,,,,
1,S,14070714,4084,-85.600,58.720,-12.320,-6.353,-11.818,-0.517,,,,,,,,,,,,
1,A,14072501,2311,,,,,,,6.972,-11.553,-1.134,,,,,,,,,
1,B,14072746,2032,,,,,,,,,,,,,,,,44.438,-52.688,34.875
1,S,14072746,2032,-87.520,58.400,-8.800,-6.312,-11.793,-0.682,,,,,,,,,,,,
1,A,14074801,2300,,,,,,,6.856,-11.427,-1.419,,,,,,,,,
1,B,14075455,2709,,,,,,,,,,-6.770,-11.164,-0.863,,,,,,
1,S,14075455,2709,-88.480,57.760,-3.680,-6.272,-11.742,-0.892,,,,,,,,,,,,
1,A,14077099,2298,,,,,,,6.841,-11.374,-1.489,,,,,,,,,
1,B,14077487,2032,,,,,,,,,,,,,-73.970,50.917,-19.584,,,
1,S,14077487,2032,-89.440,57.760,0.160,-6.237,-11.693,-1.042,,,,,,,,,,,,
1,A,14081399,4378,,,,,,,6.758,-11.255,-1.654,,,,,,,,,
1,B,14081551,4064,,,,,,,,,,,,,,,,43.125,-53.375,35.438
1,S,14081551,4064,-89.760,58.400,7.520,-6.147,-11.578,-1.298,,,,,,,,,,,,
1,A,14081477,0,,,,,,,6.698,-11.149,-1.740,,,,,,,,,
1,B,14084260,2709,,,,,,,,,,-6.676,-11.004,-1.406,,,,,,
1,S,14084260,2709,-91.040,58.080,12.320,-6.072,-11.498,-1.433,,,,,,,,,,,,
1,A,14085999,4522,,,,,,,6.672,-11.123,-1.677,,,,,,,,,
1,B,14086292,2032,,,,,,,,,,,,,-79.565,50.917,-2.686,,,
1,S,14086292,2032,-91.360,57.760,15.840,-6.018,-11.432,-1.508,,,,,,,,,,,,
1,A,14090310,4388,,,,,,,6.601,-11.101,-1.638,,,,,,,,,
1,B,14091033,4741,,,,,,,,,,-6.438,-10.785,-1.684,,,,,,
1,S,14091033,4741,-91.360,54.880,24.480,-5.923,-11.297,-1.593,,,,,,,,,,,,
1,A,14090575,188,,,,,,,6.632,-11.108,-1.572,,,,,,,,,
1,B,14093066,2033,,,,,,,,,,,,,,,,43.000,-52.500,35.188
1,S,14093066,2033,-91.680,53.600,27.360,-5.897,-11.268,-1.593,,,,,,,,,,,,
1,A,14093066,2491,,,,,,,6.628,-11.019,-1.571,,,,,,,,,
1,B,14096453,3387,,,,,,,,,,,,,-82.587,49.350,13.653,,,
1,S,14096453,3387,-92.960,52.640,32.160,-5.878,-11.248,-1.548,,,,,,,,,,,,
1,A,14096453,3387,,,,,,,6.636,-10.967,-1.591,,,,,,,,,
1,B,14100517,4064,,,,,,,,,,-6.301,-10.668,-1.828,,,,,,
1,S,14100517,4064,-95.520,52.320,39.200,-5.862,-11.197,-1.508,,,,,,,,,,,,
1,A,14100539,4086,,,,,,,6.716,-10.863,-1.567,,,,,,,,,
1,B,14103226,2709,,,,,,,,,,-6.312,-10.559,-1.809,,,,,,
1,S,14103226,2709,-97.440,51.680,43.360,-5.878,-11.133,-1.528,,,,,,,,,,,,
1,A,14103528,2989,,,,,,,6.773,-10.844,-1.484,,,,,,,,,
1,B,14105936,2710,,,,,,,,,,,,,,,,44.062,-54.250,35.875
1,S,14105936,2710,-98.720,51.040,47.200,-5.918,-11.072,-1.548,,,,,,,,,,,,
1,A,14106517,2989,,,,,,,6.817,-10.914,-1.441,,,,,,,,,
1,B,14108645,2709,,,,,,,,,,,,,-85.832,47.224,28.984,,,
1,S,14108645,2709,-100.640,50.720,51.360,-5.968,-11.027,-1.542,,,,,,,,,,,,
1,A,14108509,1992,,,,,,,6.795,-11.064,-1.356,,,,,,,,,
1,B,14112031,3386,,,,,,,,,,-6.445,-10.477,-1.820,,,,,,
1,S,14112031,3386,-102.880,49.760,57.440,-6.032,-11.037,-1.482,,,,,,,,,,,,
1,A,14112495,3986,,,,,,,6.808,-11.202,-1.206,,,,,,,,,
1,B,14115418,3387,,,,,,,,,,,,,,,,42.375,-54.875,37.312
1,S,14115418,3387,-106.080,49.120,62.560,-6.082,-11.143,-1.397,,,,,,,,,,,,
1,A,14115484,2989,,,,,,,6.776,-11.266,-1.176,,,,,,,,,
1,B,14117451,2033,,,,,,,,,,,,,-90.644,44.874,43.643,,,
1,S,14117451,2033,-108.960,48.480,66.080,-6.093,-11.232,-1.357,,,,,,,,,,,,
1,A,14117476,1992,,,,,,,6.686,-11.313,-1.085,,,,,,,,,
1,B,14121515,4064,,,,,,,,,,-6.531,-10.695,-1.715,,,,,,
1,S,14121515,4064,-110.880,47.520,72.800,-6.067,-11.393,-1.298,,,,,,,,,,,,
1,A,14121464,3988,,,,,,,6.617,-11.363,-1.090,,,,,,,,,
1,B,14124224,2709,,,,,,,,,,,,,,,,43.375,-54.625,36.188
1,S,14124224,2709,-114.720,46.880,77.280,-6.013,-11.467,-1.278,,,,,,,,,,,,
1,A,14124451,2987,,,,,,,6.537,-11.371,-1.068,,,,,,,,,
1,B,14126256,2032,,,,,,,,,,-6.379,-10.922,-1.668,,,,,,
1,S,14126256,2032,-118.240,46.560,80.800,-5.957,-11.502,-1.268,,,,,,,,,,,,
1,A,14129290,4839,,,,,,,6.465,-11.278,-1.108,,,,,,,,,
1,B,14129643,3387,,,,,,,,,,,,,-98.030,42.412,58.191,,,
1,S,14129643,3387,-121.440,45.920,86.560,-5.857,-11.523,-1.248,,,,,,,,,,,,
1,A,14129644,2311,,,,,,,6.706,-11.212,-1.048,,,,,,,,,
1,B,14131675,2032,,,,,,,,,,,,,,,,42.375,-55.812,37.812
1,S,14131675,2032,-126.240,45.280,90.080,-5.793,-11.502,-1.248,,,,,,,,,,,,
1,A,14132422,821,,,,,,,6.720,-11.073,-1.058,,,,,,,,,
1,B,14135061,3386,,,,,,,,,,-6.168,-10.906,-1.648,,,,,,
1,S,14135061,3386,-129.120,44.320,95.840,-5.707,-11.428,-1.262,,,,,,,,,,,,
1,A,14135411,2989,,,,,,,6.135,-10.955,-1.202,,,,,,,,,
1,B,14137771,2710,,,,,,,,,,,,,-108.325,40.174,73.075,,,
1,S,14137771,2710,-133.920,44.000,100.320,-5.652,-11.352,-1.262,,,,,,,,,,,,
1,A,14137772,2361,,,,,,,6.440,-10.806,-1.022,,,,,,,,,
1,B,14141835,4064,,,,,,,,,,,,,,,,42.750,-56.875,38.250
1,S,14141835,4064,-137.440,43.040,107.360,-5.577,-11.203,-1.212,,,,,,,,,,,,
1,A,14142385,4613,,,,,,,6.461,-10.628,-1.004,,,,,,,,,
1,B,14145221,3386,,,,,,,,,,,,,-119.404,37.936,87.958,,,
1,S,14145221,3386,-142.240,42.400,113.120,-5.513,-11.053,-1.143,,,,,,,,,,,,
1,A,14152037,9652,,,,,,,6.382,-10.168,-0.942,,,,,,,,,
1,B,14152673,7452,,,,,,,,,,-6.004,-10.645,-1.562,,,,,,
1,S,14152673,7452,-144.800,41.440,123.680,-5.442,-10.643,-0.927,,,,,,,,,,,,
1,A,14154342,2305,,,,,,,6.549,-9.893,-0.914,,,,,,,,,
1,B,14154705,2032,,,,,,,,,,,,,,,,42.500,-58.812,38.375
1,S,14154705,2032,-148.960,41.120,126.880,-5.447,-10.508,-0.877,,,,,,,,,,,,
1,A,14155425,1083,,,,,,,6.277,-9.747,-0.932,,,,,,,,,
1,B,14156737,2032,,,,,,,,,,,,,-128.468,36.146,102.506,,,
1,S,14156737,2032,-150.240,41.120,129.760,-5.463,-10.363,-0.838,,,,,,,,,,,,
1,A,14163923,8498,,,,,,,6.687,-9.275,-1.035,,,,,,,,,
1,B,14164187,7450,,,,,,,,,,-5.891,-9.840,-1.062,,,,,,
1,S,14164187,7450,-151.200,40.480,139.680,-5.628,-9.812,-0.772,,,,,,,,,,,,
1,B,14167574,3387,,,,,,,,,,,,,,,,42.625,-59.750,39.312
1,S,14167574,3387,-152.480,40.160,143.520,-5.737,-9.592,-0.823,,,,,,,,,,,,
1,A,14168308,4385,,,,,,,6.814,-8.794,-1.236,,,,,,,,,
1,B,14170264,2690,,,,,,,,,,,,,-133.839,35.250,115.934,,,
1,S,14170264,2690,-152.160,40.160,146.720,-5.798,-9.463,-0.873,,,,,,,,,,,,
1,B,14174348,4084,,,,,,,,,,-6.082,-9.281,-1.016,,,,,,
1,S,14174348,4084,-152.160,40.800,150.240,-5.947,-9.113,-1.028,,,,,,,,,,,,
1,B,14177735,3387,,,,,,,,,,,,,,,,42.562,-60.188,39.000
1,S,14177735,3387,-152.480,41.120,153.120,-6.058,-8.848,-1.167,,,,,,,,,,,,
1,B,14179767,2032,,,,,,,,,,,,,-136.078,35.138,127.685,,,
1,S,14179767,2032,-153.440,41.120,155.040,-6.122,-8.703,-1.268,,,,,,,,,,,,
1,B,14183153,3386,,,,,,,,,,-6.523,-8.254,-1.570,,,,,,
1,S,14183153,3386,-153.440,40.800,158.560,-6.228,-8.467,-1.448,,,,,,,,,,,,
1,B,14186540,3387,,,,,,,,,,,,,,,,41.688,-61.250,40.000
1,S,14186540,3387,-154.080,40.800,160.800,-6.348,-8.223,-1.627,,,,,,,,,,,,
1,B,14188572,2032,,,,,,,,,,,,,-136.861,35.474,137.420,,,
1,S,14188572,2032,-154.720,40.800,161.760,-6.412,-8.062,-1.732,,,,,,,,,,,,
1,B,14192636,4064,,,,,,,,,,-6.734,-7.727,-2.020,,,,,,
1,S,14192636,4064,-155.360,41.120,164.000,-6.473,-7.742,-1.958,,,,,,,,,,,,
1,B,14195345,2709,,,,,,,,,,-6.789,-7.133,-2.461,,,,,,
1,S,14195345,2709,-155.680,40.800,164.960,-6.492,-7.508,-2.107,,,,,,,,,,,,
1,B,14198732,3387,,,,,,,,,,,,,,,,42.312,-63.125,40.375
1,S,14198732,3387,-156.320,40.160,165.600,-6.522,-7.218,-2.268,,,,,,,,,,,,
1,B,14202118,3386,,,,,,,,,,,,,-137.756,35.474,144.470,,,
1,S,14202118,3386,-157.920,39.520,165.920,-6.593,-6.923,-2.377,,,,,,,,,,,,
1,B,14204150,2032,,,,,,,,,,,,,,,,42.812,-65.062,41.000
1,S,14204150,2032,-159.840,39.200,165.920,-6.638,-6.753,-2.422,,,,,,,,,,,,
1,B,14207538,3388,,,,,,,,,,,,,-139.435,34.803,148.611,,,
1,S,14207538,3388,-160.800,37.920,165.920,-6.657,-6.478,-2.482,,,,,,,,,,,,
1,B,14211602,4064,,,,,,,,,,-6.867,-6.492,-2.730,,,,,,
1,S,14211602,4064,-161.440,37.280,165.600,-6.638,-6.128,-2.542,,,,,,,,,,,,
1,B,14213634,2032,,,,,,,,,,,,,,,,42.812,-65.062,41.000
1,S,14213634,2032,-161.440,37.280,165.600,-6.633,-5.938,-2.558,,,,,,,,,,,,
1,B,14216343,2709,,,,,,,,,,-6.871,-5.871,-2.844,,,,,,
1,S,14216343,2709,-160.800,37.280,165.280,-6.633,-5.673,-2.553,,,,,,,,,,,,
1,B,14219730,3387,,,,,,,,,,,,,-141.113,33.572,149.842,,,
1,S,14219730,3387,-159.840,36.320,164.320,-6.638,-5.338,-2.522,,,,,,,,,,,,
1,B,14223097,3367,,,,,,,,,,-6.871,-5.152,-2.758,,,,,,
1,S,14223097,3367,-159.200,35.680,162.720,-6.628,-5.088,-2.487,,,,,,,,,,,,
1,B,14225826,2729,,,,,,,,,,,,,,,,43.688,-70.188,42.438
1,S,14225826,2729,-157.600,36.320,161.440,-6.628,-4.832,-2.442,,,,,,,,,,,,
1,B,14229212,3386,,,,,,,,,,,,,-140.666,32.117,148.387,,,
1,S,14229212,3386,-155.680,36.320,159.200,-6.673,-4.577,-2.373,,,,,,,,,,,,
1,B,14232600,3388,,,,,,,,,,-6.871,-4.551,-2.594,,,,,,
1,S,14232600,3388,-152.800,35.360,156.960,-6.718,-4.338,-2.277,,,,,,,,,,,,
1,B,14234632,2032,,,,,,,,,,,,,-136.637,30.886,144.582,,,
1,S,14234632,2032,-150.240,34.720,155.680,-6.758,-4.242,-2.212,,,,,,,,,,,,
1,B,14241405,6773,,,,,,,,,,-6.883,-4.090,-2.367,,,,,,
1,S,14241405,6773,-148.320,35.680,151.520,-6.963,-4.272,-1.833,,,,,,,,,,,,
1,B,14244792,3387,,,,,,,,,,,,,,,,43.062,-67.938,41.250
1,S,14244792,3387,-141.920,37.280,149.920,-7.213,-4.303,-1.722,,,,,,,,,,,,
1,B,14246824,2032,,,,,,,,,,,,,-129.587,30.774,139.547,,,
1,S,14246824,2032,-138.400,37.920,148.960,-7.253,-4.298,-1.667,,,,,,,,,,,,
1,B,14254274,7450,,,,,,,,,,-7.359,-4.117,-1.945,,,,,,
1,S,14254274,7450,-136.160,41.760,145.120,-7.213,-4.452,-1.433,,,,,,,,,,,,
1,B,14256306,2032,,,,,,,,,,,,,,,,42.812,-70.250,42.188
1,S,14256306,2032,-130.080,43.680,144.160,-7.228,-4.433,-1.383,,,,,,,,,,,,
1,B,14258338,2032,,,,,,,,,,,,,-121.642,32.900,134.399,,,
1,S,14258338,2032,-128.800,45.600,142.880,-7.242,-4.397,-1.347,,,,,,,,,,,,
1,B,14263079,4741,,,,,,,,,,-7.422,-4.223,-1.582,,,,,,
1,S,14263079,7452,-127.520,48.800,140.640,-7.228,-4.428,-1.363,,,,,,,,,,,,
1,B,14266467,3388,,,,,,,,,,,,,,,,42.312,-72.938,43.375
1,S,14266467,677,-122.400,50.720,140.640,-7.218,-4.418,-1.377,,,,,,,,,,,,
1,B,14268499,2032,,,,,,,,,,,,,-114.032,37.824,129.811,,,
1,S,14268499,2032,-121.760,52.320,140.000,-7.188,-4.362,-1.423,,,,,,,,,,,,
1,B,14271886,3387,,,,,,,,,,-7.438,-4.215,-1.609,,,,,,
1,S,14271886,3387,-119.520,55.520,138.720,-7.088,-4.343,-1.482,,,,,,,,,,,,
1,B,14275272,3386,,,,,,,,,,,,,,,,42.375,-73.438,43.438
1,S,14275272,3386,-116.000,59.040,137.760,-6.982,-4.223,-1.627,,,,,,,,,,,,
1,B,14277304,2032,,,,,,,,,,,,,-106.422,44.203,126.006,,,
1,S,14277304,2032,-112.480,60.640,137.120,-6.912,-4.147,-1.752,,,,,,,,,,,,
1,B,14281368,4064,,,,,,,,,,-7.266,-4.062,-1.762,,,,,,
1,S,14281368,4064,-110.240,63.200,135.200,-6.812,-4.027,-1.958,,,,,,,,,,,,
1,B,14284077,2709,,,,,,,,,,,,,,,,42.375,-73.438,43.438
1,S,14284077,2709,-105.440,64.480,134.560,-6.763,-3.933,-2.107,,,,,,,,,,,,
1,B,14286109,2032,,,,,,,,,,-7.090,-3.793,-2.137,,,,,,
1,S,14286109,2032,-102.560,65.120,134.240,-6.747,-3.857,-2.223,,,,,,,,,,,,
1,B,14289497,3388,,,,,,,,,,,,,-98.030,50.917,122.649,,,
1,S,14289497,3388,-100.320,66.400,132.960,-6.758,-3.757,-2.417,,,,,,,,,,,,
1,B,14292884,3387,,,,,,,,,,-6.961,-3.555,-2.645,,,,,,
1,S,14292884,3387,-96.480,67.680,131.040,-6.787,-3.603,-2.632,,,,,,,,,,,,
1,B,14296270,3386,,,,,,,,,,,,,,,,41.562,-75.500,43.562
1,S,14296270,3386,-93.280,69.280,129.760,-6.857,-3.428,-2.817,,,,,,,,,,,,
1,B,14298302,2032,,,,,,,,,,,,,-88.741,56.289,119.180,,,
1,S,14298302,2032,-90.080,69.920,128.800,-6.923,-3.322,-2.928,,,,,,,,,,,,
1,B,14302366,4064,,,,,,,,,,-7.125,-3.152,-3.082,,,,,,
1,S,14302366,4064,-87.840,70.240,126.240,-7.062,-3.123,-3.163,,,,,,,,,,,,
1,B,14305075,2709,,,,,,,,,,-7.414,-2.844,-3.504,,,,,,
1,S,14305075,2709,-83.040,70.560,124.320,-7.183,-3.022,-3.297,,,,,,,,,,,,
1,B,14308462,3387,,,,,,,,,,,,,,,,41.312,-76.375,43.875
1,S,14308462,3387,-80.480,70.880,122.080,-7.357,-2.973,-3.453,,,,,,,,,,,,
1,B,14310494,2032,,,,,,,,,,,,,-79.677,59.870,114.927,,,
1,S,14310494,2032,-78.240,70.880,120.800,-7.473,-2.987,-3.507,,,,,,,,,,,,
1,B,14313882,3388,,,,,,,,,,-7.781,-2.883,-3.887,,,,,,
1,S,14313882,3388,-77.280,71.200,118.880,-7.643,-3.067,-3.592,,,,,,,,,,,,
1,B,14317268,3386,,,,,,,,,,,,,,,,40.938,-78.875,45.438
1,S,14317268,3386,-76.000,70.880,116.320,-7.777,-3.127,-3.708,,,,,,,,,,,,
1,B,14319300,2032,,,,,,,,,,,,,-72.067,61.884,110.115,,,
1,S,14319300,2032,-75.360,70.880,115.040,-7.843,-3.132,-3.783,,,,,,,,,,,,
1,B,14322687,3387,,,,,,,,,,-8.105,-2.961,-4.195,,,,,,
1,S,14322687,3387,-75.360,71.520,113.760,-7.918,-3.098,-3.893,,,,,,,,,,,,
1,B,14326073,3386,,,,,,,,,,,,,,,,40.000,-75.875,44.312
1,S,14326073,3386,-74.720,72.160,112.800,-7.952,-3.047,-3.993,,,,,,,,,,,,
1,B,14328105,2032,,,,,,,,,,,,,-67.591,62.667,105.080,,,
1,S,14328105,2032,-74.400,72.160,112.160,-7.957,-3.027,-4.032,,,,,,,,,,,,
1,B,14332169,4064,,,,,,,,,,-8.164,-2.855,-4.406,,,,,,
1,S,14332169,4064,-74.080,71.520,110.560,-7.902,-3.033,-4.117,,,,,,,,,,,,
1,B,14334879,2710,,,,,,,,,,,,,,,,40.562,-78.812,45.500
1,S,14334879,2710,-73.760,70.560,108.960,-7.798,-3.018,-4.197,,,,,,,,,,,,
1,B,14338265,3386,,,,,,,,,,,,,-66.024,62.555,100.715,,,
1,S,14338265,3386,-73.760,70.560,107.680,-7.622,-2.897,-4.298,,,,,,,,,,,,
1,B,14342329,4064,,,,,,,,,,-7.906,-2.777,-4.637,,,,,,
1,S,14342329,4064,-74.400,70.560,106.080,-7.402,-2.638,-4.388,,,,,,,,,,,,
1,B,14344361,2032,,,,,,,,,,,,,-65.577,61.772,96.799,,,
1,S,14344361,2032,-75.360,70.240,105.440,-7.303,-2.493,-4.418,,,,,,,,,,,,
1,B,14351135,6774,,,,,,,,,,-7.512,-2.309,-4.750,,,,,,
1,S,14351135,6774,-75.360,68.000,101.920,-7.058,-2.147,-4.447,,,,,,,,,,,,
1,B,14353167,2032,,,,,,,,,,,,,,,,40.438,-79.438,45.188
1,S,14353167,2032,-73.120,68.320,101.280,-7.032,-2.033,-4.428,,,,,,,,,,,,
1,B,14355199,2032,,,,,,,,,,,,,-64.905,60.541,92.770,,,
1,S,14355199,2032,-72.160,68.640,100.320,-7.022,-1.887,-4.402,,,,,,,,,,,,
1,B,14362650,7451,,,,,,,,,,-7.254,-1.914,-4.797,,,,,,
1,S,14362650,7451,-71.200,68.320,95.200,-6.997,-1.393,-4.258,,,,,,,,,,,,
1,B,14364682,2032,,,,,,,,,,,,,,,,39.625,-79.938,45.062
1,S,14364682,2032,-68.000,68.000,93.280,-6.992,-1.312,-4.202,,,,,,,,,,,,
1,B,14367391,2709,,,,,,,,,,,,,-62.443,59.534,87.846,,,
1,S,14367391,2709,-66.400,68.000,91.360,-7.003,-1.238,-4.128,,,,,,,,,,,,
1,B,14371456,4065,,,,,,,,,,-7.219,-1.023,-4.414,,,,,,
1,S,14371456,4065,-64.160,68.000,89.120,-7.093,-1.167,-4.022,,,,,,,,,,,,
1,B,14374165,2709,,,,,,,,,,,,,,,,39.188,-83.062,47.062
1,S,14374165,2709,-60.000,68.320,87.200,-7.183,-1.127,-3.978,,,,,,,,,,,,
1,B,14376875,2710,,,,,,,,,,,,,-56.960,59.198,82.139,,,
1,S,14376875,2710,-57.120,68.960,85.280,-7.287,-1.087,-3.947,,,,,,,,,,,,
1,B,14381616,4741,,,,,,,,,,-7.477,-0.898,-4.203,,,,,,
1,S,14381616,4741,-54.240,69.600,82.400,-7.473,-0.993,-3.928,,,,,,,,,,,,
1,B,14383648,2032,,,,,,,,,,-7.762,-0.832,-4.148,,,,,,
1,S,14383648,2032,-49.120,69.920,81.440,-7.553,-0.953,-3.928,,,,,,,,,,,,
1,B,14387034,3386,,,,,,,,,,,,,,,,39.000,-81.312,46.625
1,S,14387034,3386,-46.240,70.560,80.480,-7.638,-0.978,-4.013,,,,,,,,,,,,
1,B,14389066,2032,,,,,,,,,,,,,-48.567,59.758,76.320,,,
1,S,14389066,2032,-41.760,71.200,79.520,-7.652,-1.028,-4.117,,,,,,,,,,,,
1,B,14392453,3387,,,,,,,,,,-7.895,-0.918,-4.434,,,,,,
1,S,14392453,3387,-39.200,71.520,77.280,-7.652,-1.137,-4.308,,,,,,,,,,,,
1,B,14395841,3388,,,,,,,,,,,,,,,,37.625,-82.000,47.188
1,S,14395841,3388,-35.040,71.840,75.680,-7.657,-1.238,-4.473,,,,,,,,,,,,
1,B,14397873,2032,,,,,,,,,,,,,-38.384,60.877,71.060,,,
1,S,14397873,2032,-31.520,72.160,75.360,-7.678,-1.252,-4.577,,,,,,,,,,,,
1,B,14402614,4741,,,,,,,,,,-7.922,-1.004,-4.902,,,,,,
1,S,14402614,4741,-29.920,72.160,73.760,-7.793,-1.198,-4.843,,,,,,,,,,,,
1,B,14404646,2032,,,,,,,,,,,,,,,,37.250,-81.938,47.312
1,S,14404646,2032,-26.080,71.520,72.480,-7.848,-1.202,-4.957,,,,,,,,,,,,
1,B,14408032,3386,,,,,,,,,,,,,-28.760,61.772,66.584,,,
1,S,14408032,3386,-24.480,71.200,70.880,-7.907,-1.242,-5.157,,,,,,,,,,,,
1,B,14412096,4064,,,,,,,,,,-8.102,-1.004,-5.410,,,,,,
1,S,14412096,4064,-22.880,71.200,69.600,-7.987,-1.258,-5.388,,,,,,,,,,,,
1,B,14414806,2710,,,,,,,,,,-8.230,-0.949,-5.844,,,,,,
1,S,14414806,2710,-21.600,70.880,68.640,-8.033,-1.188,-5.518,,,,,,,,,,,,
1,B,14417515,2709,,,,,,,,,,,,,,,,37.062,-82.125,47.188
1,S,14417515,2709,-20.640,69.920,67.680,-8.053,-1.097,-5.643,,,,,,,,,,,,
1,B,14420224,2709,,,,,,,,,,,,,-21.710,61.660,62.891,,,
1,S,14420224,2709,-19.680,68.320,66.720,-8.018,-1.038,-5.772,,,,,,,,,,,,
1,B,14423611,3387,,,,,,,,,,-8.234,-0.863,-6.242,,,,,,
1,S,14423611,3387,-18.400,66.400,66.080,-7.928,-1.038,-5.947,,,,,,,,,,,,
1,B,14426999,3388,,,,,,,,,,,,,,,,37.062,-82.562,47.312
1,S,14426999,3388,-17.120,64.480,65.440,-7.812,-1.093,-6.147,,,,,,,,,,,,
1,B,14429030,2031,,,,,,,,,,,,,-17.345,59.646,59.758,,,
1,S,14429030,2031,-16.160,62.880,65.120,-7.742,-1.123,-6.272,,,,,,,,,,,,
1,B,14433094,4064,,,,,,,,,,-7.953,-0.883,-6.703,,,,,,
1,S,14433094,4064,-16.160,60.000,64.160,-7.652,-1.242,-6.478,,,,,,,,,,,,
1,B,14435804,2710,,,,,,,,,,,,,-14.995,55.617,57.296,,,
1,S,14435804,2710,-15.520,57.760,63.200,-7.607,-1.367,-6.593,,,,,,,,,,,,
1,B,14441900,6096,,,,,,,,,,-7.848,-1.148,-7.117,,,,,,
1,S,14441900,6096,-15.840,53.280,62.880,-7.577,-1.512,-6.808,,,,,,,,,,,,
1,B,14443932,2032,,,,,,,,,,,,,,,,37.062,-84.750,48.625
1,S,14443932,2032,-15.840,51.040,63.200,-7.562,-1.542,-6.857,,,,,,,,,,,,
1,B,14446641,2709,,,,,,,,,,,,,-14.548,49.462,55.841,,,
1,S,14446641,2709,-15.840,48.160,63.520,-7.543,-1.583,-6.912,,,,,,,,,,,,
1,B,14452738,6097,,,,,,,,,,-7.812,-1.301,-7.316,,,,,,
1,S,14452738,6097,-16.800,42.080,63.520,-7.473,-1.623,-6.978,,,,,,,,,,,,
1,B,14456124,3386,,,,,,,,,,,,,,,,35.625,-83.375,48.188
1,S,14456124,3386,-18.400,38.560,63.840,-7.447,-1.607,-6.982,,,,,,,,,,,,
1,B,14458156,2032,,,,,,,,,,,,,-15.443,41.629,55.281,,,
1,S,14458156,2032,-18.720,36.320,64.480,-7.407,-1.558,-6.963,,,,,,,,,,,,
1,B,14465607,7451,,,,,,,,,,-7.695,-1.320,-7.395,,,,,,
1,S,14465607,7451,-18.720,29.280,65.760,-7.272,-1.573,-6.938,,,,,,,,,,,,
1,B,14467639,2032,,,,,,,,,,,,,,,,34.562,-83.688,48.562
1,S,14467639,2032,-17.760,27.680,66.400,-7.223,-1.587,-6.947,,,,,,,,,,,,
1,B,14470348,2709,,,,,,,,,,,,,-16.226,33.012,55.953,,,
1,S,14470348,2709,-17.440,25.120,67.040,-7.178,-1.558,-6.973,,,,,,,,,,,,
1,B,14473057,2709,,,,,,,,,,-7.574,-1.301,-7.344,,,,,,
1,S,14473057,2709,-17.120,22.880,67.360,-7.138,-1.488,-7.008,,,,,,,,,,,,
1,B,14476444,3387,,,,,,,,,,,,,,,,34.688,-83.562,48.250
1,S,14476444,3387,-16.800,19.680,67.680,-7.128,-1.373,-7.072,,,,,,,,,,,,
1,B,14479153,2709,,,,,,,,,,,,,-16.114,24.172,57.408,,,
1,S,14479153,2709,-16.480,16.800,67.680,-7.138,-1.222,-7.128,,,,,,,,,,,,
1,B,14482541,3388,,,,,,,,,,-7.430,-1.082,-7.465,,,,,,
1,S,14482541,3388,-15.840,13.280,68.320,-7.168,-1.022,-7.207,,,,,,,,,,,,
1,B,14485250,2709,,,,,,,,,,,,,,,,35.375,-84.188,47.500
1,S,14485250,2709,-14.560,10.400,68.960,-7.138,-0.848,-7.258,,,,,,,,,,,,
1,B,14487960,2710,,,,,,,,,,,,,-14.324,15.331,58.974,,,
1,S,14487960,2710,-12.640,7.520,69.280,-7.168,-0.718,-7.282,,,,,,,,,,,,
1,B,14492023,4063,,,,,,,,,,-7.488,-0.707,-7.562,,,,,,
1,S,14492023,4063,-10.720,3.360,69.280,-7.332,-0.443,-7.433,,,,,,,,,,,,
1,B,14494055,2032,,,,,,,,,,,,,,,,35.375,-84.188,47.500
1,S,14494055,2032,-7.520,1.440,69.280,-7.367,-0.273,-7.503,,,,,,,,,,,,
1,B,14496765,2710,,,,,,,,,,-7.699,-0.184,-7.715,,,,,,
1,S,14496765,2710,-5.280,-1.760,69.280,-7.393,-0.172,-7.558,,,,,,,,,,,,
1,B,14500151,3386,,,,,,,,,,,,,-9.960,6.267,59.982,,,
1,S,14500151,3386,-2.400,-5.600,69.280,-7.402,-0.098,-7.617,,,,,,,,,,,,
1,B,14503538,3387,,,,,,,,,,-7.625,0.078,-7.922,,,,,,
1,S,14503538,3387,1.440,-10.400,68.320,-7.383,0.043,-7.678,,,,,,,,,,,,
1,B,14506247,2709,,,,,,,,,,,,,,,,33.750,-85.250,49.000
1,S,14506247,2709,4.320,-13.600,67.360,-7.388,0.092,-7.702,,,,,,,,,,,,
1,B,14509635,3388,,,,,,,,,,,,,-3.021,-3.357,59.870,,,
1,S,14509635,3388,6.560,-17.440,66.720,-7.418,0.163,-7.742,,,,,,,,,,,,
1,B,14513021,3386,,,,,,,,,,-7.680,0.258,-7.992,,,,,,
1,S,14513021,3386,9.760,-21.600,65.760,-7.442,0.203,-7.787,,,,,,,,,,,,
1,B,14515053,2032,,,,,,,,,,-7.719,0.336,-8.102,,,,,,
1,S,14515053,2032,12.960,-24.480,64.800,-7.457,0.203,-7.812,,,,,,,,,,,,
1,B,14518440,3387,,,,,,,,,,,,,,,,35.438,-86.750,48.938
1,S,14518440,3387,14.880,-28.640,64.160,-7.402,0.263,-7.872,,,,,,,,,,,,
1,B,14521149,2709,,,,,,,,,,,,,5.260,-13.653,58.639,,,
1,S,14521149,2709,17.440,-31.520,63.840,-7.312,0.302,-7.938,,,,,,,,,,,,
1,B,14524517,3368,,,,,,,,,,-7.469,0.375,-8.305,,,,,,
1,S,14524517,3368,19.680,-35.360,63.200,-7.237,0.263,-7.997,,,,,,,,,,,,
1,B,14527245,2728,,,,,,,,,,,,,,,,32.750,-84.875,49.688
1,S,14527245,2728,22.880,-38.560,62.880,-7.138,0.198,-8.098,,,,,,,,,,,,
1,B,14529955,2710,,,,,,,,,,,,,13.541,-24.172,56.512,,,
1,S,14529955,2710,25.120,-42.080,62.240,-7.072,0.163,-8.178,,,,,,,,,,,,
1,B,14533341,3386,,,,,,,,,,-7.270,0.289,-8.551,,,,,,
1,S,14533341,3386,26.720,-46.560,60.640,-7.048,0.138,-8.248,,,,,,,,,,,,
1,B,14536050,2709,,,,,,,,,,,,,,,,33.188,-84.875,48.500
1,S,14536050,2709,28.640,-50.400,59.680,-7.077,0.107,-8.287,,,,,,,,,,,,
1,B,14538761,2711,,,,,,,,,,,,,20.479,-35.027,53.939,,,
1,S,14538761,2711,29.600,-53.920,59.360,-7.152,0.068,-8.318,,,,,,,,,,,,
1,B,14542825,4064,,,,,,,,,,-7.461,0.184,-8.707,,,,,,
1,S,14542825,4064,30.240,-58.400,58.720,-7.322,-0.062,-8.303,,,,,,,,,,,,
1,B,14545515,2690,,,,,,,,,,-7.766,-0.133,-8.711,,,,,,
1,S,14545515,2690,30.880,-62.240,57.760,-7.418,-0.138,-8.293,,,,,,,,,,,,
1,B,14548243,2728,,,,,,,,,,,,,,,,33.250,-85.312,48.625
1,S,14548243,2728,30.880,-65.760,57.120,-7.593,-0.273,-8.273,,,,,,,,,,,,
1,B,14550953,2710,,,,,,,,,,,,,24.731,-46.105,51.253,,,
1,S,14550953,2710,30.240,-68.640,56.480,-7.742,-0.378,-8.248,,,,,,,,,,,,
1,B,14554339,3386,,,,,,,,,,,,,,,,34.250,-85.188,48.562
1,S,14554339,3386,29.600,-72.480,56.480,-7.888,-0.477,-8.207,,,,,,,,,,,,
1,B,14557048,2709,,,,,,,,,,-8.180,-0.383,-8.723,,,,,,
1,S,14557048,2709,28.960,-76.000,56.480,-7.942,-0.537,-8.182,,,,,,,,,,,,
1,B,14560436,3388,,,,,,,,,,,,,25.962,-57.520,49.127,,,
1,S,14560436,3388,28.640,-80.480,56.480,-7.973,-0.583,-8.148,,,,,,,,,,,,
1,B,14563823,3387,,,,,,,,,,-8.293,-0.480,-8.547,,,,,,
1,S,14563823,3387,27.360,-85.280,56.480,-8.008,-0.623,-8.102,,,,,,,,,,,,
1,B,14567209,3386,,,,,,,,,,,,,,,,34.125,-84.250,48.312
1,S,14567209,3386,26.400,-88.800,57.120,-8.018,-0.657,-8.027,,,,,,,,,,,,
1,B,14569241,2032,,,,,,,,,,,,,24.731,-68.598,48.120,,,
1,S,14569241,2032,25.760,-91.040,57.120,-8.037,-0.672,-7.982,,,,,,,,,,,,
1,B,14572628,3387,,,,,,,,,,-8.340,-0.547,-8.438,,,,,,
1,S,14572628,3387,25.760,-94.880,57.120,-8.072,-0.782,-7.872,,,,,,,,,,,,
1,B,14576014,3386,,,,,,,,,,,,,,,,34.500,-85.375,48.812
1,S,14576014,3386,25.760,-98.720,57.760,-8.082,-0.858,-7.732,,,,,,,,,,,,
1,B,14578046,2032,,,,,,,,,,,,,23.053,-79.341,48.455,,,
1,S,14578046,2032,25.440,-101.280,58.400,-8.053,-0.833,-7.668,,,,,,,,,,,,
1,B,14582788,4742,,,,,,,,,,-8.363,-0.672,-8.121,,,,,,
1,S,14582788,4742,25.120,-105.760,59.680,-7.942,-0.728,-7.518,,,,,,,,,,,,
1,B,14584821,2033,,,,,,,,,,-8.180,-0.516,-7.891,,,,,,
1,S,14584821,2033,25.440,-107.360,60.000,-7.912,-0.688,-7.438,,,,,,,,,,,,
1,B,14588206,3385,,,,,,,,,,,,,,,,34.625,-85.188,48.438
1,S,14588206,3385,25.120,-110.560,60.640,-7.853,-0.588,-7.303,,,,,,,,,,,,
1,B,14590239,2033,,,,,,,,,,,,,21.262,-89.189,49.798,,,
1,S,14590239,2033,23.520,-112.160,60.960,-7.822,-0.537,-7.223,,,,,,,,,,,,
1,B,14594981,4742,,,,,,,,,,,,,,,,34.562,-84.750,48.312
1,S,14594981,4742,21.920,-116.640,61.600,-7.808,-0.393,-6.982,,,,,,,,,,,,
1,B,14597690,2709,,,,,,,,,,,,,18.912,-98.030,51.365,,,
1,S,14597690,2709,19.360,-118.880,61.280,-7.838,-0.302,-6.803,,,,,,,,,,,,
1,B,14604463,6773,,,,,,,,,,-8.129,-0.324,-7.594,,,,,,
1,S,14604463,6773,18.720,-123.360,63.200,-7.987,-0.507,-6.272,,,,,,,,,,,,
1,B,14606495,2032,,,,,,,,,,,,,,,,35.062,-86.188,47.875
1,S,14606495,2032,18.080,-124.320,63.520,-8.023,-0.568,-6.133,,,,,,,,,,,,
1,B,14609185,2690,,,,,,,,,,,,,16.226,-105.527,52.931,,,
1,S,14609185,2690,17.120,-126.240,64.160,-8.072,-0.618,-5.997,,,,,,,,,,,,
1,B,14613947,4762,,,,,,,,,,-8.496,-0.488,-6.473,,,,,,
1,S,14613947,4762,15.520,-128.800,65.120,-8.242,-0.752,-5.692,,,,,,,,,,,,
1,B,14616656,2709,,,,,,,,,,,,,12.981,-111.458,54.610,,,
1,S,14616656,2709,12.960,-129.760,66.080,-8.332,-0.797,-5.548,,,,,,,,,,,,
1,A,14616680,448372,,,,,,,9.385,-0.947,-5.087,,,,,,,,,
1,B,14623429,6773,,,,,,,,,,-8.633,-0.652,-6.051,,,,,,
1,S,14623429,6773,12.320,-131.680,68.000,-8.473,-0.757,-5.322,,,,,,,,,,,,
1,A,14626599,9919,,,,,,,9.958,-0.768,-5.003,,,,,,,,,
1,B,14626816,3387,,,,,,,,,,,,,,,,34.500,-84.375,47.500
1,S,14626816,3387,10.400,-132.640,68.640,-8.578,-0.708,-5.192,,,,,,,,,,,,
1,A,14628899,2300,,,,,,,9.723,-0.814,-4.856,,,,,,,,,
1,B,14629525,2709,,,,,,,,,,,,,9.848,-115.934,56.848,,,
1,S,14629525,5418,9.440,-133.920,69.280,-8.727,-0.618,-4.978,,,,,,,,,,,,
1,A,14632210,3311,,,,,,,9.971,-0.476,-4.636,,,,,,,,,
1,B,14632912,3387,,,,,,,,,,-8.797,-0.613,-5.754,,,,,,
1,S,14632912,678,8.160,-134.880,69.280,-8.742,-0.608,-4.952,,,,,,,,,,,,
1,A,14635511,3301,,,,,,,10.219,-0.298,-4.761,,,,,,,,,
1,B,14635621,2709,,,,,,,,,,,,,,,,35.625,-86.562,47.562
1,S,14635621,2709,8.160,-135.200,69.600,-8.783,-0.562,-4.857,,,,,,,,,,,,
1,A,14637811,2300,,,,,,,9.593,-0.600,-4.711,,,,,,,,,
1,B,14638330,2709,,,,,,,,,,,,,7.386,-118.844,59.198,,,
1,S,14638330,2709,8.480,-135.840,70.240,-8.787,-0.497,-4.793,,,,,,,,,,,,
1,A,14643110,5299,,,,,,,10.051,-0.209,-4.591,,,,,,,,,
1,B,14643750,5420,,,,,,,,,,-9.043,-0.516,-5.441,,,,,,
1,S,14643750,5420,8.800,-136.800,72.480,-8.762,-0.333,-4.678,,,,,,,,,,,,
1,A,14645410,2300,,,,,,,9.561,-0.238,-4.604,,,,,,,,,
1,B,14645782,2032,,,,,,,,,,,,,,,,35.750,-86.438,47.250
1,S,14645782,2032,8.480,-137.120,73.120,-8.742,-0.258,-4.633,,,,,,,,,,,,
1,A,14647710,2300,,,,,,,9.502,-0.045,-4.689,,,,,,,,,
1,B,14647814,2032,,,,,,,,,,,,,6.379,-120.970,61.436,,,
1,S,14647814,2032,9.120,-137.760,73.440,-8.713,-0.172,-4.582,,,,,,,,,,,,
1,A,14652020,4310,,,,,,,9.412,0.331,-4.627,,,,,,,,,
1,B,14652555,4741,,,,,,,,,,-9.012,0.000,-5.008,,,,,,
1,S,14652555,4741,9.440,-139.360,73.760,-8.588,0.113,-4.522,,,,,,,,,,,,
1,A,14654320,2300,,,,,,,9.392,0.263,-4.528,,,,,,,,,
1,B,14654587,2032,,,,,,,,,,-8.734,0.449,-4.941,,,,,,
1,S,14654587,2032,10.400,-140.320,74.080,-8.492,0.247,-4.513,,,,,,,,,,,,
1,A,14657620,3300,,,,,,,9.090,0.415,-4.554,,,,,,,,,
1,B,14657974,3387,,,,,,,,,,,,,,,,35.938,-86.188,47.375
1,S,14657974,3387,10.720,-141.280,74.720,-8.307,0.443,-4.487,,,,,,,,,,,,
1,A,14659920,2300,,,,,,,9.252,0.523,-4.402,,,,,,,,,
1,B,14660664,2690,,,,,,,,,,,,,6.714,-122.761,63.339,,,
1,S,14660664,2690,11.680,-141.600,74.720,-8.197,0.527,-4.473,,,,,,,,,,,,
1,A,14663218,3298,,,,,,,9.048,0.487,-4.293,,,,,,,,,
1,B,14663392,2728,,,,,,,,,,,,,,,,35.562,-86.125,46.688
1,S,14663392,2728,12.000,-141.920,75.040,-8.043,0.627,-4.428,,,,,,,,,,,,
1,A,14666518,3300,,,,,,,9.165,0.544,-4.097,,,,,,,,,
1,B,14666780,3388,,,,,,,,,,-8.363,0.777,-4.902,,,,,,
1,S,14666780,3388,12.320,-142.880,74.720,-7.942,0.688,-4.362,,,,,,,,,,,,
1,A,14669830,3312,,,,,,,9.044,0.642,-4.041,,,,,,,,,
1,B,14670166,3386,,,,,,,,,,,,,8.281,-124.663,64.346,,,
1,S,14670166,3386,12.640,-143.520,74.080,-7.893,0.708,-4.272,,,,,,,,,,,,
1,A,14673128,3298,,,,,,,9.013,0.477,-3.846,,,,,,,,,
1,B,14673553,3387,,,,,,,,,,-8.195,0.844,-4.750,,,,,,
1,S,14673553,3387,12.320,-142.880,73.440,-7.867,0.743,-4.183,,,,,,,,,,,,
1,A,14676427,3299,,,,,,,9.151,0.629,-3.739,,,,,,,,,
1,B,14676940,3387,,,,,,,,,,,,,,,,35.688,-85.438,46.000
1,S,14676940,3387,11.360,-141.920,74.080,-7.867,0.767,-4.077,,,,,,,,,,,,
1,A,14678727,2300,,,,,,,9.083,0.524,-3.659,,,,,,,,,
1,B,14678972,2032,,,,,,,,,,,,,8.841,-126.118,64.682,,,
1,S,14678972,2032,10.080,-142.240,74.400,-7.878,0.782,-4.013,,,,,,,,,,,,
1,A,14683026,4299,,,,,,,9.170,0.557,-3.503,,,,,,,,,
1,B,14683713,4741,,,,,,,,,,-8.168,0.863,-4.531,,,,,,
1,S,14683713,4741,9.120,-144.480,73.760,-7.923,0.818,-3.842,,,,,,,,,,,,
1,A,14685326,2300,,,,,,,9.315,0.691,-3.471,,,,,,,,,
1,B,14685745,2032,,,,,,,,,,,,,6.714,-127.237,64.234,,,
1,S,14685745,2032,5.920,-145.120,73.120,-7.957,0.838,-3.763,,,,,,,,,,,,
1,A,14691637,6311,,,,,,,9.516,1.067,-3.298,,,,,,,,,
1,B,14691842,6097,,,,,,,,,,-8.285,0.949,-4.301,,,,,,
1,S,14691842,6097,4.640,-144.800,71.520,-8.082,0.922,-3.533,,,,,,,,,,,,
1,A,14693937,2300,,,,,,,9.380,1.014,-3.253,,,,,,,,,
1,B,14694551,2709,,,,,,,,,,,,,,,,36.438,-85.562,45.812
1,S,14694551,2709,0.800,-144.160,71.200,-8.143,1.073,-3.467,,,,,,,,,,,,
1,A,14696235,2298,,,,,,,9.579,1.085,-3.246,,,,,,,,,
1,B,14696583,2032,,,,,,,,,,,,,2.574,-128.244,63.003,,,
1,S,14696583,2032,-0.160,-144.160,70.880,-8.178,1.198,-3.438,,,,,,,,,,,,
1,A,14702535,6300,,,,,,,8.720,0.560,-3.418,,,,,,,,,
1,B,14702679,6096,,,,,,,,,,-8.441,1.195,-4.004,,,,,,
1,S,14702679,6096,-1.120,-146.080,67.680,-8.168,1.413,-3.312,,,,,,,,,,,,
1,A,14705835,3300,,,,,,,10.983,1.405,-3.131,,,,,,,,,
1,B,14706065,3386,,,,,,,,,,,,,,,,37.250,-88.688,46.188
1,S,14706065,3386,-4.000,-146.400,66.080,-8.203,1.377,-3.178,,,,,,,,,,,,
1,A,14708134,2299,,,,,,,9.256,1.177,-2.653,,,,,,,,,
1,B,14708775,2710,,,,,,,,,,,,,-1.455,-129.251,60.653,,,
1,S,14708775,2710,-4.640,-146.720,65.120,-8.322,1.423,-3.053,,,,,,,,,,,,
1,A,14715445,7311,,,,,,,10.473,2.263,-2.784,,,,,,,,,
1,B,14715548,6773,,,,,,,,,,-8.414,1.445,-3.793,,,,,,
1,S,14715548,6773,-4.000,-146.400,61.280,-8.562,1.817,-2.712,,,,,,,,,,,,
1,A,14718745,3300,,,,,,,10.621,1.589,-2.415,,,,,,,,,
1,B,14718936,3388,,,,,,,,,,,,,,,,38.312,-87.375,45.312
1,S,14718936,3388,-1.120,-147.680,59.360,-8.648,1.958,-2.558,,,,,,,,,,,,
1,A,14722043,3298,,,,,,,10.795,2.322,-2.605,,,,,,,,,
1,B,14722322,3386,,,,,,,,,,,,,-2.910,-130.147,56.848,,,
1,S,14722322,3386,1.760,-148.640,57.440,-8.742,2.058,-2.413,,,,,,,,,,,,
1,A,14725343,3300,,,,,,,10.394,1.742,-2.019,,,,,,,,,
1,B,14725709,3387,,,,,,,,,,-8.848,1.973,-2.883,,,,,,
1,S,14725709,3387,5.280,-148.960,55.520,-8.852,2.158,-2.277,,,,,,,,,,,,
1,A,14729643,4300,,,,,,,10.010,1.868,-2.070,,,,,,,,,
1,B,14729773,4064,,,,,,,,,,,,,,,,37.000,-86.875,45.750
1,S,14729773,4064,8.480,-147.680,53.280,-8.953,2.192,-2.127,,,,,,,,,,,,
1,A,14731943,2300,,,,,,,10.417,1.583,-1.935,,,,,,,,,
1,B,14732482,2709,,,,,,,,,,,,,0.000,-131.042,52.260,,,
1,S,14732482,2709,11.360,-146.720,51.680,-8.982,2.192,-2.047,,,,,,,,,,,,
1,A,14735252,3309,,,,,,,9.944,1.812,-2.035,,,,,,,,,
1,B,14735869,3387,,,,,,,,,,-9.215,2.211,-2.328,,,,,,
1,S,14735869,3387,13.600,-146.400,50.080,-9.002,2.103,-1.968,,,,,,,,,,,,
1,A,14738552,3300,,,,,,,9.710,1.423,-1.900,,,,,,,,,
1,B,14739255,3386,,,,,,,,,,,,,,,,38.750,-87.312,44.875
1,S,14739255,3386,17.440,-146.080,48.800,-8.977,2.022,-1.913,,,,,,,,,,,,
1,A,14741852,3300,,,,,,,9.914,1.845,-1.981,,,,,,,,,
1,B,14741966,2711,,,,,,,,,,,,,6.491,-131.377,47.224,,,
1,S,14741966,2711,20.320,-146.400,47.520,-8.912,1.942,-1.877,,,,,,,,,,,,
1,A,14744151,2299,,,,,,,9.744,1.427,-1.917,,,,,,,,,
1,B,14744675,2709,,,,,,,,,,-9.168,2.012,-2.230,,,,,,
1,S,14744675,2709,21.920,-147.040,46.240,-8.838,1.927,-1.873,,,,,,,,,,,,
1,A,14747450,3299,,,,,,,9.724,1.655,-2.062,,,,,,,,,
1,B,14748061,3386,,,,,,,,,,,,,,,,38.500,-88.188,45.188
1,S,14748061,3386,23.520,-147.040,44.640,-8.727,1.877,-1.897,,,,,,,,,,,,
1,A,14749750,2300,,,,,,,9.797,1.346,-1.861,,,,,,,,,
1,B,14750093,2032,,,,,,,,,,,,,13.876,-131.266,42.300,,,
1,S,14750093,2032,25.440,-146.720,44.000,-8.658,1.863,-1.927,,,,,,,,,,,,
1,A,14753060,3310,,,,,,,9.896,1.519,-2.045,,,,,,,,,
1,B,14753480,3387,,,,,,,,,,-8.922,1.906,-2.289,,,,,,
1,S,14753480,3387,26.720,-147.360,42.720,-8.533,1.788,-1.978,,,,,,,,,,,,
1,A,14756360,3300,,,,,,,9.710,1.379,-1.904,,,,,,,,,
1,B,14756867,3387,,,,,,,,,,,,,,,,39.688,-87.188,44.125
1,S,14756867,3387,28.000,-147.680,40.800,-8.422,1.738,-2.018,,,,,,,,,,,,
1,A,14758660,2300,,,,,,,9.337,1.425,-2.061,,,,,,,,,
1,B,14758899,2032,,,,,,,,,,,,,19.919,-131.154,37.824,,,
1,S,14758899,2032,28.320,-147.680,39.840,-8.363,1.732,-2.033,,,,,,,,,,,,
1,A,14762960,4300,,,,,,,9.302,1.459,-1.960,,,,,,,,,
1,B,14763640,4741,,,,,,,,,,-8.672,1.809,-2.402,,,,,,
1,S,14763640,4741,28.640,-148.000,36.640,-8.238,1.732,-2.062,,,,,,,,,,,,
1,A,14766258,3298,,,,,,,9.317,1.629,-2.081,,,,,,,,,
1,B,14767007,3367,,,,,,,,,,,,,,,,38.312,-87.875,44.688
1,S,14767007,3367,28.640,-148.640,35.040,-8.158,1.748,-2.092,,,,,,,,,,,,
1,A,14768558,2300,,,,,,,9.230,1.530,-1.991,,,,,,,,,
1,B,14769058,2051,,,,,,,,,,,,,23.276,-131.489,33.572,,,
1,S,14769058,2051,28.320,-149.280,34.400,-8.078,1.792,-2.127,,,,,,,,,,,,
1,A,14774870,6312,,,,,,,9.202,1.687,-2.024,,,,,,,,,
1,B,14775155,6097,,,,,,,,,,-8.461,1.773,-2.527,,,,,,
1,S,14775155,8129,28.000,-152.160,29.280,-8.027,1.938,-2.067,,,,,,,,,,,,
1,A,14777168,2298,,,,,,,9.531,1.638,-1.735,,,,,,,,,
1,B,14777865,2710,,,,,,,,,,,,,,,,37.750,-87.500,44.188
1,S,14777865,678,25.440,-153.440,28.640,-8.027,1.952,-2.062,,,,,,,,,,,,
1,A,14779468,2300,,,,,,,9.376,1.678,-1.713,,,,,,,,,
1,B,14779897,2032,,,,,,,,,,,,,23.948,-132.832,28.984,,,
1,S,14779897,2032,25.120,-154.400,27.680,-8.023,1.982,-2.027,,,,,,,,,,,,
1,A,14784768,5300,,,,,,,9.478,1.756,-1.537,,,,,,,,,
1,B,14785315,5418,,,,,,,,,,-8.289,1.895,-2.520,,,,,,
1,S,14785315,5418,24.800,-155.680,25.120,-8.107,2.072,-1.867,,,,,,,,,,,,
1,A,14788066,3298,,,,,,,9.474,1.941,-1.419,,,,,,,,,
1,B,14788702,3387,,,,,,,,,,,,,,,,39.500,-88.562,43.812
1,S,14788702,3387,24.800,-156.960,23.200,-8.213,2.107,-1.728,,,,,,,,,,,,
1,A,14791366,3300,,,,,,,9.350,1.668,-1.386,,,,,,,,,
1,B,14792088,3386,,,,,,,,,,,,,22.941,-135.518,24.060,,,
1,S,14792088,3386,24.800,-158.880,21.280,-8.332,2.143,-1.552,,,,,,,,,,,,
1,A,14796678,5312,,,,,,,10.020,1.224,-0.861,,,,,,,,,
1,B,14796831,4743,,,,,,,,,,,,,21.822,-139.099,18.912,,,
1,S,14796831,4743,25.120,-161.120,18.080,-8.447,2.167,-1.323,,,,,,,,,,,,
1,A,14800978,4300,,,,,,,9.723,1.318,-0.669,,,,,,,,,
1,B,14801572,4741,,,,,,,,,,-8.742,2.184,-1.742,,,,,,
1,S,14801572,4741,24.480,-163.680,16.480,-8.568,2.107,-1.058,,,,,,,,,,,,
1,A,14803276,2298,,,,,,,9.512,1.550,-0.661,,,,,,,,,
1,B,14803604,2032,,,,,,,,,,,,,,,,39.812,-88.688,44.000
1,S,14803604,2032,25.760,-164.640,15.840,-8.633,2.078,-0.943,,,,,,,,,,,,
1,A,14805576,2300,,,,,,,9.688,1.764,-0.793,,,,,,,,,
1,B,14806313,2709,,,,,,,,,,,,,,,,39.875,-88.625,43.688
1,S,14806313,2709,26.720,-165.280,14.880,-8.682,1.988,-0.828,,,,,,,,,,,,
1,A,14809876,4300,,,,,,,10.087,1.421,-0.328,,,,,,,,,
1,B,14810377,4064,,,,,,,,,,,,,21.598,-143.128,14.324,,,
1,S,14810377,4064,27.040,-166.880,13.920,-8.732,1.853,-0.672,,,,,,,,,,,,
1,A,14813175,3299,,,,,,,9.760,1.039,-0.321,,,,,,,,,
1,B,14813764,3387,,,,,,,,,,-9.098,1.879,-0.957,,,,,,
1,S,14813764,3387,27.360,-168.800,13.280,-8.748,1.748,-0.557,,,,,,,,,,,,
1,A,14816486,3311,,,,,,,10.358,0.856,-0.308,,,,,,,,,
1,B,14817150,3386,,,,,,,,,,,,,,,,40.625,-88.750,42.812
1,S,14817150,3386,28.000,-170.400,12.960,-8.762,1.603,-0.482,,,,,,,,,,,,
1,A,14818786,2300,,,,,,,9.520,1.402,-0.284,,,,,,,,,
1,B,14819182,2032,,,,,,,,,,,,,22.717,-147.044,10.855,,,
1,S,14819182,2032,28.960,-171.040,12.960,-8.793,1.502,-0.453,,,,,,,,,,,,
1,A,14822085,3299,,,,,,,10.025,0.890,-0.213,,,,,,,,,
1,B,14822570,3388,,,,,,,,,,-9.047,1.570,-0.852,,,,,,
1,S,14822570,3388,29.280,-171.680,12.640,-8.797,1.393,-0.438,,,,,,,,,,,,
1,A,14825385,3300,,,,,,,9.941,1.021,-0.287,,,,,,,,,
1,B,14825957,3387,,,,,,,,,,,,,,,,40.500,-87.250,42.125
1,S,14825957,3387,28.960,-172.960,11.680,-8.783,1.327,-0.432,,,,,,,,,,,,
1,A,14827685,2300,,,,,,,9.526,1.070,-0.151,,,,,,,,,
1,B,14827989,2032,,,,,,,,,,,,,23.724,-150.737,8.952,,,
1,S,14827989,2032,28.640,-173.920,11.680,-8.777,1.317,-0.422,,,,,,,,,,,,
1,A,14831985,4300,,,,,,,9.680,0.733,-0.137,,,,,,,,,
1,B,14832730,4741,,,,,,,,,,-9.203,1.398,-0.777,,,,,,
1,S,14832730,4741,28.640,-175.840,11.360,-8.758,1.238,-0.398,,,,,,,,,,,,
1,A,14834295,2310,,,,,,,9.727,0.600,-0.024,,,,,,,,,
1,B,14834762,2032,,,,,,,,,,-9.012,1.266,-0.785,,,,,,
1,S,14834762,2032,28.320,-176.480,11.680,-8.752,1.192,-0.388,,,,,,,,,,,,
1,A,14837595,3300,,,,,,,9.495,0.565,-0.227,,,,,,,,,
1,B,14838148,3386,,,,,,,,,,,,,,,,41.688,-87.438,41.875
1,S,14838148,3386,28.320,-177.440,12.000,-8.762,1.093,-0.362,,,,,,,,,,,,
1,A,14839894,2299,,,,,,,9.926,0.776,0.069,,,,,,,,,
1,B,14840180,2032,,,,,,,,,,,,,24.060,-154.318,8.169,,,
1,S,14840180,2032,27.360,-178.400,11.680,-8.742,1.067,-0.362,,,,,,,,,,,,
1,A,14843193,3299,,,,,,,9.454,0.906,0.043,,,,,,,,,
1,B,14843567,3387,,,,,,,,,,-9.047,1.168,-0.777,,,,,,
1,S,14843567,3387,26.720,-179.680,10.720,-8.688,1.113,-0.338,,,,,,,,,,,,
1,A,14846493,3300,,,,,,,9.184,1.088,0.177,,,,,,,,,
1,B,14846955,3388,,,,,,,,,,,,,,,,41.500,-88.188,41.875
1,S,14846955,3388,25.760,-181.280,10.400,-8.617,1.183,-0.287,,,,,,,,,,,,
1,A,14848793,2300,,,,,,,8.631,0.734,0.684,,,,,,,,,
1,B,14848987,2032,,,,,,,,,,,,,23.053,-157.787,7.610,,,
1,S,14848987,2032,24.800,-182.240,10.400,-8.562,1.212,-0.237,,,,,,,,,,,,
1,A,14853103,4310,,,,,,,8.476,1.078,-0.070,,,,,,,,,
1,B,14853728,4741,,,,,,,,,,-8.797,1.254,-0.613,,,,,,
1,S,14853728,4741,23.840,-183.520,10.400,-8.537,1.347,-0.003,,,,,,,,,,,,
1,A,14855403,2300,,,,,,,9.142,0.764,0.922,,,,,,,,,
1,B,14855760,2032,,,,,,,,,,,,,20.479,-160.809,6.938,,,
1,S,14855760,2032,21.280,-183.840,9.760,-8.443,1.452,0.068,,,,,,,,,,,,
1,A,14861703,6300,,,,,,,9.821,1.215,0.433,,,,,,,,,
1,B,14861856,6096,,,,,,,,,,-8.578,1.582,-0.289,,,,,,
1,S,14861856,6096,20.640,-184.480,7.840,-8.348,1.442,0.233,,,,,,,,,,,,
1,A,14864002,2299,,,,,,,9.220,1.331,0.841,,,,,,,,,
1,B,14864565,2709,,,,,,,,,,,,,,,,41.625,-88.062,41.562
1,S,14864565,2709,18.080,-185.120,7.520,-8.453,1.427,0.278,,,,,,,,,,,,
1,A,14866302,2300,,,,,,,10.402,1.277,1.218,,,,,,,,,
1,B,14866597,2032,,,,,,,,,,,,,16.562,-163.159,5.707,,,
1,S,14866597,2032,16.160,-186.080,6.880,-8.498,1.458,0.352,,,,,,,,,,,,
1,A,14872602,6300,,,,,,,10.537,1.216,1.489,,,,,,,,,
1,B,14873351,6754,,,,,,,,,,-8.828,1.543,-0.113,,,,,,
1,S,14873351,6754,15.200,-186.080,6.240,-8.633,1.637,0.782,,,,,,,,,,,,
1,A,14875913,3311,,,,,,,9.474,1.590,1.238,,,,,,,,,
1,B,14876080,2729,,,,,,,,,,,,,,,,43.250,-86.438,39.625
1,S,14876080,2729,13.280,-185.120,5.920,-8.768,1.742,1.002,,,,,,,,,,,,
1,A,14878212,2299,,,,,,,10.154,1.760,1.565,,,,,,,,,
1,B,14878790,2710,,,,,,,,,,,,,12.757,-164.502,3.917,,,
1,S,14878790,2710,12.960,-184.480,5.280,-8.832,1.788,1.107,,,,,,,,,,,,
1,A,14885512,7300,,,,,,,10.222,1.747,1.616,,,,,,,,,
1,B,14886240,7450,,,,,,,,,,-9.094,1.734,0.516,,,,,,
1,S,14886240,7450,12.640,-184.160,4.000,-9.018,1.597,1.337,,,,,,,,,,,,
1,A,14887812,2300,,,,,,,10.505,0.632,1.921,,,,,,,,,
1,B,14888272,2032,,,,,,,,,,,,,,,,43.562,-87.688,39.625
1,S,14888272,2032,13.280,-184.160,3.680,-9.098,1.488,1.442,,,,,,,,,,,,
1,A,14890110,2298,,,,,,,10.266,0.926,2.058,,,,,,,,,
1,B,14890304,2032,,,,,,,,,,,,,10.631,-164.390,2.574,,,
1,S,14890304,2032,12.960,-183.520,4.000,-9.158,1.353,1.552,,,,,,,,,,,,
1,A,14894410,4300,,,,,,,10.530,0.274,2.477,,,,,,,,,
1,B,14895045,4741,,,,,,,,,,-9.512,1.477,1.121,,,,,,
1,S,14895045,4741,12.640,-181.600,4.640,-9.242,1.008,1.808,,,,,,,,,,,,
1,A,14896721,2311,,,,,,,10.313,1.189,2.511,,,,,,,,,
1,B,14897077,2032,,,,,,,,,,,,,9.624,-163.047,1.790,,,
1,S,14897077,2032,12.000,-180.640,4.960,-9.273,0.843,1.938,,,,,,,,,,,,
1,A,14901020,4299,,,,,,,11.093,0.314,2.705,,,,,,,,,
1,B,14901142,4065,,,,,,,,,,-9.688,0.898,1.477,,,,,,
1,S,14901142,4065,11.680,-179.040,5.920,-9.428,0.688,2.212,,,,,,,,,,,,
1,A,14904320,3300,,,,,,,10.727,0.383,2.715,,,,,,,,,
1,B,14904529,3387,,,,,,,,,,,,,,,,43.812,-86.812,39.312
1,S,14904529,3387,10.080,-177.760,7.200,-9.463,0.693,2.317,,,,,,,,,,,,
1,A,14906620,2300,,,,,,,11.105,0.564,2.657,,,,,,,,,
1,B,14907238,2709,,,,,,,,,,-9.789,0.812,1.879,,,,,,
1,S,14907238,2709,8.160,-177.120,7.520,-9.443,0.703,2.382,,,,,,,,,,,,
1,A,14910920,4300,,,,,,,10.677,0.581,3.059,,,,,,,,,
1,B,14911302,4064,,,,,,,,,,,,,,,,43.438,-88.750,40.500
1,S,14911302,4064,7.200,-175.520,8.800,-9.508,0.807,2.558,,,,,,,,,,,,
1,A,14913219,2299,,,,,,,10.794,1.010,3.027,,,,,,,,,
1,B,14913334,2032,,,,,,,,,,,,,8.057,-160.585,2.462,,,
1,S,14913334,2032,6.880,-174.880,9.440,-9.543,0.797,2.663,,,,,,,,,,,,
1,A,14915531,2312,,,,,,,11.144,0.440,2.839,,,,,,,,,
1,B,14916043,2709,,,,,,,,,,-9.875,0.930,2.250,,,,,,
1,S,14916043,2709,7.520,-174.240,10.720,-9.572,0.757,2.792,,,,,,,,,,,,
1,A,14918831,3300,,,,,,,9.812,1.138,2.711,,,,,,,,,
1,B,14919430,3387,,,,,,,,,,,,,,,,44.500,-85.938,37.938
1,S,14919430,3387,7.840,-173.920,12.000,-9.543,0.738,2.908,,,,,,,,,,,,
1,A,14922130,3299,,,,,,,10.590,0.388,3.320,,,,,,,,,
1,B,14922818,3388,,,,,,,,,,,,,6.602,-157.675,4.700,,,
1,S,14922818,3388,7.840,-173.280,13.920,-9.467,0.733,3.013,,,,,,,,,,,,
1,A,14924430,2378,,,,,,,10.601,1.339,3.303,,,,,,,,,
1,B,14924850,2032,,,,,,,,,,-9.945,0.918,2.566,,,,,,
1,S,14924850,2032,7.200,-172.000,15.200,-9.428,0.682,3.083,,,,,,,,,,,,
1,A,14924508,0,,,,,,,9.848,0.125,3.384,,,,,,,,,
1,B,14928236,3386,,,,,,,,,,,,,,,,44.312,-88.188,38.812
1,S,14928236,3386,6.880,-170.400,17.120,-9.373,0.637,3.163,,,,,,,,,,,,
1,A,14930030,5600,,,,,,,9.932,0.301,3.906,,,,,,,,,
1,B,14930268,2032,,,,,,,,,,,,,5.595,-154.654,8.169,,,
1,S,14930268,2032,6.880,-170.080,18.080,-9.367,0.593,3.228,,,,,,,,,,,,
1,A,14930108,4311,,,,,,,9.697,0.018,4.157,,,,,,,,,
1,B,14935009,4741,,,,,,,,,,-9.777,0.785,2.750,,,,,,
1,S,14935009,4741,6.560,-168.800,19.360,-9.332,0.618,3.417,,,,,,,,,,,,
1,A,14934472,53,,,,,,,10.925,0.395,4.033,,,,,,,,,
1,B,14938377,3368,,,,,,,,,,,,,,,,45.188,-87.688,37.188
1,S,14938377,3368,4.640,-166.880,20.960,-9.283,0.627,3.493,,,,,,,,,,,,
1,A,14938377,3905,,,,,,,9.649,0.001,4.128,,,,,,,,,
1,B,14940428,2051,,,,,,,,,,,,,3.917,-151.744,11.974,,,
1,S,14940428,2051,2.400,-165.920,21.920,-9.248,0.627,3.558,,,,,,,,,,,,
1,A,14940429,2052,,,,,,,10.027,-0.229,4.370,,,,,,,,,
1,B,14945848,5420,,,,,,,,,,-9.645,0.738,3.008,,,,,,
1,S,14945848,8129,1.440,-164.000,25.120,-9.252,0.743,3.777,,,,,,,,,,,,
1,A,14945432,5003,,,,,,,10.212,0.671,4.596,,,,,,,,,
1,B,14949233,3385,,,,,,,,,,,,,,,,44.875,-87.062,37.625
1,S,14949233,676,-2.720,-162.400,25.440,-9.258,0.767,3.803,,,,,,,,,,,,
1,A,14949417,3985,,,,,,,10.303,0.240,4.489,,,,,,,,,
1,B,14951266,2033,,,,,,,,,,,,,1.119,-148.275,16.003,,,
1,S,14951266,2033,-3.040,-160.800,26.080,-9.258,0.858,3.868,,,,,,,,,,,,
1,A,14951409,1992,,,,,,,10.587,0.813,4.548,,,,,,,,,
1,B,14957362,6096,,,,,,,,,,,,,-2.350,-144.359,19.807,,,
1,S,14957362,6096,-4.000,-156.960,27.680,-9.248,1.177,3.998,,,,,,,,,,,,
1,A,14957387,5978,,,,,,,9.789,0.755,4.739,,,,,,,,,
1,B,14962103,4741,,,,,,,,,,-9.680,1.379,3.602,,,,,,
1,S,14962103,4741,-5.920,-155.040,28.640,-9.262,1.367,4.093,,,,,,,,,,,,
1,A,14962369,4982,,,,,,,9.897,1.244,4.402,,,,,,,,,
1,B,14965490,3387,,,,,,,,,,,,,,,,45.188,-87.688,37.188
1,S,14965490,3387,-7.520,-153.120,28.960,-9.232,1.407,4.202,,,,,,,,,,,,
1,A,14965358,2989,,,,,,,10.238,1.123,4.420,,,,,,,,,
1,B,14967522,2032,,,,,,,,,,,,,-6.043,-139.770,22.717,,,
1,S,14967522,2032,-9.120,-151.520,29.280,-9.203,1.448,4.258,,,,,,,,,,,,
1,A,14967351,9064,,,,,,,9.836,1.352,4.701,,,,,,,,,
1,B,14974974,7452,,,,,,,,,,-9.551,1.531,3.852,,,,,,
1,S,14974974,7452,-9.760,-146.720,30.240,-9.102,1.748,4.348,,,,,,,,,,,,
1,A,14975321,3300,,,,,,,10.105,1.802,4.878,,,,,,,,,
1,B,14978360,3386,,,,,,,,,,,,,,,,45.312,-87.062,36.500
1,S,14978360,3386,-10.080,-145.440,30.240,-9.047,1.893,4.418,,,,,,,,,,,,
1,A,14980025,2303,,,,,,,9.610,1.479,4.970,,,,,,,,,
1,B,14980392,2032,,,,,,,,,,,,,-8.952,-134.735,24.507,,,
1,S,14980392,2032,-10.720,-144.480,29.920,-9.002,1.958,4.473,,,,,,,,,,,,
1,A,14983292,3310,,,,,,,9.786,1.349,5.154,,,,,,,,,
1,B,14983779,3387,,,,,,,,,,-9.285,2.051,4.176,,,,,,
1,S,14983779,3387,-10.720,-142.560,29.600,-8.938,1.978,4.577,,,,,,,,,,,,
1,A,14984288,953,,,,,,,9.998,1.702,5.146,,,,,,,,,
1,B,14987165,3386,,,,,,,,,,,,,,,,46.188,-88.500,35.938
1,S,14987165,3386,-10.400,-140.960,28.960,-8.887,1.913,4.697,,,,,,,,,,,,
1,A,14988871,4583,,,,,,,9.643,1.221,5.259,,,,,,,,,
1,B,14989197,2032,,,,,,,,,,,,,-10.407,-129.699,24.955,,,
1,S,14989197,2032,-11.040,-140.000,28.320,-8.873,1.867,4.782,,,,,,,,,,,,
1,A,14989269,398,,,,,,,10.133,1.472,5.338,,,,,,,,,
1,B,14993261,4064,,,,,,,,,,-9.180,1.867,4.480,,,,,,
1,S,14993261,4064,-11.360,-137.120,27.680,-8.863,1.758,4.938,,,,,,,,,,,,
1,A,14993262,3993,,,,,,,9.982,1.134,5.499,,,,,,,,,
1,B,14995972,2711,,,,,,,,,,,,,,,,44.562,-87.375,36.062
1,S,14995972,2711,-10.720,-134.880,27.680,-8.873,1.708,5.022,,,,,,,,,,,,
1,A,14996547,3285,,,,,,,10.116,1.265,5.439,,,,,,,,,
1,B,14998002,2030,,,,,,,,,,,,,-10.743,-124.551,24.172,,,
1,S,14998002,2030,-9.760,-133.280,28.000,-8.883,1.653,5.072,,,,,,,,,,,,
1,B,15002745,4743,,,,,,,,,,-9.215,1.684,4.730,,,,,,
1,S,15002745,4743,-9.440,-131.040,26.720,-8.943,1.558,5.218,,,,,,,,,,,,
1,A,15004215,7668,,,,,,,9.946,1.316,5.674,,,,,,,,,
1,B,15004777,2032,,,,,,,,,,-9.293,1.637,4.988,,,,,,
1,S,15004777,2032,-9.440,-130.400,25.760,-8.973,1.552,5.298,,,,,,,,,,,,
1,A,15006440,2225,,,,,,,10.068,1.489,5.756,,,,,,,,,
1,B,15008163,3386,,,,,,,,,,,,,,,,45.125,-87.250,36.312
1,S,15008163,3386,-10.080,-127.520,25.120,-8.998,1.627,5.428,,,,,,,,,,,,
1,B,15010195,2032,,,,,,,,,,,,,-10.295,-119.068,22.605,,,
1,S,15010195,2032,-10.080,-125.280,24.800,-8.998,1.698,5.508,,,,,,,,,,,,
1,A,15013181,6741,,,,,,,10.053,1.746,6.031,,,,,,,,,
1,B,15013582,3387,,,,,,,,,,,,,,,,44.188,-84.875,34.188
1,S,15013582,3387,-9.440,-122.400,23.840,-8.998,1.817,5.638,,,,,,,,,,,,
1,A,15015323,2142,,,,,,,9.672,1.850,6.026,,,,,,,,,
1,B,15016969,3387,,,,,,,,,,-9.281,1.887,5.336,,,,,,
1,S,15016969,3387,-7.840,-120.160,22.880,-8.973,1.933,5.747,,,,,,,,,,,,
1,A,15017622,2299,,,,,,,9.706,1.858,6.091,,,,,,,,,
1,B,15019000,2031,,,,,,,,,,,,,-9.064,-113.025,20.591,,,
1,S,15019000,2031,-6.880,-118.560,22.560,-8.957,1.982,5.808,,,,,,,,,,,,
1,A,15023145,5523,,,,,,,9.574,1.817,6.285,,,,,,,,,
1,B,15023743,4743,,,,,,,,,,,,,,,,44.375,-87.062,35.500
1,S,15023743,4743,-5.920,-114.400,20.640,-8.893,2.078,5.942,,,,,,,,,,,,
1,A,15025441,2296,,,,,,,10.118,1.701,6.375,,,,,,,,,
1,B,15025775,2032,,,,,,,,,,-9.176,2.105,5.602,,,,,,
1,S,15025775,2032,-4.320,-112.800,19.360,-8.857,2.107,5.997,,,,,,,,,,,,
1,B,15028484,2709,,,,,,,,,,,,,-6.714,-106.534,17.905,,,
1,S,15028484,2709,-3.360,-110.880,17.760,-8.807,2.138,6.058,,,,,,,,,,,,
1,B,15032548,4064,,,,,,,,,,-9.055,2.156,5.727,,,,,,
1,S,15032548,4064,-2.720,-107.680,15.520,-8.707,2.192,6.107,,,,,,,,,,,,
1,B,15034580,2032,,,,,,,,,,,,,,,,46.125,-86.062,34.000
1,S,15034580,2032,-2.720,-106.080,13.920,-8.668,2.223,6.133,,,,,,,,,,,,
1,B,15037289,2709,,,,,,,,,,-8.816,2.289,5.754,,,,,,
1,S,15037289,2709,-2.720,-104.480,12.320,-8.592,2.263,6.147,,,,,,,,,,,,
1,B,15039999,2710,,,,,,,,,,,,,-4.588,-99.708,13.988,,,
1,S,15039999,2710,-3.040,-102.560,10.400,-8.482,2.342,6.138,,,,,,,,,,,,
1,B,15042708,2709,,,,,,,,,,,,,,,,46.000,-87.188,34.125
1,S,15042708,2709,-3.360,-100.640,8.480,-8.352,2.442,6.112,,,,,,,,,,,,
1,B,15046094,3386,,,,,,,,,,-8.492,2.527,5.738,,,,,,
1,S,15046094,3386,-4.000,-98.080,5.920,-8.227,2.558,6.082,,,,,,,,,,,,
1,B,15048126,2032,,,,,,,,,,,,,-3.917,-93.106,8.393,,,
1,S,15048126,2032,-4.320,-96.480,4.000,-8.178,2.627,6.062,,,,,,,,,,,,
1,B,15052191,4065,,,,,,,,,,,,,,,,45.125,-87.188,35.312
1,S,15052191,4065,-4.320,-93.920,-1.120,-8.098,2.737,6.003,,,,,,,,,,,,
1,B,15055578,3387,,,,,,,,,,,,,-4.364,-86.951,0.895,,,
1,S,15055578,3387,-4.640,-91.680,-5.600,-8.018,2.812,5.952,,,,,,,,,,,,
1,B,15063028,7450,,,,,,,,,,-8.277,2.738,5.602,,,,,,
1,S,15063028,7450,-4.960,-87.200,-13.600,-8.012,2.893,6.022,,,,,,,,,,,,
1,B,15065060,2032,,,,,,,,,,,,,,,,46.250,-87.375,34.312
1,S,15065060,2032,-4.640,-85.920,-15.840,-8.053,2.908,6.088,,,,,,,,,,,,
1,B,15067770,2710,,,,,,,,,,,,,-4.812,-81.244,-8.729,,,
1,S,15067770,2710,-4.320,-84.640,-19.680,-8.078,2.953,6.183,,,,,,,,,,,,
1,B,15073867,6097,,,,,,,,,,-8.266,2.883,5.891,,,,,,
1,S,15073867,6097,-3.680,-81.440,-27.680,-8.102,3.033,6.388,,,,,,,,,,,,
1,B,15075899,2032,,,,,,,,,,,,,-3.693,-75.536,-19.472,,,
1,S,15075899,2032,-1.440,-79.840,-30.240,-8.107,3.042,6.452,,,,,,,,,,,,
1,B,15083349,7450,,,,,,,,,,-8.277,2.977,6.168,,,,,,
1,S,15083349,7450,-0.160,-74.400,-38.880,-8.088,2.842,6.697,,,,,,,,,,,,
1,B,15086736,3387,,,,,,,,,,,,,,,,47.062,-88.000,33.500
1,S,15086736,3387,3.680,-71.840,-42.400,-8.062,2.688,6.812,,,,,,,,,,,,
1,B,15088768,2032,,,,,,,,,,-8.270,2.758,6.438,,,,,,
1,S,15088768,2032,4.000,-70.240,-44.320,-8.057,2.598,6.883,,,,,,,,,,,,
1,B,15092154,3386,,,,,,,,,,,,,-0.895,-69.717,-30.438,,,
1,S,15092154,3386,4.320,-68.000,-47.840,-8.057,2.478,6.997,,,,,,,,,,,,
1,B,15094865,2711,,,,,,,,,,-8.277,2.434,6.715,,,,,,
1,S,15094865,2711,5.920,-65.440,-50.400,-8.062,2.408,7.077,,,,,,,,,,,,
1,B,15097574,2709,,,,,,,,,,,,,,,,46.312,-86.250,32.750
1,S,15097574,2709,7.840,-63.200,-52.640,-8.072,2.357,7.133,,,,,,,,,,,,
1,B,15100283,2709,,,,,,,,,,,,,2.798,-63.563,-40.734,,,
1,S,15100283,2709,9.440,-61.280,-55.200,-8.068,2.322,7.168,,,,,,,,,,,,
1,B,15103670,3387,,,,,,,,,,-8.305,2.309,6.867,,,,,,
1,S,15103670,3387,10.400,-60.000,-58.400,-8.043,2.292,7.183,,,,,,,,,,,,
1,B,15106379,2709,,,,,,,,,,,,,,,,46.688,-85.375,32.125
1,S,15106379,2709,10.720,-58.080,-60.960,-8.002,2.237,7.168,,,,,,,,,,,,
1,B,15109088,2709,,,,,,,,,,,,,6.491,-57.184,-50.022,,,
1,S,15109088,2709,11.680,-55.840,-63.200,-7.957,2.158,7.138,,,,,,,,,,,,
1,B,15113152,4064,,,,,,,,,,-8.242,2.176,6.855,,,,,,
1,S,15113152,4064,12.640,-52.960,-66.400,-7.888,2.038,7.082,,,,,,,,,,,,
1,B,15115862,2710,,,,,,,,,,-8.078,2.000,6.742,,,,,,
1,S,15115862,2710,13.920,-51.360,-68.640,-7.838,1.992,7.027,,,,,,,,,,,,
1,B,15118571,2709,,,,,,,,,,,,,,,,46.688,-85.938,33.312
1,S,15118571,2709,14.560,-50.080,-71.200,-7.777,1.998,6.952,,,,,,,,,,,,
1,B,15121280,2709,,,,,,,,,,,,,9.400,-51.365,-58.079,,,
1,S,15121280,5420,14.560,-49.120,-75.360,-7.657,2.092,6.808,,,,,,,,,,,,
1,B,15124668,3388,,,,,,,,,,-7.953,2.031,6.523,,,,,,
1,S,15124668,677,13.920,-47.200,-76.000,-7.647,2.112,6.793,,,,,,,,,,,,
1,B,15127377,2709,,,,,,,,,,,,,,,,45.938,-85.188,33.062
1,S,15127377,2709,13.920,-45.920,-77.920,-7.598,2.192,6.753,,,,,,,,,,,,
1,B,15130086,2709,,,,,,,,,,,,,11.079,-46.217,-65.353,,,
1,S,15130086,2709,14.560,-44.960,-79.840,-7.532,2.277,6.702,,,,,,,,,,,,
1,B,15134150,4064,,,,,,,,,,-7.719,2.316,6.359,,,,,,
1,S,15134150,4064,14.880,-44.000,-83.360,-7.438,2.417,6.622,,,,,,,,,,,,
1,B,15136860,2710,,,,,,,,,,,,,,,,47.625,-84.750,31.938
1,S,15136860,2710,14.560,-43.040,-86.560,-7.383,2.513,6.588,,,,,,,,,,,,
1,B,15139569,2709,,,,,,,,,,,,,11.750,-41.965,-72.627,,,
1,S,15139569,2709,13.920,-41.760,-89.440,-7.322,2.583,6.567,,,,,,,,,,,,
1,B,15142957,3388,,,,,,,,,,-7.574,2.508,6.227,,,,,,
1,S,15142957,3388,13.920,-40.480,-92.640,-7.253,2.652,6.537,,,,,,,,,,,,
1,B,15146343,3386,,,,,,,,,,,,,,,,47.250,-83.625,32.250
1,S,15146343,3386,13.920,-39.520,-96.480,-7.192,2.703,6.497,,,,,,,,,,,,
1,B,15148375,2032,,,,,,,,,,,,,11.638,-38.496,-80.796,,,
1,S,15148375,2032,13.600,-39.200,-99.040,-7.157,2.723,6.478,,,,,,,,,,,,
1,B,15153116,4741,,,,,,,,,,-7.422,2.633,6.148,,,,,,
1,S,15153116,4741,12.960,-37.920,-104.480,-7.093,2.772,6.447,,,,,,,,,,,,
1,B,15155148,2032,,,,,,,,,,,,,,,,47.250,-83.625,32.250
1,S,15155148,2032,12.640,-37.280,-106.720,-7.067,2.812,6.442,,,,,,,,,,,,
1,B,15157839,2691,,,,,,,,,,-7.305,2.711,6.062,,,,,,
1,S,15157839,2691,12.320,-36.000,-110.240,-7.048,2.917,6.457,,,,,,,,,,,,
1,B,15160567,2728,,,,,,,,,,,,,10.855,-35.474,-90.196,,,
1,S,15160567,2728,11.680,-34.720,-113.760,-7.027,3.163,6.497,,,,,,,,,,,,
1,B,15163955,3388,,,,,,,,,,-7.262,3.066,6.156,,,,,,
1,S,15163955,3388,11.680,-33.120,-117.600,-6.968,2.978,6.532,,,,,,,,,,,,
1,B,15167340,3385,,,,,,,,,,,,,,,,48.375,-84.312,31.375
1,S,15167340,3385,11.040,-31.840,-122.080,-6.848,2.803,6.548,,,,,,,,,,,,
1,B,15169373,2033,,,,,,,,,,,,,9.288,-32.341,-100.715,,,
1,S,15169373,2033,9.440,-30.880,-125.280,-6.798,2.777,6.582,,,,,,,,,,,,
1,B,15172760,3387,,,,,,,,,,-7.031,2.719,6.129,,,,,,
1,S,15172760,3387,7.840,-28.960,-129.760,-6.728,2.862,6.633,,,,,,,,,,,,
1,B,15176146,3386,,,,,,,,,,,,,,,,48.062,-84.688,31.562
1,S,15176146,3386,4.640,-27.360,-134.240,-6.668,2.893,6.692,,,,,,,,,,,,
1,B,15178178,2032,,,,,,,,,,,,,5.595,-28.424,-112.242,,,
1,S,15178178,2032,1.440,-26.080,-137.120,-6.643,2.853,6.747,,,,,,,,,,,,
1,B,15182920,4742,,,,,,,,,,-6.910,2.730,6.262,,,,,,
1,S,15182920,4742,-0.160,-23.520,-142.880,-6.633,2.658,6.878,,,,,,,,,,,,
1,B,15184952,2032,,,,,,,,,,-6.938,2.402,6.559,,,,,,
1,S,15184952,2032,-2.080,-22.240,-144.800,-6.652,2.547,6.923,,,,,,,,,,,,
1,B,15188338,3386,,,,,,,,,,,,,,,,49.625,-83.688,31.062
1,S,15188338,3386,-2.720,-20.640,-148.000,-6.713,2.357,6.963,,,,,,,,,,,,
1,B,15190370,2032,,,,,,,,,,,,,0.448,-24.172,-123.656,,,
1,S,15190370,2032,-4.000,-20.000,-149.920,-6.758,2.228,6.987,,,,,,,,,,,,
1,B,15195112,4742,,,,,,,,,,,,,,,,50.062,-83.188,30.562
1,S,15195112,4742,-4.640,-18.400,-154.400,-6.933,1.893,7.027,,,,,,,,,,,,
1,B,15198499,3387,,,,,,,,,,,,,-3.245,-20.031,-133.839,,,
1,S,15198499,3387,-4.640,-17.120,-156.640,-7.032,1.653,6.992,,,,,,,,,,,,
1,B,15204595,6096,,,,,,,,,,-7.379,1.426,6.656,,,,,,
1,S,15204595,6096,-3.360,-15.520,-160.480,-7.098,1.222,6.817,,,,,,,,,,,,
1,B,15206627,2032,,,,,,,,,,,,,-4.141,-16.450,-141.785,,,
1,S,15206627,2032,-1.120,-14.560,-162.080,-7.098,1.093,6.753,,,,,,,,,,,,
1,B,15214077,7450,,,,,,,,,,-7.402,0.930,6.473,,,,,,
1,S,15214077,7450,-0.480,-12.000,-164.960,-7.032,0.738,6.543,,,,,,,,,,,,
1,B,15216109,2032,,,,,,,,,,,,,,,,50.562,-82.062,30.375
1,S,15216109,2032,1.440,-11.360,-165.600,-6.997,0.652,6.487,,,,,,,,,,,,
1,B,15218820,2711,,,,,,,,,,,,,-2.238,-13.541,-147.828,,,
1,S,15218820,2711,2.400,-11.040,-167.200,-6.947,0.542,6.423,,,,,,,,,,,,
1,B,15225593,6773,,,,,,,,,,-7.309,0.621,6.254,,,,,,
1,S,15225593,6773,3.680,-10.400,-170.400,-6.803,0.297,6.272,,,,,,,,,,,,
1,B,15228302,2709,,,,,,,,,,,,,,,,50.625,-80.500,30.188
1,S,15228302,2709,6.560,-9.440,-171.360,-6.747,0.228,6.237,,,,,,,,,,,,
1,B,15230334,2032,,,,,,,,,,,,,1.231,-11.414,-152.304,,,
1,S,15230334,2032,7.520,-8.800,-172.000,-6.718,0.207,6.223,,,,,,,,,,,,
1,B,15235075,4741,,,,,,,,,,-7.168,0.344,6.070,,,,,,
1,S,15235075,4741,8.160,-8.480,-173.280,-6.678,-0.003,6.213,,,,,,,,,,,,
1,B,15237786,2711,,,,,,,,,,,,,,,,51.125,-79.812,30.062
1,S,15237786,2711,9.760,-8.160,-174.560,-6.643,-0.147,6.207,,,,,,,,,,,,
1,B,15240495,2709,,,,,,,,,,,,,4.812,-9.624,-155.885,,,
1,S,15240495,2709,9.760,-7.520,-175.840,-6.633,-0.233,6.218,,,,,,,,,,,,
1,A,15242343,216902,,,,,,,7.934,-0.429,6.648,,,,,,,,,
1,B,15243882,3387,,,,,,,,,,-6.961,-0.219,5.945,,,,,,
1,S,15243882,3387,9.760,-7.200,-177.440,-6.612,-0.217,6.242,,,,,,,,,,,,
1,A,15246506,4163,,,,,,,7.668,-0.366,6.487,,,,,,,,,
1,B,15247248,3366,,,,,,,,,,,,,,,,52.750,-78.750,28.562
1,S,15247248,3366,9.440,-6.880,-178.720,-6.603,-0.193,6.277,,,,,,,,,,,,
1,A,15248805,2299,,,,,,,7.824,-0.535,6.650,,,,,,,,,
1,B,15249300,2052,,,,,,,,,,,,,6.826,-8.057,-159.242,,,
1,S,15249300,2052,9.120,-6.240,-179.360,-6.588,-0.198,6.317,,,,,,,,,,,,
1,A,15253103,4298,,,,,,,7.716,-0.610,6.478,,,,,,,,,
1,B,15253364,4064,,,,,,,,,,-6.914,-0.219,6.023,,,,,,
1,S,15253364,4064,9.120,-5.280,-180.640,-6.572,-0.282,6.338,,,,,,,,,,,,
1,A,15255403,2300,,,,,,,7.658,-0.873,6.443,,,,,,,,,
1,B,15256073,2709,,,,,,,,,,-6.918,-0.430,6.035,,,,,,
1,S,15256073,2709,8.800,-4.320,-181.280,-6.562,-0.383,6.312,,,,,,,,,,,,
1,A,15258703,3300,,,,,,,7.625,-0.993,6.358,,,,,,,,,
1,B,15259441,3368,,,,,,,,,,,,,,,,52.688,-78.312,28.438
1,S,15259441,3368,9.120,-3.680,-182.880,-6.558,-0.522,6.268,,,,,,,,,,,,
1,A,15261002,2299,,,,,,,7.671,-1.172,6.376,,,,,,,,,
1,B,15261492,2051,,,,,,,,,,,,,7.386,-6.267,-162.487,,,
1,S,15261492,2051,9.440,-3.360,-183.840,-6.537,-0.672,6.197,,,,,,,,,,,,
1,A,15264314,3312,,,,,,,7.606,-1.365,6.248,,,,,,,,,
1,B,15264880,3388,,,,,,,,,,-6.891,-0.805,5.910,,,,,,
1,S,15264880,3388,9.440,-3.360,-184.800,-6.522,-0.882,6.122,,,,,,,,,,,,
1,A,15267614,3300,,,,,,,7.563,-1.554,6.236,,,,,,,,,
1,B,15268266,3386,,,,,,,,,,,,,,,,53.938,-77.312,27.312
1,S,15268266,3386,9.120,-2.400,-185.120,-6.508,-1.097,6.048,,,,,,,,,,,,
1,A,15269914,2300,,,,,,,7.447,-1.607,6.192,,,,,,,,,
1,B,15270298,2032,,,,,,,,,,,,,7.610,-4.364,-165.509,,,
1,S,15270298,2032,9.440,-1.760,-185.440,-6.492,-1.222,5.997,,,,,,,,,,,,
1,A,15274213,4299,,,,,,,7.427,-1.866,6.125,,,,,,,,,
1,B,15274362,4064,,,,,,,,,,-6.848,-1.141,5.719,,,,,,
1,S,15274362,4064,9.440,-0.480,-185.440,-6.438,-1.452,5.907,,,,,,,,,,,,
1,A,15276513,2300,,,,,,,7.357,-1.869,6.024,,,,,,,,,
1,B,15277071,2709,,,,,,,,,,,,,7.274,-2.574,-167.523,,,
1,S,15277071,2709,8.800,-0.160,-185.440,-6.393,-1.593,5.862,,,,,,,,,,,,
1,A,15282813,6300,,,,,,,7.215,-1.947,5.925,,,,,,,,,
1,B,15283167,6096,,,,,,,,,,-6.750,-1.543,5.555,,,,,,
1,S,15283167,6096,7.840,0.800,-185.760,-6.308,-1.877,5.763,,,,,,,,,,,,
1,A,15285123,2310,,,,,,,7.337,-2.358,6.222,,,,,,,,,
1,B,15285858,2691,,,,,,,,,,,,,,,,54.375,-77.375,28.000
1,S,15285858,2691,6.240,1.120,-186.080,-6.287,-1.927,5.737,,,,,,,,,,,,
1,A,15287423,2300,,,,,,,7.333,-1.774,6.057,,,,,,,,,
1,B,15287910,2052,,,,,,,,,,,,,5.595,-1.119,-168.530,,,
1,S,15287910,2052,4.960,1.120,-186.080,-6.263,-1.948,5.728,,,,,,,,,,,,
1,A,15293723,6300,,,,,,,7.925,-1.915,6.178,,,,,,,,,
1,B,15294005,6095,,,,,,,,,,-6.660,-1.840,5.371,,,,,,
1,S,15294005,6095,3.360,1.760,-185.760,-6.263,-1.873,5.777,,,,,,,,,,,,
1,A,15297021,3298,,,,,,,7.940,-2.134,6.568,,,,,,,,,
1,B,15297392,3387,,,,,,,,,,,,,,,,54.625,-75.438,27.875
1,S,15297392,3387,-1.440,3.040,-185.760,-6.258,-1.853,5.853,,,,,,,,,,,,
1,A,15299321,2300,,,,,,,8.003,-1.947,6.502,,,,,,,,,
1,B,15299424,2032,,,,,,,,,,,,,1.790,0.224,-168.978,,,
1,S,15299424,2032,-3.040,3.680,-185.760,-6.237,-1.883,5.912,,,,,,,,,,,,
1,A,15306621,7300,,,,,,,7.923,-1.982,6.836,,,,,,,,,
1,B,15306875,7451,,,,,,,,,,-6.660,-1.742,5.457,,,,,,
1,S,15306875,7451,-3.680,4.640,-187.040,-6.223,-2.132,6.192,,,,,,,,,,,,
1,A,15309932,3311,,,,,,,7.708,-1.977,6.684,,,,,,,,,
1,B,15310261,3386,,,,,,,,,,,,,,,,54.500,-74.000,26.500
1,S,15310261,3386,-6.880,5.600,-187.040,-6.242,-2.112,6.312,,,,,,,,,,,,
1,A,15312231,2299,,,,,,,7.428,-2.440,6.711,,,,,,,,,
1,B,15312972,2711,,,,,,,,,,,,,-3.021,1.679,-169.425,,,
1,S,15312972,2711,-8.480,5.920,-187.360,-6.258,-2.007,6.433,,,,,,,,,,,,
1,A,15315531,3300,,,,,,,7.989,-1.613,6.827,,,,,,,,,
1,B,15315681,2709,,,,,,,,,,-6.574,-2.000,6.016,,,,,,
1,S,15315681,2709,-9.440,6.560,-188.000,-6.308,-1.958,6.577,,,,,,,,,,,,
1,A,15318831,3300,,,,,,,7.209,-2.039,7.153,,,,,,,,,
1,B,15319067,3386,,,,,,,,,,,,,,,,55.438,-71.750,26.875
1,S,15319067,3386,-10.080,7.200,-188.960,-6.372,-1.893,6.718,,,,,,,,,,,,
1,A,15321130,2299,,,,,,,7.935,-2.120,7.175,,,,,,,,,
1,B,15321777,2710,,,,,,,,,,,,,-7.386,3.469,-170.097,,,
1,S,15321777,2710,-11.040,7.520,-189.920,-6.383,-1.893,6.777,,,,,,,,,,,,
1,A,15324430,3300,,,,,,,7.525,-1.856,6.725,,,,,,,,,
1,B,15325163,3386,,,,,,,,,,-6.770,-1.789,6.418,,,,,,
1,S,15325163,3386,-11.360,9.120,-190.560,-6.402,-1.992,6.832,,,,,,,,,,,,
1,A,15327742,3312,,,,,,,7.494,-2.720,7.084,,,,,,,,,
1,B,15327873,2710,,,,,,,,,,,,,,,,56.188,-71.938,25.938
1,S,15327873,2710,-10.720,10.400,-190.240,-6.397,-2.087,6.822,,,,,,,,,,,,
1,A,15330041,2299,,,,,,,8.068,-2.043,6.548,,,,,,,,,
1,B,15330582,2709,,,,,,,,,,,,,-9.736,5.483,-171.328,,,
1,S,15330582,2709,-9.760,12.000,-190.240,-6.393,-2.208,6.768,,,,,,,,,,,,
1,A,15334340,4299,,,,,,,7.115,-3.144,6.493,,,,,,,,,
1,B,15334647,4065,,,,,,,,,,-6.695,-2.270,6.445,,,,,,
1,S,15334647,4065,-8.480,12.960,-190.880,-6.338,-2.433,6.628,,,,,,,,,,,,
1,A,15337640,3300,,,,,,,6.529,-3.004,6.199,,,,,,,,,
1,B,15338033,3386,,,,,,,,,,,,,,,,55.750,-70.312,26.125
1,S,15338033,3386,-7.520,13.280,-191.840,-6.232,-2.692,6.452,,,,,,,,,,,,
1,A,15339940,2300,,,,,,,7.427,-3.796,6.231,,,,,,,,,
1,B,15340065,2032,,,,,,,,,,,,,-9.400,8.057,-172.559,,,
1,S,15340065,2032,-7.520,13.920,-191.840,-6.162,-2.828,6.332,,,,,,,,,,,,
1,A,15344239,4299,,,,,,,6.614,-4.206,6.331,,,,,,,,,
1,B,15344807,4742,,,,,,,,,,-6.621,-2.805,6.070,,,,,,
1,S,15344807,4742,-7.200,16.480,-191.200,-6.093,-3.208,6.077,,,,,,,,,,,,
1,A,15346550,2311,,,,,,,6.982,-3.743,5.969,,,,,,,,,
1,B,15346839,2032,,,,,,,,,,,,,-8.169,10.967,-173.566,,,
1,S,15346839,2032,-6.560,16.800,-191.200,-6.088,-3.388,6.008,,,,,,,,,,,,
1,A,15352850,6300,,,,,,,7.692,-4.109,5.919,,,,,,,,,
1,B,15353593,6754,,,,,,,,,,-6.414,-3.398,5.746,,,,,,
1,S,15353593,6754,-6.560,18.080,-190.240,-6.082,-3.877,5.883,,,,,,,,,,,,
1,A,15355149,2299,,,,,,,7.448,-4.660,6.072,,,,,,,,,
1,B,15355644,2051,,,,,,,,,,,,,,,,55.812,-69.750,25.688
1,S,15355644,2051,-6.240,19.040,-189.600,-6.093,-4.043,5.853,,,,,,,,,,,,
1,A,15357449,2300,,,,,,,7.049,-3.979,6.151,,,,,,,,,
1,B,15357677,2033,,,,,,,,,,,,,-6.938,13.876,-173.230,,,
1,S,15357677,8129,-6.560,20.000,-186.080,-6.192,-4.532,5.787,,,,,,,,,,,,
1,A,15363749,6300,,,,,,,7.051,-4.957,6.067,,,,,,,,,
1,B,15364450,6773,,,,,,,,,,-6.531,-3.973,5.574,,,,,,
1,S,15364450,677,-7.200,21.920,-186.080,-6.202,-4.582,5.787,,,,,,,,,,,,
1,A,15367047,3298,,,,,,,7.047,-4.886,5.952,,,,,,,,,
1,B,15367159,2709,,,,,,,,,,,,,,,,56.500,-67.375,25.062
1,S,15367159,2709,-7.520,22.240,-185.120,-6.213,-4.782,5.793,,,,,,,,,,,,
1,A,15369347,2300,,,,,,,7.139,-5.159,6.138,,,,,,,,,
1,B,15369869,2710,,,,,,,,,,,,,-6.938,16.562,-171.104,,,
1,S,15369869,2710,-8.480,22.880,-183.840,-6.197,-4.918,5.782,,,,,,,,,,,,
1,A,15376659,7312,,,,,,,6.638,-5.296,5.864,,,,,,,,,
1,B,15377319,7450,,,,,,,,,,-6.617,-4.387,5.527,,,,,,
1,S,15377319,7450,-9.760,25.440,-179.040,-6.183,-5.112,5.697,,,,,,,,,,,,
1,A,15379958,3299,,,,,,,6.701,-5.803,5.839,,,,,,,,,
1,B,15380707,3388,,,,,,,,,,,,,,,,56.125,-66.312,24.625
1,S,15380707,3388,-12.960,26.400,-177.760,-6.207,-5.143,5.657,,,,,,,,,,,,
1,A,15383256,3298,,,,,,,7.474,-4.892,5.653,,,,,,,,,
1,B,15383416,2709,,,,,,,,,,,,,-9.176,19.248,-167.523,,,
1,S,15383416,2709,-15.520,27.360,-176.480,-6.232,-5.192,5.638,,,,,,,,,,,,
1,A,15385556,2300,,,,,,,7.098,-5.767,5.938,,,,,,,,,
1,B,15386125,2709,,,,,,,,,,-6.578,-4.895,5.352,,,,,,
1,S,15386125,2709,-17.760,28.320,-174.880,-6.268,-5.223,5.628,,,,,,,,,,,,
1,A,15388856,3300,,,,,,,6.839,-5.240,5.813,,,,,,,,,
1,B,15389512,3387,,,,,,,,,,,,,,,,56.438,-63.875,24.125
1,S,15389512,3387,-19.680,29.280,-172.320,-6.287,-5.263,5.588,,,,,,,,,,,,
1,A,15391154,2298,,,,,,,7.215,-5.875,5.567,,,,,,,,,
1,B,15391544,2032,,,,,,,,,,,,,-13.317,21.934,-162.823,,,
1,S,15391544,2032,-20.960,29.920,-171.040,-6.298,-5.272,5.567,,,,,,,,,,,,
1,A,15394466,3312,,,,,,,7.659,-5.485,5.725,,,,,,,,,
1,B,15394931,3387,,,,,,,,,,-6.723,-4.988,5.336,,,,,,
1,S,15394931,3387,-21.920,30.880,-168.800,-6.258,-5.348,5.513,,,,,,,,,,,,
1,A,15397766,3300,,,,,,,8.079,-5.775,5.755,,,,,,,,,
1,B,15398317,3386,,,,,,,,,,,,,,,,57.812,-64.188,24.125
1,S,15398317,3386,-22.880,31.840,-166.560,-6.207,-5.482,5.442,,,,,,,,,,,,
1,A,15400065,2299,,,,,,,6.314,-6.110,5.507,,,,,,,,,
1,B,15400349,2032,,,,,,,,,,,,,-17.681,24.619,-157.340,,,
1,S,15400349,2032,-24.160,32.800,-164.960,-6.192,-5.598,5.407,,,,,,,,,,,,
1,A,15404364,4299,,,,,,,6.695,-6.089,5.704,,,,,,,,,
1,B,15405090,4741,,,,,,,,,,-6.703,-5.105,5.230,,,,,,
1,S,15405090,4741,-24.800,34.400,-161.120,-6.117,-5.933,5.303,,,,,,,,,,,,
1,A,15407664,3300,,,,,,,6.316,-5.926,5.525,,,,,,,,,
1,B,15407801,2711,,,,,,,,,,,,,,,,57.250,-62.750,23.875
1,S,15407801,2711,-26.400,34.720,-158.560,-6.062,-6.107,5.268,,,,,,,,,,,,
1,A,15409964,2300,,,,,,,6.710,-6.658,5.543,,,,,,,,,
1,B,15410510,2709,,,,,,,,,,,,,-21.934,27.417,-150.737,,,
1,S,15410510,2709,-28.640,35.680,-155.680,-5.997,-6.253,5.253,,,,,,,,,,,,
1,A,15413275,3311,,,,,,,7.033,-6.264,5.701,,,,,,,,,
1,B,15413897,3387,,,,,,,,,,-6.422,-5.930,4.895,,,,,,
1,S,15413897,3387,-31.200,37.280,-152.160,-5.938,-6.372,5.242,,,,,,,,,,,,
1,A,15416574,3299,,,,,,,5.885,-5.517,5.497,,,,,,,,,
1,B,15417283,3386,,,,,,,,,,,,,,,,55.500,-60.812,24.062
1,S,15417283,3386,-34.400,38.560,-148.640,-5.878,-6.407,5.232,,,,,,,,,,,,
1,A,15418874,2300,,,,,,,7.364,-7.355,5.813,,,,,,,,,
1,B,15419315,2032,,,,,,,,,,,,,-27.529,30.215,-142.904,,,
1,S,15419315,2032,-37.920,38.560,-146.400,-5.812,-6.327,5.207,,,,,,,,,,,,
1,A,15423173,4299,,,,,,,7.404,-5.695,5.348,,,,,,,,,
1,B,15423379,4064,,,,,,,,,,-6.426,-5.957,4.902,,,,,,
1,S,15423379,4064,-39.840,38.880,-140.320,-5.878,-6.527,5.168,,,,,,,,,,,,
1,A,15425473,2300,,,,,,,6.256,-7.592,6.343,,,,,,,,,
1,B,15426088,2709,,,,,,,,,,-6.379,-6.559,4.656,,,,,,
1,S,15426088,5420,-43.360,40.160,-135.200,-5.928,-6.942,5.122,,,,,,,,,,,,
1,A,15428773,3300,,,,,,,8.204,-5.937,5.206,,,,,,,,,
1,B,15429476,3388,,,,,,,,,,,,,,,,54.750,-59.125,24.000
1,S,15429476,677,-51.680,42.080,-134.880,-5.923,-6.973,5.133,,,,,,,,,,,,
1,A,15431084,2311,,,,,,,5.175,-7.843,6.164,,,,,,,,,
1,B,15431508,2032,,,,,,,,,,,,,-35.138,32.788,-133.616,,,
1,S,15431508,2032,-52.960,42.720,-132.960,-5.918,-6.957,5.152,,,,,,,,,,,,
1,A,15434384,3300,,,,,,,6.981,-6.862,5.700,,,,,,,,,
1,B,15434895,3387,,,,,,,,,,,,,,,,55.688,-60.562,23.438
1,S,15434895,3387,-57.120,42.400,-129.760,-5.893,-6.938,5.192,,,,,,,,,,,,
1,A,15437684,3300,,,,,,,6.795,-6.731,5.564,,,,,,,,,
1,B,15438281,3386,,,,,,,,,,-6.367,-6.508,4.684,,,,,,
1,S,15438281,3386,-63.520,42.400,-125.920,-5.933,-6.952,5.253,,,,,,,,,,,,
1,A,15441984,4300,,,,,,,7.378,-8.950,6.274,,,,,,,,,
1,B,15442345,4064,,,,,,,,,,,,,-47.000,35.250,-124.104,,,
1,S,15442345,4064,-70.240,43.360,-120.800,-5.987,-6.992,5.207,,,,,,,,,,,,
1,A,15446283,4299,,,,,,,7.669,-7.571,5.328,,,,,,,,,
1,B,15446409,4064,,,,,,,,,,-6.539,-6.637,4.742,,,,,,
1,S,15446409,4064,-77.280,44.000,-114.720,-6.022,-7.378,5.107,,,,,,,,,,,,
1,A,15448583,2300,,,,,,,6.684,-8.009,5.615,,,,,,,,,
1,B,15449118,2709,,,,,,,,,,,,,-62.555,37.153,-113.696,,,
1,S,15449118,2709,-85.920,44.960,-111.200,-6.008,-7.558,5.003,,,,,,,,,,,,
1,A,15455895,7312,,,,,,,7.083,-6.844,5.371,,,,,,,,,
1,B,15456570,7452,,,,,,,,,,-6.398,-7.188,4.395,,,,,,
1,S,15456570,7452,-93.280,45.920,-100.960,-6.077,-7.452,4.907,,,,,,,,,,,,
1,A,15459193,3298,,,,,,,7.707,-8.202,5.683,,,,,,,,,
1,B,15459938,3368,,,,,,,,,,,,,,,,56.875,-59.625,23.062
1,S,15459938,3368,-111.520,45.600,-96.480,-6.143,-7.348,4.888,,,,,,,,,,,,
1,A,15461493,2300,,,,,,,7.918,-7.051,5.310,,,,,,,,,
1,B,15461989,2051,,,,,,,,,,,,,-81.356,38.608,-101.722,,,
1,S,15461989,2051,-119.200,45.920,-93.600,-6.218,-7.418,4.857,,,,,,,,,,,,
1,A,15467793,6300,,,,,,,7.830,-6.863,5.370,,,,,,,,,
1,B,15468084,6095,,,,,,,,,,-6.762,-6.961,4.309,,,,,,
1,S,15468084,6095,-123.680,47.840,-86.880,-6.378,-7.258,4.803,,,,,,,,,,,,
1,A,15472091,4298,,,,,,,6.906,-7.079,5.250,,,,,,,,,
1,B,15472827,4743,,,,,,,,,,,,,,,,55.688,-57.438,24.062
1,S,15472827,4743,-136.480,49.120,-82.400,-6.452,-7.022,4.758,,,,,,,,,,,,
1,A,15474391,2378,,,,,,,8.206,-6.683,5.058,,,,,,,,,
1,B,15474859,2032,,,,,,,,,,,,,-101.499,39.950,-89.413,,,
1,S,15474859,2032,-144.800,49.120,-80.800,-6.463,-6.947,4.723,,,,,,,,,,,,
1,A,15474469,0,,,,,,,7.800,-6.148,4.923,,,,,,,,,
1,B,15476891,2032,,,,,,,,,,-6.844,-6.656,4.328,,,,,,
1,S,15476891,2032,-147.680,49.120,-78.560,-6.482,-6.878,4.688,,,,,,,,,,,,
1,A,15481002,6533,,,,,,,7.626,-6.720,4.880,,,,,,,,,
1,B,15481632,4741,,,,,,,,,,,,,,,,55.000,-56.688,24.562
1,S,15481632,4741,-150.240,50.720,-74.080,-6.497,-6.633,4.603,,,,,,,,,,,,
1,A,15481461,2377,,,,,,,7.323,-6.158,4.258,,,,,,,,,
1,B,15483664,2032,,,,,,,,,,,,,-119.739,41.517,-78.222,,,
1,S,15483664,2032,-154.080,52.000,-72.800,-6.497,-6.562,4.567,,,,,,,,,,,,
1,A,15483453,74,,,,,,,7.771,-6.431,4.447,,,,,,,,,
1,B,15487050,3386,,,,,,,,,,-6.910,-6.320,4.281,,,,,,
1,S,15487050,3386,-154.720,53.280,-71.200,-6.508,-6.452,4.468,,,,,,,,,,,,
1,A,15487050,3597,,,,,,,7.704,-6.480,4.300,,,,,,,,,
1,B,15490437,3387,,,,,,,,,,,,,-132.608,43.755,-69.270,,,
1,S,15490437,3387,-155.680,54.240,-69.600,-6.543,-6.317,4.348,,,,,,,,,,,,
1,A,15490428,3378,,,,,,,7.743,-6.119,4.150,,,,,,,,,
1,B,15493824,3387,,,,,,,,,,-6.918,-6.070,4.156,,,,,,
1,S,15493824,6096,-156.640,55.520,-66.720,-6.548,-6.152,4.157,,,,,,,,,,,,
1,A,15493417,6162,,,,,,,7.420,-6.179,3.958,,,,,,,,,
1,B,15497210,3386,,,,,,,,,,,,,,,,55.625,-56.000,23.375
1,S,15497210,677,-156.000,56.800,-66.720,-6.537,-6.143,4.138,,,,,,,,,,,,
1,A,15497402,812,,,,,,,7.616,-6.076,3.841,,,,,,,,,
1,B,15499242,2032,,,,,,,,,,-6.879,-5.859,3.965,,,,,,
1,S,15499242,2032,-155.680,57.440,-66.080,-6.522,-6.122,4.082,,,,,,,,,,,,
1,A,15499395,1993,,,,,,,7.335,-6.218,3.627,,,,,,,,,
1,B,15502630,3388,,,,,,,,,,,,,-138.651,46.553,-63.003,,,
1,S,15502630,3388,-155.040,59.360,-65.440,-6.497,-6.107,3.993,,,,,,,,,,,,
1,A,15502384,2989,,,,,,,7.350,-6.342,3.595,,,,,,,,,
1,B,15504662,2032,,,,,,,,,,,,,,,,54.562,-55.875,24.438
1,S,15504662,2032,-153.760,60.320,-65.120,-6.473,-6.117,3.933,,,,,,,,,,,,
1,A,15505373,2989,,,,,,,7.346,-6.305,3.531,,,,,,,,,
1,B,15508048,3386,,,,,,,,,,-6.789,-5.844,3.820,,,,,,
1,S,15508048,3386,-152.800,61.600,-64.800,-6.433,-6.213,3.803,,,,,,,,,,,,
1,A,15508362,2989,,,,,,,7.188,-6.645,3.493,,,,,,,,,
1,B,15511435,3387,,,,,,,,,,,,,-138.428,49.910,-59.086,,,
1,S,15511435,3387,-150.560,62.560,-64.480,-6.357,-6.357,3.678,,,,,,,,,,,,
1,A,15511351,2989,,,,,,,7.476,-6.591,3.444,,,,,,,,,
1,B,15514822,3387,,,,,,,,,,-6.637,-6.141,3.504,,,,,,
1,S,15514822,3387,-148.320,64.160,-63.520,-6.253,-6.492,3.587,,,,,,,,,,,,
1,A,15515336,3985,,,,,,,7.311,-6.671,3.217,,,,,,,,,
1,B,15518208,3386,,,,,,,,,,,,,,,,54.188,-54.750,24.750
1,S,15518208,3386,-146.400,65.760,-62.880,-6.168,-6.593,3.482,,,,,,,,,,,,
1,A,15518325,2989,,,,,,,7.294,-6.542,3.308,,,,,,,,,
1,B,15520240,2032,,,,,,,,,,,,,-134.399,53.491,-57.072,,,
1,S,15520240,2032,-145.120,66.400,-63.200,-6.133,-6.662,3.402,,,,,,,,,,,,
1,A,15524282,5957,,,,,,,7.506,-6.302,4.150,,,,,,,,,
1,B,15524963,4723,,,,,,,,,,,,,,,,55.062,-55.812,24.750
1,S,15524963,4723,-144.800,68.640,-63.200,-6.128,-6.673,3.308,,,,,,,,,,,,
1,A,15525300,3311,,,,,,,7.232,-6.627,3.323,,,,,,,,,
1,B,15527692,2729,,,,,,,,,,,,,-129.475,57.296,-56.289,,,
1,S,15527692,2729,-142.880,70.240,-62.880,-6.152,-6.553,3.308,,,,,,,,,,,,
1,A,15533830,6237,,,,,,,7.446,-6.724,3.324,,,,,,,,,
1,B,15534465,6773,,,,,,,,,,-6.445,-6.242,3.152,,,,,,
1,S,15534465,6773,-141.600,74.400,-61.600,-6.312,-6.463,3.453,,,,,,,,,,,,
1,A,15537140,3310,,,,,,,7.561,-6.447,3.264,,,,,,,,,
1,B,15537852,3387,,,,,,,,,,,,,,,,54.125,-54.250,25.312
1,S,15537852,3387,-135.520,76.960,-61.280,-6.388,-6.532,3.502,,,,,,,,,,,,
1,A,15538253,1113,,,,,,,7.492,-6.803,3.373,,,,,,,,,
1,B,15539884,2032,,,,,,,,,,,,,-123.656,61.772,-55.729,,,
1,S,15539884,2032,-132.320,78.240,-60.960,-6.423,-6.603,3.522,,,,,,,,,,,,
1,A,15540245,1992,,,,,,,7.624,-7.045,3.216,,,,,,,,,
1,B,15547335,7451,,,,,,,,,,-6.668,-6.188,3.379,,,,,,
1,S,15547335,7451,-130.400,83.040,-59.680,-6.473,-6.987,3.433,,,,,,,,,,,,
1,B,15549367,2032,,,,,,,,,,,,,,,,54.500,-54.375,24.562
1,S,15549367,2032,-124.640,84.640,-59.040,-6.473,-7.107,3.373,,,,,,,,,,,,
1,A,15552201,11956,,,,,,,7.644,-7.568,3.196,,,,,,,,,
1,B,15552754,3387,,,,,,,,,,,,,-116.606,67.144,-54.610,,,
1,S,15552754,3387,-124.000,87.200,-56.800,-6.452,-7.322,3.263,,,,,,,,,,,,
1,A,15556400,4199,,,,,,,7.405,-7.601,2.820,,,,,,,,,
1,B,15558172,5418,,,,,,,,,,,,,-110.899,73.186,-52.036,,,
1,S,15558172,5418,-122.080,90.080,-53.600,-6.442,-7.617,3.018,,,,,,,,,,,,
1,B,15562236,4064,,,,,,,,,,-6.781,-7.301,2.652,,,,,,
1,S,15562236,4064,-122.720,91.680,-52.000,-6.412,-7.732,2.748,,,,,,,,,,,,
1,A,15564160,7760,,,,,,,7.349,-8.026,2.703,,,,,,,,,
1,B,15564947,2711,,,,,,,,,,,,,,,,54.000,-54.438,24.938
1,S,15564947,2711,-124.320,92.640,-50.400,-6.393,-7.768,2.598,,,,,,,,,,,,
1,A,15565294,1134,,,,,,,7.186,-7.660,2.585,,,,,,,,,
1,B,15566979,2032,,,,,,,,,,,,,-109.220,78.222,-48.231,,,
1,S,15566979,2032,-125.600,93.280,-49.440,-6.383,-7.777,2.507,,,,,,,,,,,,
1,B,15572397,5418,,,,,,,,,,-6.723,-7.426,2.176,,,,,,
1,S,15572397,5418,-126.880,93.920,-46.880,-6.348,-7.707,2.368,,,,,,,,,,,,
1,B,15574429,2032,,,,,,,,,,,,,,,,52.688,-54.000,26.438
1,S,15574429,2032,-131.040,93.920,-45.920,-6.327,-7.668,2.357,,,,,,,,,,,,
1,A,15576367,11073,,,,,,,7.091,-7.533,2.474,,,,,,,,,
1,B,15576461,2032,,,,,,,,,,-6.664,-7.305,2.020,,,,,,
1,S,15576461,2032,-132.320,93.600,-44.960,-6.298,-7.603,2.353,,,,,,,,,,,,
1,B,15579848,3387,,,,,,,,,,,,,,,,53.688,-52.688,25.500
1,S,15579848,3387,-133.280,93.920,-43.040,-6.228,-7.482,2.333,,,,,,,,,,,,
1,B,15582557,2709,,,,,,,,,,,,,-112.130,81.356,-43.979,,,
1,S,15582557,2709,-134.240,93.920,-41.760,-6.168,-7.367,2.303,,,,,,,,,,,,
1,B,15585945,3388,,,,,,,,,,-6.523,-7.004,2.031,,,,,,
1,S,15585945,3388,-134.880,93.600,-40.800,-6.103,-7.322,2.322,,,,,,,,,,,,
1,B,15588654,2709,,,,,,,,,,,,,,,,51.375,-53.500,26.938
1,S,15588654,2709,-135.840,92.960,-40.160,-6.093,-7.402,2.402,,,,,,,,,,,,
1,B,15591363,2709,,,,,,,,,,,,,-116.606,82.363,-39.727,,,
1,S,15591363,2709,-137.120,92.640,-39.200,-6.098,-7.553,2.498,,,,,,,,,,,,
1,B,15594750,3387,,,,,,,,,,-6.473,-7.152,2.250,,,,,,
1,S,15594750,3387,-137.760,92.640,-37.280,-6.107,-7.753,2.598,,,,,,,,,,,,
1,B,15598116,3366,,,,,,,,,,,,,,,,51.938,-52.812,26.812
1,S,15598116,3366,-137.120,93.920,-35.040,-6.143,-7.878,2.678,,,,,,,,,,,,
1,B,15600168,2052,,,,,,,,,,,,,-119.627,82.475,-35.586,,,
1,S,15600168,2052,-135.200,94.880,-34.080,-6.188,-7.933,2.748,,,,,,,,,,,,
1,B,15603555,3387,,,,,,,,,,-6.504,-7.488,2.559,,,,,,
1,S,15603555,3387,-134.240,95.840,-32.480,-6.253,-7.963,2.797,,,,,,,,,,,,
1,B,15606942,3387,,,,,,,,,,,,,,,,51.812,-52.500,27.750
1,S,15606942,3387,-132.640,97.120,-29.920,-6.303,-8.023,2.812,,,,,,,,,,,,
1,A,15608030,31663,,,,,,,7.249,-8.127,2.515,,,,,,,,,
1,B,15608975,2033,,,,,,,,,,,,,-118.620,83.034,-31.222,,,
1,S,15608975,2033,-129.440,97.760,-28.640,-6.332,-8.092,2.808,,,,,,,,,,,,
1,A,15612813,4783,,,,,,,7.336,-8.229,2.282,,,,,,,,,
1,B,15613037,4062,,,,,,,,,,-6.645,-7.590,2.758,,,,,,
1,S,15613037,4062,-127.200,98.720,-26.080,-6.353,-8.262,2.763,,,,,,,,,,,,
1,A,15616111,3298,,,,,,,6.861,-8.544,2.061,,,,,,,,,
1,B,15616425,3388,,,,,,,,,,,,,,,,51.500,-53.812,28.438
1,S,15616425,3388,-122.400,99.680,-24.160,-6.298,-8.377,2.663,,,,,,,,,,,,
1,A,15618411,2300,,,,,,,7.151,-8.770,2.178,,,,,,,,,
1,B,15619134,2709,,,,,,,,,,,,,-112.689,84.825,-26.298,,,
1,S,15619134,2709,-118.240,100.640,-22.240,-6.213,-8.523,2.558,,,,,,,,,,,,
1,A,15624711,6300,,,,,,,6.708,-9.279,1.857,,,,,,,,,
1,B,15625230,6096,,,,,,,,,,-6.723,-7.887,2.730,,,,,,
1,S,15625230,6096,-114.400,103.840,-18.080,-5.978,-9.002,2.337,,,,,,,,,,,,
1,A,15627009,2298,,,,,,,6.508,-9.331,1.570,,,,,,,,,
1,B,15627262,2032,,,,,,,,,,,,,,,,50.500,-52.938,28.000
1,S,15627262,2032,-107.040,105.120,-16.480,-5.872,-9.168,2.228,,,,,,,,,,,,
1,A,15629321,2312,,,,,,,6.626,-9.644,1.736,,,,,,,,,
1,B,15629972,2710,,,,,,,,,,,,,-103.177,87.846,-20.479,,,
1,S,15629972,2710,-104.800,106.400,-14.240,-5.728,-9.367,2.062,,,,,,,,,,,,
1,A,15635621,6300,,,,,,,6.529,-10.087,1.450,,,,,,,,,
1,B,15636067,6095,,,,,,,,,,-6.121,-8.859,2.051,,,,,,
1,S,15636067,6095,-102.240,107.680,-9.440,-5.492,-9.842,1.712,,,,,,,,,,,,
1,A,15638921,3300,,,,,,,6.324,-10.342,1.316,,,,,,,,,
1,B,15639455,3388,,,,,,,,,,,,,,,,52.438,-53.312,28.312
1,S,15639455,3388,-97.440,108.640,-5.920,-5.452,-10.107,1.597,,,,,,,,,,,,
1,A,15641219,2298,,,,,,,6.390,-10.072,1.260,,,,,,,,,
1,B,15641487,2032,,,,,,,,,,,,,-93.329,91.315,-13.876,,,
1,S,15641487,2032,-96.160,109.280,-3.680,-5.433,-10.242,1.532,,,,,,,,,,,,
1,A,15647519,6300,,,,,,,6.100,-10.423,0.880,,,,,,,,,
1,B,15648260,6773,,,,,,,,,,-5.832,-9.891,1.273,,,,,,
1,S,15648260,6773,-95.200,109.920,3.680,-5.412,-10.502,1.333,,,,,,,,,,,,
1,A,15647854,335,,,,,,,6.197,-10.497,0.732,,,,,,,,,
1,B,15652324,4064,,,,,,,,,,,,,,,,50.375,-52.688,28.938
1,S,15652324,4064,-92.000,110.880,8.160,-5.402,-10.602,1.167,,,,,,,,,,,,
1,A,15652325,4471,,,,,,,6.172,-10.569,0.623,,,,,,,,,
1,B,15654356,2032,,,,,,,,,,,,,-85.832,94.449,-6.043,,,
1,S,15654356,2032,-91.040,111.520,10.720,-5.397,-10.633,1.067,,,,,,,,,,,,
1,A,15654357,2032,,,,,,,6.270,-10.600,0.445,,,,,,,,,
1,B,15657744,3388,,,,,,,,,,,,,-81.356,96.575,3.133,,,
1,S,15657744,3388,-90.720,111.520,14.880,-5.378,-10.662,0.873,,,,,,,,,,,,
1,A,15657818,3461,,,,,,,6.174,-10.668,0.021,,,,,,,,,
1,B,15662465,4721,,,,,,,,,,-5.812,-10.141,0.633,,,,,,
1,S,15662465,4721,-90.080,110.880,20.960,-5.353,-10.688,0.593,,,,,,,,,,,,
1,A,15662799,4981,,,,,,,6.234,-10.428,-0.183,,,,,,,,,
1,B,15664517,2052,,,,,,,,,,,,,,,,51.062,-53.875,29.562
1,S,15664517,2052,-88.800,110.560,23.520,-5.357,-10.678,0.412,,,,,,,,,,,,
1,A,15664792,1993,,,,,,,6.123,-10.519,-0.221,,,,,,,,,
1,B,15666549,2032,,,,,,,,,,-5.852,-10.105,0.133,,,,,,
1,S,15666549,2032,-87.840,110.240,26.400,-5.367,-10.668,0.292,,,,,,,,,,,,
1,A,15666785,1993,,,,,,,6.120,-10.542,-0.369,,,,,,,,,
1,B,15669936,3387,,,,,,,,,,,,,,,,50.250,-54.875,31.312
1,S,15669936,3387,-87.200,109.280,31.520,-5.393,-10.658,0.133,,,,,,,,,,,,
1,A,15669774,2989,,,,,,,6.121,-10.543,-0.421,,,,,,,,,
1,B,15672645,2709,,,,,,,,,,,,,-78.558,96.799,13.653,,,
1,S,15672645,2709,-85.600,107.680,35.040,-5.412,-10.648,0.022,,,,,,,,,,,,
1,A,15672763,2989,,,,,,,6.251,-10.330,-0.467,,,,,,,,,
1,B,15675354,2709,,,,,,,,,,,,,,,,50.375,-54.188,30.625
1,S,15675354,2709,-84.320,106.080,38.560,-5.428,-10.627,-0.087,,,,,,,,,,,,
1,A,15675752,2989,,,,,,,6.260,-10.510,-0.575,,,,,,,,,
1,B,15678742,3388,,,,,,,,,,-5.871,-10.035,-0.199,,,,,,
1,S,15678742,3388,-83.360,104.800,43.360,-5.457,-10.592,-0.233,,,,,,,,,,,,
1,A,15678741,2989,,,,,,,6.548,-10.272,-0.695,,,,,,,,,
1,B,15682128,3386,,,,,,,,,,,,,-76.096,95.344,25.403,,,
1,S,15682128,3386,-82.400,103.840,48.160,-5.527,-10.572,-0.357,,,,,,,,,,,,
1,A,15682726,6467,,,,,,,6.688,-10.179,-0.671,,,,,,,,,
1,B,15685515,3387,,,,,,,,,,-6.016,-9.984,-0.496,,,,,,
1,S,15685515,3387,-81.440,101.920,52.000,-5.652,-10.518,-0.453,,,,,,,,,,,,
1,A,15688500,3292,,,,,,,6.739,-10.094,-0.775,,,,,,,,,
1,B,15688902,3387,,,,,,,,,,,,,,,,49.625,-56.125,31.875
1,S,15688902,3387,-80.480,100.000,55.520,-5.808,-10.402,-0.507,,,,,,,,,,,,
1,A,15688903,2322,,,,,,,6.946,-9.844,-0.709,,,,,,,,,
1,B,15690934,2032,,,,,,,,,,,,,-73.522,91.987,37.600,,,
1,S,15690934,2032,-79.840,98.720,57.760,-5.897,-10.312,-0.527,,,,,,,,,,,,
1,A,15691694,872,,,,,,,6.990,-9.867,-0.743,,,,,,,,,
1,B,15695675,4741,,,,,,,,,,-6.320,-9.730,-0.641,,,,,,
1,S,15695675,4741,-79.840,96.800,64.160,-6.088,-10.062,-0.547,,,,,,,,,,,,
1,A,15697343,5649,,,,,,,7.075,-9.576,-0.685,,,,,,,,,
1,B,15697707,2032,,,,,,,,,,,,,-71.620,87.734,49.239,,,
1,S,15697707,2032,-79.520,96.160,67.040,-6.143,-9.957,-0.552,,,,,,,,,,,,
1,A,15703643,6300,,,,,,,7.266,-9.350,-0.672,,,,,,,,,
1,B,15703804,6097,,,,,,,,,,-6.598,-9.355,-0.699,,,,,,
1,S,15703804,6097,-79.520,93.920,74.080,-6.277,-9.682,-0.562,,,,,,,,,,,,
1,A,15705943,2300,,,,,,,7.418,-9.402,-0.556,,,,,,,,,
1,B,15706513,2709,,,,,,,,,,,,,,,,49.000,-55.875,32.438
1,S,15706513,2709,-78.880,92.960,76.640,-6.338,-9.613,-0.552,,,,,,,,,,,,
1,A,15708242,2299,,,,,,,7.375,-9.482,-0.521,,,,,,,,,
1,B,15708545,2032,,,,,,,,,,,,,-70.501,83.482,59.982,,,
1,S,15708545,2032,-78.240,91.680,78.560,-6.402,-9.562,-0.527,,,,,,,,,,,,
1,A,15714556,6314,,,,,,,7.477,-9.483,-0.398,,,,,,,,,
1,B,15715299,6754,,,,,,,,,,-6.770,-9.113,-0.719,,,,,,
1,S,15715299,6754,-78.240,90.080,85.280,-6.567,-9.578,-0.453,,,,,,,,,,,,
1,A,15717856,3300,,,,,,,7.459,-9.501,-0.373,,,,,,,,,
1,B,15718027,2728,,,,,,,,,,,,,,,,48.312,-56.812,33.188
1,S,15718027,2728,-79.840,89.440,88.800,-6.588,-9.613,-0.438,,,,,,,,,,,,
1,A,15720155,2299,,,,,,,7.528,-9.402,-0.410,,,,,,,,,
1,B,15720737,2710,,,,,,,,,,,,,-70.725,80.013,69.941,,,
1,S,15720737,2710,-81.120,88.800,92.000,-6.622,-9.617,-0.417,,,,,,,,,,,,
1,A,15726455,6300,,,,,,,7.631,-9.533,-0.486,,,,,,,,,
1,B,15726834,6097,,,,,,,,,,-7.031,-9.133,-0.652,,,,,,
1,S,15726834,6097,-82.720,87.840,97.440,-6.657,-9.547,-0.427,,,,,,,,,,,,
1,A,15729755,3300,,,,,,,7.094,-9.421,-0.486,,,,,,,,,
1,B,15730220,3386,,,,,,,,,,,,,,,,48.688,-57.312,33.250
1,S,15730220,3386,-87.200,86.880,101.920,-6.617,-9.582,-0.472,,,,,,,,,,,,
1,A,15733053,3298,,,,,,,7.203,-9.657,-0.361,,,,,,,,,
1,B,15733607,3387,,,,,,,,,,,,,-72.963,77.775,79.789,,,
1,S,15733607,3387,-89.440,86.880,105.760,-6.457,-9.553,-0.517,,,,,,,,,,,,
1,A,15734753,1700,,,,,,,7.733,-8.881,-0.360,,,,,,,,,
1,B,15735639,2032,,,,,,,,,,-7.098,-9.121,-0.758,,,,,,
1,S,15735639,2032,-92.000,87.200,107.680,-6.388,-9.512,-0.517,,,,,,,,,,,,
1,A,15738665,3912,,,,,,,7.217,-9.231,-0.412,,,,,,,,,
1,B,15739025,3386,,,,,,,,,,,,,,,,47.375,-57.938,34.500
1,S,15739025,3386,-93.920,86.880,111.200,-6.397,-9.297,-0.527,,,,,,,,,,,,
1,A,15740965,2300,,,,,,,7.414,-8.466,-0.599,,,,,,,,,
1,B,15741716,2691,,,,,,,,,,,,,-77.998,76.544,89.748,,,
1,S,15741716,2691,-97.760,86.240,113.440,-6.418,-9.127,-0.552,,,,,,,,,,,,
1,A,15745263,4298,,,,,,,7.469,-8.764,-0.634,,,,,,,,,
1,B,15745800,4084,,,,,,,,,,-6.789,-8.867,-0.871,,,,,,
1,S,15745800,4084,-100.000,85.600,116.960,-6.482,-8.818,-0.557,,,,,,,,,,,,
1,A,15748563,3300,,,,,,,7.605,-8.465,-0.435,,,,,,,,,
1,B,15749186,3386,,,,,,,,,,,,,,,,47.688,-61.125,35.562
1,S,15749186,3386,-103.200,86.240,119.200,-6.548,-8.643,-0.532,,,,,,,,,,,,
1,A,15750863,2300,,,,,,,7.587,-8.103,-0.499,,,,,,,,,
1,B,15751218,2032,,,,,,,,,,,,,-85.048,75.760,98.701,,,
1,S,15751218,2032,-105.760,86.240,119.840,-6.588,-8.523,-0.517,,,,,,,,,,,,
1,A,15755162,4299,,,,,,,7.814,-7.980,-0.540,,,,,,,,,
1,B,15755282,4064,,,,,,,,,,-6.961,-7.945,-0.812,,,,,,
1,S,15755282,4064,-106.720,86.560,122.080,-6.662,-8.297,-0.512,,,,,,,,,,,,
1,A,15758472,3310,,,,,,,7.773,-7.896,-0.539,,,,,,,,,
1,B,15758669,3387,,,,,,,,,,,,,,,,48.250,-60.938,34.812
1,S,15758669,3387,-108.320,86.880,124.640,-6.723,-8.148,-0.537,,,,,,,,,,,,
1,A,15760772,2300,,,,,,,7.957,-7.843,-0.557,,,,,,,,,
1,B,15761378,2709,,,,,,,,,,,,,-91.651,75.536,106.199,,,
1,S,15761378,5418,-109.920,87.200,128.160,-6.827,-7.952,-0.573,,,,,,,,,,,,
1,A,15764071,3299,,,,,,,7.925,-7.756,-0.532,,,,,,,,,
1,B,15764765,3387,,,,,,,,,,-7.125,-7.660,-0.844,,,,,,
1,S,15764765,678,-112.800,87.840,128.480,-6.843,-7.928,-0.578,,,,,,,,,,,,
1,A,15767371,3300,,,,,,,8.058,-7.697,-0.469,,,,,,,,,
1,B,15767474,2709,,,,,,,,,,,,,,,,48.688,-62.438,36.125
1,S,15767474,2709,-113.120,88.160,129.440,-6.918,-7.862,-0.568,,,,,,,,,,,,
1,A,15769671,2300,,,,,,,8.082,-7.748,-0.485,,,,,,,,,
1,B,15770183,2709,,,,,,,,,,,,,-97.246,76.208,112.130,,,
1,S,15770183,2709,-114.400,89.120,130.400,-6.987,-7.822,-0.522,,,,,,,,,,,,
1,A,15773971,4377,,,,,,,8.119,-7.769,-0.476,,,,,,,,,
1,B,15774248,4065,,,,,,,,,,-7.297,-7.488,-0.852,,,,,,
1,S,15774248,4065,-115.680,90.400,132.320,-7.072,-7.798,-0.463,,,,,,,,,,,,
1,A,15774048,2313,,,,,,,8.265,-7.700,-0.385,,,,,,,,,
1,B,15776958,2710,,,,,,,,,,-7.441,-7.473,-0.777,,,,,,
1,S,15776958,2710,-117.600,91.360,133.280,-7.122,-7.803,-0.438,,,,,,,,,,,,
1,A,15776361,0,,,,,,,8.257,-7.651,-0.426,,,,,,,,,
1,B,15780325,3367,,,,,,,,,,,,,,,,47.750,-62.125,36.812
1,S,15780325,3367,-118.880,92.640,133.920,-7.173,-7.798,-0.427,,,,,,,,,,,,
1,A,15782882,6521,,,,,,,8.296,-7.612,-0.365,,,,,,,,,
1,B,15783053,2728,,,,,,,,,,,,,-102.282,77.663,116.606,,,
1,S,15783053,2728,-121.120,93.600,134.560,-7.223,-7.768,-0.427,,,,,,,,,,,,
1,A,15783054,172,,,,,,,8.384,-7.521,-0.503,,,,,,,,,
1,B,15786440,3387,,,,,,,,,,,,,,,,47.438,-64.000,36.938
1,S,15786440,3387,-122.720,94.880,135.840,-7.263,-7.718,-0.432,,,,,,,,,,,,
1,A,15786346,3292,,,,,,,8.193,-7.296,-0.682,,,,,,,,,
1,B,15789828,3388,,,,,,,,,,,,,-107.094,80.125,120.299,,,
1,S,15789828,3388,-124.320,96.160,137.440,-7.287,-7.678,-0.477,,,,,,,,,,,,
1,A,15789828,3482,,,,,,,8.341,-7.117,-0.813,,,,,,,,,
1,B,15795924,6096,,,,,,,,,,-7.551,-7.422,-0.746,,,,,,
1,S,15795924,6096,-126.240,98.400,140.320,-7.322,-7.537,-0.568,,,,,,,,,,,,
1,A,15795924,6096,,,,,,,8.132,-7.287,-0.809,,,,,,,,,
1,B,15798633,2709,,,,,,,,,,,,,,,,46.625,-65.000,37.938
1,S,15798633,2709,-131.040,99.360,141.280,-7.308,-7.423,-0.618,,,,,,,,,,,,
1,A,15798303,2379,,,,,,,8.154,-6.930,-1.011,,,,,,,,,
1,B,15800665,2032,,,,,,,,,,,,,-112.242,83.370,123.656,,,
1,S,15800665,2032,-132.320,100.320,142.240,-7.282,-7.332,-0.677,,,,,,,,,,,,
1,A,15801292,2989,,,,,,,7.951,-6.633,-1.263,,,,,,,,,
1,B,15807438,6773,,,,,,,,,,-7.465,-6.656,-1.266,,,,,,
1,S,15807438,6773,-132.960,102.240,144.160,-7.143,-6.987,-0.948,,,,,,,,,,,,
1,A,15807270,5978,,,,,,,8.206,-6.558,-1.173,,,,,,,,,
1,B,15811502,4064,,,,,,,,,,,,,,,,46.750,-66.938,38.688
1,S,15811502,4064,-135.200,102.560,144.800,-7.053,-6.822,-1.087,,,,,,,,,,,,
1,A,15811255,3985,,,,,,,8.124,-6.357,-1.345,,,,,,,,,
1,B,15813534,2032,,,,,,,,,,,,,-116.606,86.615,126.901,,,
1,S,15813534,2032,-136.160,102.560,145.440,-7.018,-6.723,-1.143,,,,,,,,,,,,
1,A,15814244,2989,,,,,,,8.052,-6.039,-1.520,,,,,,,,,
1,B,15818954,5420,,,,,,,,,,,,,-120.075,89.077,129.587,,,
1,S,15818954,5420,-136.800,102.880,145.440,-6.947,-6.423,-1.302,,,,,,,,,,,,
1,A,15819226,4982,,,,,,,8.048,-5.855,-1.651,,,,,,,,,
1,B,15823017,4063,,,,,,,,,,-7.289,-6.301,-1.531,,,,,,
1,S,15823017,4063,-139.680,102.880,145.760,-6.928,-6.178,-1.442,,,,,,,,,,,,
1,A,15823211,7048,,,,,,,8.057,-5.829,-1.771,,,,,,,,,
1,B,15826404,3387,,,,,,,,,,,,,,,,47.812,-68.750,38.625
1,S,15826404,3387,-141.280,102.880,146.080,-6.942,-5.997,-1.558,,,,,,,,,,,,
1,A,15827197,2300,,,,,,,8.198,-5.647,-1.893,,,,,,,,,
1,B,15829113,2709,,,,,,,,,,,,,-123.208,90.308,130.930,,,
1,S,15829113,2709,-142.240,103.200,146.080,-6.952,-5.888,-1.647,,,,,,,,,,,,
1,A,15829189,615,,,,,,,8.131,-5.540,-2.020,,,,,,,,,
1,B,15833177,4064,,,,,,,,,,-7.191,-5.898,-1.773,,,,,,
1,S,15833177,4064,-142.560,102.560,144.800,-6.963,-5.742,-1.788,,,,,,,,,,,,
1,A,15835168,5979,,,,,,,8.189,-5.423,-2.169,,,,,,,,,
1,B,15835209,2032,,,,,,,,,,,,,,,,46.750,-70.000,39.562
1,S,15835209,2032,-143.200,102.560,144.480,-6.957,-5.668,-1.873,,,,,,,,,,,,
1,A,15836164,996,,,,,,,8.061,-5.468,-2.336,,,,,,,,,
1,B,15837920,2711,,,,,,,,,,,,,-125.782,90.084,130.818,,,
1,S,15837920,2711,-143.520,102.240,144.160,-6.963,-5.562,-1.978,,,,,,,,,,,,
1,A,15842722,6558,,,,,,,8.335,-5.472,-2.509,,,,,,,,,
1,B,15843338,5418,,,,,,,,,,-7.238,-5.336,-2.328,,,,,,
1,S,15843338,5418,-143.840,100.320,142.560,-6.997,-5.473,-2.188,,,,,,,,,,,,
1,A,15843338,616,,,,,,,8.277,-5.390,-2.585,,,,,,,,,
1,B,15845370,2032,,,,,,,,,,,,,,,,45.438,-72.312,41.062
1,S,15845370,2032,-144.800,100.000,141.920,-7.018,-5.473,-2.268,,,,,,,,,,,,
1,A,15845370,2032,,,,,,,8.268,-5.375,-2.759,,,,,,,,,
1,B,15848757,3387,,,,,,,,,,-7.316,-5.277,-2.664,,,,,,
1,S,15848757,3387,-145.440,99.680,140.960,-7.048,-5.473,-2.422,,,,,,,,,,,,
1,A,15851611,6241,,,,,,,8.337,-5.334,-2.827,,,,,,,,,
1,B,15852143,3386,,,,,,,,,,,,,-127.685,88.965,129.475,,,
1,S,15852143,3386,-146.400,99.360,141.280,-7.072,-5.447,-2.578,,,,,,,,,,,,
1,B,15854175,2032,,,,,,,,,,,,,,,,44.875,-70.875,40.812
1,S,15854175,2032,-146.400,99.040,141.280,-7.098,-5.438,-2.647,,,,,,,,,,,,
1,A,15857087,5476,,,,,,,8.436,-5.330,-2.972,,,,,,,,,
1,B,15857563,3388,,,,,,,,,,-7.387,-5.238,-2.961,,,,,,
1,S,15857563,3388,-146.080,98.400,140.640,-7.162,-5.447,-2.732,,,,,,,,,,,,
1,A,15858280,1193,,,,,,,8.244,-5.537,-2.949,,,,,,,,,
1,B,15859595,2032,,,,,,,,,,,,,-128.916,87.398,127.908,,,
1,S,15859595,2032,-146.400,98.080,140.640,-7.202,-5.463,-2.772,,,,,,,,,,,,
1,B,15864336,4741,,,,,,,,,,,,,,,,44.938,-73.875,41.375
1,S,15864336,4741,-147.040,97.120,141.280,-7.277,-5.513,-2.828,,,,,,,,,,,,
1,A,15866062,7782,,,,,,,8.267,-5.395,-3.135,,,,,,,,,
1,B,15866368,2032,,,,,,,,,,,,,-129.923,86.168,127.349,,,
1,S,15866368,2032,-147.360,97.120,141.920,-7.282,-5.553,-2.842,,,,,,,,,,,,
1,A,15872382,6320,,,,,,,8.493,-5.425,-3.100,,,,,,,,,
1,B,15873122,6754,,,,,,,,,,-7.648,-5.441,-3.246,,,,,,
1,S,15873122,6754,-147.040,98.080,143.840,-7.343,-5.683,-2.938,,,,,,,,,,,,
1,B,15875173,2051,,,,,,,,,,,,,,,,44.562,-74.375,41.875
1,S,15875173,2051,-149.280,98.080,144.480,-7.412,-5.688,-3.007,,,,,,,,,,,,
1,B,15880593,5420,,,,,,,,,,,,,-131.489,85.496,128.468,,,
1,S,15880593,5420,-150.880,97.120,146.080,-7.447,-5.702,-3.163,,,,,,,,,,,,
1,B,15887366,6773,,,,,,,,,,-7.785,-5.441,-3.469,,,,,,
1,S,15887366,6773,-152.800,95.840,148.640,-7.492,-5.683,-3.422,,,,,,,,,,,,
1,B,15890753,3387,,,,,,,,,,,,,,,,44.688,-75.250,42.125
1,S,15890753,3387,-157.280,95.520,149.920,-7.508,-5.598,-3.607,,,,,,,,,,,,
1,B,15894139,3386,,,,,,,,,,,,,-134.958,84.937,131.154,,,
1,S,15894139,3386,-160.480,95.200,151.200,-7.412,-5.438,-3.812,,,,,,,,,,,,
1,B,15897526,3387,,,,,,,,,,-7.719,-5.211,-4.203,,,,,,
1,S,15897526,3387,-163.040,94.240,152.800,-7.178,-5.287,-4.082,,,,,,,,,,,,
1,B,15901591,4065,,,,,,,,,,,,,,,,43.938,-77.250,43.375
1,S,15901591,4065,-164.320,92.000,154.720,-7.043,-5.058,-4.298,,,,,,,,,,,,
1,B,15904300,2709,,,,,,,,,,,,,-139.882,83.817,134.735,,,
1,S,15904300,2709,-166.560,90.080,155.680,-7.077,-4.732,-4.372,,,,,,,,,,,,
1,B,15907687,3387,,,,,,,,,,-7.379,-4.770,-4.656,,,,,,
1,S,15907687,3387,-167.520,87.840,157.280,-7.162,-4.293,-4.433,,,,,,,,,,,,
1,B,15909719,2032,,,,,,,,,,,,,-145.030,80.908,138.539,,,
1,S,15909719,2032,-167.840,86.560,157.920,-7.213,-4.072,-4.452,,,,,,,,,,,,
1,B,15913783,4064,,,,,,,,,,-7.594,-3.926,-4.816,,,,,,
1,S,15913783,4064,-167.840,83.680,158.880,-7.298,-3.647,-4.497,,,,,,,,,,,,
1,B,15917169,3386,,,,,,,,,,,,,,,,41.938,-78.625,44.312
1,S,15917169,3386,-168.800,81.120,159.520,-7.367,-3.252,-4.527,,,,,,,,,,,,
1,B,15919201,2032,,,,,,,,,,-7.699,-3.055,-4.848,,,,,,
1,S,15919201,2032,-169.440,79.840,159.840,-7.393,-3.038,-4.548,,,,,,,,,,,,
1,B,15922589,3388,,,,,,,,,,,,,-148.611,76.208,141.785,,,
1,S,15922589,3388,-169.440,77.600,160.480,-7.402,-2.812,-4.598,,,,,,,,,,,,
1,B,15925298,2709,,,,,,,,,,-7.770,-2.652,-4.902,,,,,,
1,S,15925298,2709,-167.840,76.000,160.800,-7.412,-2.752,-4.638,,,,,,,,,,,,
1,B,15928685,3387,,,,,,,,,,,,,,,,42.500,-81.125,44.375
1,S,15928685,3387,-166.560,74.400,161.440,-7.397,-2.763,-4.702,,,,,,,,,,,,
1,B,15930717,2032,,,,,,,,,,,,,-148.947,70.836,144.135,,,
1,S,15930717,2032,-165.280,73.760,162.400,-7.348,-2.772,-4.742,,,,,,,,,,,,
1,B,15934781,4064,,,,,,,,,,,,,,,,41.750,-80.438,44.125
1,S,15934781,4064,-164.320,72.480,163.680,-7.253,-2.732,-4.772,,,,,,,,,,,,
1,B,15938167,3386,,,,,,,,,,,,,-146.932,65.913,146.037,,,
1,S,15938167,3386,-162.400,70.880,164.000,-7.178,-2.667,-4.782,,,,,,,,,,,,
1,B,15944263,6096,,,,,,,,,,-7.445,-2.441,-5.152,,,,,,
1,S,15944263,6096,-162.080,68.320,164.320,-7.003,-2.413,-4.798,,,,,,,,,,,,
1,B,15946974,2711,,,,,,,,,,,,,-144.023,61.660,147.156,,,
1,S,15946974,2711,-160.480,67.680,164.320,-6.923,-2.178,-4.803,,,,,,,,,,,,
1,B,15953747,6773,,,,,,,,,,-7.238,-1.965,-5.133,,,,,,
1,S,15953747,6773,-159.520,65.120,163.680,-6.907,-1.768,-4.872,,,,,,,,,,,,
1,B,15956456,2709,,,,,,,,,,,,,,,,42.125,-82.062,44.250
1,S,15956456,2709,-155.360,64.160,163.360,-6.893,-1.522,-4.888,,,,,,,,,,,,
1,B,15958488,2032,,,,,,,,,,,,,-139.882,58.191,147.156,,,
1,S,15958488,2032,-153.120,63.520,163.040,-6.923,-1.367,-4.872,,,,,,,,,,,,
1,B,15965940,7452,,,,,,,,,,-7.117,-1.406,-5.152,,,,,,
1,S,15965940,7452,-151.520,61.600,161.440,-6.987,-0.873,-4.782,,,,,,,,,,,,
1,B,15969326,3386,,,,,,,,,,,,,,,,40.312,-82.688,44.875
1,S,15969326,3386,-142.560,60.640,159.520,-7.037,-0.547,-4.737,,,,,,,,,,,,
1,B,15971358,2032,,,,,,,,,,,,,-132.608,55.170,145.813,,,
1,S,15971358,2032,-136.800,60.000,158.240,-7.098,-0.307,-4.707,,,,,,,,,,,,
1,B,15974745,3387,,,,,,,,,,-7.430,-0.199,-4.855,,,,,,
1,S,15974745,3387,-133.280,59.040,156.320,-7.197,0.098,-4.628,,,,,,,,,,,,
1,B,15978131,3386,,,,,,,,,,,,,,,,40.000,-84.188,44.875
1,S,15978131,3386,-127.840,58.080,155.040,-7.263,0.328,-4.518,,,,,,,,,,,,
1,B,15980163,2032,,,,,,,,,,,,,-121.530,52.820,143.016,,,
1,S,15980163,6096,-122.400,57.760,151.200,-7.103,0.522,-4.293,,,,,,,,,,,,
1,B,15984905,4742,,,,,,,,,,-7.523,0.395,-4.637,,,,,,
1,S,15984905,678,-111.200,57.760,150.880,-7.122,0.522,-4.268,,,,,,,,,,,,
1,B,15986938,2033,,,,,,,,,,-7.574,0.602,-4.406,,,,,,
1,S,15986938,2033,-109.920,57.760,149.280,-7.268,0.547,-4.232,,,,,,,,,,,,
1,B,15990324,3386,,,,,,,,,,,,,,,,39.250,-85.750,45.312
1,S,15990324,3386,-106.400,57.760,147.040,-7.603,0.632,-4.277,,,,,,,,,,,,
1,B,15992356,2032,,,,,,,,,,,,,-107.653,51.253,138.651,,,
1,S,15992356,2032,-100.640,58.080,145.760,-7.647,0.703,-4.338,,,,,,,,,,,,
1,B,15997097,4741,,,,,,,,,,,,,,,,39.062,-85.438,44.812
1,S,15997097,4741,-96.800,58.720,142.880,-7.588,0.672,-4.567,,,,,,,,,,,,
1,B,15999807,2710,,,,,,,,,,-7.883,0.727,-4.605,,,,,,
1,S,15999807,2710,-88.480,57.760,140.640,-7.603,0.512,-4.758,,,,,,,,,,,,
1,B,16003193,3386,,,,,,,,,,,,,-91.875,50.470,132.944,,,
1,S,16003193,3386,-83.360,56.800,138.400,-7.537,0.362,-5.003,,,,,,,,,,,,
1,B,16006580,3387,,,,,,,,,,-7.742,0.441,-5.180,,,,,,
1,S,16006580,3387,-77.280,56.800,136.800,-7.532,0.307,-5.213,,,,,,,,,,,,
1,B,16009968,3388,,,,,,,,,,,,,,,,38.562,-85.500,45.188
1,S,16009968,3388,-71.520,56.800,135.520,-7.657,0.388,-5.478,,,,,,,,,,,,
1,B,16012000,2032,,,,,,,,,,,,,-75.872,49.798,127.013,,,
1,S,16012000,2032,-65.760,56.480,133.920,-7.673,0.507,-5.657,,,,,,,,,,,,
1,B,16015386,3386,,,,,,,,,,-8.020,0.488,-5.727,,,,,,
1,S,16015386,3386,-62.560,54.560,131.680,-7.612,0.532,-5.883,,,,,,,,,,,,
1,B,16018773,3387,,,,,,,,,,,,,,,,36.875,-86.562,46.000
1,S,16018773,3387,-58.400,52.640,130.400,-7.633,0.438,-6.013,,,,,,,,,,,,
1,B,16020805,2032,,,,,,,,,,,,,-60.765,48.343,121.306,,,
1,S,16020805,2032,-53.920,51.680,129.440,-7.657,0.468,-6.128,,,,,,,,,,,,
1,B,16025546,4741,,,,,,,,,,-7.855,0.508,-6.281,,,,,,
1,S,16025546,4741,-51.360,48.160,126.880,-7.657,0.502,-6.362,,,,,,,,,,,,
1,B,16028934,3388,,,,,,,,,,,,,,,,36.562,-86.938,46.188
1,S,16028934,3388,-47.520,45.280,125.280,-7.607,0.453,-6.473,,,,,,,,,,,,
1,B,16030966,2032,,,,,,,,,,,,,-48.567,44.986,116.270,,,
1,S,16030966,2032,-45.600,44.000,124.320,-7.652,0.432,-6.543,,,,,,,,,,,,
1,B,16036384,5418,,,,,,,,,,-7.934,0.547,-6.703,,,,,,
1,S,16036384,5418,-44.320,40.160,123.360,-7.657,0.407,-6.718,,,,,,,,,,,,
1,B,16039771,3387,,,,,,,,,,,,,,,,35.938,-87.750,46.562
1,S,16039771,3387,-43.040,37.600,122.720,-7.617,0.403,-6.822,,,,,,,,,,,,
1,B,16041803,2032,,,,,,,,,,,,,-41.069,39.727,112.130,,,
1,S,16041803,2032,-43.360,35.680,122.080,-7.612,0.343,-6.853,,,,,,,,,,,,
1,B,16047899,6096,,,,,,,,,,-8.035,0.480,-7.297,,,,,,
1,S,16047899,6096,-44.000,29.920,120.480,-7.643,0.338,-6.817,,,,,,,,,,,,
1,B,16052641,4742,,,,,,,,,,,,,,,,36.062,-88.688,46.812
1,S,16052641,4742,-45.920,26.080,120.160,-7.612,0.427,-6.793,,,,,,,,,,,,
1,B,16054673,2032,,,,,,,,,,,,,-38.943,32.788,108.884,,,
1,S,16054673,2032,-46.880,24.480,120.160,-7.567,0.427,-6.827,,,,,,,,,,,,
1,B,16060091,5418,,,,,,,,,,,,,-40.062,25.291,107.094,,,
1,S,16060091,5418,-47.200,19.360,120.160,-7.418,0.517,-6.907,,,,,,,,,,,,
1,B,16064155,4064,,,,,,,,,,-7.801,0.574,-7.316,,,,,,
1,S,16064155,4064,-48.800,16.160,120.480,-7.388,0.583,-6.888,,,,,,,,,,,,
1,B,16067542,3387,,,,,,,,,,,,,,,,34.062,-89.500,47.312
1,S,16067542,3387,-49.120,13.920,120.800,-7.192,0.647,-6.947,,,,,,,,,,,,
1,B,16069574,2032,,,,,,,,,,,,,-41.853,17.457,106.422,,,
1,S,16069574,2032,-48.800,12.320,121.120,-7.048,0.718,-6.997,,,,,,,,,,,,
1,B,16074994,5420,,,,,,,,,,-7.648,0.738,-7.328,,,,,,
1,S,16074994,5420,-48.160,6.560,121.760,-6.822,1.073,-7.053,,,,,,,,,,,,
1,B,16077683,2689,,,,,,,,,,,,,,,,34.500,-89.062,46.875
1,S,16077683,2689,-45.600,3.040,122.080,-6.728,1.258,-7.072,,,,,,,,,,,,
1,B,16079735,2052,,,,,,,,,,,,,-41.741,9.176,107.094,,,
1,S,16079735,2052,-44.000,0.480,122.400,-6.603,1.387,-7.088,,,,,,,,,,,,
1,B,16083799,4064,,,,,,,,,,-6.926,1.543,-7.441,,,,,,
1,S,16083799,6096,-42.720,-4.320,122.080,-6.468,1.768,-7.093,,,,,,,,,,,,
1,B,16086508,2709,,,,,,,,,,,,,,,,34.750,-90.188,46.812
1,S,16086508,677,-38.560,-6.880,121.760,-6.457,1.833,-7.088,,,,,,,,,,,,
1,B,16088540,2032,,,,,,,,,,-6.848,2.078,-7.387,,,,,,
1,S,16088540,2032,-38.240,-8.800,121.760,-6.423,2.013,-7.077,,,,,,,,,,,,
1,B,16091928,3388,,,,,,,,,,,,,-38.608,0.112,107.989,,,
1,S,16091928,3388,-36.640,-12.640,121.440,-6.343,2.303,-7.032,,,,,,,,,,,,
1,B,16093960,2032,,,,,,,,,,,,,,,,34.125,-89.000,46.938
1,S,16093960,2032,-34.080,-15.520,120.480,-6.332,2.433,-7.003,,,,,,,,,,,,
1,B,16097346,3386,,,,,,,,,,-6.734,2.699,-7.297,,,,,,
1,S,16097346,3386,-32.160,-20.000,119.200,-6.457,2.692,-7.013,,,,,,,,,,,,
1,B,16099378,2032,,,,,,,,,,,,,-32.565,-9.624,107.653,,,
1,S,16099378,2032,-28.960,-22.240,118.560,-6.518,2.783,-7.053,,,,,,,,,,,,
1,B,16104119,4741,,,,,,,,,,,,,,,,34.562,-91.500,47.250
1,S,16104119,4741,-26.720,-27.040,116.960,-6.492,3.027,-7.013,,,,,,,,,,,,
1,B,16107506,3387,,,,,,,,,,-6.867,3.016,-7.305,,,,,,
1,S,16107506,3387,-20.320,-30.560,114.720,-6.357,3.143,-6.968,,,,,,,,,,,,
1,B,16109538,2032,,,,,,,,,,,,,-24.172,-19.584,105.303,,,
1,S,16109538,2032,-16.480,-32.480,113.440,-6.397,3.197,-6.982,,,,,,,,,,,,
1,B,16113602,4064,,,,,,,,,,,,,,,,33.500,-89.750,46.625
1,S,16113602,4064,-14.880,-36.320,111.840,-6.518,3.317,-7.098,,,,,,,,,,,,
1,B,16116311,2709,,,,,,,,,,,,,-14.324,-28.984,101.387,,,
1,S,16116311,2709,-10.400,-38.880,110.560,-6.473,3.333,-7.103,,,,,,,,,,,,
1,B,16125117,8806,,,,,,,,,,-6.781,3.332,-7.473,,,,,,
1,S,16125117,8806,-6.560,-46.880,106.080,-6.607,3.342,-7.088,,,,,,,,,,,,
1,B,16127827,2710,,,,,,,,,,,,,-4.588,-37.488,96.351,,,
1,S,16127827,2710,1.760,-49.120,104.800,-6.562,3.513,-7.088,,,,,,,,,,,,
1,B,16134600,6773,,,,,,,,,,-6.703,3.590,-7.465,,,,,,
1,S,16134600,6773,4.320,-52.960,99.040,-6.553,3.868,-6.843,,,,,,,,,,,,
1,B,16137988,3388,,,,,,,,,,,,,,,,32.750,-89.625,47.500
1,S,16137988,3388,10.400,-55.200,97.120,-6.683,3.728,-6.832,,,,,,,,,,,,
1,B,16140697,2709,,,,,,,,,,-6.980,3.781,-7.168,,,,,,
1,S,16140697,2709,14.560,-57.440,95.520,-6.777,3.598,-6.822,,,,,,,,,,,,
1,B,16144083,3386,,,,,,,,,,,,,4.476,-44.986,90.644,,,
1,S,16144083,3386,17.120,-60.000,94.240,-6.758,3.402,-6.798,,,,,,,,,,,,
1,B,16146115,2032,,,,,,,,,,-7.184,3.496,-7.215,,,,,,
1,S,16146115,2032,18.720,-61.600,93.600,-6.753,3.308,-6.793,,,,,,,,,,,,
1,B,16149502,3387,,,,,,,,,,,,,,,,31.875,-90.188,47.625
1,S,16149502,3387,19.680,-64.480,92.960,-6.853,3.138,-6.713,,,,,,,,,,,,
1,B,16151534,2032,,,,,,,,,,,,,12.086,-51.812,85.272,,,
1,S,16151534,2032,21.280,-66.080,92.640,-6.923,3.022,-6.662,,,,,,,,,,,,
1,B,16154921,3387,,,,,,,,,,-7.230,3.047,-7.164,,,,,,
1,S,16154921,3387,22.240,-68.640,91.680,-6.897,2.728,-6.688,,,,,,,,,,,,
1,B,16158307,3386,,,,,,,,,,,,,,,,31.750,-90.875,47.375
1,S,16158307,3386,22.880,-71.200,90.080,-6.997,2.692,-6.628,,,,,,,,,,,,
1,B,16160340,2033,,,,,,,,,,,,,16.898,-58.303,81.132,,,
1,S,16160340,2033,21.920,-72.800,89.120,-7.067,2.797,-6.548,,,,,,,,,,,,
1,B,16165061,4721,,,,,,,,,,-7.441,2.797,-7.098,,,,,,
1,S,16165061,4721,21.920,-75.680,88.160,-7.322,3.062,-6.372,,,,,,,,,,,,
1,B,16167113,2052,,,,,,,,,,-7.820,3.121,-6.742,,,,,,
1,S,16167113,2052,24.160,-77.280,87.840,-7.492,3.072,-6.343,,,,,,,,,,,,
1,B,16170500,3387,,,,,,,,,,,,,,,,31.438,-90.188,47.000
1,S,16170500,3387,25.120,-78.880,87.520,-7.553,2.967,-6.388,,,,,,,,,,,,
1,B,16172532,2032,,,,,,,,,,,,,19.584,-64.346,78.222,,,
1,S,16172532,2032,25.760,-79.520,87.520,-7.473,2.888,-6.447,,,,,,,,,,,,
1,B,16176596,4064,,,,,,,,,,,,,,,,31.500,-91.688,47.688
1,S,16176596,4064,26.080,-81.120,87.840,-7.317,2.853,-6.577,,,,,,,,,,,,
1,B,16179984,3388,,,,,,,,,,,,,22.045,-69.382,76.432,,,
1,S,16179984,7451,27.680,-82.080,86.240,-7.298,2.893,-6.737,,,,,,,,,,,,
1,B,16184725,4741,,,,,,,,,,-7.711,2.949,-7.117,,,,,,
1,S,16184725,678,32.160,-85.600,85.920,-7.272,2.882,-6.758,,,,,,,,,,,,
1,B,16186757,2032,,,,,,,,,,,,,,,,31.438,-90.188,47.000
1,S,16186757,2032,32.160,-87.520,85.600,-7.178,2.842,-6.838,,,,,,,,,,,,
1,B,16188789,2032,,,,,,,,,,-7.480,2.777,-7.402,,,,,,
1,S,16188789,2032,32.160,-89.120,85.280,-7.112,2.763,-6.893,,,,,,,,,,,,
1,B,16192175,3386,,,,,,,,,,,,,24.955,-74.305,75.425,,,
1,S,16192175,5418,32.160,-91.680,84.640,-7.088,2.678,-6.918,,,,,,,,,,,,
1,B,16194885,2710,,,,,,,,,,,,,,,,31.750,-91.938,47.188
1,S,16194885,678,33.120,-93.600,84.320,-7.088,2.663,-6.907,,,,,,,,,,,,
1,B,16197594,2709,,,,,,,,,,-7.512,2.645,-7.395,,,,,,
1,S,16197594,2709,33.120,-95.520,84.000,-7.143,2.623,-6.848,,,,,,,,,,,,
1,B,16200303,2709,,,,,,,,,,,,,27.305,-79.789,74.194,,,
1,S,16200303,2709,33.120,-97.440,83.360,-7.192,2.612,-6.808,,,,,,,,,,,,
1,B,16204368,4065,,,,,,,,,,,,,,,,30.062,-89.875,47.062
1,S,16204368,4065,32.800,-100.000,82.400,-7.247,2.658,-6.713,,,,,,,,,,,,
1,B,16207755,3387,,,,,,,,,,-7.605,2.699,-7.211,,,,,,
1,S,16207755,3387,32.800,-102.240,81.440,-7.258,2.672,-6.598,,,,,,,,,,,,
1,B,16209787,2032,,,,,,,,,,,,,27.976,-85.720,72.739,,,
1,S,16209787,2032,31.840,-103.840,81.120,-7.272,2.708,-6.513,,,,,,,,,,,,
1,B,16214528,4741,,,,,,,,,,,,,,,,30.625,-91.250,48.062
1,S,16214528,4741,31.200,-106.400,80.480,-7.327,2.833,-6.237,,,,,,,,,,,,
1,B,16216560,2032,,,,,,,,,,,,,26.634,-91.651,70.725,,,
1,S,16216560,2032,28.960,-107.040,80.160,-7.327,2.873,-6.128,,,,,,,,,,,,
1,B,16226043,9483,,,,,,,,,,-7.660,2.910,-6.512,,,,,,
1,S,16226043,9483,28.320,-113.760,76.640,-7.487,2.978,-5.688,,,,,,,,,,,,
1,B,16228075,2032,,,,,,,,,,,,,24.060,-97.022,68.151,,,
1,S,16228075,2032,24.800,-114.400,75.360,-7.518,3.123,-5.577,,,,,,,,,,,,
1,B,16235526,7451,,,,,,,,,,-7.801,3.293,-5.957,,,,,,
1,S,16235526,7451,24.480,-116.320,71.840,-7.857,3.212,-5.322,,,,,,,,,,,,
1,B,16238913,3387,,,,,,,,,,,,,,,,31.500,-92.750,48.188
1,S,16238913,3387,27.040,-116.960,70.560,-7.997,3.072,-5.258,,,,,,,,,,,,
1,B,16240946,2033,,,,,,,,,,,,,22.717,-101.163,64.793,,,
1,S,16240946,2033,27.040,-116.960,69.600,-7.968,3.138,-5.162,,,,,,,,,,,,
1,B,16245008,4062,,,,,,,,,,-8.398,3.188,-5.785,,,,,,
1,S,16245008,4062,27.360,-117.280,68.320,-8.047,3.493,-4.912,,,,,,,,,,,,
1,B,16248396,3388,,,,,,,,,,,,,,,,30.750,-92.625,48.375
1,S,16248396,3388,28.960,-117.600,67.040,-8.188,3.752,-4.862,,,,,,,,,,,,
1,B,16251105,2709,,,,,,,,,,-8.391,3.477,-5.410,,,,,,
1,S,16251105,2709,31.200,-118.240,65.440,-8.162,3.748,-4.803,,,,,,,,,,,,
1,B,16253815,2710,,,,,,,,,,,,,23.388,-103.849,60.877,,,
1,S,16253815,2710,32.800,-118.240,63.840,-8.148,3.752,-4.747,,,,,,,,,,,,
1,B,16256524,2709,,,,,,,,,,-8.504,3.715,-5.191,,,,,,
1,S,16256524,2709,34.400,-118.560,62.240,-8.062,3.942,-4.718,,,,,,,,,,,,
1,B,16259911,3387,,,,,,,,,,,,,,,,30.812,-90.438,47.062
1,S,16259911,3387,36.000,-119.520,60.320,-7.942,4.098,-4.668,,,,,,,,,,,,
1,B,16261944,2033,,,,,,,,,,,,,26.746,-105.639,56.736,,,
1,S,16261944,2033,39.200,-120.160,59.680,-7.938,4.138,-4.617,,,,,,,,,,,,
1,B,16265329,3385,,,,,,,,,,-8.188,4.129,-5.008,,,,,,
1,S,16265329,3385,41.120,-121.440,58.080,-7.878,4.188,-4.657,,,,,,,,,,,,
1,B,16268717,3388,,,,,,,,,,,,,,,,31.750,-92.500,47.562
1,S,16268717,3388,44.000,-123.360,55.840,-7.763,4.218,-4.737,,,,,,,,,,,,
1,B,16270749,2032,,,,,,,,,,,,,32.677,-107.430,52.148,,,
1,S,16270749,2032,45.920,-124.000,54.560,-7.643,4.263,-4.793,,,,,,,,,,,,
1,B,16274813,4064,,,,,,,,,,-8.125,4.195,-5.086,,,,,,
1,S,16274813,4064,46.880,-125.280,52.320,-7.457,4.242,-4.952,,,,,,,,,,,,
1,B,16278199,3386,,,,,,,,,,,,,,,,29.812,-90.750,47.375
1,S,16278199,3386,49.120,-127.520,50.400,-7.388,4.122,-4.978,,,,,,,,,,,,
1,B,16280909,2710,,,,,,,,,,-7.766,4.195,-5.457,,,,,,
1,S,16280909,2710,49.760,-129.120,49.120,-7.338,3.973,-4.982,,,,,,,,,,,,
1,B,16284295,3386,,,,,,,,,,,,,38.496,-110.227,47.224,,,
1,S,16284295,3386,49.760,-131.040,47.200,-7.303,3.817,-5.053,,,,,,,,,,,,
1,B,16286328,2033,,,,,,,,,,-7.684,3.867,-5.562,,,,,,
1,S,16286328,2033,49.120,-132.000,45.920,-7.192,3.672,-5.098,,,,,,,,,,,,
1,B,16289715,3387,,,,,,,,,,,,,,,,31.125,-91.688,47.000
1,S,16289715,3387,48.160,-134.240,44.640,-7.213,3.598,-5.043,,,,,,,,,,,,
1,B,16291747,2032,,,,,,,,,,,,,41.181,-114.368,42.300,,,
1,S,16291747,2032,45.920,-135.520,44.000,-7.242,3.612,-5.048,,,,,,,,,,,,
1,B,16295133,3386,,,,,,,,,,-7.629,3.555,-5.660,,,,,,
1,S,16295133,3386,44.320,-138.400,42.720,-7.287,3.612,-5.062,,,,,,,,,,,,
1,B,16298520,3387,,,,,,,,,,,,,,,,31.000,-91.812,47.375
1,S,16298520,3387,41.760,-140.640,41.760,-7.423,3.438,-4.938,,,,,,,,,,,,
1,B,16300552,2032,,,,,,,,,,-7.805,3.457,-5.516,,,,,,
1,S,16300552,2032,39.520,-141.920,41.440,-7.457,3.342,-4.893,,,,,,,,,,,,
1,B,16303940,3388,,,,,,,,,,,,,39.503,-119.739,38.048,,,
1,S,16303940,3388,37.920,-144.160,40.800,-7.463,3.292,-4.803,,,,,,,,,,,,
1,B,16305972,2032,,,,,,,,,,,,,,,,30.562,-90.250,46.812
1,S,16305972,2032,34.720,-145.440,39.840,-7.463,3.243,-4.768,,,,,,,,,,,,
1,B,16309358,3386,,,,,,,,,,,,,33.460,-125.894,34.579,,,
1,S,16309358,7450,32.480,-148.000,36.640,-7.843,3.462,-4.433,,,,,,,,,,,,
1,B,16314099,4741,,,,,,,,,,-7.844,3.273,-5.344,,,,,,
1,S,16314099,677,26.400,-151.200,36.640,-7.862,3.507,-4.418,,,,,,,,,,,,
1,B,16316809,2710,,,,,,,,,,,,,,,,31.188,-92.125,47.875
1,S,16316809,2710,26.080,-153.120,36.640,-7.867,3.692,-4.378,,,,,,,,,,,,
1,B,16319518,2709,,,,,,,,,,,,,26.298,-131.937,31.893,,,
1,S,16319518,2709,24.800,-155.360,36.000,-7.758,3.822,-4.322,,,,,,,,,,,,
1,B,16325614,6096,,,,,,,,,,-8.250,3.590,-4.941,,,,,,
1,S,16325614,6096,24.480,-158.240,35.040,-7.688,4.048,-4.192,,,,,,,,,,,,
1,B,16327647,2033,,,,,,,,,,,,,,,,30.688,-93.188,48.062
1,S,16327647,2033,24.160,-159.200,34.400,-7.777,4.003,-4.138,,,,,,,,,,,,
1,B,16330356,2709,,,,,,,,,,,,,21.262,-137.308,29.879,,,
1,S,16330356,2709,23.520,-160.480,33.440,-7.853,3.772,-3.987,,,,,,,,,,,,
1,B,16336452,6096,,,,,,,,,,-8.105,3.754,-4.520,,,,,,
1,S,16336452,6096,22.560,-162.400,33.440,-7.897,3.578,-3.723,,,,,,,,,,,,
1,B,16339839,3387,,,,,,,,,,,,,,,,30.312,-91.688,47.562
1,S,16339839,3387,21.600,-163.680,33.120,-7.957,3.743,-3.603,,,,,,,,,,,,
1,B,16341871,2032,,,,,,,,,,,,,18.241,-142.009,28.088,,,
1,S,16341871,2032,20.960,-164.640,32.800,-7.992,3.788,-3.513,,,,,,,,,,,,
1,B,16348645,6774,,,,,,,,,,-8.426,3.984,-3.898,,,,,,
1,S,16348645,6774,20.640,-167.200,29.600,-8.033,4.062,-3.373,,,,,,,,,,,,
1,B,16352709,4064,,,,,,,,,,,,,,,,32.438,-91.562,46.875
1,S,16352709,4064,20.000,-168.480,28.320,-7.947,4.112,-3.308,,,,,,,,,,,,
1,B,16354741,2032,,,,,,,,,,,,,16.674,-145.701,26.410,,,
1,S,16354741,2032,20.320,-169.120,28.000,-7.897,4.107,-3.292,,,,,,,,,,,,
1,B,16358127,3386,,,,,,,,,,,,,,,,31.562,-92.188,47.062
1,S,16358127,3386,20.320,-170.400,27.680,-7.838,4.152,-3.283,,,,,,,,,,,,
1,B,16362191,4064,,,,,,,,,,,,,16.226,-148.723,24.284,,,
1,S,16362191,4064,20.640,-172.320,25.440,-7.817,4.253,-3.217,,,,,,,,,,,,
1,B,16365578,3387,,,,,,,,,,-8.219,4.156,-3.707,,,,,,
1,S,16365578,3387,20.960,-173.600,22.880,-7.843,4.293,-3.138,,,,,,,,,,,,
1,B,16368966,3388,,,,,,,,,,,,,,,,32.125,-91.000,45.812
1,S,16368966,3388,20.640,-174.880,20.640,-7.777,4.287,-3.033,,,,,,,,,,,,
1,B,16371675,2709,,,,,,,,,,,,,16.114,-151.856,20.926,,,
1,S,16371675,2709,19.680,-175.840,19.680,-7.763,4.207,-2.908,,,,,,,,,,,,
1,B,16374384,2709,,,,,,,,,,-8.109,4.281,-3.543,,,,,,
1,S,16374384,2709,19.040,-176.160,18.720,-7.787,4.147,-2.817,,,,,,,,,,,,
1,B,16377771,3387,,,,,,,,,,,,,,,,32.312,-92.750,46.250
1,S,16377771,3387,18.400,-176.800,16.800,-7.798,4.143,-2.667,,,,,,,,,,,,
1,B,16380480,2709,,,,,,,,,,,,,15.443,-154.766,16.786,,,
1,S,16380480,2709,17.440,-177.120,15.520,-7.848,4.103,-2.502,,,,,,,,,,,,
1,B,16384544,4064,,,,,,,,,,-8.074,4.156,-3.246,,,,,,
1,S,16384544,4064,16.160,-177.760,13.920,-7.957,4.058,-2.308,,,,,,,,,,,,
1,B,16386576,2032,,,,,,,,,,,,,,,,32.312,-92.750,46.250
1,S,16386576,2032,13.920,-178.080,12.960,-8.002,4.018,-2.208,,,,,,,,,,,,
1,B,16389285,2709,,,,,,,,,,-8.309,4.031,-2.863,,,,,,
1,S,16389285,2709,12.960,-178.400,11.680,-8.098,3.953,-2.047,,,,,,,,,,,,
1,B,16392673,3388,,,,,,,,,,,,,13.317,-156.780,12.422,,,
1,S,16392673,3388,12.000,-178.400,10.080,-8.193,3.947,-1.883,,,,,,,,,,,,
1,B,16395382,2709,,,,,,,,,,-8.570,3.918,-2.422,,,,,,
1,S,16395382,2709,11.040,-178.080,8.800,-8.273,3.928,-1.738,,,,,,,,,,,,
1,B,16398769,3387,,,,,,,,,,,,,,,,33.312,-92.062,45.062
1,S,16398769,3387,10.080,-177.440,7.200,-8.412,3.908,-1.538,,,,,,,,,,,,
1,B,16401478,2709,,,,,,,,,,,,,10.183,-157.787,8.169,,,
1,S,16401478,2709,8.480,-177.120,6.560,-8.512,3.902,-1.403,,,,,,,,,,,,
1,B,16405542,4064,,,,,,,,,,-8.828,3.918,-1.980,,,,,,
1,S,16405542,4064,7.840,-177.120,5.600,-8.662,3.882,-1.183,,,,,,,,,,,,
1,B,16407574,2032,,,,,,,,,,,,,6.714,-157.675,4.476,,,
1,S,16407574,2032,7.200,-176.800,5.600,-8.727,3.868,-1.077,,,,,,,,,,,,
1,B,16414348,6774,,,,,,,,,,-9.129,3.887,-1.512,,,,,,
1,S,16414348,6774,6.880,-175.840,3.040,-8.902,3.822,-0.782,,,,,,,,,,,,
1,B,16417057,2709,,,,,,,,,,,,,,,,34.250,-92.438,45.375
1,S,16417057,2709,4.000,-175.520,1.760,-8.947,3.828,-0.693,,,,,,,,,,,,
1,B,16419767,2710,,,,,,,,,,,,,3.805,-156.780,1.455,,,
1,S,16419767,2710,3.040,-174.560,0.800,-8.988,3.837,-0.608,,,,,,,,,,,,
1,B,16427217,7450,,,,,,,,,,-9.340,3.801,-1.234,,,,,,
1,S,16427217,7450,3.040,-172.960,-1.760,-9.023,3.942,-0.443,,,,,,,,,,,,
1,B,16429249,2032,,,,,,,,,,,,,,,,33.562,-91.250,44.750
1,S,16429249,2032,2.720,-173.280,-2.080,-9.023,3.953,-0.383,,,,,,,,,,,,
1,B,16431281,2032,,,,,,,,,,,,,1.790,-154.990,-1.231,,,
1,S,16431281,2032,2.400,-172.960,-2.400,-9.018,3.978,-0.307,,,,,,,,,,,,
1,B,16438055,6774,,,,,,,,,,-9.336,3.992,-0.766,,,,,,
1,S,16438055,6774,2.400,-170.720,-3.680,-8.857,3.913,-0.113,,,,,,,,,,,,
1,B,16440765,2710,,,,,,,,,,,,,,,,34.562,-93.125,45.000
1,S,16440765,2710,2.080,-169.760,-4.320,-8.807,3.917,-0.022,,,,,,,,,,,,
1,B,16444151,3386,,,,,,,,,,,,,1.007,-153.087,-3.805,,,
1,S,16444151,3386,2.720,-169.120,-5.600,-8.838,3.962,0.198,,,,,,,,,,,,
1,B,16447538,3387,,,,,,,,,,-9.289,3.859,-0.547,,,,,,
1,S,16447538,3387,3.040,-168.480,-7.200,-8.873,3.958,0.372,,,,,,,,,,,,
1,B,16450926,3388,,,,,,,,,,,,,,,,35.000,-91.062,43.500
1,S,16450926,3388,3.360,-167.840,-8.800,-8.697,4.037,0.412,,,,,,,,,,,,
1,B,16452958,2032,,,,,,,,,,,,,1.231,-151.297,-6.491,,,
1,S,16452958,2032,3.360,-167.840,-9.760,-8.633,4.107,0.378,,,,,,,,,,,,
1,B,16456344,3386,,,,,,,,,,-9.133,4.098,-0.059,,,,,,
1,S,16456344,3386,3.680,-167.520,-11.360,-8.643,3.967,0.297,,,,,,,,,,,,
1,B,16459731,3387,,,,,,,,,,,,,,,,35.500,-92.375,43.750
1,S,16459731,3387,3.680,-167.200,-12.640,-8.713,3.623,0.182,,,,,,,,,,,,
1,B,16461763,2032,,,,,,,,,,,,,1.790,-149.618,-9.624,,,
1,S,16461763,2032,2.400,-166.560,-12.960,-8.658,3.502,0.138,,,,,,,,,,,,
1,B,16465149,3386,,,,,,,,,,-8.922,3.496,-0.316,,,,,,
1,S,16465149,3386,1.760,-166.240,-13.600,-8.502,3.232,-0.018,,,,,,,,,,,,
1,B,16468536,3387,,,,,,,,,,,,,,,,34.812,-91.312,44.125
1,S,16468536,3387,0.480,-165.920,-13.920,-8.387,3.002,-0.228,,,,,,,,,,,,
1,B,16470569,2033,,,,,,,,,,,,,0.336,-148.163,-12.869,,,
1,S,16470569,2033,-1.120,-165.920,-14.880,-8.383,2.888,-0.193,,,,,,,,,,,,
1,B,16475310,4741,,,,,,,,,,-8.773,2.797,-0.660,,,,,,
1,S,16475310,4741,-2.720,-166.560,-17.120,-8.578,3.533,0.203,,,,,,,,,,,,
1,B,16477342,2032,,,,,,,,,,-8.910,4.453,-0.098,,,,,,
1,S,16477342,2032,-5.600,-166.880,-18.080,-8.613,4.162,0.278,,,,,,,,,,,,
1,B,16480729,3387,,,,,,,,,,,,,,,,35.750,-91.125,42.312
1,S,16480729,3387,-5.920,-167.520,-19.680,-8.592,4.848,0.307,,,,,,,,,,,,
1,B,16484115,3386,,,,,,,,,,,,,-2.910,-147.492,-15.891,,,
1,S,16484115,3386,-4.320,-167.520,-20.640,-8.543,4.718,0.398,,,,,,,,,,,,
1,B,16487502,3387,,,,,,,,,,,,,,,,36.625,-91.625,43.000
1,S,16487502,3387,-1.120,-167.520,-21.920,-8.598,4.393,0.482,,,,,,,,,,,,
1,B,16490890,3388,,,,,,,,,,,,,-2.910,-147.940,-19.024,,,
1,S,16490890,3388,1.760,-167.840,-22.880,-8.623,4.072,0.573,,,,,,,,,,,,
1,B,16496986,6096,,,,,,,,,,-8.926,4.520,0.164,,,,,,
1,S,16496986,6096,3.680,-167.200,-25.760,-8.443,3.658,0.718,,,,,,,,,,,,
1,B,16499017,2031,,,,,,,,,,,,,,,,36.812,-89.750,41.375
1,S,16499017,4063,5.600,-167.520,-27.360,-8.428,3.143,0.762,,,,,,,,,,,,
1,B,16501727,2710,,,,,,,,,,,,,-0.336,-148.611,-22.717,,,
1,S,16501727,678,4.000,-168.160,-28.320,-8.447,3.047,0.772,,,,,,,,,,,,
1,B,16507823,6096,,,,,,,,,,-8.863,3.027,0.270,,,,,,
1,S,16507823,6096,3.360,-168.800,-27.680,-8.758,3.167,0.877,,,,,,,,,,,,
1,B,16511209,3386,,,,,,,,,,,,,,,,37.438,-91.562,41.750
1,S,16511209,3386,-0.160,-168.800,-28.960,-8.838,3.578,0.988,,,,,,,,,,,,
1,B,16514597,3388,,,,,,,,,,,,,0.336,-149.171,-25.850,,,
1,S,16514597,3388,-0.480,-168.800,-30.560,-8.812,3.692,1.133,,,,,,,,,,,,
1,B,16519338,4741,,,,,,,,,,,,,0.448,-149.730,-28.424,,,
1,S,16519338,4741,0.480,-168.800,-31.840,-8.807,3.868,1.438,,,,,,,,,,,,
1,B,16524079,4741,,,,,,,,,,-9.254,3.832,0.988,,,,,,
1,S,16524079,4741,2.400,-169.120,-33.440,-8.883,3.752,1.643,,,,,,,,,,,,
1,B,16527447,3368,,,,,,,,,,,,,,,,37.375,-91.188,41.625
1,S,16527447,3368,3.680,-169.120,-34.400,-8.838,3.583,1.768,,,,,,,,,,,,
1,B,16529498,2051,,,,,,,,,,,,,1.455,-149.954,-30.886,,,
1,S,16529498,2051,4.960,-168.800,-34.400,-8.793,3.578,1.887,,,,,,,,,,,,
1,B,16534918,5420,,,,,,,,,,-9.109,3.707,1.285,,,,,,
1,S,16534918,5420,5.600,-167.840,-36.000,-8.527,3.683,1.933,,,,,,,,,,,,
1,B,16536950,2032,,,,,,,,,,,,,,,,37.688,-90.812,41.438
1,S,16536950,2032,6.240,-167.200,-36.960,-8.438,3.658,1.968,,,,,,,,,,,,
1,B,16538982,2032,,,,,,,,,,,,,2.910,-149.506,-33.684,,,
1,S,16538982,2032,5.920,-166.880,-37.920,-8.363,3.612,2.002,,,,,,,,,,,,
1,B,16543723,4741,,,,,,,,,,-8.633,3.621,1.656,,,,,,
1,S,16543723,4741,5.600,-166.560,-40.160,-8.193,3.558,2.072,,,,,,,,,,,,
1,B,16545755,2032,,,,,,,,,,,,,,,,38.062,-90.875,40.625
1,S,16545755,2032,5.600,-166.240,-40.800,-8.102,3.603,2.112,,,,,,,,,,,,
1,B,16548445,2690,,,,,,,,,,-8.410,3.648,1.703,,,,,,
1,S,16548445,2690,5.920,-165.920,-41.760,-8.047,3.688,2.143,,,,,,,,,,,,
1,B,16550496,2051,,,,,,,,,,,,,3.469,-148.611,-37.041,,,
1,S,16550496,2051,5.280,-165.600,-42.720,-7.928,3.833,2.172,,,,,,,,,,,,
1,B,16554561,4065,,,,,,,,,,,,,,,,39.500,-90.688,40.125
1,S,16554561,4065,4.640,-165.600,-45.280,-7.832,3.902,2.283,,,,,,,,,,,,
1,B,16557948,3387,,,,,,,,,,-8.145,3.840,1.906,,,,,,
1,S,16557948,3387,3.360,-164.960,-46.880,-7.832,3.922,2.377,,,,,,,,,,,,
1,B,16559980,2032,,,,,,,,,,,,,2.910,-147.492,-40.958,,,
1,S,16559980,2032,3.680,-164.320,-47.840,-7.808,3.928,2.438,,,,,,,,,,,,
1,B,16564721,4741,,,,,,,,,,,,,,,,40.750,-90.625,38.562
1,S,16564721,7450,3.680,-163.040,-52.000,-7.718,4.138,2.723,,,,,,,,,,,,
1,B,16568107,3386,,,,,,,,,,,,,2.350,-146.037,-45.546,,,
1,S,16568107,677,2.080,-162.720,-52.640,-7.713,4.157,2.752,,,,,,,,,,,,
1,B,16574204,6097,,,,,,,,,,-8.031,4.109,2.527,,,,,,
1,S,16574204,6097,2.400,-160.800,-56.800,-7.763,4.117,3.067,,,,,,,,,,,,
1,B,16576236,2032,,,,,,,,,,,,,2.126,-143.911,-50.805,,,
1,S,16576236,2032,4.000,-159.840,-58.080,-7.803,4.048,3.183,,,,,,,,,,,,
1,B,16583687,7451,,,,,,,,,,-8.242,3.812,2.988,,,,,,
1,S,16583687,7451,4.320,-156.960,-63.200,-7.997,3.643,3.667,,,,,,,,,,,,
1,B,16585719,2032,,,,,,,,,,,,,,,,40.438,-89.938,39.688
1,S,16585719,2032,4.000,-156.000,-64.800,-8.047,3.522,3.797,,,,,,,,,,,,
1,B,16588428,2709,,,,,,,,,,,,,1.790,-140.666,-56.401,,,
1,S,16588428,2709,3.360,-154.720,-66.720,-8.127,3.353,3.967,,,,,,,,,,,,
1,B,16595860,7432,,,,,,,,,,-8.418,3.398,3.438,,,,,,
1,S,16595860,7432,2.400,-149.600,-70.880,-8.402,3.127,4.357,,,,,,,,,,,,
1,B,16598589,2729,,,,,,,,,,,,,,,,41.062,-89.125,38.500
1,S,16598589,2729,1.440,-147.360,-72.160,-8.523,3.047,4.567,,,,,,,,,,,,
1,B,16601298,2709,,,,,,,,,,-8.711,3.121,3.926,,,,,,
1,S,16601298,2709,1.440,-145.120,-73.760,-8.602,3.058,4.707,,,,,,,,,,,,
1,B,16604685,3387,,,,,,,,,,,,,0.783,-136.078,-62.108,,,
1,S,16604685,3387,0.800,-142.240,-76.640,-8.713,2.987,4.838,,,,,,,,,,,,
1,B,16606717,2032,,,,,,,,,,-8.973,2.977,4.387,,,,,,
1,S,16606717,2032,0.160,-140.320,-77.600,-8.758,2.908,4.902,,,,,,,,,,,,
1,B,16610103,3386,,,,,,,,,,,,,,,,41.938,-90.750,39.000
1,S,16610103,3386,-0.480,-138.080,-79.520,-8.807,2.803,4.978,,,,,,,,,,,,
1,B,16612135,2032,,,,,,,,,,,,,-0.448,-130.258,-67.703,,,
1,S,16612135,2032,-0.800,-136.800,-80.480,-8.873,2.828,5.018,,,,,,,,,,,,
1,B,16616200,4065,,,,,,,,,,-9.117,2.785,4.625,,,,,,
1,S,16616200,4065,0.160,-133.600,-82.720,-8.943,2.857,5.128,,,,,,,,,,,,
1,B,16619587,3387,,,,,,,,,,,,,,,,42.500,-89.000,37.312
1,S,16619587,3387,1.440,-130.720,-84.640,-9.002,2.757,5.272,,,,,,,,,,,,
1,B,16622296,2709,,,,,,,,,,,,,-0.336,-123.320,-73.075,,,
1,S,16622296,2709,2.400,-127.840,-85.920,-9.043,2.703,5.372,,,,,,,,,,,,
1,B,16625683,3387,,,,,,,,,,-9.270,2.750,4.895,,,,,,
1,S,16625683,3387,3.040,-124.000,-87.520,-9.047,2.603,5.478,,,,,,,,,,,,
1,B,16628392,2709,,,,,,,,,,,,,,,,43.000,-88.938,36.938
1,S,16628392,2709,4.320,-121.120,-88.800,-9.053,2.502,5.543,,,,,,,,,,,,
1,B,16631101,2709,,,,,,,,,,,,,1.343,-115.599,-78.110,,,
1,S,16631101,2709,5.920,-118.880,-90.080,-9.047,2.433,5.582,,,,,,,,,,,,
1,B,16635166,4065,,,,,,,,,,-9.352,2.527,5.145,,,,,,
1,S,16635166,4065,6.880,-115.360,-92.000,-9.018,2.433,5.643,,,,,,,,,,,,
1,B,16637198,2032,,,,,,,,,,,,,,,,43.938,-88.750,36.812
1,S,16637198,2032,7.200,-113.120,-92.960,-8.973,2.458,5.678,,,,,,,,,,,,
1,B,16639908,2710,,,,,,,,,,,,,3.245,-107.430,-83.034,,,
1,S,16639908,2710,6.880,-110.560,-94.560,-8.898,2.487,5.713,,,,,,,,,,,,
1,B,16643972,4064,,,,,,,,,,-9.125,2.441,5.336,,,,,,
1,S,16643972,4064,5.920,-107.680,-97.120,-8.787,2.453,5.777,,,,,,,,,,,,
1,B,16646681,2709,,,,,,,,,,,,,,,,43.125,-88.750,37.375
1,S,16646681,2709,5.600,-105.120,-98.720,-8.723,2.417,5.827,,,,,,,,,,,,
1,B,16648713,2032,,,,,,,,,,,,,4.141,-99.037,-87.846,,,
1,S,16648713,2032,5.600,-102.880,-100.000,-8.682,2.413,5.853,,,,,,,,,,,,
1,B,16654810,6097,,,,,,,,,,-8.934,2.383,5.477,,,,,,
1,S,16654810,6097,5.600,-97.120,-104.480,-8.562,2.493,5.963,,,,,,,,,,,,
1,B,16657519,2709,,,,,,,,,,,,,3.805,-90.644,-92.994,,,
1,S,16657519,2709,4.960,-94.560,-106.720,-8.547,2.553,6.013,,,,,,,,,,,,
1,B,16664292,6773,,,,,,,,,,-8.883,2.500,5.660,,,,,,
1,S,16664292,6773,4.320,-88.160,-110.880,-8.363,2.728,6.058,,,,,,,,,,,,
1,B,16667679,3387,,,,,,,,,,,,,,,,45.812,-87.938,34.812
1,S,16667679,3387,4.320,-84.640,-113.120,-8.293,2.837,6.077,,,,,,,,,,,,
1,B,16670388,2709,,,,,,,,,,,,,3.245,-82.139,-98.925,,,
1,S,16670388,2709,4.640,-82.400,-115.680,-8.168,2.862,6.093,,,,,,,,,,,,
1,B,16677162,6774,,,,,,,,,,-8.664,2.699,5.746,,,,,,
1,S,16677162,6774,4.640,-75.040,-120.480,-8.033,2.808,6.202,,,,,,,,,,,,
1,B,16679872,2710,,,,,,,,,,,,,,,,45.812,-87.438,34.750
1,S,16679872,2710,5.920,-72.160,-122.400,-8.002,2.688,6.247,,,,,,,,,,,,
1,B,16683239,3367,,,,,,,,,,,,,3.469,-73.634,-105.303,,,
1,S,16683239,3367,6.560,-68.960,-124.320,-7.952,2.482,6.312,,,,,,,,,,,,
1,B,16685290,2051,,,,,,,,,,-8.309,2.586,5.957,,,,,,
1,S,16685290,2051,6.880,-67.680,-125.600,-7.947,2.292,6.343,,,,,,,,,,,,
1,B,16688677,3387,,,,,,,,,,,,,,,,45.938,-87.312,35.125
1,S,16688677,3387,7.200,-65.440,-128.160,-7.952,2.067,6.402,,,,,,,,,,,,
1,B,16690709,2032,,,,,,,,,,,,,4.252,-65.241,-111.682,,,
1,S,16690709,2032,7.200,-63.520,-129.440,-7.968,1.948,6.478,,,,,,,,,,,,
1,B,16694774,4065,,,,,,,,,,-8.277,2.031,6.062,,,,,,
1,S,16694774,4065,6.880,-59.040,-131.040,-8.043,1.817,6.588,,,,,,,,,,,,
1,B,16698160,3386,,,,,,,,,,,,,,,,47.000,-86.062,34.250
1,S,16698160,3386,6.240,-56.480,-132.320,-8.092,1.732,6.638,,,,,,,,,,,,
1,B,16700870,2710,,,,,,,,,,,,,4.812,-56.960,-117.389,,,
1,S,16700870,2710,6.240,-54.240,-133.280,-8.107,1.653,6.683,,,,,,,,,,,,
1,B,16704934,4064,,,,,,,,,,-8.367,1.734,6.215,,,,,,
1,S,16704934,4064,6.560,-49.760,-135.200,-8.127,1.587,6.713,,,,,,,,,,,,
1,B,16706966,2032,,,,,,,,,,,,,,,,47.312,-86.688,34.562
1,S,16706966,2032,6.560,-47.840,-136.160,-8.133,1.567,6.718,,,,,,,,,,,,
1,B,16709675,2709,,,,,,,,,,-8.461,1.570,6.359,,,,,,
1,S,16709675,2709,5.920,-45.600,-137.760,-8.148,1.567,6.763,,,,,,,,,,,,
1,B,16713061,3386,,,,,,,,,,,,,4.812,-48.679,-121.977,,,
1,S,16713061,3386,5.280,-42.400,-139.040,-8.178,1.532,6.872,,,,,,,,,,,,
1,B,16715093,2032,,,,,,,,,,-8.492,1.512,6.473,,,,,,
1,S,16715093,2032,4.960,-39.840,-139.680,-8.182,1.458,6.928,,,,,,,,,,,,
1,B,16718481,3388,,,,,,,,,,,,,,,,47.688,-85.688,33.938
1,S,16718481,3388,4.640,-35.360,-140.960,-8.123,1.192,6.968,,,,,,,,,,,,
1,B,16720513,2032,,,,,,,,,,-8.375,1.090,6.590,,,,,,
1,S,16720513,2032,4.000,-33.440,-141.600,-8.072,1.038,6.978,,,,,,,,,,,,
1,B,16723900,3387,,,,,,,,,,,,,3.917,-40.174,-125.894,,,
1,S,16723900,3387,3.360,-30.240,-142.560,-8.033,0.897,7.022,,,,,,,,,,,,
1,B,16725932,2032,,,,,,,,,,,,,,,,48.125,-84.562,33.750
1,S,16725932,2032,2.080,-28.000,-143.200,-8.027,0.943,7.062,,,,,,,,,,,,
1,B,16729318,3386,,,,,,,,,,,,,2.014,-31.222,-129.027,,,
1,S,16729318,3386,1.760,-23.520,-144.160,-7.968,0.748,7.112,,,,,,,,,,,,
1,B,16734059,4741,,,,,,,,,,-8.328,0.891,6.645,,,,,,
1,S,16734059,4741,1.120,-18.080,-145.440,-7.782,0.263,7.062,,,,,,,,,,,,
1,B,16736770,2711,,,,,,,,,,,,,,,,48.000,-85.312,33.750
1,S,16736770,2711,-0.800,-15.520,-145.760,-7.673,0.122,7.013,,,,,,,,,,,,
1,B,16739479,2709,,,,,,,,,,,,,-0.895,-21.486,-131.489,,,
1,S,16739479,2709,-2.400,-12.640,-146.400,-7.582,0.138,6.968,,,,,,,,,,,,
1,B,16745575,6096,,,,,,,,,,-8.059,0.270,6.637,,,,,,
1,S,16745575,6096,-4.000,-5.280,-147.360,-7.508,0.338,6.817,,,,,,,,,,,,
1,B,16747607,2032,,,,,,,,,,,,,,,,49.938,-83.875,32.062
1,S,16747607,2032,-4.960,-3.040,-147.680,-7.492,0.403,6.772,,,,,,,,,,,,
1,B,16750316,2709,,,,,,,,,,,,,-3.693,-11.638,-133.168,,,
1,S,16750316,2709,-4.960,-0.480,-148.320,-7.482,0.507,6.718,,,,,,,,,,,,
1,B,16757768,7452,,,,,,,,,,-7.824,0.535,6.398,,,,,,
1,S,16757768,7452,-4.640,5.920,-150.560,-7.607,0.922,6.622,,,,,,,,,,,,
1,B,16760477,2709,,,,,,,,,,,,,,,,49.562,-83.312,32.750
1,S,16760477,2709,-4.640,7.840,-152.160,-7.707,1.153,6.647,,,,,,,,,,,,
1,B,16763186,2709,,,,,,,,,,,,,-4.812,-2.238,-134.958,,,
1,S,16763186,2709,-3.680,10.080,-153.440,-7.827,1.387,6.673,,,,,,,,,,,,
1,B,16769282,6096,,,,,,,,,,-8.281,1.551,6.387,,,,,,
1,S,16769282,6096,-3.040,14.880,-156.640,-8.023,1.683,6.662,,,,,,,,,,,,
1,B,16773347,4065,,,,,,,,,,,,,,,,50.875,-84.250,32.375
1,S,16773347,4065,-0.160,17.760,-158.880,-8.072,1.613,6.577,,,,,,,,,,,,
1,B,16776056,2709,,,,,,,,,,,,,-3.917,6.155,-137.868,,,
1,S,16776056,5419,0.800,19.360,-162.080,-8.072,1.337,6.348,,,,,,,,,,,,
1,B,16779443,3387,,,,,,,,,,,,,-1.567,12.981,-142.568,,,
1,S,16779443,677,2.080,20.960,-162.720,-8.068,1.302,6.317,,,,,,,,,,,,
1,B,16783507,4064,,,,,,,,,,-8.270,1.129,5.910,,,,,,
1,S,16783507,4064,2.400,22.240,-165.280,-8.018,1.067,6.128,,,,,,,,,,,,
1,B,16785539,2032,,,,,,,,,,,,,,,,50.438,-81.688,32.062
1,S,16785539,2032,3.040,23.520,-166.880,-7.982,0.948,6.027,,,,,,,,,,,,
1,B,16788248,2709,,,,,,,,,,-8.242,0.586,5.488,,,,,,
1,S,16788248,2709,3.360,25.120,-169.120,-7.957,0.782,5.883,,,,,,,,,,,,
1,B,16791616,3368,,,,,,,,,,,,,,,,51.375,-80.500,31.438
1,S,16791616,3368,3.360,26.400,-171.680,-7.928,0.552,5.728,,,,,,,,,,,,
1,B,16793668,2052,,,,,,,,,,,,,0.560,18.241,-148.163,,,
1,S,16793668,2052,3.040,27.040,-172.960,-7.867,0.318,5.577,,,,,,,,,,,,
1,B,16797054,3386,,,,,,,,,,,,,,,,50.938,-79.562,31.312
1,S,16797054,3386,2.400,28.320,-174.240,-7.793,0.087,5.447,,,,,,,,,,,,
1,B,16800441,3387,,,,,,,,,,-8.055,0.047,5.094,,,,,,
1,S,16800441,3387,1.440,29.920,-175.520,-7.753,-0.087,5.372,,,,,,,,,,,,
1,B,16803150,2709,,,,,,,,,,,,,0.895,22.045,-153.982,,,
1,S,16803150,2709,-0.480,30.880,-177.120,-7.737,-0.188,5.327,,,,,,,,,,,,
1,B,16806537,3387,,,,,,,,,,-7.953,-0.344,4.922,,,,,,
1,S,16806537,3387,-2.080,31.520,-179.680,-7.628,-0.292,5.293,,,,,,,,,,,,
1,B,16809925,3388,,,,,,,,,,,,,,,,51.188,-79.125,31.875
1,S,16809925,3388,-3.040,31.840,-181.280,-7.553,-0.378,5.303,,,,,,,,,,,,
1,B,16812614,2689,,,,,,,,,,,,,-0.671,25.291,-159.466,,,
1,S,16812614,2689,-3.040,33.120,-182.240,-7.532,-0.393,5.308,,,,,,,,,,,,
1,A,16815840,943458,,,,,,,11.689,-3.417,7.114,,,,,,,,,
1,B,16816698,4084,,,,,,,,,,-7.977,-0.461,5.047,,,,,,
1,S,16816698,4084,-3.360,35.680,-185.120,-7.103,-0.128,5.428,,,,,,,,,,,,
1,A,16818445,2683,,,,,,,8.956,-1.150,3.414,,,,,,,,,
1,B,16818730,2032,,,,,,,,,,,,,-1.679,28.648,-164.614,,,
1,S,16818730,2032,-2.080,36.960,-186.080,-6.947,-0.323,5.487,,,,,,,,,,,,
1,A,16818523,0,,,,,,,7.623,-0.418,5.406,,,,,,,,,
1,B,16825484,6754,,,,,,,,,,-6.852,-0.344,5.027,,,,,,
1,S,16825484,6754,-0.800,39.840,-188.000,-7.508,-0.843,5.447,,,,,,,,,,,,
1,A,16825705,7182,,,,,,,8.336,-0.841,5.109,,,,,,,,,
1,B,16827535,2051,,,,,,,,,,,,,,,,52.562,-78.438,30.500
1,S,16827535,2051,1.120,40.800,-188.000,-7.543,-1.202,5.543,,,,,,,,,,,,
1,A,16829354,3649,,,,,,,8.115,-2.598,5.928,,,,,,,,,
1,B,16829567,2032,,,,,,,,,,,,,-1.679,32.341,-168.642,,,
1,S,16829567,2032,0.800,42.080,-188.000,-7.452,-1.363,5.572,,,,,,,,,,,,
1,B,16837018,7451,,,,,,,,,,-7.973,-1.266,5.230,,,,,,
1,S,16837018,7451,-0.160,44.320,-188.640,-7.173,-1.728,5.543,,,,,,,,,,,,
1,B,16840405,3387,,,,,,,,,,,,,,,,53.062,-79.000,31.312
1,S,16840405,3387,-3.680,44.960,-188.000,-7.088,-1.917,5.423,,,,,,,,,,,,
1,B,16842437,2032,,,,,,,,,,,,,-2.350,35.586,-170.656,,,
1,S,16842437,2032,-4.000,44.960,-187.680,-7.043,-1.998,5.308,,,,,,,,,,,,
1,A,16842549,13195,,,,,,,8.228,-2.136,4.671,,,,,,,,,
1,B,16849210,6773,,,,,,,,,,-7.512,-2.031,5.008,,,,,,
1,S,16849210,6773,-3.360,46.240,-184.160,-7.232,-2.717,5.018,,,,,,,,,,,,
1,A,16852802,10253,,,,,,,7.280,-4.450,4.346,,,,,,,,,
1,B,16853275,4065,,,,,,,,,,,,,-2.910,38.272,-170.209,,,
1,S,16853275,4065,-1.440,47.200,-182.880,-7.372,-3.047,4.798,,,,,,,,,,,,
1,A,16855100,2298,,,,,,,8.273,-1.405,3.809,,,,,,,,,
1,B,16855307,2032,,,,,,,,,,,,,,,,53.750,-76.562,30.688
1,S,16855307,2032,-2.400,47.520,-181.920,-7.378,-3.172,4.688,,,,,,,,,,,,
1,A,16857412,2312,,,,,,,6.506,-2.951,3.753,,,,,,,,,
1,B,16858016,2709,,,,,,,,,,-7.742,-2.836,4.578,,,,,,
1,S,16858016,5419,-3.040,47.840,-178.720,-7.138,-3.417,4.388,,,,,,,,,,,,
1,A,16860712,3300,,,,,,,7.518,-2.659,2.900,,,,,,,,,
1,B,16861403,3387,,,,,,,,,,,,,,,,54.438,-74.625,30.188
1,S,16861403,677,-2.400,47.840,-178.400,-7.082,-3.458,4.343,,,,,,,,,,,,
1,A,16863011,2299,,,,,,,7.930,-5.707,4.941,,,,,,,,,
1,B,16863435,2032,,,,,,,,,,,,,-3.133,40.062,-167.411,,,
1,S,16863435,2032,-2.400,47.520,-176.800,-6.963,-3.643,4.207,,,,,,,,,,,,
1,A,16866310,3299,,,,,,,7.592,-2.285,3.558,,,,,,,,,
1,B,16866822,3387,,,,,,,,,,-7.500,-3.219,4.148,,,,,,
1,S,16866822,3387,-1.440,46.880,-173.920,-7.157,-4.037,4.008,,,,,,,,,,,,
1,A,16869610,3300,,,,,,,8.788,-2.635,4.123,,,,,,,,,
1,B,16870208,3386,,,,,,,,,,,,,,,,54.688,-73.812,29.125
1,S,16870208,3386,-1.440,46.240,-171.680,-7.503,-4.003,3.763,,,,,,,,,,,,
1,A,16871910,2300,,,,,,,8.308,-5.322,4.729,,,,,,,,,
1,B,16872241,2033,,,,,,,,,,,,,-3.245,40.734,-162.711,,,
1,S,16872241,2033,-3.040,45.280,-171.360,-7.657,-3.987,3.732,,,,,,,,,,,,
1,A,16876221,4311,,,,,,,9.914,-3.559,3.088,,,,,,,,,
1,B,16876964,4723,,,,,,,,,,-8.293,-3.918,3.477,,,,,,
1,S,16876964,4723,-4.320,44.320,-167.840,-7.732,-4.223,3.812,,,,,,,,,,,,
1,A,16879520,3299,,,,,,,9.907,-4.802,4.555,,,,,,,,,
1,B,16879692,2728,,,,,,,,,,,,,,,,53.438,-72.688,29.938
1,S,16879692,2728,-7.520,43.680,-165.920,-7.643,-4.152,3.647,,,,,,,,,,,,
1,A,16881820,2300,,,,,,,9.752,-3.831,4.455,,,,,,,,,
1,B,16882401,2709,,,,,,,,,,,,,-5.036,39.950,-157.116,,,
1,S,16882401,2709,-9.120,42.720,-165.280,-7.562,-4.067,3.572,,,,,,,,,,,,
1,A,16886119,4299,,,,,,,9.801,-4.766,3.665,,,,,,,,,
1,B,16886465,4064,,,,,,,,,,-7.934,-3.820,3.293,,,,,,
1,S,16886465,4064,-10.720,43.040,-162.720,-7.652,-4.088,3.647,,,,,,,,,,,,
1,A,16888419,2300,,,,,,,7.855,-3.383,3.815,,,,,,,,,
1,B,16889155,2690,,,,,,,,,,,,,-8.393,38.160,-151.185,,,
1,S,16889155,2690,-12.000,43.040,-160.800,-7.723,-4.093,3.592,,,,,,,,,,,,
1,A,16894719,6300,,,,,,,7.520,-2.557,2.900,,,,,,,,,
1,B,16895271,6116,,,,,,,,,,-7.984,-3.852,3.121,,,,,,
1,S,16895271,6116,-12.960,41.440,-157.280,-7.918,-4.223,3.658,,,,,,,,,,,,
1,A,16897029,2310,,,,,,,9.192,-4.770,5.151,,,,,,,,,
1,B,16897303,2032,,,,,,,,,,,,,,,,54.062,-71.875,29.562
1,S,16897303,2032,-17.120,40.800,-156.000,-7.843,-4.143,3.658,,,,,,,,,,,,
1,A,16899329,2300,,,,,,,8.516,-4.181,4.075,,,,,,,,,
1,B,16900012,2709,,,,,,,,,,,,,-13.205,36.146,-145.590,,,
1,S,16900012,2709,-18.720,39.520,-155.040,-7.697,-4.103,3.623,,,,,,,,,,,,
1,A,16906629,7300,,,,,,,8.293,-4.841,3.693,,,,,,,,,
1,B,16906786,6774,,,,,,,,,,-7.949,-3.867,3.199,,,,,,
1,S,16906786,6774,-20.320,38.560,-149.600,-7.897,-4.353,3.562,,,,,,,,,,,,
1,A,16909929,3300,,,,,,,9.155,-4.387,3.226,,,,,,,,,
1,B,16910172,3386,,,,,,,,,,,,,,,,54.312,-70.562,29.125
1,S,16910172,3386,-21.280,37.920,-147.680,-7.853,-4.473,3.527,,,,,,,,,,,,
1,A,16912227,2298,,,,,,,8.806,-4.804,3.456,,,,,,,,,
1,B,16912883,2711,,,,,,,,,,,,,-17.681,34.243,-140.106,,,
1,S,16912883,2711,-22.560,37.600,-145.760,-7.808,-4.582,3.533,,,,,,,,,,,,
1,A,16918527,6300,,,,,,,9.265,-4.762,3.480,,,,,,,,,
1,B,16918979,6096,,,,,,,,,,-8.234,-4.328,3.238,,,,,,
1,S,16918979,6096,-22.880,36.320,-142.240,-7.857,-4.763,3.322,,,,,,,,,,,,
1,A,16922838,4390,,,,,,,8.489,-5.209,3.053,,,,,,,,,
1,B,16923042,4063,,,,,,,,,,,,,-20.591,32.229,-134.063,,,
1,S,16923042,4063,-23.520,35.360,-137.440,-7.878,-4.928,3.212,,,,,,,,,,,,
1,A,16922917,0,,,,,,,8.683,-5.525,3.002,,,,,,,,,
1,B,16925752,2710,,,,,,,,,,,,,,,,55.375,-71.312,29.250
1,S,16925752,2710,-24.160,34.720,-134.560,-7.838,-5.098,3.083,,,,,,,,,,,,
1,A,16927437,4520,,,,,,,8.258,-5.677,3.135,,,,,,,,,
1,B,16927785,2033,,,,,,,,,,-8.273,-4.605,3.027,,,,,,
1,S,16927785,2033,-24.480,34.080,-132.640,-7.843,-5.253,3.002,,,,,,,,,,,,
1,A,16930737,3378,,,,,,,8.676,-5.917,2.895,,,,,,,,,
1,B,16931170,3385,,,,,,,,,,,,,,,,55.625,-68.438,28.625
1,S,16931170,3385,-24.800,32.480,-129.760,-7.862,-5.518,2.893,,,,,,,,,,,,
1,A,16931148,333,,,,,,,8.598,-6.263,2.905,,,,,,,,,
1,B,16933203,2033,,,,,,,,,,,,,-22.157,30.438,-126.901,,,
1,S,16933203,2033,-24.800,31.840,-127.520,-7.872,-5.652,2.803,,,,,,,,,,,,
1,A,16933141,1993,,,,,,,8.017,-6.483,2.573,,,,,,,,,
1,B,16936590,3387,,,,,,,,,,-8.305,-5.074,2.664,,,,,,
1,S,16936590,3387,-24.800,31.520,-123.680,-7.893,-5.912,2.672,,,,,,,,,,,,
1,A,16936590,3449,,,,,,,8.429,-6.352,2.485,,,,,,,,,
1,B,16939977,3387,,,,,,,,,,,,,,,,55.875,-68.125,28.750
1,S,16939977,3387,-25.440,31.840,-119.520,-7.872,-6.213,2.567,,,,,,,,,,,,
1,A,16940115,3525,,,,,,,8.476,-6.757,2.463,,,,,,,,,
1,B,16942686,2709,,,,,,,,,,,,,-23.388,28.424,-118.620,,,
1,S,16942686,2709,-26.400,31.200,-116.000,-7.838,-6.438,2.478,,,,,,,,,,,,
1,A,16942108,1993,,,,,,,8.406,-7.075,2.513,,,,,,,,,
1,B,16946750,4064,,,,,,,,,,-8.277,-6.242,2.145,,,,,,
1,S,16946750,4064,-27.040,28.960,-110.560,-7.827,-6.742,2.373,,,,,,,,,,,,
1,A,16947090,4982,,,,,,,8.567,-7.599,2.737,,,,,,,,,
1,B,16950136,3386,,,,,,,,,,,,,,,,54.375,-67.375,29.688
1,S,16950136,3386,-28.640,27.360,-105.440,-7.843,-6.968,2.328,,,,,,,,,,,,
1,A,16950079,2989,,,,,,,8.569,-7.261,2.680,,,,,,,,,
1,B,16952169,2033,,,,,,,,,,,,,-24.955,26.186,-108.437,,,
1,S,16952169,2033,-29.600,26.720,-102.560,-7.857,-7.103,2.322,,,,,,,,,,,,
1,A,16952071,1992,,,,,,,8.412,-7.629,2.751,,,,,,,,,
1,B,16955556,3387,,,,,,,,,,-8.285,-6.742,2.039,,,,,,
1,S,16955556,3387,-30.240,25.760,-96.800,-7.907,-7.303,2.368,,,,,,,,,,,,
1,A,16956057,3986,,,,,,,8.367,-7.219,2.585,,,,,,,,,
1,B,16958943,3387,,,,,,,,,,,,,,,,54.250,-65.562,29.000
1,S,16958943,3387,-32.800,24.800,-91.040,-7.952,-7.397,2.417,,,,,,,,,,,,
1,A,16959046,2989,,,,,,,8.663,-7.690,2.880,,,,,,,,,
1,B,16960975,2032,,,,,,,,,,,,,-27.976,23.612,-96.127,,,
1,S,16960975,2032,-35.040,24.480,-87.840,-7.982,-7.402,2.447,,,,,,,,,,,,
1,A,16961038,1992,,,,,,,8.430,-7.844,2.961,,,,,,,,,
1,B,16965716,4741,,,,,,,,,,-8.457,-6.941,2.176,,,,,,
1,S,16965716,4741,-36.000,23.200,-80.480,-8.043,-7.463,2.562,,,,,,,,,,,,
1,A,16966020,6388,,,,,,,8.530,-7.173,2.726,,,,,,,,,
1,B,16967749,2033,,,,,,,,,,,,,-32.005,20.703,-81.803,,,
1,S,16967749,2033,-38.240,21.920,-77.280,-8.062,-7.497,2.607,,,,,,,,,,,,
1,A,16973663,6237,,,,,,,8.720,-7.403,2.837,,,,,,,,,
1,B,16973845,6096,,,,,,,,,,-8.527,-7.031,2.348,,,,,,
1,S,16973845,6096,-39.520,19.040,-66.080,-8.123,-7.553,2.708,,,,,,,,,,,,
1,A,16975987,2324,,,,,,,9.198,-7.650,2.801,,,,,,,,,
1,B,16976554,2709,,,,,,,,,,,,,,,,54.688,-65.438,28.562
1,S,16976554,2709,-42.400,19.040,-61.280,-8.168,-7.572,2.748,,,,,,,,,,,,
1,A,16976981,994,,,,,,,8.856,-7.762,2.898,,,,,,,,,
1,B,16978586,2032,,,,,,,,,,,,,-36.481,17.793,-66.360,,,
1,S,16978586,2032,-43.360,19.040,-57.760,-8.213,-7.582,2.743,,,,,,,,,,,,
1,A,16978974,1993,,,,,,,8.907,-7.625,2.516,,,,,,,,,
1,B,16986036,7450,,,,,,,,,,-8.621,-7.105,2.473,,,,,,
1,S,16986036,7450,-44.640,16.480,-45.280,-8.293,-7.612,2.587,,,,,,,,,,,,
1,B,16988068,2032,,,,,,,,,,,,,,,,54.625,-63.938,28.625
1,S,16988068,2032,-49.120,15.840,-42.080,-8.303,-7.628,2.547,,,,,,,,,,,,
1,A,16988938,9964,,,,,,,8.718,-8.052,2.725,,,,,,,,,
1,B,16990779,2711,,,,,,,,,,,,,-41.069,14.995,-50.917,,,
1,S,16990779,2711,-50.080,15.200,-37.920,-8.328,-7.633,2.513,,,,,,,,,,,,
1,A,16996232,7294,,,,,,,9.066,-7.641,2.541,,,,,,,,,
1,B,16997552,6773,,,,,,,,,,-8.707,-7.172,2.223,,,,,,
1,S,16997552,6773,-51.040,12.960,-27.680,-8.463,-7.607,2.458,,,,,,,,,,,,
1,B,17000261,2709,,,,,,,,,,,,,-45.210,12.422,-36.257,,,
1,S,17000261,2709,-53.280,12.640,-23.840,-8.523,-7.593,2.467,,,,,,,,,,,,
1,A,17004024,7792,,,,,,,9.077,-7.777,2.764,,,,,,,,,
1,B,17004325,4064,,,,,,,,,,-8.945,-7.117,2.250,,,,,,
1,S,17004325,4064,-53.920,12.640,-18.080,-8.582,-7.617,2.518,,,,,,,,,,,,
1,A,17006116,2092,,,,,,,9.681,-7.860,2.912,,,,,,,,,
1,B,17007713,3388,,,,,,,,,,,,,,,,54.562,-63.500,27.812
1,S,17007713,3388,-54.240,12.320,-13.280,-8.582,-7.628,2.562,,,,,,,,,,,,
1,B,17009745,2032,,,,,,,,,,,,,-48.008,10.407,-22.605,,,
1,S,17009745,2032,-54.560,12.000,-10.080,-8.572,-7.652,2.607,,,,,,,,,,,,
1,A,17013982,7866,,,,,,,9.297,-7.940,2.877,,,,,,,,,
1,B,17014486,4741,,,,,,,,,,-8.926,-7.152,2.348,,,,,,
1,S,17014486,4741,-54.560,12.000,-3.040,-8.553,-7.673,2.723,,,,,,,,,,,,
1,B,17016518,2032,,,,,,,,,,,,,,,,54.562,-63.500,27.812
1,S,17016518,2032,-54.880,11.680,-0.480,-8.557,-7.683,2.768,,,,,,,,,,,,
1,B,17019227,2709,,,,,,,,,,-9.035,-7.191,2.566,,,,,,
1,S,17019227,2709,-54.560,11.680,3.680,-8.568,-7.707,2.817,,,,,,,,,,,,
1,B,17021259,2032,,,,,,,,,,,,,-49.127,9.176,-9.288,,,
1,S,17021259,2032,-53.600,11.680,6.880,-8.523,-7.737,2.848,,,,,,,,,,,,
1,B,17025323,4064,,,,,,,,,,,,,,,,55.438,-64.562,27.875
1,S,17025323,4064,-53.280,11.360,12.960,-8.418,-7.798,2.908,,,,,,,,,,,,
1,B,17028032,2709,,,,,,,,,,-8.828,-7.289,2.672,,,,,,
1,S,17028032,2709,-52.640,12.000,16.480,-8.383,-7.832,2.942,,,,,,,,,,,,
1,B,17030065,2033,,,,,,,,,,,,,-48.343,8.952,3.805,,,
1,S,17030065,2033,-52.320,12.640,19.360,-8.377,-7.838,2.958,,,,,,,,,,,,
1,B,17034129,4064,,,,,,,,,,-8.848,-7.383,2.797,,,,,,
1,S,17034129,4064,-51.680,12.960,25.440,-8.357,-7.867,3.002,,,,,,,,,,,,
1,B,17036839,2710,,,,,,,,,,,,,,,,55.312,-65.250,28.562
1,S,17036839,2710,-50.720,12.640,29.600,-8.348,-7.897,3.038,,,,,,,,,,,,
1,B,17040225,3386,,,,,,,,,,,,,-46.441,9.400,17.010,,,
1,S,17040225,3386,-49.760,13.280,34.720,-8.322,-7.902,3.042,,,,,,,,,,,,
1,B,17044289,4064,,,,,,,,,,-8.656,-7.395,2.844,,,,,,
1,S,17044289,4064,-49.440,13.920,41.440,-8.297,-7.888,3.047,,,,,,,,,,,,
1,B,17046321,2032,,,,,,,,,,-8.699,-7.441,2.891,,,,,,
1,S,17046321,2032,-48.480,14.240,44.960,-8.287,-7.893,3.058,,,,,,,,,,,,
1,B,17049709,3388,,,,,,,,,,,,,,,,54.938,-64.625,28.250
1,S,17049709,3388,-47.200,13.920,50.720,-8.248,-7.897,3.038,,,,,,,,,,,,
1,B,17051741,2032,,,,,,,,,,,,,-44.203,10.295,30.438,,,
1,S,17051741,2032,-46.240,13.600,53.600,-8.197,-7.893,3.013,,,,,,,,,,,,
1,B,17056482,4741,,,,,,,,,,,,,,,,54.375,-64.812,28.938
1,S,17056482,4741,-46.240,14.240,59.680,-8.088,-7.832,2.897,,,,,,,,,,,,
1,B,17058514,2032,,,,,,,,,,-8.625,-7.383,2.785,,,,,,
1,S,17058514,2032,-45.920,14.560,62.560,-8.047,-7.772,2.822,,,,,,,,,,,,
1,B,17061223,2709,,,,,,,,,,-8.340,-7.203,2.547,,,,,,
1,S,17061223,2709,-45.920,14.240,66.080,-7.982,-7.707,2.732,,,,,,,,,,,,
1,B,17063934,2711,,,,,,,,,,,,,-42.189,11.079,43.979,,,
1,S,17063934,2711,-45.600,13.600,70.560,-7.928,-7.643,2.647,,,,,,,,,,,,
1,B,17066643,2709,,,,,,,,,,,,,,,,55.812,-66.625,28.812
1,S,17066643,5418,-44.960,13.280,79.200,-7.857,-7.548,2.438,,,,,,,,,,,,
1,B,17070029,3386,,,,,,,,,,-8.270,-7.078,2.230,,,,,,
1,S,17070029,677,-43.680,12.000,80.160,-7.857,-7.537,2.413,,,,,,,,,,,,
1,B,17072739,2710,,,,,,,,,,,,,-40.622,10.743,57.520,,,
1,S,17072739,2710,-43.680,11.040,83.680,-7.857,-7.513,2.312,,,,,,,,,,,,
1,B,17075448,2709,,,,,,,,,,,,,,,,55.375,-66.625,29.188
1,S,17075448,2709,-44.000,10.400,87.200,-7.867,-7.463,2.208,,,,,,,,,,,,
1,B,17078835,3387,,,,,,,,,,-8.289,-6.980,1.879,,,,,,
1,S,17078835,3387,-44.960,9.760,91.360,-7.918,-7.428,2.107,,,,,,,,,,,,
1,B,17080867,2032,,,,,,,,,,,,,-40.174,9.288,70.613,,,
1,S,17080867,2032,-45.280,8.800,94.240,-7.947,-7.412,2.083,,,,,,,,,,,,
1,B,17084932,4065,,,,,,,,,,,,,,,,55.188,-66.375,28.625
1,S,17084932,4065,-45.600,7.200,99.680,-8.012,-7.348,2.127,,,,,,,,,,,,
1,B,17088318,3386,,,,,,,,,,-8.410,-6.895,1.859,,,,,,
1,S,17088318,3386,-47.200,5.920,104.160,-8.092,-7.237,2.232,,,,,,,,,,,,
1,B,17091027,2709,,,,,,,,,,,,,-41.181,7.050,83.034,,,
1,S,17091027,2709,-48.160,5.600,107.360,-8.162,-7.128,2.333,,,,,,,,,,,,
1,B,17095091,4064,,,,,,,,,,,,,,,,55.188,-67.375,29.188
1,S,17095091,4064,-48.480,5.280,112.480,-8.248,-7.003,2.507,,,,,,,,,,,,
1,B,17097123,2032,,,,,,,,,,-8.609,-6.645,2.164,,,,,,
1,S,17097123,2032,-48.480,4.960,115.040,-8.262,-6.947,2.607,,,,,,,,,,,,
1,B,17099833,2710,,,,,,,,,,-8.660,-6.504,2.625,,,,,,
1,S,17099833,2710,-49.120,4.640,118.240,-8.268,-6.883,2.768,,,,,,,,,,,,
1,B,17103200,3367,,,,,,,,,,,,,-42.636,4.924,94.672,,,
1,S,17103200,3367,-50.400,4.640,122.400,-8.293,-6.867,2.947,,,,,,,,,,,,
1,B,17105930,2730,,,,,,,,,,,,,,,,55.625,-68.938,29.750
1,S,17105930,2730,-50.080,4.960,125.600,-8.332,-6.827,3.138,,,,,,,,,,,,
1,B,17109316,3386,,,,,,,,,,-8.695,-6.340,2.977,,,,,,
1,S,17109316,5418,-49.760,5.920,128.480,-8.342,-6.643,3.362,,,,,,,,,,,,
1,B,17112025,2709,,,,,,,,,,,,,-44.091,3.917,105.415,,,
1,S,17112025,677,-51.040,6.240,131.040,-8.318,-6.607,3.388,,,,,,,,,,,,
1,B,17116089,4064,,,,,,,,,,,,,,,,53.875,-69.000,29.250
1,S,17116089,4064,-51.360,6.560,134.880,-8.268,-6.402,3.533,,,,,,,,,,,,
1,B,17119476,3387,,,,,,,,,,,,,-45.769,4.588,115.039,,,
1,S,17119476,3387,-52.640,7.520,138.080,-8.223,-6.213,3.638,,,,,,,,,,,,
1,B,17126908,7432,,,,,,,,,,-8.633,-6.035,3.293,,,,,,
1,S,17126908,7432,-52.640,11.040,143.840,-8.193,-5.678,3.768,,,,,,,,,,,,
1,B,17128960,2052,,,,,,,,,,,,,,,,54.500,-70.875,30.375
1,S,17128960,2052,-52.000,11.680,145.440,-8.178,-5.428,3.788,,,,,,,,,,,,
1,B,17130992,2032,,,,,,,,,,,,,-46.553,6.491,123.320,,,
1,S,17130992,2032,-51.680,12.000,147.040,-8.158,-5.253,3.783,,,,,,,,,,,,
1,B,17138442,7450,,,,,,,,,,-8.484,-4.875,3.590,,,,,,
1,S,17138442,7450,-51.360,14.560,150.240,-8.143,-4.673,3.712,,,,,,,,,,,,
1,B,17141830,3388,,,,,,,,,,,,,,,,55.375,-70.875,29.875
1,S,17141830,3388,-48.160,16.160,152.160,-8.137,-4.457,3.658,,,,,,,,,,,,
1,B,17143862,2032,,,,,,,,,,,,,-45.769,9.288,129.923,,,
1,S,17143862,2032,-46.880,16.800,152.480,-8.152,-4.332,3.627,,,,,,,,,,,,
1,B,17150616,6754,,,,,,,,,,-8.539,-3.840,3.410,,,,,,
1,S,17150616,6754,-46.560,18.080,153.440,-8.318,-3.922,3.632,,,,,,,,,,,,
1,B,17154699,4083,,,,,,,,,,,,,,,,55.250,-72.000,30.000
1,S,17154699,4083,-43.680,18.720,155.040,-8.473,-3.743,3.623,,,,,,,,,,,,
1,B,17156731,2032,,,,,,,,,,,,,-43.196,12.086,134.399,,,
1,S,17156731,2032,-41.760,19.040,155.360,-8.523,-3.708,3.587,,,,,,,,,,,,
1,B,17159440,2709,,,,,,,,,,-8.785,-3.504,3.438,,,,,,
1,S,17159440,2709,-41.120,19.040,155.360,-8.568,-3.678,3.522,,,,,,,,,,,,
1,B,17163505,4065,,,,,,,,,,,,,,,,53.938,-71.000,30.312
1,S,17163505,4065,-39.840,20.000,155.680,-8.602,-3.627,3.377,,,,,,,,,,,,
1,B,17165537,2032,,,,,,,,,,,,,-39.615,14.548,137.085,,,
1,S,17165537,2032,-37.600,20.000,155.680,-8.602,-3.623,3.288,,,,,,,,,,,,
1,B,17168924,3387,,,,,,,,,,-8.887,-3.430,3.188,,,,,,
1,S,17168924,3387,-36.960,19.680,156.000,-8.588,-3.658,3.127,,,,,,,,,,,,
1,B,17172310,3386,,,,,,,,,,,,,,,,53.938,-71.000,30.312
1,S,17172310,3386,-36.320,19.680,156.320,-8.557,-3.728,2.953,,,,,,,,,,,,
1,B,17175697,3387,,,,,,,,,,,,,-35.810,16.226,138.651,,,
1,S,17175697,3387,-36.320,19.680,156.640,-8.492,-3.792,2.768,,,,,,,,,,,,
1,B,17177730,2033,,,,,,,,,,-8.840,-3.504,2.770,,,,,,
1,S,17177730,2033,-36.320,19.680,156.640,-8.457,-3.812,2.652,,,,,,,,,,,,
1,B,17181116,3386,,,,,,,,,,,,,,,,54.062,-76.062,31.938
1,S,17181116,3386,-36.000,19.360,157.280,-8.432,-3.788,2.478,,,,,,,,,,,,
1,B,17183148,2032,,,,,,,,,,,,,-33.460,16.562,139.435,,,
1,S,17183148,2032,-36.640,18.720,157.600,-8.432,-3.752,2.402,,,,,,,,,,,,
1,B,17186535,3387,,,,,,,,,,-8.699,-3.609,2.297,,,,,,
1,S,17186535,3387,-37.600,17.760,157.920,-8.398,-3.692,2.308,,,,,,,,,,,,
1,B,17189922,3387,,,,,,,,,,,,,,,,53.938,-76.188,32.250
1,S,17189922,3387,-38.240,16.800,158.240,-8.322,-3.638,2.237,,,,,,,,,,,,
1,B,17191954,2032,,,,,,,,,,,,,-33.012,15.555,139.994,,,
1,S,17191954,2032,-38.240,16.160,158.240,-8.287,-3.612,2.197,,,,,,,,,,,,
1,B,17196696,4742,,,,,,,,,,-8.625,-3.484,1.973,,,,,,
1,S,17196696,4742,-38.240,14.240,157.600,-8.203,-3.522,2.118,,,,,,,,,,,,
1,B,17198728,2032,,,,,,,,,,,,,,,,53.062,-76.375,32.312
1,S,17198728,2032,-39.200,13.280,157.600,-8.152,-3.478,2.103,,,,,,,,,,,,
1,B,17201437,2709,,,,,,,,,,,,,-34.243,13.205,140.330,,,
1,S,17201437,2709,-40.160,12.000,157.280,-8.098,-3.368,2.103,,,,,,,,,,,,
1,B,17206178,4741,,,,,,,,,,-8.324,-3.133,1.734,,,,,,
1,S,17206178,4741,-41.760,9.760,156.640,-8.037,-3.047,2.192,,,,,,,,,,,,
1,B,17208888,2710,,,,,,,,,,,,,-36.593,10.183,139.770,,,
1,S,17208888,2710,-43.040,9.120,156.000,-8.012,-2.833,2.308,,,,,,,,,,,,
1,B,17214985,6097,,,,,,,,,,-8.234,-2.574,2.012,,,,,,
1,S,17214985,6097,-43.040,7.840,153.440,-8.033,-2.283,2.598,,,,,,,,,,,,
1,B,17217015,2030,,,,,,,,,,,,,,,,52.562,-76.438,32.000
1,S,17217015,2030,-43.680,7.200,152.480,-8.068,-2.092,2.703,,,,,,,,,,,,
1,B,17219726,2711,,,,,,,,,,,,,-38.496,7.050,137.420,,,
1,S,17219726,2711,-44.000,6.560,151.200,-8.117,-1.837,2.842,,,,,,,,,,,,
1,B,17226499,6773,,,,,,,,,,-8.277,-1.879,2.473,,,,,,
1,S,17226499,6773,-43.680,5.920,146.080,-8.283,-1.248,3.183,,,,,,,,,,,,
1,B,17229208,2709,,,,,,,,,,,,,,,,52.750,-78.875,32.812
1,S,17229208,2709,-41.440,6.880,143.840,-8.322,-1.032,3.283,,,,,,,,,,,,
1,B,17231240,2032,,,,,,,,,,,,,-38.384,5.036,132.832,,,
1,S,17231240,2032,-39.840,6.880,141.920,-8.318,-0.902,3.348,,,,,,,,,,,,
1,B,17238692,7452,,,,,,,,,,-8.441,-1.168,2.902,,,,,,
1,S,17238692,7452,-38.560,6.880,133.920,-8.387,-0.552,3.498,,,,,,,,,,,,
1,B,17240724,2032,,,,,,,,,,,,,,,,52.625,-78.438,32.000
1,S,17240724,2032,-34.080,7.200,131.680,-8.412,-0.487,3.533,,,,,,,,,,,,
1,B,17244110,3386,,,,,,,,,,,,,-35.474,4.588,126.118,,,
1,S,17244110,3386,-32.480,7.840,128.160,-8.367,-0.383,3.518,,,,,,,,,,,,
1,B,17247497,3387,,,,,,,,,,-8.551,-0.508,3.324,,,,,,
1,S,17247497,3387,-29.280,8.480,124.320,-8.303,-0.297,3.413,,,,,,,,,,,,
1,B,17250884,3387,,,,,,,,,,,,,,,,52.000,-79.250,32.438
1,S,17250884,3387,-27.040,9.440,120.480,-8.297,-0.207,3.277,,,,,,,,,,,,
1,B,17252917,2033,,,,,,,,,,,,,-29.879,5.483,117.501,,,
1,S,17252917,2033,-24.800,9.760,117.920,-8.303,-0.168,3.203,,,,,,,,,,,,
1,B,17256303,3386,,,,,,,,,,-8.391,-0.277,3.141,,,,,,
1,S,17256303,3386,-23.200,10.400,114.080,-8.258,-0.168,3.107,,,,,,,,,,,,
1,B,17259690,3387,,,,,,,,,,,,,,,,51.125,-80.250,32.688
1,S,17259690,3387,-20.000,10.400,110.880,-8.213,-0.198,3.013,,,,,,,,,,,,
1,B,17261722,2032,,,,,,,,,,,,,-22.941,6.826,107.653,,,
1,S,17261722,2032,-17.120,10.720,108.640,-8.217,-0.182,2.942,,,,,,,,,,,,
1,B,17266463,4741,,,,,,,,,,-8.379,-0.184,2.891,,,,,,
1,S,17266463,4741,-15.840,12.000,102.560,-8.227,-0.087,2.797,,,,,,,,,,,,
1,B,17268495,2032,,,,,,,,,,,,,,,,50.688,-81.312,33.625
1,S,17268495,2032,-13.280,12.320,99.680,-8.232,-0.022,2.748,,,,,,,,,,,,
1,B,17270527,2032,,,,,,,,,,-8.355,-0.145,2.613,,,,,,
1,S,17270527,2032,-12.320,12.640,96.800,-8.242,0.048,2.708,,,,,,,,,,,,
1,B,17273915,3388,,,,,,,,,,,,,-16.226,8.281,96.910,,,
1,S,17273915,3388,-11.680,12.640,92.000,-8.297,0.158,2.652,,,,,,,,,,,,
1,B,17276624,2709,,,,,,,,,,-8.375,0.113,2.383,,,,,,
1,S,17276624,2709,-10.400,12.640,88.480,-8.363,0.233,2.638,,,,,,,,,,,,
1,B,17279333,2709,,,,,,,,,,,,,,,,50.375,-81.688,34.562
1,S,17279333,2709,-9.120,12.640,85.280,-8.387,0.273,2.647,,,,,,,,,,,,
1,B,17282042,2709,,,,,,,,,,-8.500,0.238,2.383,,,,,,
1,S,17282042,2709,-7.520,12.640,81.760,-8.412,0.287,2.672,,,,,,,,,,,,
1,B,17285429,3387,,,,,,,,,,,,,-10.855,9.400,85.384,,,
1,S,17285429,3387,-5.920,12.960,76.320,-8.512,0.307,2.683,,,,,,,,,,,,
1,B,17287461,2032,,,,,,,,,,,,,,,,50.750,-81.250,33.312
1,S,17287461,2032,-4.320,13.280,73.120,-8.592,0.318,2.692,,,,,,,,,,,,
1,B,17290849,3388,,,,,,,,,,,,,-6.491,10.072,73.075,,,
1,S,17290849,3388,-3.360,12.960,68.320,-8.688,0.302,2.743,,,,,,,,,,,,
1,B,17294913,4064,,,,,,,,,,-8.691,0.324,2.441,,,,,,
1,S,17294913,4064,-2.720,13.280,63.200,-8.727,0.278,2.803,,,,,,,,,,,,
1,B,17298299,3386,,,,,,,,,,,,,,,,50.875,-82.688,33.938
1,S,17298299,3386,-1.120,14.240,59.680,-8.783,0.247,2.812,,,,,,,,,,,,
1,B,17300331,2032,,,,,,,,,,,,,-2.574,10.855,60.765,,,
1,S,17300331,2032,0.800,14.560,57.120,-8.842,0.242,2.812,,,,,,,,,,,,
1,B,17307104,6773,,,,,,,,,,-8.801,0.258,2.508,,,,,,
1,S,17307104,6773,1.760,14.880,47.840,-8.957,0.307,2.808,,,,,,,,,,,,
1,B,17309136,2032,,,,,,,,,,,,,,,,49.625,-83.250,34.938
1,S,17309136,2032,5.600,15.200,45.600,-8.902,0.282,2.828,,,,,,,,,,,,
1,B,17311168,2032,,,,,,,,,,,,,1.567,11.862,48.791,,,
1,S,17311168,2032,6.240,15.520,43.360,-8.852,0.273,2.837,,,,,,,,,,,,
1,B,17318620,7452,,,,,,,,,,-8.945,0.297,2.547,,,,,,
1,S,17318620,7452,7.200,17.120,35.040,-8.857,0.217,2.757,,,,,,,,,,,,
1,B,17322006,3386,,,,,,,,,,,,,,,,49.812,-83.562,35.500
1,S,17322006,3386,11.680,17.440,31.520,-8.908,0.158,2.683,,,,,,,,,,,,
1,B,17324038,2032,,,,,,,,,,,,,5.819,12.981,37.712,,,
1,S,17324038,2032,12.640,17.760,29.280,-8.957,0.117,2.627,,,,,,,,,,,,
1,B,17330813,6775,,,,,,,,,,-9.172,-0.113,2.211,,,,,,
1,S,17330813,6775,12.640,17.760,21.920,-9.037,-0.152,2.442,,,,,,,,,,,,
1,B,17334877,4064,,,,,,,,,,,,,,,,49.812,-83.000,34.375
1,S,17334877,4064,10.080,17.120,17.440,-8.867,0.102,2.322,,,,,,,,,,,,
1,B,17336909,2032,,,,,,,,,,,,,8.952,13.876,27.529,,,
1,S,17336909,2032,9.120,16.480,15.200,-8.777,0.212,2.317,,,,,,,,,,,,
1,B,17339618,2709,,,,,,,,,,-8.930,0.113,1.953,,,,,,
1,S,17339618,7450,8.800,15.520,6.880,-8.602,0.203,2.303,,,,,,,,,,,,
1,B,17345036,5418,,,,,,,,,,,,,8.729,13.876,17.793,,,
1,S,17345036,677,5.920,13.600,6.240,-8.613,0.203,2.297,,,,,,,,,,,,
1,B,17347068,2032,,,,,,,,,,,,,,,,49.938,-83.438,35.188
1,S,17347068,2032,5.280,12.960,4.960,-8.637,0.217,2.257,,,,,,,,,,,,
1,B,17349100,2032,,,,,,,,,,-8.906,0.133,1.754,,,,,,
1,S,17349100,2032,4.000,12.320,3.360,-8.717,0.168,2.212,,,,,,,,,,,,
1,B,17353843,4743,,,,,,,,,,,,,,,,49.375,-83.062,34.750
1,S,17353843,4743,2.720,11.040,-1.760,-9.107,-0.013,2.212,,,,,,,,,,,,
1,B,17355875,2032,,,,,,,,,,,,,6.043,12.198,8.281,,,
1,S,17355875,2032,-1.440,10.720,-4.320,-9.137,0.058,2.167,,,,,,,,,,,,
1,B,17357907,2032,,,,,,,,,,,,,,,,49.812,-83.562,34.750
1,S,17357907,2032,-3.680,10.080,-6.880,-9.047,0.253,2.098,,,,,,,,,,,,
1,B,17361293,3386,,,,,,,,,,-9.059,0.316,1.637,,,,,,
1,S,17361293,3386,-5.600,8.480,-10.080,-8.838,0.603,1.992,,,,,,,,,,,,
1,B,17364680,3387,,,,,,,,,,,,,0.448,9.960,-1.119,,,
1,S,17364680,3387,-7.840,7.200,-12.960,-8.633,0.917,1.817,,,,,,,,,,,,
1,B,17368066,3386,,,,,,,,,,-8.785,1.016,1.484,,,,,,
1,S,17368066,3386,-8.160,5.280,-16.480,-8.578,1.058,1.653,,,,,,,,,,,,
1,B,17371454,3388,,,,,,,,,,,,,,,,50.188,-82.062,33.688
1,S,17371454,3388,-7.840,2.720,-20.320,-8.582,1.032,1.528,,,,,,,,,,,,
1,B,17374841,3387,,,,,,,,,,,,,-4.812,6.602,-10.183,,,
1,S,17374841,3387,-6.880,-0.480,-24.160,-8.617,0.787,1.472,,,,,,,,,,,,
1,B,17376873,2032,,,,,,,,,,-8.711,0.930,1.195,,,,,,
1,S,17376873,2032,-6.560,-1.760,-26.400,-8.672,0.562,1.468,,,,,,,,,,,,
1,B,17380259,3386,,,,,,,,,,,,,,,,50.250,-82.500,33.812
1,S,17380259,3386,-7.200,-3.360,-29.280,-8.807,0.367,1.347,,,,,,,,,,,,
1,B,17382291,2032,,,,,,,,,,,,,-7.610,1.679,-19.472,,,
1,S,17382291,2032,-8.160,-4.640,-31.200,-8.822,0.273,1.268,,,,,,,,,,,,
1,B,17385679,3388,,,,,,,,,,-8.797,0.336,0.891,,,,,,
1,S,17385679,3388,-8.800,-6.880,-34.400,-8.922,-0.028,1.343,,,,,,,,,,,,
1,B,17389065,3386,,,,,,,,,,,,,,,,50.188,-83.625,34.688
1,S,17389065,3386,-10.720,-8.480,-36.640,-8.992,-0.092,1.323,,,,,,,,,,,,
1,B,17391097,2032,,,,,,,,,,,,,-9.960,-4.141,-28.200,,,
1,S,17391097,2032,-12.320,-9.760,-38.240,-9.002,-0.092,1.268,,,,,,,,,,,,
1,B,17395839,4742,,,,,,,,,,-9.156,0.020,0.910,,,,,,
1,S,17395839,4742,-13.280,-13.920,-42.080,-9.123,-0.217,1.312,,,,,,,,,,,,
1,B,17397871,2032,,,,,,,,,,,,,,,,50.188,-83.625,34.688
1,S,17397871,2032,-15.520,-15.840,-43.360,-9.172,-0.307,1.308,,,,,,,,,,,,
1,B,17399903,2032,,,,,,,,,,-9.410,-0.152,1.035,,,,,,
1,S,17399903,2032,-15.840,-17.440,-44.320,-9.203,-0.323,1.272,,,,,,,,,,,,
1,B,17402612,2709,,,,,,,,,,,,,-12.533,-10.183,-35.698,,,
1,S,17402612,5419,-15.840,-19.040,-46.240,-9.363,-0.623,1.268,,,,,,,,,,,,
1,B,17406000,3388,,,,,,,,,,-9.613,-0.566,1.004,,,,,,
1,S,17406000,678,-15.520,-20.320,-46.560,-9.383,-0.662,1.268,,,,,,,,,,,,
1,B,17408709,2709,,,,,,,,,,,,,,,,49.562,-81.188,33.938
1,S,17408709,2709,-15.520,-21.920,-48.160,-9.402,-0.902,1.312,,,,,,,,,,,,
1,B,17411418,2709,,,,,,,,,,,,,-14.100,-16.003,-41.293,,,
1,S,17411418,2709,-15.520,-23.200,-48.480,-9.518,-1.107,1.353,,,,,,,,,,,,
1,B,17415482,4064,,,,,,,,,,-9.762,-0.938,1.043,,,,,,
1,S,17415482,4064,-15.200,-24.800,-47.840,-9.637,-1.117,1.232,,,,,,,,,,,,
1,B,17418191,2709,,,,,,,,,,,,,,,,50.562,-82.062,33.625
1,S,17418191,2709,-14.240,-26.400,-48.480,-9.738,-1.192,1.242,,,,,,,,,,,,
1,B,17420223,2032,,,,,,,,,,-10.145,-1.082,1.062,,,,,,
1,S,17420223,2032,-12.960,-27.040,-48.480,-9.873,-1.222,1.272,,,,,,,,,,,,
1,B,17423611,3388,,,,,,,,,,,,,-13.988,-21.150,-44.539,,,
1,S,17423611,3388,-12.000,-28.000,-48.480,-9.932,-1.127,1.183,,,,,,,,,,,,
1,B,17425643,2032,,,,,,,,,,,,,,,,51.375,-81.062,32.625
1,S,17425643,2032,-10.400,-29.280,-48.480,-9.957,-1.093,1.147,,,,,,,,,,,,
1,B,17429029,3386,,,,,,,,,,-10.172,-0.969,1.074,,,,,,
1,S,17429029,3386,-9.440,-30.560,-48.480,-9.957,-1.117,1.192,,,,,,,,,,,,
1,B,17431061,2032,,,,,,,,,,,,,-11.302,-25.291,-45.769,,,
1,S,17431061,2032,-6.880,-31.520,-48.160,-9.947,-1.127,1.143,,,,,,,,,,,,
1,B,17435803,4742,,,,,,,,,,,,,,,,50.500,-81.562,34.250
1,S,17435803,4742,-5.280,-34.080,-48.480,-10.002,-0.983,0.938,,,,,,,,,,,,
1,B,17439170,3367,,,,,,,,,,-10.258,-0.812,0.832,,,,,,
1,S,17439170,3367,-3.040,-35.680,-49.440,-10.082,-1.143,1.038,,,,,,,,,,,,
1,B,17441221,2051,,,,,,,,,,,,,-6.938,-28.984,-45.993,,,
1,S,17441221,2051,-1.760,-35.680,-49.120,-10.178,-1.137,1.058,,,,,,,,,,,,
1,B,17445286,4065,,,,,,,,,,,,,,,,51.312,-80.562,33.250
1,S,17445286,6097,-0.480,-36.320,-49.440,-10.193,-1.133,1.173,,,,,,,,,,,,
1,B,17447996,2710,,,,,,,,,,-10.309,-0.977,0.766,,,,,,
1,S,17447996,678,1.440,-36.960,-49.440,-10.217,-1.143,1.232,,,,,,,,,,,,
1,B,17450027,2031,,,,,,,,,,-10.430,-0.844,1.195,,,,,,
1,S,17450027,2031,1.440,-37.280,-49.440,-10.258,-1.143,1.387,,,,,,,,,,,,
1,B,17452059,2032,,,,,,,,,,,,,-2.238,-32.229,-46.441,,,
1,S,17452059,2032,2.080,-38.240,-49.760,-10.322,-1.008,1.512,,,,,,,,,,,,
1,B,17455446,3387,,,,,,,,,,,,,,,,50.250,-81.438,34.000
1,S,17455446,3387,3.040,-39.520,-50.720,-10.537,-0.877,1.798,,,,,,,,,,,,
1,B,17458834,3388,,,,,,,,,,-10.918,-0.719,1.840,,,,,,
1,S,17458834,3388,5.280,-39.520,-51.360,-10.748,-0.873,2.078,,,,,,,,,,,,
1,B,17460866,2032,,,,,,,,,,,,,2.238,-34.467,-47.112,,,
1,S,17460866,2032,7.520,-39.200,-51.680,-10.807,-0.892,2.208,,,,,,,,,,,,
1,B,17465607,4741,,,,,,,,,,,,,,,,51.750,-81.062,33.250
1,S,17465607,4741,8.480,-37.280,-51.040,-10.877,-1.183,2.623,,,,,,,,,,,,
1,B,17468994,3387,,,,,,,,,,-11.285,-1.043,2.500,,,,,,
1,S,17468994,3387,10.400,-35.680,-51.040,-10.887,-1.407,2.842,,,,,,,,,,,,
1,B,17471025,2031,,,,,,,,,,,,,6.602,-34.467,-47.784,,,
1,S,17471025,2031,12.320,-34.720,-51.040,-10.873,-1.542,2.987,,,,,,,,,,,,
1,B,17475089,4064,,,,,,,,,,,,,,,,51.500,-80.312,32.625
1,S,17475089,4064,13.600,-32.480,-50.080,-10.863,-1.782,3.342,,,,,,,,,,,,
1,B,17478477,3388,,,,,,,,,,-11.129,-1.562,3.066,,,,,,
1,S,17478477,3388,15.200,-30.560,-49.440,-10.762,-1.887,3.592,,,,,,,,,,,,
1,B,17480509,2032,,,,,,,,,,,,,10.519,-31.669,-47.000,,,
1,S,17480509,2032,16.160,-28.960,-48.800,-10.633,-1.952,3.752,,,,,,,,,,,,
1,B,17485250,4741,,,,,,,,,,,,,,,,51.875,-79.312,32.000
1,S,17485250,4741,16.480,-25.120,-45.600,-10.502,-2.163,4.062,,,,,,,,,,,,
1,B,17487282,2032,,,,,,,,,,-10.785,-1.887,3.590,,,,,,
1,S,17487282,2032,16.480,-23.840,-44.320,-10.422,-2.178,4.093,,,,,,,,,,,,
1,B,17489992,2710,,,,,,,,,,-10.535,-2.078,3.965,,,,,,
1,S,17489992,2710,16.160,-21.920,-43.360,-10.252,-2.303,4.258,,,,,,,,,,,,
1,B,17492023,2031,,,,,,,,,,,,,12.533,-26.186,-44.650,,,
1,S,17492023,2031,15.520,-20.000,-42.720,-10.178,-2.388,4.418,,,,,,,,,,,,
1,B,17496087,4064,,,,,,,,,,,,,,,,51.375,-79.938,32.812
1,S,17496087,4064,14.560,-16.160,-41.120,-9.912,-2.248,4.428,,,,,,,,,,,,
1,B,17499475,3388,,,,,,,,,,-10.062,-2.020,4.090,,,,,,
1,S,17499475,3388,12.640,-13.600,-41.120,-9.668,-2.167,4.543,,,,,,,,,,,,
1,B,17501507,2032,,,,,,,,,,,,,11.191,-19.360,-41.405,,,
1,S,17501507,2032,9.120,-11.680,-40.160,-9.578,-2.127,4.588,,,,,,,,,,,,
1,B,17506248,4741,,,,,,,,,,,,,,,,50.875,-79.000,32.688
1,S,17506248,4741,7.520,-7.840,-38.560,-9.367,-1.837,4.183,,,,,,,,,,,,
1,B,17509635,3387,,,,,,,,,,-9.480,-1.703,3.812,,,,,,
1,S,17509635,3387,4.960,-5.920,-37.920,-9.373,-1.833,4.082,,,,,,,,,,,,
1,B,17511667,2032,,,,,,,,,,,,,7.274,-12.310,-38.384,,,
1,S,17511667,2032,4.320,-4.640,-37.600,-9.393,-1.778,3.967,,,,,,,,,,,,
1,B,17515732,4065,,,,,,,,,,,,,,,,51.312,-79.500,32.688
1,S,17515732,4065,3.680,-3.040,-37.920,-9.408,-1.623,3.667,,,,,,,,,,,,
1,B,17518441,2709,,,,,,,,,,-9.754,-1.418,3.430,,,,,,
1,S,17518441,2709,2.400,-2.400,-37.600,-9.393,-1.657,3.672,,,,,,,,,,,,
1,B,17520473,2032,,,,,,,,,,,,,3.917,-6.267,-36.369,,,
1,S,17520473,2032,2.400,-1.120,-36.960,-9.367,-1.673,3.612,,,,,,,,,,,,
1,B,17524537,4064,,,,,,,,,,-9.777,-1.406,3.246,,,,,,
1,S,17524537,4064,3.040,1.440,-36.320,-9.377,-1.647,3.303,,,,,,,,,,,,
1,B,17527246,2709,,,,,,,,,,,,,,,,52.500,-80.125,32.500
1,S,17527246,2709,4.960,1.760,-36.320,-9.307,-1.627,3.257,,,,,,,,,,,,
1,B,17530633,3387,,,,,,,,,,-9.512,-1.551,3.047,,,,,,
1,S,17530633,3387,5.600,2.400,-36.960,-9.252,-1.708,3.353,,,,,,,,,,,,
1,B,17533342,2709,,,,,,,,,,,,,2.910,-1.790,-35.250,,,
1,S,17533342,2709,6.240,3.360,-37.280,-9.273,-1.647,3.223,,,,,,,,,,,,
1,B,17536051,2709,,,,,,,,,,,,,,,,52.562,-79.062,31.688
1,S,17536051,2709,6.880,3.680,-37.600,-9.277,-1.657,3.112,,,,,,,,,,,,
1,B,17539439,3388,,,,,,,,,,-9.551,-1.570,2.855,,,,,,
1,S,17539439,3388,7.840,4.000,-36.960,-9.393,-1.792,3.092,,,,,,,,,,,,
1,A,17539189,525207,,,,,,,9.282,-2.611,3.304,,,,,,,,,
1,B,17541471,2032,,,,,,,,,,,,,4.364,1.231,-35.027,,,
1,S,17541471,2032,9.440,4.320,-36.640,-9.453,-1.867,3.062,,,,,,,,,,,,
1,A,17545395,6206,,,,,,,11.941,-1.757,2.972,,,,,,,,,
1,B,17545535,4064,,,,,,,,,,,,,,,,51.938,-78.812,32.312
1,S,17545535,4064,10.400,4.320,-36.960,-9.557,-2.062,3.038,,,,,,,,,,,,
1,A,17547695,2300,,,,,,,9.653,-3.857,2.382,,,,,,,,,
1,B,17548244,2709,,,,,,,,,,-9.762,-1.801,2.770,,,,,,
1,S,17548244,2709,11.680,4.960,-36.000,-9.617,-2.192,3.042,,,,,,,,,,,,
1,A,17549995,2300,,,,,,,10.092,-3.116,2.914,,,,,,,,,
1,B,17550276,2032,,,,,,,,,,,,,7.050,2.798,-34.579,,,
1,S,17550276,2032,12.000,5.280,-35.360,-9.582,-2.248,2.942,,,,,,,,,,,,
1,A,17555293,5298,,,,,,,11.016,-3.177,2.471,,,,,,,,,
1,B,17555696,5420,,,,,,,,,,-9.836,-2.117,2.566,,,,,,
1,S,17555696,5420,12.000,4.640,-34.720,-9.457,-2.473,2.692,,,,,,,,,,,,
1,A,17557593,2300,,,,,,,9.959,-2.809,3.001,,,,,,,,,
1,B,17557728,2032,,,,,,,,,,,,,,,,51.438,-78.375,32.562
1,S,17557728,2032,11.360,4.640,-34.080,-9.393,-2.572,2.562,,,,,,,,,,,,
1,A,17559893,2300,,,,,,,11.140,-3.151,2.679,,,,,,,,,
1,B,17560437,2709,,,,,,,,,,-9.469,-2.520,2.020,,,,,,
1,S,17560437,2709,11.040,4.640,-33.120,-9.303,-2.723,2.393,,,,,,,,,,,,
1,A,17563204,3311,,,,,,,9.455,-2.830,1.576,,,,,,,,,
1,B,17563824,3387,,,,,,,,,,,,,8.505,3.357,-33.460,,,
1,S,17563824,3387,10.400,4.000,-31.840,-9.242,-2.873,2.243,,,,,,,,,,,,
1,A,17565503,2299,,,,,,,9.842,-3.438,1.980,,,,,,,,,
1,B,17565856,2032,,,,,,,,,,,,,,,,52.188,-78.500,32.438
1,S,17565856,2032,9.760,3.680,-30.880,-9.207,-2.913,2.147,,,,,,,,,,,,
1,A,17568803,3300,,,,,,,10.541,-2.955,2.347,,,,,,,,,
1,B,17569242,3386,,,,,,,,,,-9.508,-2.664,1.715,,,,,,
1,S,17569242,3386,9.440,2.720,-29.280,-9.172,-2.938,2.002,,,,,,,,,,,,
1,A,17571101,2298,,,,,,,9.962,-3.877,2.069,,,,,,,,,
1,B,17571274,2032,,,,,,,,,,,,,8.281,2.686,-31.110,,,
1,S,17571274,2032,8.480,2.080,-28.320,-9.162,-2.958,1.952,,,,,,,,,,,,
1,A,17575401,4300,,,,,,,9.526,-3.606,1.952,,,,,,,,,
1,B,17576016,4742,,,,,,,,,,,,,,,,53.625,-78.312,31.188
1,S,17576016,7452,7.840,0.160,-25.120,-9.127,-3.092,1.722,,,,,,,,,,,,
1,A,17578701,3300,,,,,,,10.538,-2.950,1.908,,,,,,,,,
1,B,17579403,3387,,,,,,,,,,-9.457,-2.824,1.438,,,,,,
1,S,17579403,677,4.320,-1.120,-24.800,-9.127,-3.112,1.718,,,,,,,,,,,,
1,A,17581011,2310,,,,,,,9.794,-3.475,1.904,,,,,,,,,
1,B,17581435,2032,,,,,,,,,,,,,6.379,0.895,-27.641,,,
1,S,17581435,2032,4.000,-1.760,-23.520,-9.133,-3.178,1.718,,,,,,,,,,,,
1,A,17585311,4300,,,,,,,9.161,-3.559,2.380,,,,,,,,,
1,B,17585499,4064,,,,,,,,,,,,,,,,52.375,-77.250,31.250
1,S,17585499,4064,3.680,-3.040,-21.600,-9.143,-3.297,1.732,,,,,,,,,,,,
1,A,17587611,2300,,,,,,,9.829,-3.324,1.927,,,,,,,,,
1,B,17588208,2709,,,,,,,,,,-9.438,-2.969,1.379,,,,,,
1,S,17588208,2709,2.400,-4.000,-20.320,-9.127,-3.357,1.782,,,,,,,,,,,,
1,A,17589911,2300,,,,,,,9.679,-3.903,2.038,,,,,,,,,
1,B,17590240,2032,,,,,,,,,,-9.473,-3.160,1.512,,,,,,
1,S,17590240,2032,0.160,-4.320,-19.040,-9.127,-3.382,1.863,,,,,,,,,,,,
1,A,17593209,3298,,,,,,,10.286,-3.291,2.449,,,,,,,,,
1,B,17593628,3388,,,,,,,,,,,,,3.021,-1.902,-23.500,,,
1,S,17593628,3388,-1.440,-4.960,-17.440,-9.152,-3.408,1.962,,,,,,,,,,,,
1,A,17595509,2300,,,,,,,9.910,-3.935,2.582,,,,,,,,,
1,B,17595660,2032,,,,,,,,,,,,,,,,52.188,-78.500,32.375
1,S,17595660,2032,-3.360,-5.600,-16.480,-9.168,-3.382,2.018,,,,,,,,,,,,
1,A,17598821,3312,,,,,,,10.339,-3.574,2.894,,,,,,,,,
1,B,17599046,3386,,,,,,,,,,-9.410,-3.094,1.773,,,,,,
1,S,17599046,3386,-4.000,-6.880,-15.200,-9.213,-3.382,2.167,,,,,,,,,,,,
1,A,17601118,2297,,,,,,,9.555,-3.408,2.264,,,,,,,,,
1,B,17601756,2710,,,,,,,,,,,,,-1.567,-4.812,-19.024,,,
1,S,17601756,2710,-5.280,-7.520,-14.240,-9.262,-3.357,2.288,,,,,,,,,,,,
1,A,17605418,4300,,,,,,,11.247,-4.215,3.445,,,,,,,,,
1,B,17605820,4064,,,,,,,,,,,,,,,,52.875,-77.125,31.562
1,S,17605820,4064,-6.560,-7.840,-12.960,-9.348,-3.308,2.473,,,,,,,,,,,,
1,A,17608718,3300,,,,,,,10.051,-3.197,2.532,,,,,,,,,
1,B,17609207,3387,,,,,,,,,,-9.625,-3.055,2.184,,,,,,
1,S,17609207,3387,-8.480,-8.160,-11.680,-9.473,-3.292,2.667,,,,,,,,,,,,
1,A,17611017,2299,,,,,,,11.188,-3.457,3.011,,,,,,,,,
1,B,17611239,2032,,,,,,,,,,,,,-6.267,-6.938,-15.107,,,
1,S,17611239,2032,-9.440,-8.480,-11.040,-9.547,-3.248,2.728,,,,,,,,,,,,
1,A,17615316,4299,,,,,,,10.528,-3.016,2.930,,,,,,,,,
1,B,17615981,4742,,,,,,,,,,,,,,,,51.812,-76.812,31.562
1,S,17615981,4742,-9.760,-7.840,-9.440,-9.748,-3.143,2.837,,,,,,,,,,,,
1,A,17618627,3311,,,,,,,11.448,-3.353,3.558,,,,,,,,,
1,B,17619367,3386,,,,,,,,,,-9.965,-2.891,2.520,,,,,,
1,S,17619367,3386,-10.720,-7.200,-9.120,-9.863,-3.123,2.938,,,,,,,,,,,,
1,A,17620927,2300,,,,,,,11.091,-3.682,3.107,,,,,,,,,
1,B,17621399,2032,,,,,,,,,,,,,-8.841,-7.722,-11.638,,,
1,S,17621399,2032,-10.720,-6.240,-8.480,-9.922,-3.138,2.967,,,,,,,,,,,,
1,A,17625225,4298,,,,,,,10.827,-3.846,2.824,,,,,,,,,
1,B,17625464,4065,,,,,,,,,,-10.195,-2.891,2.750,,,,,,
1,S,17625464,4065,-10.080,-4.640,-6.240,-10.018,-3.237,2.947,,,,,,,,,,,,
1,A,17627525,2300,,,,,,,11.218,-3.807,2.578,,,,,,,,,
1,B,17628173,2709,,,,,,,,,,,,,,,,52.500,-77.500,31.812
1,S,17628173,2709,-8.160,-3.360,-4.640,-10.008,-3.317,2.877,,,,,,,,,,,,
1,A,17629825,2300,,,,,,,11.896,-3.919,3.457,,,,,,,,,
1,B,17630205,2032,,,,,,,,,,-10.121,-3.133,2.566,,,,,,
1,S,17630205,2032,-6.240,-2.720,-3.680,-9.932,-3.377,2.828,,,,,,,,,,,,
1,A,17632123,2298,,,,,,,9.340,-3.632,2.430,,,,,,,,,
1,B,17632237,2032,,,,,,,,,,,,,-8.617,-6.602,-8.617,,,
1,S,17632237,2032,-5.280,-1.760,-3.040,-9.857,-3.438,2.783,,,,,,,,,,,,
1,A,17635435,3312,,,,,,,10.294,-4.214,2.839,,,,,,,,,
1,B,17635624,3387,,,,,,,,,,,,,,,,52.812,-78.750,32.562
1,S,17635624,3387,-4.640,-1.120,-2.080,-9.723,-3.522,2.632,,,,,,,,,,,,
1,A,17638734,3299,,,,,,,10.479,-4.278,2.434,,,,,,,,,
1,B,17639010,3386,,,,,,,,,,-9.898,-3.352,2.230,,,,,,
1,S,17639010,3386,-4.320,-1.440,-1.760,-9.602,-3.638,2.438,,,,,,,,,,,,
1,A,17641032,2298,,,,,,,10.398,-4.367,2.910,,,,,,,,,
1,B,17641720,2710,,,,,,,,,,,,,-6.602,-4.588,-5.595,,,
1,S,17641720,2710,-4.000,-1.440,-1.120,-9.533,-3.752,2.328,,,,,,,,,,,,
1,A,17645332,4300,,,,,,,9.740,-4.415,2.424,,,,,,,,,
1,B,17645785,4065,,,,,,,,,,,,,,,,52.875,-78.125,32.125
1,S,17645785,4065,-3.680,-1.440,0.480,-9.412,-3.877,2.217,,,,,,,,,,,,
1,A,17648632,3300,,,,,,,10.593,-3.556,1.951,,,,,,,,,
1,B,17649171,3386,,,,,,,,,,-9.645,-3.609,1.945,,,,,,
1,S,17649171,3386,-3.360,-2.080,2.400,-9.332,-3.958,2.167,,,,,,,,,,,,
1,A,17650932,2300,,,,,,,9.001,-4.608,1.896,,,,,,,,,
1,B,17651203,2032,,,,,,,,,,,,,-4.812,-3.133,-2.350,,,
1,S,17651203,6096,-3.360,-2.400,5.280,-9.197,-4.008,2.087,,,,,,,,,,,,
1,A,17655242,4310,,,,,,,10.437,-4.313,2.447,,,,,,,,,
1,B,17655945,4742,,,,,,,,,,,,,,,,52.688,-78.875,32.125
1,S,17655945,678,-3.360,-3.040,5.600,-9.188,-4.008,2.087,,,,,,,,,,,,
1,A,17657542,2300,,,,,,,10.447,-3.785,2.321,,,,,,,,,
1,B,17657977,2032,,,,,,,,,,-9.496,-3.688,1.742,,,,,,
1,S,17657977,2032,-3.360,-3.040,6.560,-9.158,-4.013,2.098,,,,,,,,,,,,
1,A,17659842,2300,,,,,,,9.509,-4.586,2.292,,,,,,,,,
1,B,17660008,2031,,,,,,,,,,-9.379,-3.695,1.820,,,,,,
1,S,17660008,2031,-3.680,-3.360,7.520,-9.133,-4.003,2.112,,,,,,,,,,,,
1,A,17662140,2298,,,,,,,10.069,-3.933,2.247,,,,,,,,,
1,B,17662719,2711,,,,,,,,,,,,,-4.141,-2.798,1.455,,,
1,S,17662719,2711,-4.000,-3.360,9.120,-9.117,-3.982,2.158,,,,,,,,,,,,
1,A,17665440,3300,,,,,,,9.870,-4.541,2.608,,,,,,,,,
1,B,17666105,3386,,,,,,,,,,,,,,,,53.188,-79.812,32.250
1,S,17666105,3386,-4.640,-4.000,11.040,-9.123,-3.958,2.232,,,,,,,,,,,,
1,A,17668740,3300,,,,,,,10.069,-4.249,2.696,,,,,,,,,
1,B,17669492,3387,,,,,,,,,,-9.379,-3.609,2.000,,,,,,
1,S,17669492,3387,-4.640,-4.640,12.320,-9.113,-3.922,2.297,,,,,,,,,,,,
1,A,17671050,2310,,,,,,,9.972,-3.918,2.387,,,,,,,,,
1,B,17671524,2032,,,,,,,,,,,,,-4.141,-3.581,5.595,,,
1,S,17671524,2032,-4.320,-5.280,12.960,-9.102,-3.897,2.337,,,,,,,,,,,,
1,A,17675350,4300,,,,,,,10.069,-4.125,2.664,,,,,,,,,
1,B,17675588,4064,,,,,,,,,,,,,,,,53.938,-78.938,31.562
1,S,17675588,4064,-4.000,-5.920,14.880,-9.037,-3.868,2.447,,,,,,,,,,,,
1,A,17678650,3300,,,,,,,10.072,-3.844,2.512,,,,,,,,,
1,B,17678976,3388,,,,,,,,,,-9.340,-3.602,2.211,,,,,,
1,S,17678976,3388,-4.000,-5.920,16.800,-9.018,-3.888,2.553,,,,,,,,,,,,
1,A,17680950,2300,,,,,,,9.976,-4.328,2.882,,,,,,,,,
1,B,17681685,2709,,,,,,,,,,,,,-4.252,-4.700,9.848,,,
1,S,17681685,2709,-4.000,-4.960,18.400,-9.037,-3.848,2.572,,,,,,,,,,,,
1,A,17685249,4299,,,,,,,9.951,-4.184,2.890,,,,,,,,,
1,B,17685749,4064,,,,,,,,,,,,,,,,52.625,-77.438,31.500
1,S,17685749,4064,-4.000,-5.280,20.000,-9.102,-3.822,2.598,,,,,,,,,,,,
1,A,17688549,3300,,,,,,,10.203,-3.721,2.768,,,,,,,,,
1,B,17689135,3386,,,,,,,,,,-9.328,-3.555,2.328,,,,,,
1,S,17689135,3386,-3.360,-5.920,20.960,-9.137,-3.848,2.688,,,,,,,,,,,,
1,A,17690860,2311,,,,,,,9.850,-4.301,3.023,,,,,,,,,
1,B,17691167,2032,,,,,,,,,,,,,-3.917,-5.483,13.876,,,
1,S,17691167,2032,-2.080,-5.920,21.600,-9.127,-3.837,2.723,,,,,,,,,,,,
1,A,17695160,4378,,,,,,,11.890,-5.976,3.991,,,,,,,,,
1,B,17695909,4742,,,,,,,,,,-9.410,-3.555,2.488,,,,,,
1,S,17695909,4742,-1.440,-4.960,24.160,-9.303,-4.008,2.688,,,,,,,,,,,,
1,A,17695238,0,,,,,,,9.356,-2.061,2.734,,,,,,,,,
1,B,17697942,2033,,,,,,,,,,,,,,,,54.312,-79.938,31.938
1,S,17697942,2033,-1.120,-5.920,25.440,-9.348,-4.147,2.538,,,,,,,,,,,,
1,A,17699760,4522,,,,,,,8.576,-4.860,3.298,,,,,,,,,
1,B,17699974,2032,,,,,,,,,,-9.543,-3.648,2.184,,,,,,
1,S,17699974,2032,-2.400,-7.520,25.440,-9.287,-4.013,2.453,,,,,,,,,,,,
1,A,17702058,2298,,,,,,,10.405,-3.015,2.739,,,,,,,,,
1,B,17702683,2709,,,,,,,,,,,,,-3.469,-6.267,17.793,,,
1,S,17702683,2709,-4.000,-9.440,25.440,-9.213,-3.817,2.638,,,,,,,,,,,,
1,A,17702336,278,,,,,,,9.682,-3.884,2.818,,,,,,,,,
1,B,17706747,4064,,,,,,,,,,,,,,,,53.750,-78.125,31.625
1,S,17706747,4064,-4.640,-8.160,28.000,-8.988,-3.473,2.728,,,,,,,,,,,,
1,A,17706748,4412,,,,,,,8.979,-3.565,2.728,,,,,,,,,
1,B,17710133,3386,,,,,,,,,,-9.012,-3.188,2.508,,,,,,
1,S,17710133,3386,-2.080,-6.240,28.960,-8.893,-3.547,2.737,,,,,,,,,,,,
1,A,17710134,3386,,,,,,,10.032,-3.155,2.488,,,,,,,,,
1,B,17712165,2032,,,,,,,,,,,,,-2.462,-6.714,21.374,,,
1,S,17712165,2032,1.120,-5.600,30.240,-8.902,-3.678,2.792,,,,,,,,,,,,
1,A,17712166,2032,,,,,,,9.949,-4.414,3.503,,,,,,,,,
1,B,17716908,4743,,,,,,,,,,,,,,,,53.438,-79.000,31.938
1,S,17716908,4743,2.720,-5.600,31.520,-8.793,-3.638,2.792,,,,,,,,,,,,
1,A,17717282,5116,,,,,,,9.405,-3.799,2.756,,,,,,,,,
1,B,17720294,3386,,,,,,,,,,-9.004,-3.363,2.605,,,,,,
1,S,17720294,3386,4.960,-5.600,32.160,-8.822,-3.703,2.953,,,,,,,,,,,,
1,A,17720271,2989,,,,,,,9.679,-3.780,3.304,,,,,,,,,
1,B,17722326,2032,,,,,,,,,,,,,0.560,-6.491,24.395,,,
1,S,17722326,2032,6.240,-4.960,32.800,-8.793,-3.683,2.973,,,,,,,,,,,,
1,A,17722264,1993,,,,,,,9.654,-4.007,3.991,,,,,,,,,
1,B,17726390,4064,,,,,,,,,,-8.973,-3.430,2.738,,,,,,
1,S,17726390,4064,6.880,-4.640,33.440,-8.793,-3.692,3.058,,,,,,,,,,,,
1,A,17727246,4982,,,,,,,9.382,-3.575,3.181,,,,,,,,,
1,B,17729099,2709,,,,,,,,,,,,,,,,53.375,-79.125,32.250
1,S,17729099,2709,7.520,-4.000,34.720,-8.828,-3.688,3.132,,,,,,,,,,,,
1,A,17729238,1992,,,,,,,10.276,-3.675,3.817,,,,,,,,,
1,B,17731131,2032,,,,,,,,,,-9.043,-3.312,2.824,,,,,,
1,S,17731131,2032,7.840,-3.040,35.360,-8.812,-3.612,3.127,,,,,,,,,,,,
1,A,17731231,1993,,,,,,,10.215,-3.289,3.291,,,,,,,,,
1,B,17734518,3387,,,,,,,,,,,,,3.581,-5.595,26.857,,,
1,S,17734518,3387,7.520,-2.080,34.720,-8.887,-3.553,3.237,,,,,,,,,,,,
1,A,17734220,2989,,,,,,,10.238,-3.488,3.513,,,,,,,,,
1,B,17736551,2033,,,,,,,,,,,,,,,,52.438,-78.750,31.938
1,S,17736551,2033,6.560,-1.440,34.720,-8.953,-3.527,3.322,,,,,,,,,,,,
1,A,17737209,2989,,,,,,,10.348,-3.259,3.772,,,,,,,,,
1,B,17739938,3387,,,,,,,,,,-9.184,-3.168,3.035,,,,,,
1,S,17739938,3387,5.920,-0.480,34.720,-8.992,-3.397,3.362,,,,,,,,,,,,
1,A,17742038,4829,,,,,,,9.920,-3.902,3.784,,,,,,,,,
1,B,17742647,2709,,,,,,,,,,,,,5.036,-4.141,28.648,,,
1,S,17742647,2709,5.600,0.160,35.360,-9.037,-3.337,3.433,,,,,,,,,,,,
1,A,17742648,4322,,,,,,,10.044,-3.724,3.851,,,,,,,,,
1,B,17746711,4064,,,,,,,,,,,,,,,,52.625,-78.438,32.000
1,S,17746711,4064,5.920,1.120,35.680,-9.047,-3.283,3.487,,,,,,,,,,,,
1,A,17747173,813,,,,,,,10.244,-3.164,3.548,,,,,,,,,
1,B,17750097,3386,,,,,,,,,,-9.246,-3.055,3.180,,,,,,
1,S,17750097,3386,4.960,1.440,35.040,-9.043,-3.268,3.513,,,,,,,,,,,,
1,A,17750162,2989,,,,,,,10.088,-3.496,3.772,,,,,,,,,
1,B,17752129,2032,,,,,,,,,,,,,4.812,-1.902,29.655,,,
1,S,17752129,6097,4.000,2.080,36.000,-9.018,-3.252,3.518,,,,,,,,,,,,
1,A,17752155,1993,,,,,,,10.082,-3.436,3.861,,,,,,,,,
1,B,17756872,4743,,,,,,,,,,,,,,,,53.438,-80.000,31.750
1,S,17756872,678,3.040,4.000,36.320,-9.018,-3.248,3.518,,,,,,,,,,,,
1,A,17757137,4982,,,,,,,10.182,-3.312,3.636,,,,,,,,,
1,B,17758904,2032,,,,,,,,,,-9.223,-2.988,3.168,,,,,,
1,S,17758904,2032,2.720,4.960,36.320,-9.033,-3.243,3.522,,,,,,,,,,,,
1,A,17759144,2007,,,,,,,10.026,-3.095,3.734,,,,,,,,,
1,B,17760936,2032,,,,,,,,,,,,,3.133,0.895,30.326,,,
1,S,17760936,2032,2.400,5.600,36.320,-9.043,-3.203,3.522,,,,,,,,,,,,
1,A,17765109,5965,,,,,,,10.232,-2.998,3.568,,,,,,,,,
1,B,17765677,4741,,,,,,,,,,-9.262,-2.910,3.199,,,,,,
1,S,17765677,4741,1.760,6.880,35.680,-9.082,-3.062,3.547,,,,,,,,,,,,
1,A,17766185,1076,,,,,,,10.277,-3.129,3.729,,,,,,,,,
1,B,17767709,2032,,,,,,,,,,,,,,,,52.938,-80.625,32.562
1,S,17767709,2032,0.480,7.840,36.000,-9.113,-3.027,3.558,,,,,,,,,,,,
1,A,17768485,2300,,,,,,,10.114,-3.319,3.791,,,,,,,,,
1,B,17770418,2709,,,,,,,,,,-9.379,-2.738,3.227,,,,,,
1,S,17770418,2709,-0.160,8.160,35.680,-9.152,-2.973,3.547,,,,,,,,,,,,
1,B,17772451,2033,,,,,,,,,,,,,0.895,3.693,30.550,,,
1,S,17772451,2033,-0.800,8.480,35.680,-9.188,-2.953,3.542,,,,,,,,,,,,
1,A,17775071,6586,,,,,,,10.273,-2.946,3.530,,,,,,,,,
1,B,17776515,4064,,,,,,,,,,,,,,,,52.875,-79.250,31.938
1,S,17776515,4064,-1.120,9.440,35.680,-9.268,-2.938,3.502,,,,,,,,,,,,
1,A,17778367,3296,,,,,,,10.295,-3.092,3.588,,,,,,,,,
1,B,17779902,3387,,,,,,,,,,-9.516,-2.645,3.160,,,,,,
1,S,17779902,3387,-1.440,10.720,35.360,-9.303,-2.873,3.438,,,,,,,,,,,,
1,B,17782611,2709,,,,,,,,,,,,,-1.007,6.267,30.438,,,
1,S,17782611,2709,-1.760,11.040,35.360,-9.348,-2.833,3.408,,,,,,,,,,,,
1,A,17786177,7810,,,,,,,10.471,-2.819,3.363,,,,,,,,,
1,B,17786675,4064,,,,,,,,,,,,,,,,52.875,-79.625,31.250
1,S,17786675,4064,-2.080,11.040,35.040,-9.383,-2.752,3.333,,,,,,,,,,,,
1,A,17789471,3294,,,,,,,10.521,-2.915,3.280,,,,,,,,,
1,B,17790061,3386,,,,,,,,,,-9.582,-2.508,3.055,,,,,,
1,S,17790061,3386,-1.120,11.040,34.400,-9.428,-2.712,3.277,,,,,,,,,,,,
1,B,17792094,2033,,,,,,,,,,,,,-1.567,8.281,29.991,,,
1,S,17792094,2033,-0.480,11.680,34.720,-9.453,-2.708,3.243,,,,,,,,,,,,
1,B,17796158,4064,,,,,,,,,,,,,,,,51.750,-79.438,32.312
1,S,17796158,4064,0.160,12.960,34.400,-9.467,-2.678,3.158,,,,,,,,,,,,
1,B,17798868,2710,,,,,,,,,,-9.664,-2.461,2.961,,,,,,
1,S,17798868,2710,1.440,13.600,33.760,-9.463,-2.643,3.092,,,,,,,,,,,,
1,B,17800900,2032,,,,,,,,,,,,,-0.671,9.736,29.319,,,
1,S,17800900,2032,1.760,13.280,33.120,-9.447,-2.612,3.042,,,,,,,,,,,,
1,B,17805641,4741,,,,,,,,,,-9.637,-2.375,2.777,,,,,,
1,S,17805641,4741,1.760,12.640,32.800,-9.443,-2.562,2.962,,,,,,,,,,,,
1,B,17807674,2033,,,,,,,,,,,,,,,,52.625,-81.062,32.750
1,S,17807674,2033,3.040,12.320,32.800,-9.463,-2.533,2.938,,,,,,,,,,,,
1,B,17811060,3386,,,,,,,,,,-9.668,-2.270,2.625,,,,,,
1,S,17811060,3386,4.000,12.640,32.480,-9.518,-2.458,2.908,,,,,,,,,,,,
1,B,17814447,3387,,,,,,,,,,,,,1.119,10.407,28.200,,,
1,S,17814447,3387,4.960,12.960,31.520,-9.598,-2.393,2.902,,,,,,,,,,,,
1,B,17816479,2032,,,,,,,,,,,,,,,,52.375,-79.750,31.688
1,S,17816479,2032,5.280,12.960,31.200,-9.637,-2.357,2.897,,,,,,,,,,,,
1,B,17819866,3387,,,,,,,,,,-9.820,-2.117,2.664,,,,,,
1,S,17819866,3387,5.920,12.960,31.200,-9.693,-2.333,2.893,,,,,,,,,,,,
1,B,17821898,2032,,,,,,,,,,,,,3.581,10.407,26.857,,,
1,S,17821898,2032,8.160,12.960,31.200,-9.713,-2.348,2.893,,,,,,,,,,,,
1,B,17826640,4742,,,,,,,,,,,,,,,,52.625,-80.500,32.375
1,S,17826640,4742,9.440,12.320,30.240,-9.717,-2.453,2.893,,,,,,,,,,,,
1,B,17828672,2032,,,,,,,,,,-9.934,-2.191,2.645,,,,,,
1,S,17828672,2032,10.080,12.000,29.920,-9.703,-2.487,2.882,,,,,,,,,,,,
1,B,17830704,2032,,,,,,,,,,,,,6.267,10.183,25.850,,,
1,S,17830704,2032,10.400,11.680,29.920,-9.668,-2.502,2.868,,,,,,,,,,,,
1,B,17835445,4741,,,,,,,,,,-9.805,-2.270,2.566,,,,,,
1,S,17835445,4741,10.400,11.360,30.880,-9.537,-2.498,2.828,,,,,,,,,,,,
1,B,17837477,2032,,,,,,,,,,,,,,,,51.125,-79.250,32.938
1,S,17837477,2032,11.040,12.000,31.200,-9.463,-2.502,2.812,,,,,,,,,,,,
1,B,17839509,2032,,,,,,,,,,-9.559,-2.277,2.461,,,,,,
1,S,17839509,2032,11.360,12.320,31.520,-9.383,-2.513,2.803,,,,,,,,,,,,
1,B,17842218,2709,,,,,,,,,,,,,8.057,9.848,25.403,,,
1,S,17842218,2709,11.680,12.640,31.200,-9.287,-2.533,2.803,,,,,,,,,,,,
1,B,17846283,4065,,,,,,,,,,,,,,,,50.938,-79.438,32.812
1,S,17846283,4065,11.360,12.320,30.560,-9.207,-2.538,2.833,,,,,,,,,,,,
1,B,17849670,3387,,,,,,,,,,-9.441,-2.262,2.559,,,,,,
1,S,17849670,3387,10.720,11.680,30.880,-9.203,-2.487,2.897,,,,,,,,,,,,
1,B,17851702,2032,,,,,,,,,,,,,8.505,9.400,25.626,,,
1,S,17851702,2032,9.760,11.680,31.520,-9.223,-2.433,2.947,,,,,,,,,,,,
1,B,17856443,4741,,,,,,,,,,,,,,,,52.125,-82.125,33.688
1,S,17856443,4741,9.440,11.680,33.120,-9.293,-2.277,3.072,,,,,,,,,,,,
1,B,17859152,2709,,,,,,,,,,-9.551,-2.039,2.750,,,,,,
1,S,17859152,2709,9.120,11.680,33.760,-9.352,-2.208,3.132,,,,,,,,,,,,
1,B,17861863,2711,,,,,,,,,,,,,7.945,9.176,26.634,,,
1,S,17861863,2711,9.440,12.000,34.080,-9.398,-2.132,3.183,,,,,,,,,,,,
1,B,17865927,4064,,,,,,,,,,,,,,,,51.562,-80.750,32.750
1,S,17865927,4064,9.440,12.320,34.720,-9.443,-2.038,3.232,,,,,,,,,,,,
1,B,17868617,2690,,,,,,,,,,-9.676,-1.848,2.902,,,,,,
1,S,17868617,2690,9.440,12.640,35.040,-9.457,-1.998,3.248,,,,,,,,,,,,
1,B,17870668,2051,,,,,,,,,,-9.762,-1.695,2.961,,,,,,
1,S,17870668,2051,8.800,12.960,35.040,-9.482,-1.942,3.257,,,,,,,,,,,,
1,B,17874054,3386,,,,,,,,,,,,,7.274,9.624,27.976,,,
1,S,17874054,3386,8.160,13.600,35.360,-9.518,-1.877,3.272,,,,,,,,,,,,
1,B,17877441,3387,,,,,,,,,,,,,,,,51.312,-80.562,32.500
1,S,17877441,3387,8.160,14.240,36.000,-9.562,-1.823,3.297,,,,,,,,,,,,
1,B,17880150,2709,,,,,,,,,,-9.848,-1.523,2.977,,,,,,
1,S,17880150,2709,8.480,15.200,36.960,-9.598,-1.772,3.297,,,,,,,,,,,,
1,B,17882861,2711,,,,,,,,,,,,,7.050,10.855,29.543,,,
1,S,17882861,2711,8.480,16.160,37.600,-9.623,-1.712,3.292,,,,,,,,,,,,
1,B,17886925,4064,,,,,,,,,,,,,,,,51.688,-80.562,33.125
1,S,17886925,4064,8.800,17.120,37.600,-9.652,-1.633,3.268,,,,,,,,,,,,
1,B,17890311,3386,,,,,,,,,,-9.887,-1.379,2.949,,,,,,
1,S,17890311,3386,8.800,17.760,37.920,-9.652,-1.573,3.237,,,,,,,,,,,,
1,B,17892343,2032,,,,,,,,,,,,,6.826,12.422,30.886,,,
1,S,17892343,2032,8.800,17.760,38.240,-9.643,-1.532,3.208,,,,,,,,,,,,
1,B,17897084,4741,,,,,,,,,,,,,,,,51.062,-80.375,33.000
1,S,17897084,4741,8.160,18.080,38.560,-9.617,-1.433,3.143,,,,,,,,,,,,
1,B,17899117,2033,,,,,,,,,,-9.875,-1.195,2.824,,,,,,
1,S,17899117,2033,7.200,18.720,38.560,-9.607,-1.387,3.107,,,,,,,,,,,,
1,B,17901149,2032,,,,,,,,,,,,,6.379,14.100,31.781,,,
1,S,17901149,2032,6.880,19.040,38.880,-9.592,-1.347,3.067,,,,,,,,,,,,
1,B,17905891,4742,,,,,,,,,,-9.797,-1.055,2.699,,,,,,
1,S,17905891,4742,7.200,18.720,38.560,-9.543,-1.248,2.982,,,,,,,,,,,,
1,B,17907923,2032,,,,,,,,,,,,,,,,51.000,-79.938,32.875
1,S,17907923,2032,8.160,18.720,38.560,-9.498,-1.212,2.947,,,,,,,,,,,,
1,B,17909955,2032,,,,,,,,,,-9.664,-0.910,2.586,,,,,,
1,S,17909955,2032,8.160,19.040,38.560,-9.453,-1.183,2.917,,,,,,,,,,,,
1,B,17912665,2710,,,,,,,,,,,,,6.043,15.331,32.117,,,
1,S,17912665,2710,7.840,19.680,38.560,-9.402,-1.127,2.882,,,,,,,,,,,,
1,B,17916729,4064,,,,,,,,,,,,,,,,50.375,-82.312,34.250
1,S,17916729,4064,7.840,19.680,38.560,-9.363,-1.048,2.848,,,,,,,,,,,,
1,B,17920115,3386,,,,,,,,,,,,,6.267,16.114,32.117,,,
1,S,17920115,3386,8.160,19.680,37.920,-9.338,-0.983,2.837,,,,,,,,,,,,
1,B,17926211,6096,,,,,,,,,,-9.590,-0.852,2.539,,,,,,
1,S,17926211,6096,8.800,20.000,36.960,-9.277,-0.843,2.817,,,,,,,,,,,,
1,B,17929598,3387,,,,,,,,,,,,,,,,50.688,-82.375,34.188
1,S,17929598,3387,9.120,20.000,36.640,-9.248,-0.777,2.792,,,,,,,,,,,,
1,B,17932288,2690,,,,,,,,,,,,,7.050,16.450,31.557,,,
1,S,17932288,2690,9.760,20.320,36.320,-9.227,-0.748,2.783,,,,,,,,,,,,
1,B,17939081,6793,,,,,,,,,,-9.523,-0.766,2.539,,,,,,
1,S,17939081,6793,10.720,20.320,34.720,-9.223,-0.662,2.703,,,,,,,,,,,,
1,B,17941791,2710,,,,,,,,,,,,,,,,49.938,-81.812,34.250
1,S,17941791,2710,12.320,20.000,34.080,-9.262,-0.608,2.672,,,,,,,,,,,,
1,B,17944500,2709,,,,,,,,,,,,,8.281,16.562,30.550,,,
1,S,17944500,2709,12.320,20.320,33.120,-9.312,-0.557,2.658,,,,,,,,,,,,
1,B,17949920,5420,,,,,,,,,,,,,9.624,16.898,29.096,,,
1,S,17949920,5420,12.640,20.640,33.120,-9.387,-0.487,2.618,,,,,,,,,,,,
1,B,17955338,5418,,,,,,,,,,-9.598,-0.430,2.316,,,,,,
1,S,17955338,5418,12.960,20.960,31.840,-9.412,-0.427,2.518,,,,,,,,,,,,
1,B,17957370,2032,,,,,,,,,,,,,,,,50.375,-81.750,33.875
1,S,17957370,2032,13.920,20.960,31.200,-9.418,-0.398,2.473,,,,,,,,,,,,
1,B,17960079,2709,,,,,,,,,,-9.652,-0.316,2.137,,,,,,
1,S,17960079,2709,13.920,21.600,30.560,-9.418,-0.352,2.413,,,,,,,,,,,,
1,B,17963466,3387,,,,,,,,,,,,,,,,50.750,-83.875,34.812
1,S,17963466,3387,13.600,21.920,30.240,-9.387,-0.307,2.348,,,,,,,,,,,,
1,B,17965498,2032,,,,,,,,,,,,,10.631,17.457,27.305,,,
1,S,17965498,2032,13.920,21.600,29.280,-9.373,-0.302,2.317,,,,,,,,,,,,
1,B,17968886,3388,,,,,,,,,,-9.598,-0.230,1.965,,,,,,
1,S,17968886,3388,14.240,21.280,28.320,-9.373,-0.312,2.257,,,,,,,,,,,,
1,A,17970369,180898,,,,,,,10.268,-0.639,2.307,,,,,,,,,
1,B,17972272,3386,,,,,,,,,,,,,,,,49.750,-81.500,33.688
1,S,17972272,3386,14.240,21.280,27.680,-9.383,-0.312,2.188,,,,,,,,,,,,
1,A,17973968,3599,,,,,,,10.421,-0.581,2.292,,,,,,,,,
1,B,17974304,2032,,,,,,,,,,,,,11.414,17.793,25.291,,,
1,S,17974304,2032,13.920,21.280,27.360,-9.363,-0.307,2.152,,,,,,,,,,,,
1,A,17977266,3298,,,,,,,10.352,-0.696,2.246,,,,,,,,,
1,B,17977691,3387,,,,,,,,,,-9.586,-0.258,1.781,,,,,,
1,S,17977691,3387,13.920,21.920,26.720,-9.312,-0.307,2.118,,,,,,,,,,,,
1,A,17980578,3312,,,,,,,10.241,-0.685,2.198,,,,,,,,,
1,B,17981077,3386,,,,,,,,,,,,,,,,50.250,-82.438,34.562
1,S,17981077,3386,13.600,21.920,26.400,-9.273,-0.338,2.078,,,,,,,,,,,,
1,A,17982878,2300,,,,,,,10.358,-0.697,2.263,,,,,,,,,
1,B,17983109,2032,,,,,,,,,,,,,11.862,17.793,23.388,,,
1,S,17983109,2032,13.600,21.600,26.080,-9.262,-0.367,2.062,,,,,,,,,,,,
1,A,17986177,3299,,,,,,,10.323,-0.697,2.228,,,,,,,,,
1,B,17986497,3388,,,,,,,,,,-9.508,-0.258,1.637,,,,,,
1,S,17986497,3388,13.600,21.280,25.440,-9.262,-0.422,2.058,,,,,,,,,,,,
1,A,17989477,3300,,,,,,,10.271,-0.714,2.245,,,,,,,,,
1,B,17989884,3387,,,,,,,,,,,,,,,,49.812,-83.000,34.312
1,S,17989884,3387,13.280,20.960,24.480,-9.268,-0.453,2.053,,,,,,,,,,,,
1,A,17991777,2300,,,,,,,10.246,-0.677,2.171,,,,,,,,,
1,B,17991916,2032,,,,,,,,,,,,,11.638,17.681,21.486,,,
1,S,17991916,2032,13.280,20.640,24.160,-9.258,-0.453,2.047,,,,,,,,,,,,
1,A,17996076,4299,,,,,,,10.193,-0.757,2.217,,,,,,,,,
1,B,17996657,4741,,,,,,,,,,-9.543,-0.355,1.629,,,,,,
1,S,17996657,4741,13.280,20.640,23.840,-9.217,-0.432,2.018,,,,,,,,,,,,
1,A,17998387,2311,,,,,,,10.184,-0.695,2.217,,,,,,,,,
1,B,17998689,2032,,,,,,,,,,,,,,,,49.812,-83.000,34.312
1,S,17998689,4064,12.640,20.960,23.840,-9.172,-0.427,2.002,,,,,,,,,,,,
1,A,18000687,2300,,,,,,,10.167,-0.742,2.173,,,,,,,,,
1,B,18001398,2709,,,,,,,,,,-9.473,-0.355,1.598,,,,,,
1,S,18001398,677,12.640,21.280,24.160,-9.168,-0.427,2.002,,,,,,,,,,,,
1,A,18003988,3301,,,,,,,10.146,-0.646,2.144,,,,,,,,,
1,B,18004107,2709,,,,,,,,,,,,,10.855,17.345,20.031,,,
1,S,18004107,2709,12.640,21.600,24.160,-9.143,-0.422,2.002,,,,,,,,,,,,
1,A,18007287,3299,,,,,,,10.178,-0.540,2.136,,,,,,,,,
1,B,18007495,3388,,,,,,,,,,-9.414,-0.324,1.531,,,,,,
1,S,18007495,3388,12.320,21.280,23.520,-9.127,-0.388,1.998,,,,,,,,,,,,
1,A,18010587,3300,,,,,,,10.118,-0.466,2.134,,,,,,,,,
1,B,18010882,3387,,,,,,,,,,,,,,,,49.500,-82.375,34.000
1,S,18010882,3387,12.000,20.960,22.560,-9.107,-0.312,1.978,,,,,,,,,,,,
1,A,18012887,2300,,,,,,,10.102,-0.420,2.110,,,,,,,,,
1,B,18013591,2709,,,,,,,,,,,,,10.072,17.234,19.024,,,
1,S,18013591,2709,11.360,20.960,21.920,-9.088,-0.233,1.968,,,,,,,,,,,,
1,A,18016198,3311,,,,,,,10.120,-0.416,2.136,,,,,,,,,
1,B,18016300,2709,,,,,,,,,,-9.344,-0.152,1.531,,,,,,
1,S,18016300,2709,11.040,21.280,21.600,-9.057,-0.163,1.958,,,,,,,,,,,,
1,A,18019498,3300,,,,,,,10.095,-0.395,2.174,,,,,,,,,
1,B,18019688,3388,,,,,,,,,,,,,,,,48.625,-80.812,34.562
1,S,18019688,3388,11.040,21.600,20.960,-9.018,-0.117,1.933,,,,,,,,,,,,
1,A,18021798,2300,,,,,,,10.137,-0.250,2.175,,,,,,,,,
1,B,18022397,2709,,,,,,,,,,,,,9.176,17.681,18.129,,,
1,S,18022397,2709,10.400,22.240,20.640,-8.998,-0.102,1.917,,,,,,,,,,,,
1,A,18026097,4299,,,,,,,10.177,0.012,2.149,,,,,,,,,
1,B,18026461,4064,,,,,,,,,,-9.242,-0.020,1.438,,,,,,
1,S,18026461,4064,9.440,22.240,19.680,-9.008,-0.003,1.907,,,,,,,,,,,,
1,A,18028397,2300,,,,,,,10.206,0.065,2.207,,,,,,,,,
1,B,18028493,2032,,,,,,,,,,,,,,,,48.625,-80.812,34.562
1,S,18028493,2032,8.480,22.240,19.360,-9.027,0.098,1.917,,,,,,,,,,,,
1,A,18030697,2300,,,,,,,10.200,0.177,2.139,,,,,,,,,
1,B,18031202,2709,,,,,,,,,,-9.227,0.172,1.438,,,,,,
1,S,18031202,2709,7.520,22.240,18.400,-9.053,0.253,1.948,,,,,,,,,,,,
1,A,18034007,3310,,,,,,,10.276,0.301,2.181,,,,,,,,,
1,B,18034589,3387,,,,,,,,,,,,,7.274,18.129,16.562,,,
1,S,18034589,3387,6.560,21.920,17.440,-9.072,0.453,1.972,,,,,,,,,,,,
1,A,18037307,3300,,,,,,,10.292,0.506,2.177,,,,,,,,,
1,B,18037977,3388,,,,,,,,,,-9.281,0.555,1.445,,,,,,
1,S,18037977,3388,5.280,21.920,15.840,-9.088,0.613,1.972,,,,,,,,,,,,
1,A,18040607,3300,,,,,,,10.294,0.638,2.187,,,,,,,,,
1,B,18041343,3366,,,,,,,,,,,,,,,,49.062,-83.438,35.688
1,S,18041343,3366,4.960,22.560,13.280,-9.092,0.728,1.958,,,,,,,,,,,,
1,A,18042907,2300,,,,,,,10.248,0.748,2.122,,,,,,,,,
1,B,18043395,2052,,,,,,,,,,,,,5.036,18.241,13.876,,,
1,S,18043395,2052,4.320,22.560,11.680,-9.092,0.848,1.938,,,,,,,,,,,,
1,A,18047206,4299,,,,,,,10.248,0.999,2.113,,,,,,,,,
1,B,18047459,4064,,,,,,,,,,-9.258,0.910,1.465,,,,,,
1,S,18047459,4064,3.360,21.600,7.840,-9.057,1.067,1.923,,,,,,,,,,,,
1,A,18049506,2378,,,,,,,10.253,1.102,2.162,,,,,,,,,
1,B,18050168,2709,,,,,,,,,,-9.129,1.301,1.477,,,,,,
1,S,18050168,2709,1.760,20.320,5.280,-9.018,1.222,1.927,,,,,,,,,,,,
1,A,18049584,0,,,,,,,10.289,1.240,2.169,,,,,,,,,
1,B,18053555,3387,,,,,,,,,,,,,,,,49.938,-83.438,35.188
1,S,18053555,3387,1.440,18.720,1.760,-8.977,1.413,1.958,,,,,,,,,,,,
1,A,18053054,3470,,,,,,,10.387,1.366,2.231,,,,,,,,,
1,B,18055588,2033,,,,,,,,,,,,,2.798,17.905,9.176,,,
1,S,18055588,2033,1.760,18.720,-0.480,-8.973,1.512,1.988,,,,,,,,,,,,
1,A,18055588,2534,,,,,,,10.437,1.486,2.299,,,,,,,,,
1,B,18058975,3387,,,,,,,,,,,,,,,,49.000,-83.000,34.812
1,S,18058975,3387,1.760,19.360,-4.320,-9.008,1.663,2.053,,,,,,,,,,,,
1,A,18058975,3387,,,,,,,10.549,1.666,2.337,,,,,,,,,
1,B,18062361,3386,,,,,,,,,,-9.125,1.637,1.637,,,,,,
1,S,18062361,3386,2.080,19.040,-8.480,-9.072,1.802,2.132,,,,,,,,,,,,
1,A,18062021,3046,,,,,,,10.613,1.854,2.398,,,,,,,,,
1,B,18065748,3387,,,,,,,,,,,,,1.679,17.122,1.790,,,
1,S,18065748,3387,2.400,19.040,-12.640,-9.148,1.962,2.223,,,,,,,,,,,,
1,A,18066006,3985,,,,,,,10.655,1.971,2.442,,,,,,,,,
1,B,18068457,2709,,,,,,,,,,-9.230,1.980,1.895,,,,,,
1,S,18068457,2709,3.360,19.040,-16.160,-9.188,2.112,2.292,,,,,,,,,,,,
1,A,18068996,2990,,,,,,,10.729,2.074,2.526,,,,,,,,,
1,B,18071845,3388,,,,,,,,,,,,,,,,49.250,-81.062,34.750
1,S,18071845,3388,4.960,19.040,-21.280,-9.217,2.288,2.377,,,,,,,,,,,,
1,A,18071985,2989,,,,,,,10.826,2.161,2.572,,,,,,,,,
1,B,18074554,2709,,,,,,,,,,,,,2.462,16.114,-8.393,,,
1,S,18074554,2709,8.160,18.400,-26.080,-9.252,2.397,2.442,,,,,,,,,,,,
1,A,18074974,2989,,,,,,,10.915,2.193,2.649,,,,,,,,,
1,B,18077941,3387,,,,,,,,,,-9.348,2.316,2.176,,,,,,
1,S,18077941,3387,10.400,17.440,-32.160,-9.332,2.487,2.533,,,,,,,,,,,,
1,A,18077963,2989,,,,,,,10.975,2.226,2.706,,,,,,,,,
1,B,18080650,2709,,,,,,,,,,,,,,,,48.562,-82.438,35.500
1,S,18080650,2709,12.960,17.440,-36.960,-9.408,2.538,2.603,,,,,,,,,,,,
1,A,18080952,2989,,,,,,,11.049,2.292,2.734,,,,,,,,,
1,B,18083359,2709,,,,,,,,,,,,,6.043,14.995,-21.262,,,
1,S,18083359,2709,14.560,17.120,-41.760,-9.477,2.578,2.663,,,,,,,,,,,,
1,A,18082945,1993,,,,,,,11.116,2.281,2.754,,,,,,,,,
1,B,18087423,4064,,,,,,,,,,-9.477,2.500,2.395,,,,,,
1,S,18087423,4064,16.480,17.120,-48.800,-9.562,2.618,2.752,,,,,,,,,,,,
1,A,18087927,4982,,,,,,,11.112,2.258,2.784,,,,,,,,,
1,B,18090132,2709,,,,,,,,,,-9.641,2.547,2.574,,,,,,
1,S,18090132,2709,20.640,17.440,-53.280,-9.607,2.623,2.797,,,,,,,,,,,,
1,A,18090133,2206,,,,,,,11.081,2.231,2.777,,,,,,,,,
1,B,18092843,2711,,,,,,,,,,,,,,,,49.062,-83.438,35.688
1,S,18092843,2711,23.840,17.440,-58.400,-9.633,2.612,2.817,,,,,,,,,,,,
1,A,18092909,4968,,,,,,,11.047,2.116,2.768,,,,,,,,,
1,B,18095552,2709,,,,,,,,,,,,,12.645,14.212,-36.369,,,
1,S,18095552,2709,26.720,16.800,-63.520,-9.633,2.587,2.822,,,,,,,,,,,,
1,A,18098392,3291,,,,,,,10.941,2.041,2.735,,,,,,,,,
1,B,18098939,3387,,,,,,,,,,-9.590,2.453,2.594,,,,,,
1,S,18098939,6096,29.600,16.160,-75.040,-9.537,2.422,2.763,,,,,,,,,,,,
1,A,18098940,548,,,,,,,10.840,2.003,2.658,,,,,,,,,
1,B,18102325,3386,,,,,,,,,,,,,,,,49.250,-83.188,35.812
1,S,18102325,677,36.640,15.840,-76.320,-9.518,2.402,2.752,,,,,,,,,,,,
1,A,18102326,5061,,,,,,,10.772,1.879,2.637,,,,,,,,,
1,B,18104357,2032,,,,,,,,,,,,,21.262,13.541,-52.820,,,
1,S,18104357,2032,37.280,15.520,-80.480,-9.447,2.348,2.712,,,,,,,,,,,,
1,A,18104865,864,,,,,,,10.657,1.776,2.614,,,,,,,,,
1,B,18107745,3388,,,,,,,,,,-9.387,2.230,2.453,,,,,,
1,S,18107745,3388,39.520,14.880,-87.520,-9.312,2.263,2.652,,,,,,,,,,,,
1,A,18110550,5685,,,,,,,10.669,1.889,2.543,,,,,,,,,
1,B,18111131,3386,,,,,,,,,,,,,,,,49.250,-83.188,35.812
1,S,18111131,3386,42.400,14.240,-94.560,-9.197,2.167,2.607,,,,,,,,,,,,
1,A,18111131,581,,,,,,,10.564,1.492,2.639,,,,,,,,,
1,B,18113163,2032,,,,,,,,,,,,,30.550,12.645,-70.165,,,
1,S,18113163,2032,44.960,13.920,-98.400,-9.162,2.112,2.592,,,,,,,,,,,,
1,A,18113967,2836,,,,,,,10.434,1.620,2.610,,,,,,,,,
1,B,18117227,4064,,,,,,,,,,-9.172,2.012,2.367,,,,,,
1,S,18117227,4064,46.880,13.280,-106.080,-9.113,1.982,2.572,,,,,,,,,,,,
1,A,18119439,5472,,,,,,,10.472,1.612,2.549,,,,,,,,,
1,B,18119937,2710,,,,,,,,,,-9.039,1.801,2.309,,,,,,
1,S,18119937,2710,50.080,12.320,-111.200,-9.072,1.938,2.558,,,,,,,,,,,,
1,B,18123323,3386,,,,,,,,,,,,,,,,49.562,-81.250,34.938
1,S,18123323,3386,52.000,11.040,-117.920,-9.012,1.913,2.527,,,,,,,,,,,,
1,A,18124810,5371,,,,,,,10.469,1.537,2.557,,,,,,,,,
1,B,18126711,3388,,,,,,,,,,,,,39.055,11.414,-87.734,,,
1,S,18126711,3388,54.240,10.720,-124.320,-8.957,1.873,2.493,,,,,,,,,,,,
1,A,18127121,2311,,,,,,,10.491,1.339,2.624,,,,,,,,,
1,B,18128743,2032,,,,,,,,,,,,,,,,48.812,-80.562,34.688
1,S,18128743,2032,56.800,10.720,-128.160,-8.947,1.837,2.487,,,,,,,,,,,,
1,B,18132129,3386,,,,,,,,,,-8.945,1.695,2.230,,,,,,
1,S,18132129,3386,58.080,10.400,-134.880,-8.963,1.742,2.522,,,,,,,,,,,,
1,A,18134914,7793,,,,,,,10.597,1.301,2.739,,,,,,,,,
1,B,18135516,3387,,,,,,,,,,,,,46.329,9.736,-105.303,,,
1,S,18135516,6096,60.000,8.800,-147.040,-9.018,1.488,2.627,,,,,,,,,,,,
1,A,18137005,2091,,,,,,,10.575,1.048,2.829,,,,,,,,,
1,B,18138903,3387,,,,,,,,,,-9.000,1.438,2.348,,,,,,
1,S,18138903,678,64.800,7.840,-148.320,-9.018,1.462,2.638,,,,,,,,,,,,
1,B,18141613,2710,,,,,,,,,,,,,,,,50.125,-81.500,35.062
1,S,18141613,2710,65.440,7.520,-153.440,-9.027,1.373,2.672,,,,,,,,,,,,
1,A,18143797,6792,,,,,,,10.476,0.818,2.815,,,,,,,,,
1,B,18144322,2709,,,,,,,,,,,,,52.596,7.722,-122.873,,,
1,S,18144322,2709,67.360,7.200,-157.920,-9.008,1.298,2.697,,,,,,,,,,,,
1,B,18147709,3387,,,,,,,,,,-9.043,1.148,2.414,,,,,,
1,S,18147709,3387,68.640,6.560,-163.680,-8.893,1.188,2.712,,,,,,,,,,,,
1,B,18151095,3386,,,,,,,,,,,,,,,,50.688,-80.250,34.562
1,S,18151095,3386,70.240,5.920,-169.760,-8.713,1.097,2.683,,,,,,,,,,,,
1,B,18153127,2032,,,,,,,,,,,,,57.967,5.819,-140.106,,,
1,S,18153127,2032,72.160,5.600,-173.600,-8.607,1.018,2.652,,,,,,,,,,,,
1,B,18157191,4064,,,,,,,,,,-8.703,0.938,2.402,,,,,,
1,S,18157191,4064,73.120,4.960,-180.960,-8.402,0.802,2.558,,,,,,,,,,,,
1,B,18159902,2711,,,,,,,,,,-8.309,0.449,2.242,,,,,,
1,S,18159902,2711,74.400,4.000,-186.080,-8.273,0.613,2.513,,,,,,,,,,,,
1,B,18163268,3366,,,,,,,,,,,,,,,,50.875,-78.500,34.750
1,S,18163268,3366,75.360,2.400,-192.480,-8.143,0.422,2.473,,,,,,,,,,,,
1,B,18165320,2052,,,,,,,,,,,,,62.667,3.693,-156.892,,,
1,S,18165320,2052,76.640,1.120,-196.320,-8.008,0.258,2.433,,,,,,,,,,,,
1,B,18169384,4064,,,,,,,,,,,,,,,,51.812,-78.938,34.438
1,S,18169384,4064,76.960,-1.120,-203.040,-7.832,0.072,2.397,,,,,,,,,,,,
1,B,18172771,3387,,,,,,,,,,-7.945,-0.027,2.117,,,,,,
1,S,18172771,3387,77.920,-2.400,-208.480,-7.713,-0.058,2.397,,,,,,,,,,,,
1,B,18176157,3386,,,,,,,,,,,,,66.248,0.783,-173.118,,,
1,S,18176157,3386,78.560,-3.680,-214.240,-7.617,-0.223,2.442,,,,,,,,,,,,
1,B,18179545,3388,,,,,,,,,,-7.734,-0.355,2.176,,,,,,
1,S,18179545,3388,81.120,-5.280,-220.000,-7.543,-0.412,2.473,,,,,,,,,,,,
1,B,18182932,3387,,,,,,,,,,,,,,,,51.938,-77.188,33.875
1,S,18182932,3387,83.680,-7.200,-225.120,-7.463,-0.703,2.462,,,,,,,,,,,,
1,B,18184964,2032,,,,,,,,,,,,,69.382,-2.798,-188.785,,,
1,S,18184964,2032,84.640,-8.480,-227.360,-7.412,-0.927,2.453,,,,,,,,,,,,
1,B,18188350,3386,,,,,,,,,,-7.602,-0.883,2.203,,,,,,
1,S,18188350,3386,84.320,-10.080,-231.520,-7.338,-1.278,2.408,,,,,,,,,,,,
1,B,18191737,3387,,,,,,,,,,,,,,,,52.312,-76.750,34.375
1,S,18191737,3387,84.320,-11.680,-236.320,-7.287,-1.583,2.357,,,,,,,,,,,,
1,B,18193769,2032,,,,,,,,,,,,,72.291,-6.938,-202.773,,,
1,S,18193769,2032,84.960,-12.640,-238.880,-7.263,-1.748,2.337,,,,,,,,,,,,
1,B,18197834,4065,,,,,,,,,,-7.438,-1.551,2.086,,,,,,
1,S,18197834,4065,85.280,-14.560,-242.720,-7.202,-2.123,2.333,,,,,,,,,,,,
1,B,18201220,3386,,,,,,,,,,,,,,,,52.000,-74.562,33.125
1,S,18201220,5418,86.560,-16.160,-244.960,-7.147,-2.658,2.362,,,,,,,,,,,,
1,B,18203930,2710,,,,,,,,,,,,,74.529,-11.079,-214.524,,,
1,S,18203930,678,87.520,-17.120,-247.200,-7.143,-2.712,2.357,,,,,,,,,,,,
1,B,18208671,4741,,,,,,,,,,-7.383,-2.289,2.020,,,,,,
1,S,18208671,4741,87.520,-18.400,-250.400,-7.107,-3.062,2.373,,,,,,,,,,,,
1,B,18212057,3386,,,,,,,,,,,,,,,,53.125,-74.688,33.562
1,S,18212057,5418,87.520,-20.000,-252.000,-7.018,-3.473,2.357,,,,,,,,,,,,
1,B,18214768,2711,,,,,,,,,,,,,75.984,-15.107,-223.364,,,
1,S,18214768,679,88.800,-21.280,-252.000,-7.003,-3.538,2.353,,,,,,,,,,,,
1,B,18220864,6096,,,,,,,,,,-7.305,-4.387,2.012,,,,,,
1,S,18220864,6096,89.120,-23.200,-252.320,-6.942,-4.277,2.333,,,,,,,,,,,,
1,B,18224928,4064,,,,,,,,,,,,,,,,52.438,-70.812,32.188
1,S,18224928,4064,89.440,-23.520,-251.040,-6.928,-4.827,2.348,,,,,,,,,,,,
1,B,18227637,2709,,,,,,,,,,,,,77.215,-18.464,-228.512,,,
1,S,18227637,2709,88.800,-23.520,-249.440,-6.907,-5.202,2.353,,,,,,,,,,,,
1,B,18232379,4742,,,,,,,,,,,,,77.215,-21.038,-228.847,,,
1,S,18232379,4742,88.480,-23.840,-245.920,-6.893,-5.907,2.353,,,,,,,,,,,,
1,B,18237120,4741,,,,,,,,,,-7.355,-5.402,2.020,,,,,,
1,S,18237120,4741,86.560,-23.840,-239.520,-6.897,-6.638,2.348,,,,,,,,,,,,
1,B,18240507,3387,,,,,,,,,,,,,,,,53.312,-69.250,32.500
1,S,18240507,3387,84.000,-23.840,-233.760,-6.897,-7.133,2.357,,,,,,,,,,,,
1,B,18242539,2032,,,,,,,,,,-7.402,-6.492,1.945,,,,,,
1,S,18242539,2032,81.760,-23.840,-229.920,-6.893,-7.433,2.362,,,,,,,,,,,,
1,B,18245927,3388,,,,,,,,,,,,,74.641,-22.157,-223.364,,,
1,S,18245927,3388,80.160,-23.200,-223.200,-6.883,-7.973,2.373,,,,,,,,,,,,
1,B,18247959,2032,,,,,,,,,,-7.508,-7.586,2.000,,,,,,
1,S,18247959,2032,77.280,-22.880,-219.040,-6.897,-8.322,2.393,,,,,,,,,,,,
1,B,18251345,3386,,,,,,,,,,,,,,,,53.438,-66.500,31.438
1,S,18251345,3386,75.360,-21.920,-211.360,-6.933,-8.922,2.428,,,,,,,,,,,,
1,B,18253377,2032,,,,,,,,,,,,,69.382,-21.934,-211.054,,,
1,S,18253377,2032,71.840,-21.280,-205.920,-6.957,-9.273,2.447,,,,,,,,,,,,
1,B,18258118,4741,,,,,,,,,,-7.633,-8.836,2.020,,,,,,
1,S,18258118,4741,69.280,-20.640,-191.520,-7.003,-10.027,2.478,,,,,,,,,,,,
1,B,18260150,2032,,,,,,,,,,-7.766,-9.969,2.098,,,,,,
1,S,18260150,2032,62.560,-20.320,-185.440,-7.022,-10.348,2.478,,,,,,,,,,,,
1,B,18263537,3387,,,,,,,,,,,,,,,,53.438,-64.875,30.500
1,S,18263537,3387,59.680,-19.680,-173.920,-7.048,-10.912,2.467,,,,,,,,,,,,
1,B,18265570,2033,,,,,,,,,,,,,61.213,-20.591,-191.359,,,
1,S,18265570,2033,56.160,-18.720,-166.240,-7.058,-11.268,2.458,,,,,,,,,,,,
1,B,18268957,3387,,,,,,,,,,,,,,,,52.875,-64.000,31.375
1,S,18268957,3387,53.920,-17.120,-153.120,-7.048,-11.852,2.467,,,,,,,,,,,,
1,B,18272343,3386,,,,,,,,,,-7.832,-11.164,2.051,,,,,,
1,S,18272343,3386,49.440,-16.480,-139.680,-7.032,-12.357,2.502,,,,,,,,,,,,
1,B,18275730,3387,,,,,,,,,,,,,50.805,-18.688,-164.166,,,
1,S,18275730,3387,44.320,-16.160,-125.600,-7.043,-12.768,2.533,,,,,,,,,,,,
1,B,18279116,3386,,,,,,,,,,-7.902,-12.137,2.105,,,,,,
1,S,18279116,3386,37.920,-15.840,-111.200,-7.082,-13.172,2.567,,,,,,,,,,,,
1,B,18282484,3368,,,,,,,,,,,,,,,,53.188,-62.625,29.938
1,S,18282484,3368,31.520,-15.840,-95.520,-7.128,-13.518,2.618,,,,,,,,,,,,
1,B,18284536,2052,,,,,,,,,,,,,37.600,-16.674,-130.035,,,
1,S,18284536,2052,24.160,-15.840,-85.920,-7.173,-13.838,2.658,,,,,,,,,,,,
1,B,18288600,4064,,,,,,,,,,-8.062,-12.984,2.191,,,,,,
1,S,18288600,4064,19.680,-15.520,-66.400,-7.223,-14.227,2.692,,,,,,,,,,,,
1,B,18291309,2709,,,,,,,,,,,,,20.591,-15.107,-90.532,,,
1,S,18291309,2709,10.080,-15.200,-52.960,-7.242,-14.432,2.712,,,,,,,,,,,,
1,B,18297405,6096,,,,,,,,,,-8.141,-13.629,2.270,,,,,,
1,S,18297405,6096,3.360,-15.200,-22.240,-7.277,-14.758,2.783,,,,,,,,,,,,
1,B,18299438,2033,,,,,,,,,,,,,,,,53.125,-62.188,29.875
1,S,18299438,4065,-11.680,-14.880,-2.080,-7.322,-14.852,2.822,,,,,,,,,,,,
1,B,18302146,2708,,,,,,,,,,,,,0.560,-13.876,-47.112,,,
1,S,18302146,676,-21.600,-13.920,1.120,-7.332,-14.863,2.828,,,,,,,,,,,,
1,B,18308921,6775,,,,,,,,,,-8.180,-13.895,2.375,,,,,,
1,S,18308921,6775,-23.200,-10.720,34.400,-7.497,-14.932,2.947,,,,,,,,,,,,
1,B,18311630,2709,,,,,,,,,,,,,,,,53.875,-60.688,28.750
1,S,18311630,2709,-38.240,-9.760,47.520,-7.522,-14.842,3.022,,,,,,,,,,,,
1,B,18313662,2032,,,,,,,,,,,,,-20.255,-12.198,-2.238,,,
1,S,18313662,2032,-43.680,-9.120,57.120,-7.522,-14.707,3.098,,,,,,,,,,,,
1,A,18314122,170325,,,,,,,7.329,-13.687,3.587,,,,,,,,,
1,B,18319759,6097,,,,,,,,,,-8.312,-13.621,2.844,,,,,,
1,S,18319759,6097,-47.840,-6.560,85.920,-7.457,-14.193,3.308,,,,,,,,,,,,
1,A,18322882,8760,,,,,,,7.425,-13.541,3.466,,,,,,,,,
1,B,18323145,3386,,,,,,,,,,,,,,,,53.938,-61.188,28.812
1,S,18323145,3386,-56.160,-4.640,101.280,-7.497,-13.947,3.333,,,,,,,,,,,,
1,A,18326193,3311,,,,,,,7.524,-13.225,3.752,,,,,,,,,
1,B,18326532,3387,,,,,,,,,,,,,-38.831,-9.400,42.077,,,
1,S,18326532,3387,-60.320,-2.720,116.320,-7.487,-13.727,3.337,,,,,,,,,,,,
1,A,18328493,2300,,,,,,,7.274,-13.085,3.952,,,,,,,,,
1,B,18329241,2709,,,,,,,,,,-8.305,-13.062,2.996,,,,,,
1,S,18329241,2709,-65.120,-1.760,127.200,-7.388,-13.543,3.362,,,,,,,,,,,,
1,A,18331793,3300,,,,,,,7.412,-12.412,3.711,,,,,,,,,
1,B,18331952,2711,,,,,,,,,,,,,,,,53.500,-61.250,29.188
1,S,18331952,2711,-68.960,-1.120,137.440,-7.263,-13.318,3.417,,,,,,,,,,,,
1,A,18334091,2298,,,,,,,7.053,-12.321,3.766,,,,,,,,,
1,B,18334661,2709,,,,,,,,,,,,,-53.379,-5.595,84.265,,,
1,S,18334661,2709,-72.480,0.160,147.360,-7.157,-12.998,3.453,,,,,,,,,,,,
1,A,18337391,3300,,,,,,,7.363,-11.901,3.854,,,,,,,,,
1,B,18338047,3386,,,,,,,,,,-8.055,-12.582,3.066,,,,,,
1,S,18338047,3386,-75.680,2.080,160.160,-7.072,-12.557,3.498,,,,,,,,,,,,
1,A,18340691,3300,,,,,,,7.424,-11.164,3.887,,,,,,,,,
1,B,18341434,3387,,,,,,,,,,,,,,,,54.188,-62.938,29.250
1,S,18341434,3387,-79.200,4.960,172.320,-7.053,-12.082,3.567,,,,,,,,,,,,
1,A,18343001,2310,,,,,,,7.410,-11.015,3.988,,,,,,,,,
1,B,18343466,2032,,,,,,,,,,,,,-65.353,-1.119,122.425,,,
1,S,18343466,2032,-83.040,6.240,179.040,-7.058,-11.783,3.627,,,,,,,,,,,,
1,A,18347301,4300,,,,,,,7.270,-10.599,3.854,,,,,,,,,
1,B,18347530,4064,,,,,,,,,,-7.766,-11.711,3.207,,,,,,
1,S,18347530,4064,-85.280,8.800,190.880,-7.112,-11.178,3.737,,,,,,,,,,,,
1,A,18349601,2300,,,,,,,7.798,-9.887,4.069,,,,,,,,,
1,B,18350239,2709,,,,,,,,,,,,,,,,54.188,-62.938,29.250
1,S,18350239,2709,-89.440,10.080,198.240,-7.133,-10.803,3.788,,,,,,,,,,,,
1,A,18351901,2300,,,,,,,7.430,-9.903,4.032,,,,,,,,,
1,B,18352272,2033,,,,,,,,,,-7.766,-10.652,3.457,,,,,,
1,S,18352272,2033,-91.680,11.040,203.680,-7.173,-10.508,3.837,,,,,,,,,,,,
1,A,18355200,3299,,,,,,,8.114,-8.869,3.835,,,,,,,,,
1,B,18355659,3387,,,,,,,,,,,,,-74.977,3.917,155.213,,,
1,S,18355659,3387,-92.960,13.600,212.640,-7.272,-10.002,3.933,,,,,,,,,,,,
1,A,18357500,2300,,,,,,,7.785,-8.898,4.198,,,,,,,,,
1,B,18357691,2032,,,,,,,,,,-7.863,-9.625,3.590,,,,,,
1,S,18357691,2032,-93.280,15.840,217.760,-7.332,-9.707,3.978,,,,,,,,,,,,
1,A,18360811,3311,,,,,,,8.283,-8.067,3.900,,,,,,,,,
1,B,18361077,3386,,,,,,,,,,,,,,,,54.000,-64.250,29.688
1,S,18361077,3386,-93.600,19.360,225.440,-7.393,-9.248,4.013,,,,,,,,,,,,
1,A,18363110,2299,,,,,,,7.892,-8.078,3.825,,,,,,,,,
1,B,18363787,2710,,,,,,,,,,,,,-81.579,9.624,182.407,,,
1,S,18363787,2710,-93.920,21.920,230.880,-7.402,-8.908,4.018,,,,,,,,,,,,
1,A,18367410,4300,,,,,,,7.830,-8.269,4.022,,,,,,,,,
1,B,18367852,4065,,,,,,,,,,-7.977,-8.652,3.793,,,,,,
1,S,18367852,4065,-94.560,25.440,239.200,-7.367,-8.512,4.018,,,,,,,,,,,,
1,A,18369710,2300,,,,,,,8.324,-7.443,3.805,,,,,,,,,
1,B,18369884,2032,,,,,,,,,,-7.891,-7.988,3.859,,,,,,
1,S,18369884,2032,-94.560,27.360,243.040,-7.348,-8.383,4.022,,,,,,,,,,,,
1,A,18373009,3299,,,,,,,8.166,-7.518,3.859,,,,,,,,,
1,B,18373270,3386,,,,,,,,,,,,,,,,54.688,-67.000,30.250
1,S,18373270,3386,-93.920,31.200,248.800,-7.338,-8.178,3.967,,,,,,,,,,,,
1,A,18375309,2300,,,,,,,7.931,-7.262,3.724,,,,,,,,,
1,B,18375980,2710,,,,,,,,,,,,,-84.377,16.674,204.340,,,
1,S,18375980,2710,-92.960,34.080,253.280,-7.327,-8.027,3.908,,,,,,,,,,,,
1,A,18378621,3312,,,,,,,8.058,-7.057,3.753,,,,,,,,,
1,B,18379366,3386,,,,,,,,,,-7.805,-7.566,3.648,,,,,,
1,S,18379366,3386,-92.640,37.600,259.040,-7.272,-7.777,3.853,,,,,,,,,,,,
1,A,18381920,3299,,,,,,,7.838,-6.943,3.842,,,,,,,,,
1,B,18382075,2709,,,,,,,,,,,,,,,,53.500,-68.438,31.500
1,S,18382075,2709,-92.640,40.160,262.880,-7.207,-7.508,3.817,,,,,,,,,,,,
1,A,18384219,2299,,,,,,,8.336,-6.360,3.970,,,,,,,,,
1,B,18384786,2711,,,,,,,,,,,,,-84.153,25.067,221.909,,,
1,S,18384786,2711,-92.320,42.720,266.080,-7.147,-7.213,3.803,,,,,,,,,,,,
1,A,18387519,3300,,,,,,,8.124,-6.240,4.051,,,,,,,,,
1,B,18388172,3386,,,,,,,,,,-7.605,-6.836,3.609,,,,,,
1,S,18388172,3386,-92.320,45.600,269.280,-7.173,-6.867,3.853,,,,,,,,,,,,
1,A,18390819,3300,,,,,,,8.423,-5.762,4.088,,,,,,,,,
1,B,18391559,3387,,,,,,,,,,,,,,,,54.125,-69.250,31.250
1,S,18391559,3387,-92.000,48.800,272.480,-7.338,-6.527,3.993,,,,,,,,,,,,
1,A,18393117,2298,,,,,,,8.980,-5.056,4.135,,,,,,,,,
1,B,18393591,2032,,,,,,,,,,,,,-82.810,34.019,235.338,,,
1,S,18393591,2032,-91.680,51.040,274.080,-7.497,-6.298,4.098,,,,,,,,,,,,
1,A,18398429,5312,,,,,,,9.380,-3.750,3.932,,,,,,,,,
1,B,18399009,5418,,,,,,,,,,-7.969,-6.062,3.867,,,,,,
1,S,18399009,5418,-91.360,57.120,277.920,-7.883,-5.383,4.322,,,,,,,,,,,,
1,A,18400729,2300,,,,,,,9.087,-3.757,4.124,,,,,,,,,
1,B,18401041,2032,,,,,,,,,,-8.359,-4.684,4.184,,,,,,
1,S,18401041,2032,-88.160,59.360,278.880,-7.982,-4.918,4.327,,,,,,,,,,,,
1,A,18405027,4298,,,,,,,9.395,-3.067,4.027,,,,,,,,,
1,B,18405764,4723,,,,,,,,,,,,,,,,52.812,-71.812,32.625
1,S,18405764,4723,-86.240,64.800,280.160,-8.117,-3.982,4.242,,,,,,,,,,,,
1,A,18407327,2300,,,,,,,9.674,-2.850,3.955,,,,,,,,,
1,B,18407816,2052,,,,,,,,,,,,,-80.348,43.308,244.850,,,
1,S,18407816,2052,-81.120,67.360,280.160,-8.197,-3.453,4.192,,,,,,,,,,,,
1,A,18410627,3300,,,,,,,9.861,-2.221,4.063,,,,,,,,,
1,B,18411202,3386,,,,,,,,,,-8.531,-3.180,4.078,,,,,,
1,S,18411202,3386,-79.200,71.200,278.560,-8.348,-2.938,4.157,,,,,,,,,,,,
1,A,18414927,4300,,,,,,,10.131,-1.508,4.030,,,,,,,,,
1,B,18415266,4064,,,,,,,,,,,,,,,,52.938,-72.750,32.875
1,S,18415266,4064,-76.000,75.040,275.680,-8.602,-2.272,4.168,,,,,,,,,,,,
1,A,18417238,2311,,,,,,,10.399,-1.082,3.835,,,,,,,,,
1,B,18417977,2711,,,,,,,,,,,,,-74.865,52.931,249.662,,,
1,S,18417977,2711,-71.840,77.280,273.120,-8.773,-1.782,4.173,,,,,,,,,,,,
1,A,18419537,2299,,,,,,,10.314,-0.796,3.828,,,,,,,,,
1,B,18420007,2030,,,,,,,,,,-8.887,-1.945,4.004,,,,,,
1,S,18420007,2030,-68.960,78.880,270.880,-8.873,-1.442,4.152,,,,,,,,,,,,
1,A,18422837,3300,,,,,,,10.605,0.064,3.659,,,,,,,,,
1,B,18423395,3388,,,,,,,,,,,,,,,,51.625,-73.438,33.438
1,S,18423395,3388,-66.720,81.760,265.760,-8.967,-0.902,4.072,,,,,,,,,,,,
1,A,18425136,2299,,,,,,,10.544,0.398,3.446,,,,,,,,,
1,B,18425427,2032,,,,,,,,,,,,,-66.920,62.108,248.207,,,
1,S,18425427,2032,-62.880,83.680,262.880,-8.992,-0.532,3.998,,,,,,,,,,,,
1,A,18429436,4300,,,,,,,10.669,0.659,3.187,,,,,,,,,
1,B,18430168,4741,,,,,,,,,,-9.078,-0.738,3.879,,,,,,
1,S,18430168,4741,-60.320,87.840,255.200,-9.018,0.383,3.708,,,,,,,,,,,,
1,A,18431736,2300,,,,,,,10.867,1.122,3.069,,,,,,,,,
1,B,18432200,2032,,,,,,,,,,,,,-57.184,70.613,239.590,,,
1,S,18432200,2032,-53.600,89.440,251.040,-9.027,0.677,3.562,,,,,,,,,,,,
1,A,18438046,6310,,,,,,,11.179,2.191,2.557,,,,,,,,,
1,B,18438297,6097,,,,,,,,,,-9.078,0.508,3.438,,,,,,
1,S,18438297,6097,-50.400,93.280,236.960,-9.188,1.488,3.123,,,,,,,,,,,,
1,A,18441346,3300,,,,,,,10.983,2.462,2.194,,,,,,,,,
1,B,18441684,3387,,,,,,,,,,,,,,,,52.000,-74.562,33.125
1,S,18441684,3387,-42.080,95.200,228.320,-9.328,2.067,2.908,,,,,,,,,,,,
1,A,18443646,2300,,,,,,,11.234,2.787,2.104,,,,,,,,,
1,B,18444393,2709,,,,,,,,,,,,,-45.769,77.327,224.259,,,
1,S,18444393,2709,-37.600,95.840,220.960,-9.398,2.487,2.737,,,,,,,,,,,,
1,A,18449946,6300,,,,,,,11.164,3.227,1.708,,,,,,,,,
1,B,18450489,6096,,,,,,,,,,-9.227,1.648,2.883,,,,,,
1,S,18450489,6096,-32.800,96.160,203.360,-9.422,3.138,2.337,,,,,,,,,,,,
1,A,18453245,3299,,,,,,,11.164,3.531,1.518,,,,,,,,,
1,B,18453877,3388,,,,,,,,,,,,,,,,50.125,-77.375,34.438
1,S,18453877,3388,-21.920,96.800,193.120,-9.387,3.428,2.087,,,,,,,,,,,,
1,A,18455545,2300,,,,,,,11.114,3.808,1.346,,,,,,,,,
1,B,18455909,2032,,,,,,,,,,,,,-32.117,82.139,203.221,,,
1,S,18455909,2032,-15.520,97.120,186.720,-9.352,3.592,1.933,,,,,,,,,,,,
1,A,18461857,6312,,,,,,,11.073,4.287,0.874,,,,,,,,,
1,B,18462004,6095,,,,,,,,,,-9.004,4.070,1.340,,,,,,
1,S,18462004,6095,-11.680,94.880,165.600,-9.252,4.157,1.528,,,,,,,,,,,,
1,A,18466154,4297,,,,,,,10.796,3.981,0.870,,,,,,,,,
1,B,18466746,4742,,,,,,,,,,,,,,,,49.812,-80.750,36.188
1,S,18466746,4742,-0.160,91.040,149.600,-9.158,4.572,1.238,,,,,,,,,,,,
1,A,18468454,2300,,,,,,,11.137,4.433,0.893,,,,,,,,,
1,B,18468779,2033,,,,,,,,,,,,,-16.786,83.817,177.371,,,
1,S,18468779,2033,8.800,90.080,142.560,-9.092,4.607,1.123,,,,,,,,,,,,
1,A,18470754,2300,,,,,,,10.848,4.488,0.804,,,,,,,,,
1,B,18471488,2709,,,,,,,,,,-8.738,4.270,0.938,,,,,,
1,S,18471488,2709,12.320,88.480,132.640,-9.018,4.617,1.008,,,,,,,,,,,,
1,A,18475052,4298,,,,,,,11.047,4.452,0.491,,,,,,,,,
1,B,18475552,4064,,,,,,,,,,,,,,,,48.500,-81.438,36.750
1,S,18475552,4064,15.840,85.600,117.280,-8.977,4.737,0.843,,,,,,,,,,,,
1,A,18477352,2300,,,,,,,10.811,4.634,0.454,,,,,,,,,
1,B,18477584,2032,,,,,,,,,,,,,-1.119,82.027,147.604,,,
1,S,18477584,2032,19.680,83.680,109.600,-8.967,4.827,0.738,,,,,,,,,,,,
1,A,18480664,3312,,,,,,,11.392,5.197,0.342,,,,,,,,,
1,B,18480971,3387,,,,,,,,,,,,,,,,48.750,-83.312,37.250
1,S,18480971,3387,21.920,80.160,96.800,-8.957,5.027,0.547,,,,,,,,,,,,
1,A,18484964,4300,,,,,,,11.160,4.661,0.389,,,,,,,,,
1,B,18485712,4741,,,,,,,,,,,,,12.757,76.879,115.151,,,
1,S,18485712,4741,26.400,75.360,77.920,-9.127,5.482,0.352,,,,,,,,,,,,
1,A,18488263,3299,,,,,,,10.943,5.176,0.011,,,,,,,,,
1,B,18488422,2710,,,,,,,,,,-9.082,5.305,0.164,,,,,,
1,S,18488422,2710,31.200,72.800,67.680,-9.273,5.492,0.282,,,,,,,,,,,,
1,A,18491563,3300,,,,,,,11.024,5.759,0.366,,,,,,,,,
1,B,18491809,3387,,,,,,,,,,,,,,,,47.375,-81.812,38.188
1,S,18491809,3387,33.120,68.960,54.240,-9.328,5.482,0.182,,,,,,,,,,,,
1,A,18493863,2300,,,,,,,11.556,5.565,-0.213,,,,,,,,,
1,B,18494518,2709,,,,,,,,,,,,,23.500,68.934,81.020,,,
1,S,18494518,2709,35.040,65.440,43.360,-9.348,5.643,0.152,,,,,,,,,,,,
1,A,18497162,3299,,,,,,,11.649,5.581,-0.272,,,,,,,,,
1,B,18497905,3387,,,,,,,,,,-9.008,5.402,-0.059,,,,,,
1,S,18497905,3387,37.280,60.960,30.240,-9.377,5.912,0.062,,,,,,,,,,,,
1,A,18500472,3310,,,,,,,11.120,5.738,-0.490,,,,,,,,,
1,B,18500614,2709,,,,,,,,,,,,,,,,46.812,-82.500,38.250
1,S,18500614,2709,41.120,57.760,19.360,-9.367,6.072,-0.077,,,,,,,,,,,,
1,A,18502772,2300,,,,,,,11.384,5.373,-0.584,,,,,,,,,
1,B,18503323,2709,,,,,,,,,,,,,32.453,59.310,45.658,,,
1,S,18503323,2709,44.960,54.240,8.800,-9.312,6.032,-0.223,,,,,,,,,,,,
1,A,18507071,4299,,,,,,,10.825,5.553,-1.006,,,,,,,,,
1,B,18507388,4065,,,,,,,,,,-9.039,5.699,-0.336,,,,,,
1,S,18507388,4065,48.800,48.800,-7.200,-9.117,5.817,-0.517,,,,,,,,,,,,
1,A,18509371,2300,,,,,,,10.886,5.337,-1.003,,,,,,,,,
1,B,18510097,2709,,,,,,,,,,-8.695,5.410,-0.898,,,,,,
1,S,18510097,2709,54.240,44.640,-17.440,-8.992,5.688,-0.703,,,,,,,,,,,,
1,A,18512671,3300,,,,,,,10.813,5.285,-1.100,,,,,,,,,
1,B,18512807,2710,,,,,,,,,,,,,,,,46.812,-82.562,37.562
1,S,18512807,2710,57.440,39.840,-27.360,-8.893,5.588,-0.807,,,,,,,,,,,,
1,A,18514971,2300,,,,,,,10.596,4.611,-0.951,,,,,,,,,
1,B,18515516,2709,,,,,,,,,,,,,42.077,48.008,9.848,,,
1,S,18515516,2709,60.960,35.040,-37.280,-8.797,5.492,-0.863,,,,,,,,,,,,
1,A,18519281,4310,,,,,,,10.404,4.336,-1.069,,,,,,,,,
1,B,18519580,4064,,,,,,,,,,,,,,,,46.500,-80.812,38.188
1,S,18519580,4064,64.480,28.320,-52.320,-8.678,5.213,-0.917,,,,,,,,,,,,
1,A,18522581,3300,,,,,,,10.301,4.124,-0.992,,,,,,,,,
1,B,18522968,3388,,,,,,,,,,,,,52.484,34.803,-25.067,,,
1,S,18522968,3388,68.960,22.560,-64.480,-8.592,4.902,-0.983,,,,,,,,,,,,
1,A,18528881,6300,,,,,,,10.271,3.786,-1.028,,,,,,,,,
1,B,18529063,6095,,,,,,,,,,-8.391,4.359,-1.180,,,,,,
1,S,18529063,6095,73.120,12.320,-83.360,-8.543,4.303,-0.902,,,,,,,,,,,,
1,A,18531180,2299,,,,,,,10.162,3.190,-0.630,,,,,,,,,
1,B,18531773,2710,,,,,,,,,,,,,62.220,20.031,-57.408,,,
1,S,18531773,2710,79.200,7.840,-91.040,-8.547,4.062,-0.843,,,,,,,,,,,,
1,A,18538480,7300,,,,,,,10.245,2.388,-0.500,,,,,,,,,
1,B,18539223,7450,,,,,,,,,,-8.496,3.629,-1.055,,,,,,
1,S,18539223,7450,80.800,-4.640,-110.240,-8.568,3.212,-0.733,,,,,,,,,,,,
1,A,18540780,2300,,,,,,,10.107,2.100,-0.512,,,,,,,,,
1,B,18541256,2033,,,,,,,,,,,,,,,,45.625,-81.875,39.188
1,S,18541256,2033,84.320,-8.160,-114.720,-8.588,2.947,-0.703,,,,,,,,,,,,
1,A,18543090,2310,,,,,,,9.892,1.951,-0.566,,,,,,,,,
1,B,18543288,2032,,,,,,,,,,,,,70.053,4.924,-85.048,,,
1,S,18543288,2032,85.280,-11.360,-118.560,-8.602,2.683,-0.677,,,,,,,,,,,,
1,A,18550390,7300,,,,,,,10.297,1.055,-0.297,,,,,,,,,
1,B,18550739,7451,,,,,,,,,,-8.602,2.719,-1.004,,,,,,
1,S,18550739,7451,85.920,-21.920,-130.720,-8.717,1.913,-0.588,,,,,,,,,,,,
1,A,18553690,3300,,,,,,,10.270,0.994,-0.356,,,,,,,,,
1,B,18554125,3386,,,,,,,,,,,,,,,,47.250,-81.938,38.500
1,S,18554125,3386,85.280,-26.080,-135.840,-8.822,1.593,-0.482,,,,,,,,,,,,
1,A,18556990,3300,,,,,,,10.326,0.715,-0.194,,,,,,,,,
1,B,18557513,3388,,,,,,,,,,,,,74.305,-9.624,-106.982,,,
1,S,18557513,3388,84.640,-30.240,-140.960,-8.938,1.232,-0.432,,,,,,,,,,,,
1,A,18560289,3299,,,,,,,10.453,0.254,-0.041,,,,,,,,,
1,B,18560900,3387,,,,,,,,,,-9.008,1.148,-0.824,,,,,,
1,S,18560900,6096,84.000,-34.720,-148.000,-9.072,0.603,-0.367,,,,,,,,,,,,
1,A,18563589,3300,,,,,,,10.459,-0.044,-0.048,,,,,,,,,
1,B,18564286,3386,,,,,,,,,,,,,,,,47.938,-80.125,38.312
1,S,18564286,677,81.440,-38.880,-148.640,-9.088,0.542,-0.362,,,,,,,,,,,,
1,A,18566901,3312,,,,,,,10.291,-0.149,-0.375,,,,,,,,,
1,B,18566996,2710,,,,,,,,,,,,,74.641,-22.605,-123.432,,,
1,S,18566996,2710,81.120,-41.760,-150.880,-9.123,0.318,-0.352,,,,,,,,,,,,
1,A,18569200,2299,,,,,,,9.826,-0.510,-0.587,,,,,,,,,
1,B,18569705,2709,,,,,,,,,,-9.270,0.422,-0.727,,,,,,
1,S,18569705,2709,79.840,-44.320,-152.800,-9.092,0.138,-0.407,,,,,,,,,,,,
1,A,18572500,3300,,,,,,,9.826,-0.640,-0.694,,,,,,,,,
1,B,18573091,3386,,,,,,,,,,,,,,,,48.438,-80.500,38.750
1,S,18573091,3386,79.200,-47.520,-154.720,-8.953,-0.092,-0.557,,,,,,,,,,,,
1,A,18575800,3300,,,,,,,9.561,-0.769,-0.868,,,,,,,,,
1,B,18576479,3388,,,,,,,,,,,,,72.291,-33.796,-135.070,,,
1,S,18576479,3388,78.240,-51.040,-156.640,-8.727,-0.407,-0.728,,,,,,,,,,,,
1,A,18578099,2299,,,,,,,9.321,-1.202,-0.926,,,,,,,,,
1,B,18578511,2032,,,,,,,,,,-9.180,-0.078,-0.852,,,,,,
1,S,18578511,2032,76.960,-53.280,-157.280,-8.568,-0.613,-0.828,,,,,,,,,,,,
1,A,18581399,3300,,,,,,,9.192,-1.238,-1.077,,,,,,,,,
1,B,18581898,3387,,,,,,,,,,,,,,,,48.812,-80.000,38.312
1,S,18581898,3387,76.640,-57.760,-158.880,-8.332,-0.948,-0.963,,,,,,,,,,,,
1,A,18583711,2312,,,,,,,9.135,-1.674,-0.846,,,,,,,,,
1,B,18583930,2032,,,,,,,,,,,,,69.158,-43.643,-142.456,,,
1,S,18583930,2032,76.000,-60.320,-159.520,-8.223,-1.123,-1.012,,,,,,,,,,,,
1,A,18588009,4298,,,,,,,9.265,-1.816,-0.772,,,,,,,,,
1,B,18588672,4742,,,,,,,,,,-8.688,-0.777,-1.227,,,,,,
1,S,18588672,4742,75.360,-65.760,-159.840,-8.133,-1.498,-0.983,,,,,,,,,,,,
1,A,18590309,2300,,,,,,,9.396,-2.056,-0.613,,,,,,,,,
1,B,18590704,2032,,,,,,,,,,,,,,,,49.000,-77.625,37.312
1,S,18590704,2032,73.760,-67.680,-159.520,-8.168,-1.667,-0.917,,,,,,,,,,,,
1,A,18592609,2300,,,,,,,9.269,-2.480,-0.492,,,,,,,,,
1,B,18592736,2032,,,,,,,,,,,,,66.248,-53.043,-145.813,,,
1,S,18592736,2032,73.760,-69.600,-158.880,-8.238,-1.843,-0.828,,,,,,,,,,,,
1,A,18596909,4300,,,,,,,9.534,-2.855,-0.286,,,,,,,,,
1,B,18597477,4741,,,,,,,,,,,,,,,,49.875,-76.562,36.250
1,S,18597477,4741,74.080,-74.080,-156.640,-8.457,-2.342,-0.573,,,,,,,,,,,,
1,A,18599208,2299,,,,,,,9.712,-3.315,-0.064,,,,,,,,,
1,B,18599509,2032,,,,,,,,,,-8.777,-2.039,-0.977,,,,,,
1,S,18599509,4064,73.760,-76.000,-154.080,-8.697,-2.873,-0.352,,,,,,,,,,,,
1,A,18601519,2311,,,,,,,9.798,-3.603,0.075,,,,,,,,,
1,B,18602218,2709,,,,,,,,,,,,,63.674,-61.772,-145.590,,,
1,S,18602218,677,71.200,-77.920,-153.440,-8.748,-2.962,-0.318,,,,,,,,,,,,
1,A,18605820,4301,,,,,,,9.595,-4.657,0.435,,,,,,,,,
1,B,18606282,4064,,,,,,,,,,-9.293,-2.922,-0.527,,,,,,
1,S,18606282,4064,70.880,-80.160,-149.920,-9.068,-3.348,-0.107,,,,,,,,,,,,
1,A,18608118,2298,,,,,,,10.246,-3.758,0.283,,,,,,,,,
1,B,18608315,2033,,,,,,,,,,,,,,,,49.375,-75.688,36.125
1,S,18608315,2033,69.280,-81.120,-148.000,-9.207,-3.612,0.003,,,,,,,,,,,,
1,A,18610418,2300,,,,,,,10.181,-5.163,0.699,,,,,,,,,
1,B,18611024,2709,,,,,,,,,,-9.863,-3.945,-0.152,,,,,,
1,S,18611024,2709,68.320,-82.080,-144.800,-9.373,-4.048,0.152,,,,,,,,,,,,
1,A,18612718,2300,,,,,,,10.229,-4.703,0.392,,,,,,,,,
1,B,18613056,2032,,,,,,,,,,,,,60.765,-69.046,-140.889,,,
1,S,18613056,2032,67.040,-82.720,-141.920,-9.463,-4.367,0.263,,,,,,,,,,,,
1,A,18617017,4299,,,,,,,10.397,-5.164,0.473,,,,,,,,,
1,B,18617120,4064,,,,,,,,,,,,,,,,50.000,-75.500,36.188
1,S,18617120,4064,65.760,-84.640,-136.480,-9.592,-4.843,0.422,,,,,,,,,,,,
1,A,18620329,3312,,,,,,,9.935,-6.143,0.751,,,,,,,,,
1,B,18620507,3387,,,,,,,,,,,,,56.289,-74.305,-131.489,,,
1,S,18620507,3387,62.240,-86.560,-131.680,-9.648,-5.162,0.443,,,,,,,,,,,,
1,A,18626628,6299,,,,,,,9.960,-6.596,0.750,,,,,,,,,
1,B,18627281,6774,,,,,,,,,,-10.109,-4.723,0.133,,,,,,
1,S,18627281,6774,59.680,-88.800,-118.880,-9.498,-5.942,0.417,,,,,,,,,,,,
1,A,18629928,3300,,,,,,,9.617,-6.943,0.794,,,,,,,,,
1,B,18630668,3387,,,,,,,,,,,,,,,,50.500,-74.812,36.062
1,S,18630668,3387,54.560,-90.400,-111.840,-9.402,-6.338,0.427,,,,,,,,,,,,
1,A,18632226,2298,,,,,,,9.951,-6.996,0.820,,,,,,,,,
1,B,18632700,2032,,,,,,,,,,,,,50.358,-78.222,-117.837,,,
1,S,18632700,2032,51.360,-91.360,-107.680,-9.363,-6.543,0.443,,,,,,,,,,,,
1,A,18639526,7378,,,,,,,9.584,-7.983,1.114,,,,,,,,,
1,B,18640150,7450,,,,,,,,,,-9.988,-5.555,0.098,,,,,,
1,S,18640150,7450,49.760,-93.280,-90.400,-9.312,-7.247,0.578,,,,,,,,,,,,
1,A,18639910,306,,,,,,,9.950,-8.027,1.225,,,,,,,,,
1,B,18642183,2033,,,,,,,,,,,,,,,,51.125,-72.938,35.188
1,S,18642183,2033,42.720,-94.240,-85.280,-9.338,-7.473,0.662,,,,,,,,,,,,
1,A,18642183,2273,,,,,,,9.508,-8.360,1.352,,,,,,,,,
1,B,18645570,3387,,,,,,,,,,,,,42.860,-81.356,-100.156,,,
1,S,18645570,3387,40.480,-94.880,-76.640,-9.422,-7.878,0.877,,,,,,,,,,,,
1,A,18645570,3387,,,,,,,9.981,-9.048,1.680,,,,,,,,,
1,B,18650989,5419,,,,,,,,,,-10.262,-7.902,0.824,,,,,,
1,S,18650989,5419,36.640,-94.240,-60.320,-9.637,-8.523,1.192,,,,,,,,,,,,
1,A,18650870,5300,,,,,,,9.846,-9.666,1.981,,,,,,,,,
1,B,18656407,5418,,,,,,,,,,,,,33.572,-83.482,-78.558,,,
1,S,18656407,5418,29.280,-92.960,-42.720,-9.773,-9.148,1.397,,,,,,,,,,,,
1,A,18655852,4982,,,,,,,9.665,-9.898,2.107,,,,,,,,,
1,B,18658440,2033,,,,,,,,,,,,,,,,50.500,-72.125,34.625
1,S,18658440,2033,21.600,-92.320,-35.680,-9.748,-9.402,1.452,,,,,,,,,,,,
1,A,18658841,2989,,,,,,,9.593,-10.373,2.294,,,,,,,,,
1,B,18660472,2032,,,,,,,,,,-10.414,-8.762,1.082,,,,,,
1,S,18660472,2032,18.400,-91.360,-28.640,-9.682,-9.652,1.498,,,,,,,,,,,,
1,A,18660834,1993,,,,,,,9.295,-10.730,2.437,,,,,,,,,
1,B,18663859,3387,,,,,,,,,,,,,,,,50.688,-71.938,33.250
1,S,18663859,3387,14.880,-89.760,-16.160,-9.508,-10.078,1.577,,,,,,,,,,,,
1,A,18663823,2989,,,,,,,9.177,-11.141,2.661,,,,,,,,,
1,B,18666568,2709,,,,,,,,,,,,,22.269,-83.370,-52.372,,,
1,S,18666568,2709,8.800,-88.160,-5.280,-9.332,-10.422,1.643,,,,,,,,,,,,
1,A,18666812,2989,,,,,,,8.767,-11.322,2.891,,,,,,,,,
1,B,18670632,4064,,,,,,,,,,,,,,,,51.875,-71.125,33.188
1,S,18670632,4064,2.720,-85.920,11.040,-9.102,-10.918,1.788,,,,,,,,,,,,
1,A,18670797,3985,,,,,,,8.615,-11.175,3.004,,,,,,,,,
1,B,18674018,3386,,,,,,,,,,-9.664,-10.477,1.266,,,,,,
1,S,18674018,3386,-8.160,-84.640,23.840,-8.918,-11.213,1.958,,,,,,,,,,,,
1,A,18673787,2990,,,,,,,8.438,-11.370,3.478,,,,,,,,,
1,B,18677406,3388,,,,,,,,,,,,,7.050,-80.908,-21.374,,,
1,S,18677406,3388,-18.720,-83.040,37.920,-8.682,-11.322,2.152,,,,,,,,,,,,
1,A,18677772,3985,,,,,,,8.354,-11.222,3.529,,,,,,,,,
1,B,18679438,2032,,,,,,,,,,,,,,,,51.438,-71.625,33.688
1,S,18679438,2032,-29.600,-81.760,46.560,-8.533,-11.328,2.303,,,,,,,,,,,,
1,A,18682507,4735,,,,,,,8.385,-10.949,3.962,,,,,,,,,
1,B,18682825,3387,,,,,,,,,,-9.137,-10.559,1.715,,,,,,
1,S,18682825,3387,-36.320,-79.840,60.960,-8.332,-11.248,2.558,,,,,,,,,,,,
1,A,18682826,319,,,,,,,8.209,-10.313,3.984,,,,,,,,,
1,B,18686211,3386,,,,,,,,,,,,,-14.548,-76.879,13.541,,,
1,S,18686211,3386,-47.520,-78.560,74.400,-8.203,-11.027,2.817,,,,,,,,,,,,
1,A,18686739,5301,,,,,,,8.384,-9.874,4.104,,,,,,,,,
1,B,18688243,2032,,,,,,,,,,,,,,,,51.062,-71.562,33.812
1,S,18688243,2032,-59.680,-77.920,81.760,-8.172,-10.828,3.002,,,,,,,,,,,,
1,A,18688732,605,,,,,,,8.368,-9.308,4.400,,,,,,,,,
1,B,18691631,3388,,,,,,,,,,-8.840,-9.934,2.414,,,,,,
1,S,18691631,5420,-66.720,-77.280,100.320,-8.162,-9.918,3.498,,,,,,,,,,,,
1,A,18693714,4982,,,,,,,8.449,-8.388,4.791,,,,,,,,,
1,B,18694340,2709,,,,,,,,,,,,,-41.405,-72.515,49.798,,,
1,S,18694340,677,-83.040,-75.360,102.560,-8.158,-9.768,3.553,,,,,,,,,,,,
1,A,18694710,996,,,,,,,8.540,-7.276,4.575,,,,,,,,,
1,B,18698404,4064,,,,,,,,,,,,,,,,52.500,-72.250,32.812
1,S,18698404,4064,-84.960,-72.480,115.040,-7.987,-8.848,3.917,,,,,,,,,,,,
1,A,18698695,3985,,,,,,,8.094,-7.801,4.841,,,,,,,,,
1,B,18701791,3387,,,,,,,,,,-8.609,-8.496,3.293,,,,,,
1,S,18701791,3387,-93.280,-69.920,124.640,-7.793,-8.102,4.202,,,,,,,,,,,,
1,B,18703823,2032,,,,,,,,,,,,,-67.255,-67.255,83.706,,,
1,S,18703823,2032,-97.760,-68.320,129.760,-7.753,-7.688,4.312,,,,,,,,,,,,
1,A,18706666,7971,,,,,,,8.917,-5.920,5.050,,,,,,,,,
1,B,18708565,4742,,,,,,,,,,-8.363,-6.906,3.965,,,,,,
1,S,18708565,4742,-100.000,-62.880,140.640,-7.938,-6.638,4.497,,,,,,,,,,,,
1,A,18708935,2269,,,,,,,9.216,-4.720,5.041,,,,,,,,,
1,B,18710597,2032,,,,,,,,,,,,,,,,52.062,-72.875,32.875
1,S,18710597,2032,-104.480,-60.320,144.480,-8.033,-6.218,4.612,,,,,,,,,,,,
1,B,18712629,2032,,,,,,,,,,-8.621,-5.336,4.492,,,,,,
1,S,18712629,2032,-105.440,-58.080,147.680,-8.127,-5.777,4.772,,,,,,,,,,,,
1,A,18715634,6699,,,,,,,9.375,-3.903,5.156,,,,,,,,,
1,B,18716015,3386,,,,,,,,,,,,,-85.608,-60.989,111.458,,,
1,S,18716015,3386,-106.080,-54.880,151.840,-8.318,-5.067,5.082,,,,,,,,,,,,
1,A,18716816,1182,,,,,,,9.878,-3.804,5.593,,,,,,,,,
1,B,18718725,2710,,,,,,,,,,,,,,,,52.812,-73.500,32.125
1,S,18718725,2710,-105.120,-51.680,154.720,-8.502,-4.497,5.293,,,,,,,,,,,,
1,B,18721434,2709,,,,,,,,,,-9.059,-3.840,5.230,,,,,,
1,S,18721434,2709,-102.880,-47.520,156.960,-8.707,-3.993,5.478,,,,,,,,,,,,
1,A,18723619,6803,,,,,,,10.166,-3.155,5.865,,,,,,,,,
1,B,18724143,2709,,,,,,,,,,,,,-92.994,-52.484,130.818,,,
1,S,18724143,2709,-100.320,-43.040,159.200,-8.898,-3.572,5.657,,,,,,,,,,,,
1,A,18726711,3092,,,,,,,10.400,-2.700,5.960,,,,,,,,,
1,B,18728208,4065,,,,,,,,,,,,,,,,52.750,-74.688,32.188
1,S,18728208,4065,-97.760,-36.960,161.440,-9.133,-3.092,5.938,,,,,,,,,,,,
1,A,18730009,3298,,,,,,,10.257,-2.699,6.128,,,,,,,,,
1,B,18731595,3387,,,,,,,,,,,,,-89.637,-40.958,141.897,,,
1,S,18731595,3387,-92.640,-31.200,162.400,-9.273,-2.797,6.117,,,,,,,,,,,,
1,B,18739045,7450,,,,,,,,,,-9.461,-2.844,5.812,,,,,,
1,S,18739045,7450,-88.160,-17.120,162.720,-9.287,-2.317,6.197,,,,,,,,,,,,
1,B,18741077,2032,,,,,,,,,,,,,,,,53.750,-77.438,33.438
1,S,18741077,2032,-78.560,-13.600,162.400,-9.258,-2.232,6.178,,,,,,,,,,,,
1,B,18743788,2711,,,,,,,,,,,,,-80.348,-26.634,146.373,,,
1,S,18743788,2711,-76.960,-9.440,162.400,-9.193,-2.172,6.138,,,,,,,,,,,,
1,B,18750561,6773,,,,,,,,,,-9.434,-2.051,5.898,,,,,,
1,S,18750561,6773,-75.040,1.760,161.760,-9.027,-2.172,6.018,,,,,,,,,,,,
1,B,18753949,3388,,,,,,,,,,,,,,,,52.750,-76.688,33.250
1,S,18753949,3388,-70.880,7.840,161.120,-8.898,-2.268,5.883,,,,,,,,,,,,
1,B,18756658,2709,,,,,,,,,,,,,-70.501,-11.414,146.709,,,
1,S,18756658,2709,-68.960,12.320,160.800,-8.768,-2.422,5.777,,,,,,,,,,,,
1,B,18762754,6096,,,,,,,,,,-8.871,-2.355,5.297,,,,,,
1,S,18762754,6096,-68.320,19.680,159.200,-8.457,-2.342,5.492,,,,,,,,,,,,
1,B,18766818,4064,,,,,,,,,,,,,,,,52.312,-78.312,32.812
1,S,18766818,4064,-69.600,25.120,158.560,-8.283,-1.917,5.303,,,,,,,,,,,,
1,B,18769527,2709,,,,,,,,,,,,,-64.122,3.581,145.030,,,
1,S,18769527,2709,-69.600,28.960,157.600,-8.197,-1.587,5.188,,,,,,,,,,,,
1,B,18772236,2709,,,,,,,,,,,,,-60.765,17.234,142.680,,,
1,S,18772236,2709,-68.320,32.800,156.640,-8.178,-1.258,5.117,,,,,,,,,,,,
1,B,18776979,4743,,,,,,,,,,-8.445,-0.832,4.934,,,,,,
1,S,18776979,4743,-66.080,39.200,153.760,-8.252,-0.733,5.077,,,,,,,,,,,,
1,B,18780365,3386,,,,,,,,,,,,,,,,51.812,-78.438,33.250
1,S,18780365,3386,-60.640,43.680,151.200,-8.338,-0.383,5.053,,,,,,,,,,,,
1,B,18782397,2032,,,,,,,,,,,,,-55.841,29.319,138.875,,,
1,S,18782397,2032,-56.480,46.240,149.600,-8.383,-0.163,5.022,,,,,,,,,,,,
1,B,18786461,4064,,,,,,,,,,-8.586,-0.105,4.855,,,,,,
1,S,18786461,4064,-54.240,50.080,145.760,-8.408,0.282,4.928,,,,,,,,,,,,
1,B,18789849,3388,,,,,,,,,,,,,,,,50.688,-78.250,33.500
1,S,18789849,3388,-48.800,53.280,141.280,-8.352,0.542,4.853,,,,,,,,,,,,
1,B,18791881,2032,,,,,,,,,,-8.492,0.586,4.684,,,,,,
1,S,18791881,2032,-43.680,55.520,138.400,-8.363,0.738,4.777,,,,,,,,,,,,
1,B,18796622,4741,,,,,,,,,,,,,,,,51.250,-80.625,34.250
1,S,18796622,4741,-40.800,60.640,131.680,-8.438,1.232,4.537,,,,,,,,,,,,
1,B,18798654,2032,,,,,,,,,,,,,-47.336,40.062,132.385,,,
1,S,18798654,2032,-34.400,62.880,128.480,-8.453,1.448,4.418,,,,,,,,,,,,
1,B,18801363,2709,,,,,,,,,,-8.539,1.371,4.234,,,,,,
1,S,18801363,2709,-32.160,64.800,124.000,-8.447,1.728,4.242,,,,,,,,,,,,
1,B,18804072,2709,,,,,,,,,,,,,,,,50.250,-80.812,34.375
1,S,18804072,2709,-28.640,66.080,118.880,-8.412,1.972,4.032,,,,,,,,,,,,
1,B,18807460,3388,,,,,,,,,,,,,-36.593,49.239,121.977,,,
1,S,18807460,3388,-25.440,68.000,112.160,-8.363,2.228,3.763,,,,,,,,,,,,
1,B,18810847,3387,,,,,,,,,,-8.457,2.051,3.688,,,,,,
1,S,18810847,3387,-21.280,69.920,105.760,-8.273,2.417,3.487,,,,,,,,,,,,
1,B,18812879,2032,,,,,,,,,,,,,-24.955,56.401,107.989,,,
1,S,18812879,2032,-16.800,70.560,101.920,-8.193,2.467,3.328,,,,,,,,,,,,
1,B,18819652,6773,,,,,,,,,,-8.156,2.414,3.047,,,,,,
1,S,18819652,6773,-14.240,71.200,88.480,-7.798,2.547,2.812,,,,,,,,,,,,
1,B,18823038,3386,,,,,,,,,,,,,,,,49.312,-82.562,35.312
1,S,18823038,3386,-6.240,71.520,82.080,-7.572,2.482,2.558,,,,,,,,,,,,
1,B,18825071,2033,,,,,,,,,,,,,-13.876,60.765,91.203,,,
1,S,18825071,2033,-3.360,71.200,78.240,-7.457,2.413,2.417,,,,,,,,,,,,
1,B,18831167,6096,,,,,,,,,,-7.375,2.125,1.828,,,,,,
1,S,18831167,6096,-2.080,69.280,66.400,-7.287,2.138,2.092,,,,,,,,,,,,
1,B,18835909,4742,,,,,,,,,,,,,,,,48.625,-81.875,35.125
1,S,18835909,4742,0.800,67.360,57.760,-7.378,2.027,1.962,,,,,,,,,,,,
1,B,18837942,2033,,,,,,,,,,,,,-5.148,61.772,73.186,,,
1,S,18837942,2033,2.080,66.400,53.920,-7.457,2.013,1.933,,,,,,,,,,,,
1,B,18843360,5418,,,,,,,,,,,,,0.560,59.870,55.729,,,
1,S,18843360,5418,2.720,63.840,44.640,-7.723,1.968,1.903,,,,,,,,,,,,
1,B,18847424,4064,,,,,,,,,,-7.930,1.848,1.543,,,,,,
1,S,18847424,4064,4.960,62.880,39.200,-7.912,1.728,1.893,,,,,,,,,,,,
1,B,18849456,2032,,,,,,,,,,,,,,,,48.250,-82.812,36.500
1,S,18849456,2032,7.840,61.920,36.960,-7.997,1.577,1.873,,,,,,,,,,,,
1,B,18852165,2709,,,,,,,,,,,,,4.476,56.624,40.174,,,
1,S,18852165,7452,8.480,60.640,27.360,-8.227,1.167,1.718,,,,,,,,,,,,
1,B,18857585,5420,,,,,,,,,,-8.242,1.359,1.445,,,,,,
1,S,18857585,677,8.800,58.720,26.400,-8.242,1.157,1.698,,,,,,,,,,,,
1,B,18859617,2032,,,,,,,,,,,,,,,,48.625,-83.438,36.812
1,S,18859617,2032,8.800,58.400,24.160,-8.248,1.107,1.617,,,,,,,,,,,,
1,B,18861649,2032,,,,,,,,,,,,,6.938,53.155,27.529,,,
1,S,18861649,2032,8.480,58.400,22.560,-8.197,1.018,1.522,,,,,,,,,,,,
1,B,18866390,4741,,,,,,,,,,-8.422,1.062,1.254,,,,,,
1,S,18866390,4741,8.800,56.800,18.720,-7.957,0.877,1.252,,,,,,,,,,,,
1,B,18868422,2032,,,,,,,,,,,,,,,,49.625,-84.312,37.250
1,S,18868422,2032,9.440,55.840,17.120,-7.867,0.868,1.143,,,,,,,,,,,,
1,B,18870454,2032,,,,,,,,,,-8.035,0.898,0.863,,,,,,
1,S,18870454,2032,9.120,54.880,14.880,-7.827,0.887,1.048,,,,,,,,,,,,
1,B,18873842,3388,,,,,,,,,,,,,,,,48.125,-83.000,36.062
1,S,18873842,3388,8.800,52.640,12.000,-7.878,0.887,0.922,,,,,,,,,,,,
1,B,18876551,2709,,,,,,,,,,,,,7.386,49.462,17.457,,,
1,S,18876551,2709,7.840,50.720,10.080,-7.947,0.782,0.863,,,,,,,,,,,,
1,B,18879260,2709,,,,,,,,,,-8.199,0.863,0.488,,,,,,
1,S,18879260,2709,6.880,48.480,8.160,-8.002,0.693,0.807,,,,,,,,,,,,
1,B,18882647,3387,,,,,,,,,,,,,,,,47.938,-83.250,36.688
1,S,18882647,3387,5.920,46.240,5.920,-8.072,0.662,0.767,,,,,,,,,,,,
1,B,18885356,2709,,,,,,,,,,,,,6.043,45.098,9.512,,,
1,S,18885356,2709,4.640,45.280,4.000,-8.168,0.682,0.772,,,,,,,,,,,,
1,B,18888744,3388,,,,,,,,,,-8.320,0.746,0.441,,,,,,
1,S,18888744,3388,3.680,44.000,1.760,-8.318,0.662,0.787,,,,,,,,,,,,
1,B,18891453,2709,,,,,,,,,,,,,,,,47.312,-82.938,37.312
1,S,18891453,2709,3.040,43.040,0.160,-8.432,0.568,0.812,,,,,,,,,,,,
1,B,18894162,2709,,,,,,,,,,,,,3.693,40.734,2.910,,,
1,S,18894162,2709,2.080,41.760,-1.440,-8.508,0.432,0.823,,,,,,,,,,,,
1,B,18898226,4064,,,,,,,,,,-8.691,0.566,0.461,,,,,,
1,S,18898226,4064,0.800,40.160,-3.360,-8.562,0.287,0.797,,,,,,,,,,,,
1,B,18900258,2032,,,,,,,,,,,,,,,,47.312,-82.938,37.312
1,S,18900258,2032,-0.480,38.880,-3.680,-8.588,0.258,0.782,,,,,,,,,,,,
1,B,18902969,2711,,,,,,,,,,-8.797,0.355,0.422,,,,,,
1,S,18902969,2711,-1.120,37.280,-4.320,-8.617,0.273,0.762,,,,,,,,,,,,
1,B,18906354,3385,,,,,,,,,,,,,0.671,36.257,-2.350,,,
1,S,18906354,3385,-2.720,35.680,-5.600,-8.662,0.323,0.748,,,,,,,,,,,,
1,B,18909742,3388,,,,,,,,,,-8.910,0.383,0.430,,,,,,
1,S,18909742,3388,-4.000,33.760,-6.880,-8.732,0.343,0.743,,,,,,,,,,,,
1,B,18912451,2709,,,,,,,,,,,,,,,,47.688,-84.062,37.750
1,S,18912451,2709,-4.640,31.840,-8.160,-8.803,0.323,0.752,,,,,,,,,,,,
1,B,18915160,2709,,,,,,,,,,,,,-2.462,31.446,-6.491,,,
1,S,18915160,5419,-4.640,29.920,-11.040,-8.947,0.268,0.752,,,,,,,,,,,,
1,B,18918547,3387,,,,,,,,,,-9.117,0.383,0.422,,,,,,
1,S,18918547,677,-4.960,27.680,-11.360,-8.963,0.263,0.752,,,,,,,,,,,,
1,B,18921256,2709,,,,,,,,,,,,,,,,47.750,-84.500,37.812
1,S,18921256,2709,-4.960,26.400,-12.320,-9.012,0.228,0.738,,,,,,,,,,,,
1,B,18923967,2711,,,,,,,,,,,,,-4.700,26.746,-9.960,,,
1,S,18923967,2711,-4.960,25.760,-13.280,-9.053,0.152,0.708,,,,,,,,,,,,
1,B,18928030,4063,,,,,,,,,,-9.270,0.258,0.363,,,,,,
1,S,18928030,4063,-5.280,24.480,-14.240,-9.092,0.022,0.667,,,,,,,,,,,,
1,B,18930740,2710,,,,,,,,,,-9.293,0.047,0.344,,,,,,
1,S,18930740,2710,-6.560,23.520,-14.880,-9.088,-0.052,0.677,,,,,,,,,,,,
1,B,18933449,2709,,,,,,,,,,,,,,,,48.125,-84.125,37.625
1,S,18933449,2709,-7.520,22.560,-15.200,-9.092,-0.128,0.693,,,,,,,,,,,,
1,B,18936158,2709,,,,,,,,,,,,,-6.379,22.381,-13.093,,,
1,S,18936158,5420,-7.840,20.960,-17.440,-9.197,-0.207,0.632,,,,,,,,,,,,
1,B,18939546,3388,,,,,,,,,,-9.406,-0.145,0.297,,,,,,
1,S,18939546,677,-9.440,19.040,-17.760,-9.227,-0.198,0.623,,,,,,,,,,,,
1,B,18942255,2709,,,,,,,,,,,,,,,,47.875,-84.375,37.562
1,S,18942255,2709,-9.760,17.760,-19.680,-9.367,-0.138,0.608,,,,,,,,,,,,
1,B,18944965,2710,,,,,,,,,,,,,-8.057,18.353,-16.003,,,
1,S,18944965,2710,-10.080,16.480,-20.960,-9.568,-0.122,0.647,,,,,,,,,,,,
1,B,18948351,3386,,,,,,,,,,-9.887,-0.066,0.449,,,,,,
1,S,18948351,3386,-9.760,15.200,-21.280,-9.828,-0.203,0.757,,,,,,,,,,,,
1,B,18951719,3368,,,,,,,,,,,,,,,,46.688,-82.688,37.875
1,S,18951719,3368,-9.440,14.880,-21.600,-9.992,-0.302,0.848,,,,,,,,,,,,
1,B,18953771,2052,,,,,,,,,,,,,-9.064,14.883,-18.800,,,
1,S,18953771,2052,-9.440,14.880,-21.920,-10.088,-0.403,0.907,,,,,,,,,,,,
1,B,18957835,4064,,,,,,,,,,-10.281,-0.344,0.641,,,,,,
1,S,18957835,4064,-9.440,14.880,-22.880,-10.117,-0.557,0.907,,,,,,,,,,,,
1,B,18960544,2709,,,,,,,,,,,,,,,,47.062,-82.750,37.062
1,S,18960544,2709,-9.120,14.880,-23.520,-10.092,-0.682,0.902,,,,,,,,,,,,
1,B,18963253,2709,,,,,,,,,,,,,-9.176,12.422,-21.150,,,
1,S,18963253,2709,-9.120,14.240,-23.520,-10.047,-0.823,0.892,,,,,,,,,,,,
1,B,18967995,4742,,,,,,,,,,-10.285,-0.680,0.555,,,,,,
1,S,18967995,4742,-9.440,12.640,-23.520,-9.947,-0.988,0.843,,,,,,,,,,,,
1,B,18970026,2031,,,,,,,,,,-10.094,-0.871,0.496,,,,,,
1,S,18970026,2031,-10.400,12.320,-23.840,-9.893,-1.028,0.812,,,,,,,,,,,,
1,B,18973414,3388,,,,,,,,,,,,,,,,48.188,-82.875,37.500
1,S,18973414,3388,-10.720,11.680,-24.480,-9.807,-1.073,0.782,,,,,,,,,,,,
1,B,18975446,2032,,,,,,,,,,,,,-9.400,10.743,-22.717,,,
1,S,18975446,2032,-10.720,11.040,-24.480,-9.762,-1.107,0.777,,,,,,,,,,,,
1,B,18978833,3387,,,,,,,,,,-9.949,-0.949,0.469,,,,,,
1,S,18978833,3387,-11.360,9.760,-24.800,-9.727,-1.167,0.777,,,,,,,,,,,,
1,B,18982219,3386,,,,,,,,,,,,,,,,47.625,-84.188,38.062
1,S,18982219,3386,-12.640,9.120,-25.120,-9.762,-1.198,0.777,,,,,,,,,,,,
1,B,18984251,2032,,,,,,,,,,,,,-10.295,9.064,-23.836,,,
1,S,18984251,2032,-12.640,9.120,-25.440,-9.807,-1.177,0.792,,,,,,,,,,,,
1,B,18988994,4743,,,,,,,,,,-10.031,-0.949,0.566,,,,,,
1,S,18988994,4743,-12.000,8.800,-26.720,-9.957,-1.087,0.863,,,,,,,,,,,,
1,B,18991025,2031,,,,,,,,,,,,,,,,48.188,-83.500,37.938
1,S,18991025,2031,-9.760,9.440,-26.720,-10.033,-1.062,0.912,,,,,,,,,,,,
1,B,18994412,3387,,,,,,,,,,-10.371,-0.871,0.793,,,,,,
1,S,18994412,3387,-8.160,10.400,-27.040,-10.182,-1.062,1.002,,,,,,,,,,,,
1,B,18997799,3387,,,,,,,,,,,,,-9.960,8.057,-24.731,,,
1,S,18997799,3387,-5.920,11.360,-26.720,-10.367,-1.113,1.103,,,,,,,,,,,,
1,B,18999831,2032,,,,,,,,,,,,,,,,48.500,-83.562,37.125
1,S,18999831,2032,-4.000,12.000,-27.040,-10.492,-1.143,1.167,,,,,,,,,,,,
1,B,19003217,3386,,,,,,,,,,-10.754,-0.930,1.035,,,,,,
1,S,19003217,3386,-2.720,13.920,-27.360,-10.682,-1.192,1.272,,,,,,,,,,,,
1,B,19006605,3388,,,,,,,,,,,,,-7.050,8.281,-25.626,,,
1,S,19006605,3388,-0.800,14.880,-27.040,-10.822,-1.248,1.343,,,,,,,,,,,,
1,B,19008637,2032,,,,,,,,,,,,,,,,47.562,-82.125,37.000
1,S,19008637,2032,0.800,15.200,-27.040,-10.867,-1.308,1.363,,,,,,,,,,,,
1,B,19012023,3386,,,,,,,,,,-11.078,-1.074,1.129,,,,,,
1,S,19012023,3386,1.440,16.160,-26.400,-10.898,-1.448,1.327,,,,,,,,,,,,
1,B,19014055,2032,,,,,,,,,,,,,-2.798,10.407,-25.962,,,
1,S,19014055,2032,2.400,17.120,-25.760,-10.898,-1.552,1.288,,,,,,,,,,,,
1,B,19018798,4743,,,,,,,,,,,,,,,,48.875,-82.562,37.250
1,S,19018798,4743,3.040,20.000,-24.800,-10.842,-1.768,1.173,,,,,,,,,,,,
1,B,19020830,2032,,,,,,,,,,-11.109,-1.438,0.957,,,,,,
1,S,19020830,2032,2.720,20.960,-24.480,-10.803,-1.837,1.113,,,,,,,,,,,,
1,B,19023539,2709,,,,,,,,,,-10.953,-1.703,0.621,,,,,,
1,S,19023539,2709,2.080,21.920,-23.840,-10.727,-1.907,1.008,,,,,,,,,,,,
1,B,19026248,2709,,,,,,,,,,,,,0.112,13.653,-25.291,,,
1,S,19026248,2709,1.120,21.920,-22.880,-10.627,-1.968,0.882,,,,,,,,,,,,
1,B,19028958,2710,,,,,,,,,,,,,,,,48.812,-83.188,36.938
1,S,19028958,5419,0.480,22.240,-20.000,-10.383,-2.078,0.637,,,,,,,,,,,,
1,B,19032344,3386,,,,,,,,,,,,,0.336,16.786,-23.053,,,
1,S,19032344,677,-1.440,23.200,-19.680,-10.348,-2.087,0.613,,,,,,,,,,,,
1,B,19037085,4741,,,,,,,,,,-10.617,-1.840,0.238,,,,,,
1,S,19037085,4741,-1.760,23.840,-17.760,-10.172,-2.163,0.477,,,,,,,,,,,,
1,B,19039796,2711,,,,,,,,,,,,,,,,47.000,-83.312,38.188
1,S,19039796,2711,-3.680,23.840,-16.800,-10.113,-2.197,0.412,,,,,,,,,,,,
1,B,19043860,4064,,,,,,,,,,,,,-1.679,18.912,-19.584,,,
1,S,19043860,4064,-4.320,24.160,-13.920,-10.057,-2.243,0.352,,,,,,,,,,,,
1,B,19051310,7450,,,,,,,,,,-10.418,-1.992,0.059,,,,,,
1,S,19051310,7450,-5.280,23.840,-8.800,-9.988,-2.277,0.398,,,,,,,,,,,,
1,B,19053342,2032,,,,,,,,,,,,,,,,48.250,-81.750,36.688
1,S,19053342,4065,-6.880,23.840,-6.560,-10.012,-2.277,0.463,,,,,,,,,,,,
1,B,19056051,2709,,,,,,,,,,,,,-4.588,19.807,-14.883,,,
1,S,19056051,676,-7.520,23.520,-6.240,-10.023,-2.272,0.482,,,,,,,,,,,,
1,B,19062148,6097,,,,,,,,,,-10.492,-1.809,0.430,,,,,,
1,S,19062148,6097,-7.840,22.880,-3.680,-10.188,-2.098,0.688,,,,,,,,,,,,
1,B,19066212,4064,,,,,,,,,,,,,,,,48.500,-81.438,36.750
1,S,19066212,4064,-10.400,23.840,-1.120,-10.303,-1.958,0.823,,,,,,,,,,,,
1,B,19068923,2711,,,,,,,,,,,,,-7.386,20.031,-9.848,,,
1,S,19068923,2711,-9.760,24.480,-0.160,-10.387,-1.887,0.897,,,,,,,,,,,,
1,B,19070955,2032,,,,,,,,,,,,,,,,48.250,-83.375,37.625
1,S,19070955,2032,-9.120,25.120,-0.160,-10.477,-1.847,0.953,,,,,,,,,,,,
1,B,19074341,3386,,,,,,,,,,-10.711,-1.582,0.727,,,,,,
1,S,19074341,3386,-8.800,25.760,0.160,-10.662,-1.772,1.058,,,,,,,,,,,,
1,B,19077728,3387,,,,,,,,,,,,,-8.505,20.479,-5.260,,,
1,S,19077728,3387,-7.840,26.720,0.800,-10.893,-1.692,1.153,,,,,,,,,,,,
1,B,19081095,3367,,,,,,,,,,-11.195,-1.387,0.969,,,,,,
1,S,19081095,3367,-6.240,29.280,2.400,-11.033,-1.623,1.192,,,,,,,,,,,,
1,B,19083825,2730,,,,,,,,,,,,,,,,47.750,-82.938,37.938
1,S,19083825,2730,-4.640,31.200,3.680,-11.107,-1.583,1.177,,,,,,,,,,,,
1,B,19086534,2709,,,,,,,,,,,,,-7.610,22.045,-1.679,,,
1,S,19086534,2709,-4.000,32.160,4.320,-11.092,-1.613,1.117,,,,,,,,,,,,
1,A,19086646,356637,,,,,,,11.852,-1.899,0.898,,,,,,,,,
1,B,19089921,3387,,,,,,,,,,-11.301,-1.352,0.871,,,,,,
1,S,19089921,3387,-3.360,32.160,4.640,-11.012,-1.692,0.998,,,,,,,,,,,,
1,A,19092493,5847,,,,,,,11.697,-1.970,0.781,,,,,,,,,
1,B,19092630,2709,,,,,,,,,,,,,,,,48.375,-83.250,37.312
1,S,19092630,2709,-3.040,32.800,4.960,-10.928,-1.742,0.882,,,,,,,,,,,,
1,A,19093588,1095,,,,,,,11.685,-1.919,0.722,,,,,,,,,
1,B,19095339,2709,,,,,,,,,,,,,-5.595,24.955,1.007,,,
1,S,19095339,2709,-3.040,34.400,5.280,-10.838,-1.762,0.748,,,,,,,,,,,,
1,A,19095340,1752,,,,,,,11.585,-1.919,0.561,,,,,,,,,
1,B,19098726,3387,,,,,,,,,,-11.070,-1.477,0.508,,,,,,
1,S,19098726,3387,-3.360,35.360,6.560,-10.732,-1.752,0.588,,,,,,,,,,,,
1,A,19098236,2896,,,,,,,11.423,-1.956,0.447,,,,,,,,,
1,B,19102112,3386,,,,,,,,,,,,,,,,47.312,-82.375,38.625
1,S,19102112,3386,-3.680,35.680,6.560,-10.623,-1.728,0.443,,,,,,,,,,,,
1,A,19102221,3985,,,,,,,11.504,-1.889,0.378,,,,,,,,,
1,B,19104145,2033,,,,,,,,,,,,,-4.476,27.753,3.021,,,
1,S,19104145,2033,-4.000,35.680,6.560,-10.557,-1.712,0.362,,,,,,,,,,,,
1,A,19104214,1993,,,,,,,11.404,-1.840,0.225,,,,,,,,,
1,B,19108209,4064,,,,,,,,,,-10.832,-1.492,0.098,,,,,,
1,S,19108209,4064,-4.640,35.360,7.520,-10.473,-1.708,0.228,,,,,,,,,,,,
1,A,19108200,3986,,,,,,,11.271,-1.882,0.110,,,,,,,,,
1,B,19110919,2710,,,,,,,,,,,,,,,,47.312,-82.375,38.625
1,S,19110919,2710,-5.280,35.040,8.160,-10.428,-1.688,0.158,,,,,,,,,,,,
1,A,19111188,2988,,,,,,,11.292,-1.748,0.034,,,,,,,,,
1,B,19112951,2032,,,,,,,,,,-10.652,-1.438,-0.172,,,,,,
1,S,19112951,2032,-5.920,35.040,8.160,-10.393,-1.663,0.102,,,,,,,,,,,,
1,A,19113181,1993,,,,,,,11.104,-1.863,-0.019,,,,,,,,,
1,B,19116337,3386,,,,,,,,,,,,,-4.812,29.543,4.588,,,
1,S,19116337,3386,-6.560,35.360,8.160,-10.318,-1.617,0.018,,,,,,,,,,,,
1,A,19116170,2989,,,,,,,11.142,-1.977,0.021,,,,,,,,,
1,B,19119725,3388,,,,,,,,,,-10.484,-1.359,-0.316,,,,,,
1,S,19119725,3388,-6.880,36.000,8.800,-10.213,-1.607,-0.052,,,,,,,,,,,,
1,A,19120155,3985,,,,,,,11.078,-1.906,0.013,,,,,,,,,
1,B,19123111,3386,,,,,,,,,,,,,,,,47.062,-81.625,37.938
1,S,19123111,3386,-6.240,35.680,9.760,-10.143,-1.683,-0.062,,,,,,,,,,,,
1,A,19123144,2989,,,,,,,10.988,-2.006,0.109,,,,,,,,,
1,B,19125143,2032,,,,,,,,,,,,,-5.371,30.326,5.931,,,
1,S,19125143,2032,-5.600,35.680,10.400,-10.117,-1.738,-0.048,,,,,,,,,,,,
1,A,19125137,1993,,,,,,,11.067,-1.960,0.147,,,,,,,,,
1,B,19128530,3387,,,,,,,,,,-10.371,-1.477,-0.363,,,,,,
1,S,19128530,3387,-4.960,35.040,11.040,-10.078,-1.798,0.007,,,,,,,,,,,,
1,A,19129123,3986,,,,,,,11.026,-2.026,0.214,,,,,,,,,
1,B,19131917,3387,,,,,,,,,,,,,,,,48.000,-82.125,37.625
1,S,19131917,3387,-4.640,35.040,11.680,-10.057,-1.812,0.062,,,,,,,,,,,,
1,A,19132112,2989,,,,,,,11.019,-2.050,0.303,,,,,,,,,
1,B,19133950,2033,,,,,,,,,,,,,-5.371,30.215,7.162,,,
1,S,19133950,2033,-4.640,35.040,12.320,-10.057,-1.812,0.098,,,,,,,,,,,,
1,A,19138084,5983,,,,,,,11.080,-2.065,0.451,,,,,,,,,
1,B,19138691,4741,,,,,,,,,,-10.309,-1.582,-0.211,,,,,,
1,S,19138691,4741,-4.320,34.080,13.280,-10.082,-1.847,0.233,,,,,,,,,,,,
1,A,19139086,2300,,,,,,,11.058,-2.174,0.572,,,,,,,,,
1,B,19140723,2032,,,,,,,,,,-10.344,-1.598,0.020,,,,,,
1,S,19140723,2032,-4.000,33.760,13.600,-10.092,-1.867,0.307,,,,,,,,,,,,
1,A,19141079,684,,,,,,,11.068,-2.114,0.688,,,,,,,,,
1,B,19144109,3386,,,,,,,,,,,,,,,,48.500,-83.062,37.750
1,S,19144109,3386,-4.320,33.120,13.920,-10.127,-1.913,0.422,,,,,,,,,,,,
1,A,19144110,3031,,,,,,,11.030,-2.137,0.686,,,,,,,,,
1,B,19146141,2032,,,,,,,,,,,,,-5.036,29.431,8.617,,,
1,S,19146141,2032,-4.640,32.480,14.240,-10.148,-1.938,0.477,,,,,,,,,,,,
1,A,19146142,2032,,,,,,,11.005,-2.211,0.765,,,,,,,,,
1,B,19149528,3387,,,,,,,,,,-10.398,-1.684,0.230,,,,,,
1,S,19149528,3387,-4.960,32.160,15.200,-10.152,-1.942,0.552,,,,,,,,,,,,
1,A,19152540,6398,,,,,,,11.078,-2.126,0.838,,,,,,,,,
1,B,19152916,3388,,,,,,,,,,,,,,,,48.875,-83.125,37.625
1,S,19152916,3388,-4.640,31.840,16.480,-10.137,-1.938,0.623,,,,,,,,,,,,
1,A,19153035,495,,,,,,,10.942,-2.194,0.853,,,,,,,,,
1,B,19154948,2032,,,,,,,,,,,,,-4.924,28.424,10.519,,,
1,S,19154948,2032,-4.960,31.520,17.760,-10.127,-1.933,0.657,,,,,,,,,,,,
1,A,19155477,2442,,,,,,,10.934,-2.139,0.950,,,,,,,,,
1,B,19158334,3386,,,,,,,,,,-10.371,-1.695,0.410,,,,,,
1,S,19158334,3386,-4.960,31.200,18.720,-10.092,-1.938,0.703,,,,,,,,,,,,
1,A,19160216,4739,,,,,,,11.008,-2.064,0.952,,,,,,,,,
1,B,19161721,3387,,,,,,,,,,,,,,,,47.500,-82.188,38.000
1,S,19161721,3387,-5.280,31.200,19.360,-10.062,-1.938,0.733,,,,,,,,,,,,
1,B,19164430,2709,,,,,,,,,,,,,-5.148,27.081,12.981,,,
1,S,19164430,2709,-5.600,30.560,20.000,-10.047,-1.917,0.767,,,,,,,,,,,,
1,A,19167982,7766,,,,,,,11.102,-1.940,1.021,,,,,,,,,
1,B,19168495,4065,,,,,,,,,,-10.312,-1.656,0.496,,,,,,
1,S,19168495,4065,-5.600,28.320,21.280,-10.098,-1.857,0.833,,,,,,,,,,,,
1,A,19169097,1115,,,,,,,11.198,-1.824,1.063,,,,,,,,,
1,B,19170527,2032,,,,,,,,,,-10.469,-1.438,0.613,,,,,,
1,S,19170527,2032,-6.560,28.000,22.240,-10.148,-1.798,0.863,,,,,,,,,,,,
1,A,19173622,4525,,,,,,,11.245,-1.856,1.139,,,,,,,,,
1,B,19173914,3387,,,,,,,,,,,,,,,,47.500,-81.125,37.500
1,S,19173914,3387,-6.880,28.000,23.200,-10.242,-1.702,0.917,,,,,,,,,,,,
1,A,19175965,2343,,,,,,,11.332,-1.809,1.120,,,,,,,,,
1,B,19176623,2709,,,,,,,,,,,,,-5.819,25.291,15.667,,,
1,S,19176623,2709,-6.880,27.680,24.160,-10.312,-1.653,0.958,,,,,,,,,,,,
1,B,19179332,2709,,,,,,,,,,,,,,,,47.250,-83.000,38.312
1,S,19179332,2709,-6.880,26.400,25.120,-10.373,-1.623,0.978,,,,,,,,,,,,
1,B,19182720,3388,,,,,,,,,,-10.648,-1.352,0.738,,,,,,
1,S,19182720,3388,-6.880,25.440,26.400,-10.432,-1.577,0.983,,,,,,,,,,,,
1,B,19186106,3386,,,,,,,,,,,,,-6.491,23.388,18.576,,,
1,S,19186106,3386,-6.560,25.120,27.360,-10.463,-1.518,0.968,,,,,,,,,,,,
1,B,19189493,3387,,,,,,,,,,-10.684,-1.312,0.691,,,,,,
1,S,19189493,3387,-6.560,25.120,28.320,-10.418,-1.567,0.932,,,,,,,,,,,,
1,B,19192880,3387,,,,,,,,,,,,,,,,48.375,-83.188,38.000
1,S,19192880,3387,-7.520,23.520,28.320,-10.312,-1.577,0.833,,,,,,,,,,,,
1,B,19194912,2032,,,,,,,,,,,,,-7.610,21.486,21.598,,,
1,S,19194912,2032,-9.120,21.920,28.320,-10.258,-1.488,0.797,,,,,,,,,,,,
1,B,19198298,3386,,,,,,,,,,-10.469,-1.195,0.441,,,,,,
1,S,19198298,3386,-10.400,20.000,28.000,-10.213,-1.222,0.728,,,,,,,,,,,,
1,B,19201686,3388,,,,,,,,,,,,,,,,47.312,-82.375,38.625
1,S,19201686,3388,-12.320,19.040,28.000,-10.258,-0.988,0.682,,,,,,,,,,,,
1,B,19203718,2032,,,,,,,,,,,,,-9.176,18.912,23.276,,,
1,S,19203718,2032,-12.320,18.400,28.000,-10.322,-0.853,0.672,,,,,,,,,,,,
1,B,19208459,4741,,,,,,,,,,-10.453,-0.746,0.461,,,,,,
1,S,19208459,4741,-11.680,16.160,26.400,-10.328,-0.573,0.662,,,,,,,,,,,,
1,B,19210491,2032,,,,,,,,,,-10.406,-0.527,0.449,,,,,,
1,S,19210491,2032,-8.800,15.200,25.760,-10.252,-0.603,0.682,,,,,,,,,,,,
1,B,19213879,3388,,,,,,,,,,,,,,,,47.062,-83.750,38.312
1,S,19213879,3388,-7.520,13.920,25.120,-10.098,-0.767,0.677,,,,,,,,,,,,
1,A,19214833,38868,,,,,,,10.739,-1.163,0.710,,,,,,,,,
1,B,19215911,2032,,,,,,,,,,,,,-9.512,15.443,22.941,,,
1,S,19215911,2032,-6.560,12.960,24.480,-10.047,-0.868,0.657,,,,,,,,,,,,
1,A,19218930,4097,,,,,,,10.893,-1.039,0.812,,,,,,,,,
1,B,19219297,3386,,,,,,,,,,,,,,,,47.938,-83.750,38.562
1,S,19219297,3386,-6.240,12.320,23.840,-10.002,-0.927,0.662,,,,,,,,,,,,
1,A,19222229,3299,,,,,,,10.826,-1.294,1.046,,,,,,,,,
1,B,19222684,3387,,,,,,,,,,-10.207,-0.738,0.449,,,,,,
1,S,19222684,3387,-5.920,11.040,22.880,-9.947,-0.828,0.698,,,,,,,,,,,,
1,A,19225529,3300,,,,,,,11.036,-0.309,0.691,,,,,,,,,
1,B,19226070,3386,,,,,,,,,,,,,-7.945,12.086,21.374,,,
1,S,19226070,3386,-5.280,10.720,21.920,-9.908,-0.708,0.738,,,,,,,,,,,,
1,A,19228829,3300,,,,,,,11.273,-0.839,1.019,,,,,,,,,
1,B,19229457,3387,,,,,,,,,,-10.031,-0.555,0.488,,,,,,
1,S,19229457,3387,-4.320,10.080,20.960,-9.893,-0.623,0.787,,,,,,,,,,,,
1,A,19232127,3298,,,,,,,11.191,-0.925,1.193,,,,,,,,,
1,B,19232845,3388,,,,,,,,,,,,,,,,47.188,-84.188,39.125
1,S,19232845,3388,-3.680,8.800,19.360,-9.928,-0.603,0.877,,,,,,,,,,,,
1,A,19234427,2300,,,,,,,10.952,-0.606,0.901,,,,,,,,,
1,B,19234877,2032,,,,,,,,,,,,,-5.819,9.176,19.136,,,
1,S,19234877,2032,-3.680,8.160,18.400,-9.947,-0.547,0.912,,,,,,,,,,,,
1,A,19238739,4312,,,,,,,11.384,-0.811,1.202,,,,,,,,,
1,B,19238941,4064,,,,,,,,,,-10.145,-0.402,0.641,,,,,,
1,S,19238941,4064,-3.040,7.200,16.800,-9.947,-0.393,0.892,,,,,,,,,,,,
1,A,19241038,2299,,,,,,,10.906,0.013,0.750,,,,,,,,,
1,B,19241650,2709,,,,,,,,,,-10.062,-0.250,0.707,,,,,,
1,S,19241650,5418,-2.720,6.880,15.200,-9.908,-0.312,0.948,,,,,,,,,,,,
1,A,19244337,3299,,,,,,,10.865,-0.762,1.235,,,,,,,,,
1,B,19245036,3386,,,,,,,,,,,,,,,,46.438,-82.438,38.375
1,S,19245036,677,-0.480,6.880,14.880,-9.898,-0.302,0.953,,,,,,,,,,,,
1,A,19246693,2356,,,,,,,10.791,-0.490,0.979,,,,,,,,,
1,B,19247068,2032,,,,,,,,,,,,,-3.917,6.714,15.891,,,
1,S,19247068,2032,-0.160,6.560,13.600,-9.873,-0.287,0.973,,,,,,,,,,,,
1,A,19247689,996,,,,,,,10.751,-0.250,0.850,,,,,,,,,
1,B,19250456,3388,,,,,,,,,,,,,,,,46.562,-84.375,39.125
1,S,19250456,3388,0.480,5.600,11.680,-9.857,-0.258,1.008,,,,,,,,,,,,
1,A,19250678,2989,,,,,,,10.899,-0.587,1.295,,,,,,,,,
1,B,19253843,3387,,,,,,,,,,-10.035,-0.199,0.758,,,,,,
1,S,19253843,3387,1.120,4.960,10.080,-9.873,-0.217,0.983,,,,,,,,,,,,
1,A,19256553,5875,,,,,,,10.749,-0.517,1.252,,,,,,,,,
1,B,19257229,3386,,,,,,,,,,,,,-1.790,4.812,11.974,,,
1,S,19257229,3386,1.760,4.960,8.800,-9.887,-0.242,1.008,,,,,,,,,,,,
1,A,19258649,2096,,,,,,,10.821,-0.736,1.456,,,,,,,,,
1,B,19260597,3368,,,,,,,,,,-10.031,-0.184,0.758,,,,,,
1,S,19260597,3368,1.760,5.600,7.520,-9.867,-0.278,1.067,,,,,,,,,,,,
1,A,19263151,4502,,,,,,,10.790,-0.618,1.459,,,,,,,,,
1,B,19263325,2728,,,,,,,,,,,,,,,,46.000,-83.000,38.938
1,S,19263325,2728,2.080,6.560,6.240,-9.842,-0.343,1.163,,,,,,,,,,,,
1,B,19266035,2710,,,,,,,,,,,,,0.112,3.917,7.722,,,
1,S,19266035,5420,2.400,6.880,3.680,-9.812,-0.482,1.238,,,,,,,,,,,,
1,A,19268613,5462,,,,,,,10.625,-1.027,1.522,,,,,,,,,
1,B,19269422,3387,,,,,,,,,,-10.031,-0.324,0.910,,,,,,
1,S,19269422,677,1.120,6.240,3.360,-9.812,-0.497,1.242,,,,,,,,,,,,
1,A,19270824,2211,,,,,,,10.720,-0.822,1.513,,,,,,,,,
1,B,19272131,2709,,,,,,,,,,,,,,,,46.375,-83.625,39.250
1,S,19272131,2709,0.800,5.920,2.400,-9.793,-0.568,1.258,,,,,,,,,,,,
1,B,19274841,2710,,,,,,,,,,,,,0.560,3.805,3.917,,,
1,S,19274841,2710,0.160,5.920,2.080,-9.768,-0.618,1.272,,,,,,,,,,,,
1,A,19278592,7768,,,,,,,10.417,-0.990,1.476,,,,,,,,,
1,B,19278906,4065,,,,,,,,,,-9.969,-0.535,0.949,,,,,,
1,S,19278906,6097,-0.800,6.560,0.800,-9.662,-0.662,1.288,,,,,,,,,,,,
1,A,19279718,1126,,,,,,,10.565,-0.884,1.319,,,,,,,,,
1,B,19281615,2709,,,,,,,,,,-9.852,-0.613,0.977,,,,,,
1,S,19281615,677,-2.720,6.880,0.800,-9.648,-0.672,1.288,,,,,,,,,,,,
1,A,19283016,3298,,,,,,,10.555,-1.229,1.485,,,,,,,,,
1,B,19284324,2709,,,,,,,,,,,,,,,,46.938,-83.438,38.500
1,S,19284324,2709,-3.040,7.200,0.160,-9.562,-0.703,1.272,,,,,,,,,,,,
1,B,19287033,2709,,,,,,,,,,,,,-0.783,4.252,0.895,,,
1,S,19287033,2709,-4.000,7.520,0.160,-9.467,-0.762,1.242,,,,,,,,,,,,
1,B,19290420,3387,,,,,,,,,,-9.645,-0.707,0.949,,,,,,
1,S,19290420,3387,-4.320,7.840,0.480,-9.328,-0.848,1.228,,,,,,,,,,,,
1,B,19293808,3388,,,,,,,,,,,,,,,,46.375,-83.625,39.250
1,S,19293808,3388,-4.320,8.160,0.800,-9.197,-0.927,1.248,,,,,,,,,,,,
1,B,19295840,2032,,,,,,,,,,,,,-2.910,5.036,-0.895,,,
1,S,19295840,2032,-4.320,8.480,0.480,-9.117,-0.958,1.232,,,,,,,,,,,,
1,B,19299226,3386,,,,,,,,,,-9.344,-0.805,0.930,,,,,,
1,S,19299226,3386,-4.640,9.120,0.160,-9.047,-0.968,1.177,,,,,,,,,,,,
1,B,19302613,3387,,,,,,,,,,,,,,,,47.062,-83.250,38.938
1,S,19302613,3387,-4.320,10.080,-0.160,-9.033,-0.983,1.147,,,,,,,,,,,,
1,B,19304645,2032,,,,,,,,,,,,,-4.252,6.155,-1.679,,,
1,S,19304645,2032,-3.680,10.400,0.160,-9.043,-0.993,1.147,,,,,,,,,,,,
1,B,19308709,4064,,,,,,,,,,-9.332,-0.863,0.938,,,,,,
1,S,19308709,4064,-3.040,11.040,1.120,-9.098,-0.978,1.183,,,,,,,,,,,,
1,B,19311418,2709,,,,,,,,,,-9.426,-0.793,0.949,,,,,,
1,S,19311418,2709,-2.400,11.040,1.120,-9.143,-0.943,1.192,,,,,,,,,,,,
1,B,19314806,3388,,,,,,,,,,,,,,,,46.188,-83.312,38.688
1,S,19314806,3388,-3.040,11.680,1.440,-9.143,-0.922,1.192,,,,,,,,,,,,
1,B,19316838,2032,,,,,,,,,,,,,-4.252,7.386,-1.567,,,
1,S,19316838,2032,-3.040,12.320,1.760,-9.113,-0.932,1.183,,,,,,,,,,,,
1,B,19320224,3386,,,,,,,,,,,,,,,,46.500,-81.875,38.000
1,S,19320224,3386,-2.400,13.600,2.080,-9.082,-0.998,1.192,,,,,,,,,,,,
1,B,19323611,3387,,,,,,,,,,-9.348,-0.805,0.910,,,,,,
1,S,19323611,3387,-0.800,14.560,3.040,-9.072,-1.048,1.218,,,,,,,,,,,,
1,B,19326320,2709,,,,,,,,,,,,,-3.469,9.288,-0.560,,,
1,S,19326320,2709,-0.480,15.840,3.360,-9.062,-1.012,1.228,,,,,,,,,,,,
1,B,19329708,3388,,,,,,,,,,-9.379,-0.812,0.930,,,,,,
1,S,19329708,3388,-1.120,16.480,4.000,-9.053,-0.932,1.262,,,,,,,,,,,,
1,B,19333094,3386,,,,,,,,,,,,,,,,47.000,-82.875,38.125
1,S,19333094,3386,-2.400,17.120,4.320,-9.027,-0.912,1.222,,,,,,,,,,,,
1,B,19335804,2710,,,,,,,,,,,,,-3.133,11.638,0.448,,,
1,S,19335804,2710,-4.000,18.080,4.320,-8.992,-0.943,1.153,,,,,,,,,,,,
1,B,19338513,2709,,,,,,,,,,-9.266,-0.805,0.766,,,,,,
1,S,19338513,2709,-4.640,18.720,4.640,-8.953,-0.953,1.107,,,,,,,,,,,,
1,B,19341901,3388,,,,,,,,,,,,,,,,47.438,-84.375,39.375
1,S,19341901,5420,-4.640,19.360,5.280,-8.898,-0.818,1.103,,,,,,,,,,,,
1,B,19344610,2709,,,,,,,,,,-9.184,-0.680,0.746,,,,,,
1,S,19344610,677,-5.600,20.320,5.280,-8.893,-0.802,1.097,,,,,,,,,,,,
1,B,19347319,2709,,,,,,,,,,,,,-4.141,14.212,1.567,,,
1,S,19347319,2709,-5.920,21.280,5.600,-8.863,-0.752,1.052,,,,,,,,,,,,
1,B,19350028,2709,,,,,,,,,,,,,,,,45.812,-83.188,39.562
1,S,19350028,2709,-5.600,21.920,5.600,-8.842,-0.757,1.012,,,,,,,,,,,,
1,B,19353415,3387,,,,,,,,,,-9.090,-0.621,0.707,,,,,,
1,S,19353415,3387,-6.240,21.920,5.600,-8.803,-0.733,1.012,,,,,,,,,,,,
1,B,19356802,3387,,,,,,,,,,,,,-5.707,16.786,2.686,,,
1,S,19356802,3387,-7.200,22.880,5.600,-8.742,-0.688,1.022,,,,,,,,,,,,
1,B,19358835,2033,,,,,,,,,,,,,,,,47.562,-82.625,38.125
1,S,19358835,2033,-7.520,23.520,5.600,-8.688,-0.672,1.022,,,,,,,,,,,,
1,B,19362221,3386,,,,,,,,,,-8.973,-0.527,0.699,,,,,,
1,S,19362221,3386,-7.520,24.160,5.280,-8.607,-0.693,1.002,,,,,,,,,,,,
1,B,19364253,2032,,,,,,,,,,,,,-6.714,18.912,3.357,,,
1,S,19364253,2032,-7.200,24.480,5.600,-8.557,-0.718,0.993,,,,,,,,,,,,
1,B,19368317,4064,,,,,,,,,,,,,,,,45.938,-84.125,39.750
1,S,19368317,4064,-7.200,25.120,6.240,-8.502,-0.782,1.077,,,,,,,,,,,,
1,B,19371026,2709,,,,,,,,,,-8.844,-0.602,0.785,,,,,,
1,S,19371026,2709,-7.200,26.080,7.200,-8.473,-0.863,1.083,,,,,,,,,,,,
1,B,19373058,2032,,,,,,,,,,,,,-7.274,20.703,4.029,,,
1,S,19373058,2032,-6.880,26.720,7.840,-8.422,-0.922,1.042,,,,,,,,,,,,
1,B,19377781,4723,,,,,,,,,,-8.699,-0.805,0.652,,,,,,
1,S,19377781,4723,-6.880,27.360,8.480,-8.322,-0.998,1.008,,,,,,,,,,,,
1,B,19379833,2052,,,,,,,,,,,,,,,,45.500,-82.562,39.188
1,S,19379833,2052,-7.840,28.000,8.480,-8.262,-0.907,1.077,,,,,,,,,,,,
1,B,19381865,2032,,,,,,,,,,-8.547,-0.613,0.812,,,,,,
1,S,19381865,2032,-8.480,28.640,8.480,-8.227,-0.882,1.123,,,,,,,,,,,,
1,B,19384574,2709,,,,,,,,,,,,,-7.945,22.493,5.036,,,
1,S,19384574,2709,-9.120,29.600,8.800,-8.273,-1.002,1.083,,,,,,,,,,,,
1,B,19388638,4064,,,,,,,,,,,,,,,,45.500,-82.562,39.188
1,S,19388638,4064,-9.440,31.520,9.760,-11.217,-3.697,0.797,,,,,,,,,,,,
1,B,19390671,2033,,,,,,,,,,-16.980,-8.359,-0.633,,,,,,
1,S,19390671,2033,-11.360,34.080,10.720,-17.223,-8.818,-0.072,,,,,,,,,,,,
1,B,19393380,2709,,,,,,,,,,,,,-11.974,25.403,7.274,,,
1,S,19393380,2709,-16.160,36.640,14.880,-28.808,-16.657,-2.547,,,,,,,,,,,,
1,B,19397444,4064,,,,,,,,,,,,,,,,46.062,-84.000,39.438
1,S,19397444,4064,-25.760,33.120,31.200,-34.672,-18.323,-6.067,,,,,,,,,,,,
1,B,19400831,3387,,,,,,,,,,-30.848,-14.434,-5.371,,,,,,
1,S,19400831,3387,-24.800,25.760,46.240,-20.378,-7.957,-4.683,,,,,,,,,,,,
1,B,19402863,2032,,,,,,,,,,,,,-12.086,25.067,19.472,,,
1,S,19402863,2032,-10.080,21.600,50.400,-9.557,-1.048,-2.897,,,,,,,,,,,,
1,B,19407605,4742,,,,,,,,,,,,,,,,46.250,-82.688,39.000
1,S,19407605,4742,-0.160,15.840,50.720,-0.312,1.472,-0.733,,,,,,,,,,,,
1,B,19409637,2032,,,,,,,,,,-2.910,1.629,-1.445,,,,,,
1,S,19409637,2032,15.200,15.200,50.080,-2.112,-1.417,-0.772,,,,,,,,,,,,
1,B,19411669,2032,,,,,,,,,,-5.312,-3.016,-1.285,,,,,,
1,S,19411669,2032,13.600,15.200,49.440,-4.468,-3.712,-0.858,,,,,,,,,,,,
1,B,19415055,3386,,,,,,,,,,,,,-4.252,20.031,33.460,,,
1,S,19415055,3386,7.840,16.480,49.760,-6.428,-3.757,-0.472,,,,,,,,,,,,
1,B,19419119,4064,,,,,,,,,,,,,,,,46.438,-84.062,39.312
1,S,19419119,4064,-3.040,17.760,50.720,-6.232,-0.022,0.398,,,,,,,,,,,,
1,B,19422506,3387,,,,,,,,,,-7.098,1.090,0.832,,,,,,
1,S,19422506,3387,-6.880,17.440,51.360,-6.423,1.702,1.123,,,,,,,,,,,,
1,B,19425216,2710,,,,,,,,,,,,,-1.119,16.003,42.077,,,
1,S,19425216,2710,-0.800,17.440,52.000,-7.043,1.373,1.498,,,,,,,,,,,,
1,B,19428603,3387,,,,,,,,,,,,,,,,46.000,-83.562,39.312
1,S,19428603,3387,4.320,19.040,52.320,-7.878,0.048,1.817,,,,,,,,,,,,
1,B,19431312,2709,,,,,,,,,,-8.293,0.098,1.504,,,,,,
1,S,19431312,2709,7.520,20.960,52.320,-8.322,-0.723,2.067,,,,,,,,,,,,
1,B,19434021,2709,,,,,,,,,,,,,2.126,15.443,45.658,,,
1,S,19434021,2709,6.880,23.200,52.320,-8.477,-0.838,2.248,,,,,,,,,,,,
1,B,19438085,4064,,,,,,,,,,,,,,,,45.625,-85.062,39.625
1,S,19438085,4064,4.320,26.400,52.640,-8.443,-0.497,2.393,,,,,,,,,,,,
1,B,19440117,2032,,,,,,,,,,-8.816,-0.461,1.781,,,,,,
1,S,19440117,2032,0.160,28.320,52.960,-8.398,-0.328,2.373,,,,,,,,,,,,
1,B,19442828,2711,,,,,,,,,,-8.746,0.363,1.703,,,,,,
1,S,19442828,2711,-1.120,31.200,53.280,-8.328,-0.117,2.252,,,,,,,,,,,,
1,B,19446892,4064,,,,,,,,,,,,,1.679,19.024,46.553,,,
1,S,19446892,4064,-2.080,34.080,52.960,-8.512,0.637,2.013,,,,,,,,,,,,
1,B,19449601,2709,,,,,,,,,,,,,,,,45.062,-83.750,39.375
1,S,19449601,2709,-2.080,36.960,52.000,-9.873,0.848,1.327,,,,,,,,,,,,
1,B,19452310,2709,,,,,,,,,,-15.879,-0.602,-2.844,,,,,,
1,S,19452310,2709,-0.800,40.800,51.360,-14.318,-0.247,-1.788,,,,,,,,,,,,
1,B,19455019,2709,,,,,,,,,,,,,0.112,25.738,45.993,,,
1,S,19455019,2709,0.480,40.800,50.720,-20.992,-1.978,-7.758,,,,,,,,,,,,
1,B,19459084,4065,,,,,,,,,,,,,,,,45.062,-84.250,40.562
1,S,19459084,4065,2.400,28.000,49.760,-25.538,-2.632,-14.518,,,,,,,,,,,,
1,B,19462471,3387,,,,,,,,,,-22.324,-1.340,-13.637,,,,,,
1,S,19462471,3387,4.960,10.400,48.800,-18.788,-0.273,-11.178,,,,,,,,,,,,
1,B,19464503,2032,,,,,,,,,,,,,1.902,23.836,44.203,,,
1,S,19464503,2032,9.440,2.080,47.520,-12.287,1.008,-6.202,,,,,,,,,,,,
1,B,19469244,4741,,,,,,,,,,,,,,,,45.125,-85.125,40.000
1,S,19469244,4741,12.000,-0.480,49.760,-3.038,0.138,1.278,,,,,,,,,,,,
1,B,19471955,2711,,,,,,,,,,-5.266,0.402,-0.660,,,,,,
1,S,19471955,2711,12.960,-0.160,49.120,-3.132,-1.143,1.157,,,,,,,,,,,,
1,B,19474664,2709,,,,,,,,,,,,,4.364,12.310,42.524,,,
1,S,19474664,2709,6.880,0.160,47.200,-4.777,-1.603,0.448,,,,,,,,,,,,
1,B,19478728,4064,,,,,,,,,,-5.301,-0.898,0.000,,,,,,
1,S,19478728,4064,-1.440,0.480,44.640,-6.138,0.083,0.203,,,,,,,,,,,,
1,B,19481437,2709,,,,,,,,,,,,,,,,44.625,-85.250,39.688
1,S,19481437,2709,-10.400,0.160,42.720,-6.362,1.627,0.772,,,,,,,,,,,,
1,B,19483469,2032,,,,,,,,,,-7.133,2.434,1.043,,,,,,
1,S,19483469,2032,-11.040,0.480,42.080,-6.553,2.388,1.288,,,,,,,,,,,,
1,B,19486857,3388,,,,,,,,,,,,,-0.224,3.021,39.950,,,
1,S,19486857,3388,-9.120,2.080,40.480,-7.062,2.973,1.593,,,,,,,,,,,,
1,B,19488889,2032,,,,,,,,,,,,,,,,44.375,-84.625,40.875
1,S,19488889,2032,-3.680,3.360,38.880,-7.567,2.922,1.558,,,,,,,,,,,,
1,B,19492275,3386,,,,,,,,,,,,,-1.902,1.119,36.034,,,
1,S,19492275,3386,-0.160,7.840,36.960,-8.658,2.447,1.312,,,,,,,,,,,,
1,B,19498371,6096,,,,,,,,,,-8.840,2.566,1.102,,,,,,
1,S,19498371,6096,3.360,15.840,35.360,-13.777,3.632,-2.053,,,,,,,,,,,,
1,B,19501759,3388,,,,,,,,,,,,,,,,44.188,-85.250,40.812
1,S,19501759,3388,2.400,14.240,31.200,-17.277,5.718,-5.668,,,,,,,,,,,,
1,B,19503791,2032,,,,,,,,,,,,,-0.895,4.588,30.886,,,
1,S,19503791,2032,2.080,10.080,26.400,-17.938,6.598,-6.952,,,,,,,,,,,,
1,B,19511241,7450,,,,,,,,,,-15.238,4.359,-3.695,,,,,,
1,S,19511241,9482,2.720,-4.960,9.120,-7.062,1.772,0.772,,,,,,,,,,,,
1,B,19513951,2710,,,,,,,,,,,,,,,,44.312,-85.625,40.625
1,S,19513951,678,-0.800,-3.680,9.440,-6.397,1.363,1.208,,,,,,,,,,,,
1,B,19516660,2709,,,,,,,,,,,,,0.112,2.910,20.703,,,
1,S,19516660,2709,-1.120,-2.080,10.080,-4.912,0.468,1.978,,,,,,,,,,,,
1,B,19522079,5419,,,,,,,,,,,,,-3.805,-0.560,11.302,,,
1,S,19522079,5419,-4.320,-3.040,8.800,-5.372,0.698,1.722,,,,,,,,,,,,
1,B,19527498,5419,,,,,,,,,,-5.668,0.719,1.387,,,,,,
1,S,19527498,5419,-12.320,-3.680,6.240,-6.003,1.127,1.808,,,,,,,,,,,,
1,B,19529530,2032,,,,,,,,,,,,,,,,44.875,-84.000,39.250
1,S,19529530,2032,-17.440,-3.680,5.600,-6.157,1.353,1.952,,,,,,,,,,,,
1,B,19532239,2709,,,,,,,,,,-6.660,1.676,1.637,,,,,,
1,S,19532239,2709,-17.440,-2.720,4.960,-6.527,1.873,2.058,,,,,,,,,,,,
1,B,19535627,3388,,,,,,,,,,,,,,,,43.812,-84.688,40.500
1,S,19535627,3388,-15.200,-0.480,4.000,-7.562,2.913,1.772,,,,,,,,,,,,
1,B,19537659,2032,,,,,,,,,,,,,-9.512,-2.910,5.148,,,
1,S,19537659,2032,-10.080,1.440,3.040,-8.838,3.692,1.212,,,,,,,,,,,,
1,B,19541045,3386,,,,,,,,,,-9.875,4.062,0.793,,,,,,
1,S,19541045,3386,-5.600,5.280,1.440,-12.297,4.923,-0.858,,,,,,,,,,,,
1,B,19544432,3387,,,,,,,,,,,,,,,,44.562,-86.375,40.500
1,S,19544432,3387,2.720,6.880,-1.760,-15.912,5.718,-3.728,,,,,,,,,,,,
1,B,19546464,2032,,,,,,,,,,,,,-7.162,-1.119,0.895,,,
1,S,19546464,2032,8.160,5.600,-4.640,-16.898,6.003,-5.003,,,,,,,,,,,,
1,B,19549852,3388,,,,,,,,,,-16.516,5.859,-5.086,,,,,,
1,S,19549852,3388,9.760,0.480,-11.040,-15.273,5.482,-5.003,,,,,,,,,,,,
1,B,19553238,3386,,,,,,,,,,,,,,,,44.062,-85.438,40.375
1,S,19553238,3386,11.360,-4.960,-16.480,-10.707,3.562,-2.312,,,,,,,,,,,,
1,B,19555270,2032,,,,,,,,,,,,,0.560,-0.560,-5.931,,,
1,S,19555270,2032,11.360,-6.880,-18.080,-7.848,2.038,-0.292,,,,,,,,,,,,
1,B,19558657,3387,,,,,,,,,,-9.789,2.910,-2.176,,,,,,
1,S,19558657,3387,10.400,-6.880,-17.440,-4.798,0.203,1.817,,,,,,,,,,,,
1,B,19562043,3386,,,,,,,,,,,,,,,,44.562,-83.812,39.750
1,S,19562043,3386,7.200,-6.880,-17.120,-4.362,-0.083,2.038,,,,,,,,,,,,
1,B,19564075,2032,,,,,,,,,,,,,3.805,-3.357,-12.869,,,
1,S,19564075,2032,2.080,-7.520,-17.440,-4.808,0.247,1.812,,,,,,,,,,,,
1,B,19568818,4743,,,,,,,,,,-4.895,0.164,1.426,,,,,,
1,S,19568818,4743,-0.800,-7.840,-18.080,-6.048,1.653,1.333,,,,,,,,,,,,
1,B,19570850,2032,,,,,,,,,,,,,,,,44.562,-83.812,39.750
1,S,19570850,2032,-3.040,-6.880,-18.720,-6.657,2.417,1.097,,,,,,,,,,,,
1,B,19572882,2032,,,,,,,,,,-6.504,1.945,1.129,,,,,,
1,S,19572882,2032,-1.120,-5.280,-19.680,-7.588,3.167,0.632,,,,,,,,,,,,
1,B,19576268,3386,,,,,,,,,,,,,2.798,-5.595,-17.234,,,
1,S,19576268,3386,2.400,-2.080,-21.600,-10.232,3.928,-1.067,,,,,,,,,,,,
1,B,19579655,3387,,,,,,,,,,-11.633,3.938,-1.953,,,,,,
1,S,19579655,3387,10.720,-0.480,-23.200,-13.543,3.897,-3.748,,,,,,,,,,,,
1,B,19583041,3386,,,,,,,,,,,,,,,,44.438,-84.500,39.812
1,S,19583041,3386,17.440,-2.400,-25.440,-15.432,3.757,-6.003,,,,,,,,,,,,
1,B,19585074,2033,,,,,,,,,,,,,7.274,-5.371,-21.038,,,
1,S,19585074,2033,20.320,-5.920,-27.360,-15.168,3.578,-6.378,,,,,,,,,,,,
1,B,19589816,4742,,,,,,,,,,-14.891,3.555,-6.590,,,,,,
1,S,19589816,4742,20.960,-14.880,-32.800,-10.883,2.433,-3.808,,,,,,,,,,,,
1,B,19591848,2032,,,,,,,,,,-7.645,1.195,-1.867,,,,,,
1,S,19591848,2032,21.600,-17.440,-33.760,-8.398,1.617,-1.978,,,,,,,,,,,,
1,B,19595234,3386,,,,,,,,,,,,,,,,44.750,-85.562,39.500
1,S,19595234,6097,21.920,-19.680,-32.160,-4.242,-0.388,1.143,,,,,,,,,,,,
1,B,19598622,3388,,,,,,,,,,,,,13.317,-8.952,-26.298,,,
1,S,19598622,677,15.520,-20.960,-31.520,-4.218,-0.432,1.167,,,,,,,,,,,,
1,B,19600654,2032,,,,,,,,,,,,,,,,44.750,-84.125,39.625
1,S,19600654,2032,14.560,-21.920,-30.880,-4.582,-0.268,0.953,,,,,,,,,,,,
1,B,19604040,3386,,,,,,,,,,-5.102,-0.059,0.441,,,,,,
1,S,19604040,3386,10.720,-22.880,-30.560,-6.383,0.588,-0.282,,,,,,,,,,,,
1,B,19607427,3387,,,,,,,,,,,,,13.317,-14.772,-29.431,,,
1,S,19607427,3387,7.520,-23.200,-31.200,-9.188,1.073,-2.362,,,,,,,,,,,,
1,B,19610814,3387,,,,,,,,,,-10.363,0.949,-3.055,,,,,,
1,S,19610814,3387,9.760,-24.480,-32.160,-12.033,0.318,-4.503,,,,,,,,,,,,
1,B,19613523,2709,,,,,,,,,,,,,,,,44.875,-82.938,39.438
1,S,19613523,2709,15.200,-27.040,-32.480,-13.457,-0.647,-5.473,,,,,,,,,,,,
1,B,19616233,2710,,,,,,,,,,,,,12.422,-20.143,-30.774,,,
1,S,19616233,2710,19.040,-29.920,-32.480,-13.613,-1.498,-5.433,,,,,,,,,,,,
1,B,19619620,3387,,,,,,,,,,-13.676,-1.227,-5.660,,,,,,
1,S,19619620,3387,21.600,-34.080,-29.920,-12.268,-2.433,-4.138,,,,,,,,,,,,
1,B,19622329,2709,,,,,,,,,,,,,,,,45.500,-85.188,39.875
1,S,19622329,2709,21.920,-36.640,-27.040,-10.592,-3.078,-2.652,,,,,,,,,,,,
1,B,19625038,2709,,,,,,,,,,-10.008,-3.027,-2.422,,,,,,
1,S,19625038,2709,20.320,-38.880,-23.520,-9.023,-3.487,-1.333,,,,,,,,,,,,
1,B,19628425,3387,,,,,,,,,,,,,13.988,-26.634,-29.767,,,
1,S,19628425,3387,17.120,-41.760,-18.720,-7.742,-3.598,-0.312,,,,,,,,,,,,
1,B,19630458,2033,,,,,,,,,,,,,,,,45.375,-84.375,39.688
1,S,19630458,2033,11.680,-43.680,-15.840,-7.442,-3.587,-0.058,,,,,,,,,,,,
1,B,19633845,3387,,,,,,,,,,-7.945,-3.246,-0.488,,,,,,
1,S,19633845,3387,7.840,-46.240,-10.400,-7.612,-3.658,-0.028,,,,,,,,,,,,
1,B,19637231,3386,,,,,,,,,,,,,10.855,-34.019,-23.612,,,
1,S,19637231,3386,1.760,-48.480,-4.640,-8.307,-3.942,-0.068,,,,,,,,,,,,
1,B,19639263,2032,,,,,,,,,,,,,,,,45.125,-84.125,40.188
1,S,19639263,2032,-3.040,-49.120,-1.760,-8.928,-4.332,0.007,,,,,,,,,,,,
1,B,19642650,3387,,,,,,,,,,-9.465,-4.109,-0.441,,,,,,
1,S,19642650,3387,-5.600,-48.480,2.400,-10.363,-5.332,0.323,,,,,,,,,,,,
1,B,19644683,2033,,,,,,,,,,,,,1.679,-40.174,-12.757,,,
1,S,19644683,2033,-10.400,-47.520,4.320,-11.377,-5.862,0.618,,,,,,,,,,,,
1,B,19649424,4741,,,,,,,,,,,,,,,,45.625,-84.125,39.062
1,S,19649424,4741,-13.920,-44.000,7.520,-13.338,-6.322,1.577,,,,,,,,,,,,
1,B,19651456,2032,,,,,,,,,,-12.938,-5.930,0.555,,,,,,
1,S,19651456,2032,-21.600,-42.400,8.480,-13.443,-5.928,2.047,,,,,,,,,,,,
1,B,19653488,2032,,,,,,,,,,,,,-10.295,-41.293,-1.679,,,
1,S,19653488,2032,-23.840,-40.800,9.440,-12.943,-5.218,2.473,,,,,,,,,,,,
1,B,19658229,4741,,,,,,,,,,-12.324,-4.129,2.355,,,,,,
1,S,19658229,4741,-25.440,-36.640,12.960,-11.252,-3.652,3.417,,,,,,,,,,,,
1,B,19660261,2032,,,,,,,,,,,,,,,,45.438,-82.750,38.750
1,S,19660261,2032,-26.400,-34.080,14.560,-11.387,-3.732,4.122,,,,,,,,,,,,
1,B,19662293,2032,,,,,,,,,,-12.379,-3.832,4.520,,,,,,
1,S,19662293,2032,-27.680,-30.880,15.840,-11.912,-4.058,4.968,,,,,,,,,,,,
1,B,19665003,2710,,,,,,,,,,,,,-20.814,-36.481,7.162,,,
1,S,19665003,2710,-30.560,-25.120,18.080,-11.912,-3.708,5.652,,,,,,,,,,,,
1,B,19669067,4064,,,,,,,,,,,,,,,,44.750,-84.125,39.625
1,S,19669067,4064,-36.000,-18.080,20.960,-9.213,-0.848,4.987,,,,,,,,,,,,
1,B,19672454,3387,,,,,,,,,,-8.438,0.355,4.375,,,,,,
1,S,19672454,3387,-39.520,-14.560,23.840,-7.402,0.662,4.253,,,,,,,,,,,,
1,B,19674486,2032,,,,,,,,,,,,,-28.648,-25.962,14.324,,,
1,S,19674486,2032,-34.720,-12.000,25.440,-7.442,0.482,4.188,,,,,,,,,,,,
1,B,19679228,4742,,,,,,,,,,,,,,,,46.125,-84.875,38.938
1,S,19679228,4742,-31.200,-4.320,28.000,-8.893,-0.953,4.577,,,,,,,,,,,,
1,B,19681260,2032,,,,,,,,,,-9.094,-0.527,4.117,,,,,,
1,S,19681260,2032,-28.000,-0.480,28.960,-9.283,-1.143,4.697,,,,,,,,,,,,
1,B,19683292,2032,,,,,,,,,,,,,-30.103,-12.757,20.479,,,
1,S,19683292,2032,-28.640,3.040,29.280,-9.547,-1.018,4.817,,,,,,,,,,,,
1,B,19688033,4741,,,,,,,,,,-10.383,-0.613,4.684,,,,,,
1,S,19688033,4741,-29.280,12.000,26.400,-10.508,-0.453,5.497,,,,,,,,,,,,
1,B,19690065,2032,,,,,,,,,,,,,,,,45.062,-84.250,38.812
1,S,19690065,2032,-31.200,16.160,23.840,-10.773,0.117,5.747,,,,,,,,,,,,
1,B,19692756,2691,,,,,,,,,,-10.602,2.039,5.477,,,,,,
1,S,19692756,2691,-32.800,21.920,19.360,-10.783,1.042,5.853,,,,,,,,,,,,
1,B,19694808,2052,,,,,,,,,,,,,-30.103,2.798,21.598,,,
1,S,19694808,2052,-34.080,25.760,15.840,-10.543,2.377,5.803,,,,,,,,,,,,
1,A,19698065,415049,,,,,,,12.138,1.909,3.719,,,,,,,,,
1,B,19698872,4064,,,,,,,,,,,,,,,,46.062,-85.438,39.312
1,S,19698872,4064,-32.800,32.160,9.120,-10.178,3.417,5.367,,,,,,,,,,,,
1,A,19701880,3815,,,,,,,13.468,-0.306,3.490,,,,,,,,,
1,B,19702258,3386,,,,,,,,,,-10.488,2.805,4.914,,,,,,
1,S,19702258,3386,-23.840,36.000,4.320,-10.418,2.783,4.657,,,,,,,,,,,,
1,A,19704179,2299,,,,,,,12.915,-2.211,1.240,,,,,,,,,
1,B,19704290,2032,,,,,,,,,,,,,-24.060,18.576,14.548,,,
1,S,19704290,2032,-12.000,38.240,1.760,-10.967,1.742,4.117,,,,,,,,,,,,
1,A,19708479,4300,,,,,,,17.135,-5.338,-3.411,,,,,,,,,
1,B,19709031,4741,,,,,,,,,,,,,,,,46.062,-84.500,38.812
1,S,19709031,4741,-5.600,43.680,-1.760,-12.568,-1.823,1.498,,,,,,,,,,,,
1,A,19711791,3312,,,,,,,15.275,-2.647,-7.503,,,,,,,,,
1,B,19712419,3388,,,,,,,,,,-13.078,-2.250,0.602,,,,,,
1,S,19712419,3388,2.080,44.640,0.160,-14.502,-4.357,-2.107,,,,,,,,,,,,
1,A,19714089,2298,,,,,,,13.230,-1.427,-7.757,,,,,,,,,
1,B,19714451,2032,,,,,,,,,,,,,-12.310,30.886,5.483,,,
1,S,19714451,2032,0.480,42.720,3.040,-15.277,-4.638,-4.492,,,,,,,,,,,,
1,A,19718389,4300,,,,,,,9.478,0.867,-5.691,,,,,,,,,
1,B,19718515,4064,,,,,,,,,,,,,,,,45.188,-83.625,39.062
1,S,19718515,4064,-0.800,33.760,8.160,-13.867,-2.708,-7.348,,,,,,,,,,,,
1,A,19720689,2300,,,,,,,7.953,1.887,-4.326,,,,,,,,,
1,B,19721224,2709,,,,,,,,,,-14.520,-2.824,-6.828,,,,,,
1,S,19721224,2709,2.400,25.760,10.720,-11.197,-0.787,-6.907,,,,,,,,,,,,
1,A,19722989,2300,,,,,,,6.564,2.668,-2.751,,,,,,,,,
1,B,19723256,2032,,,,,,,,,,,,,-0.895,30.774,3.245,,,
1,S,19723256,6097,7.840,20.320,12.320,-5.688,2.572,-2.748,,,,,,,,,,,,
1,A,19727287,4298,,,,,,,6.498,2.239,-1.476,,,,,,,,,
1,B,19727999,4743,,,,,,,,,,-7.559,1.867,-4.406,,,,,,
1,S,19727999,678,20.640,11.040,14.240,-5.372,2.732,-2.353,,,,,,,,,,,,
1,A,19729598,2311,,,,,,,6.868,2.660,-1.585,,,,,,,,,
1,B,19730030,2031,,,,,,,,,,,,,,,,44.688,-84.688,40.000
1,S,19730030,2031,21.920,8.480,14.560,-4.883,2.928,-1.482,,,,,,,,,,,,
1,A,19731898,2300,,,,,,,8.342,2.690,-2.132,,,,,,,,,
1,B,19732062,2032,,,,,,,,,,-5.699,2.969,-1.312,,,,,,
1,S,19732062,2032,25.760,6.240,14.880,-4.992,2.882,-1.127,,,,,,,,,,,,
1,A,19734197,2299,,,,,,,9.230,2.904,-2.467,,,,,,,,,
1,B,19734772,2710,,,,,,,,,,,,,12.086,19.807,5.931,,,
1,S,19734772,2710,28.960,3.680,14.880,-5.803,2.788,-1.327,,,,,,,,,,,,
1,A,19738497,4300,,,,,,,11.130,4.084,-3.619,,,,,,,,,
1,B,19738837,4065,,,,,,,,,,,,,,,,45.688,-85.375,40.188
1,S,19738837,4065,32.160,0.160,12.640,-7.622,2.978,-2.328,,,,,,,,,,,,
1,A,19741797,3300,,,,,,,11.550,2.872,-3.376,,,,,,,,,
1,B,19742223,3386,,,,,,,,,,-8.672,3.238,-3.074,,,,,,
1,S,19742223,3386,35.680,-2.720,9.760,-9.023,3.362,-3.118,,,,,,,,,,,,
1,A,19744095,2298,,,,,,,10.475,2.927,-2.963,,,,,,,,,
1,B,19744255,2032,,,,,,,,,,,,,24.060,6.826,7.274,,,
1,S,19744255,2032,37.600,-4.000,7.200,-9.588,3.458,-3.393,,,,,,,,,,,,
1,A,19748407,4312,,,,,,,10.122,2.431,-2.147,,,,,,,,,
1,B,19748997,4742,,,,,,,,,,,,,,,,45.312,-84.875,39.375
1,S,19748997,4742,37.920,-7.840,0.800,-9.678,3.312,-3.268,,,,,,,,,,,,
1,A,19751706,3299,,,,,,,9.833,1.678,-1.651,,,,,,,,,
1,B,19752383,3386,,,,,,,,,,-9.770,3.266,-3.879,,,,,,
1,S,19752383,3386,35.680,-10.080,-3.680,-9.168,3.013,-2.683,,,,,,,,,,,,
1,A,19754005,2299,,,,,,,10.599,1.278,-1.680,,,,,,,,,
1,B,19754415,2032,,,,,,,,,,,,,29.431,-3.805,2.910,,,
1,S,19754415,2032,33.120,-11.680,-6.240,-8.922,2.717,-2.288,,,,,,,,,,,,
1,A,19758305,4300,,,,,,,12.272,-0.266,-1.593,,,,,,,,,
1,B,19758480,4065,,,,,,,,,,,,,,,,44.812,-84.562,39.688
1,S,19758480,4065,31.520,-14.240,-9.440,-9.203,1.812,-1.817,,,,,,,,,,,,
1,A,19760605,2300,,,,,,,13.332,-2.100,-1.281,,,,,,,,,
1,B,19761189,2709,,,,,,,,,,-9.168,2.328,-2.586,,,,,,
1,S,19761189,2709,27.680,-15.520,-10.720,-10.133,0.833,-1.812,,,,,,,,,,,,
1,A,19762905,2300,,,,,,,13.762,-3.563,-0.883,,,,,,,,,
1,B,19763221,2032,,,,,,,,,,-11.629,-0.707,-2.434,,,,,,
1,S,19763221,2032,25.440,-15.840,-11.680,-11.053,-0.188,-1.863,,,,,,,,,,,,
1,A,19766216,3311,,,,,,,13.718,-4.922,0.032,,,,,,,,,
1,B,19766608,3387,,,,,,,,,,,,,27.529,-11.079,-4.588,,,
1,S,19766608,3387,23.200,-15.200,-12.320,-12.482,-2.203,-1.677,,,,,,,,,,,,
1,A,19768516,2300,,,,,,,13.056,-4.872,0.773,,,,,,,,,
1,B,19768640,2032,,,,,,,,,,,,,,,,45.000,-85.250,40.312
1,S,19768640,2032,18.400,-14.560,-12.320,-12.998,-3.357,-1.282,,,,,,,,,,,,
1,A,19771816,3300,,,,,,,10.886,-4.538,1.951,,,,,,,,,
1,B,19772026,3386,,,,,,,,,,-12.844,-4.309,-0.832,,,,,,
1,S,19772026,3386,15.200,-12.640,-10.720,-12.777,-4.612,-0.203,,,,,,,,,,,,
1,A,19774114,2298,,,,,,,10.073,-3.428,1.946,,,,,,,,,
1,B,19774737,2711,,,,,,,,,,,,,18.912,-13.988,-10.072,,,
1,S,19774737,2711,10.080,-11.360,-8.480,-11.637,-4.758,0.777,,,,,,,,,,,,
1,A,19775024,910,,,,,,,8.384,-2.751,2.143,,,,,,,,,
1,B,19778801,4064,,,,,,,,,,,,,,,,45.812,-84.312,39.312
1,S,19778801,4064,5.920,-10.080,-4.640,-9.402,-3.743,1.817,,,,,,,,,,,,
1,A,19781713,6689,,,,,,,9.156,-2.725,2.791,,,,,,,,,
1,B,19782187,3386,,,,,,,,,,-9.395,-3.055,1.531,,,,,,
1,S,19782187,3386,2.080,-9.440,-0.480,-8.078,-2.688,2.167,,,,,,,,,,,,
1,A,19784023,2310,,,,,,,10.407,-3.441,3.543,,,,,,,,,
1,B,19784219,2032,,,,,,,,,,,,,8.505,-12.981,-9.288,,,
1,S,19784219,2032,1.120,-9.120,1.760,-7.822,-2.333,2.288,,,,,,,,,,,,
1,A,19788323,4300,,,,,,,11.923,-3.524,4.822,,,,,,,,,
1,B,19788962,4743,,,,,,,,,,,,,,,,46.062,-84.000,39.438
1,S,19788962,4743,0.800,-8.480,6.240,-9.242,-2.822,3.007,,,,,,,,,,,,
1,A,19790623,2300,,,,,,,10.792,-0.939,3.750,,,,,,,,,
1,B,19790994,2032,,,,,,,,,,-9.113,-2.289,2.277,,,,,,
1,S,19790994,2032,-2.080,-6.880,7.840,-10.242,-3.158,3.533,,,,,,,,,,,,
1,A,19792923,2300,,,,,,,10.154,-0.829,3.596,,,,,,,,,
1,B,19793025,2031,,,,,,,,,,-10.641,-1.598,3.484,,,,,,
1,S,19793025,2031,-4.640,-4.320,8.480,-10.783,-2.962,3.933,,,,,,,,,,,,
1,A,19797221,4298,,,,,,,11.343,-0.654,3.819,,,,,,,,,
1,B,19797767,4742,,,,,,,,,,,,,-0.224,-9.624,-3.021,,,
1,S,19797767,4742,-7.520,2.400,8.800,-10.012,-0.802,3.877,,,,,,,,,,,,
1,A,19799521,2300,,,,,,,11.499,-0.482,3.278,,,,,,,,,
1,B,19799799,2032,,,,,,,,,,,,,,,,45.312,-83.438,39.500
1,S,19799799,2032,-9.760,4.960,8.800,-9.713,-0.158,3.678,,,,,,,,,,,,
1,A,19802833,3312,,,,,,,11.219,-0.202,1.558,,,,,,,,,
1,B,19803186,3387,,,,,,,,,,-10.195,0.098,3.082,,,,,,
1,S,19803186,3387,-8.800,9.440,8.160,-9.877,0.152,3.248,,,,,,,,,,,,
1,A,19806132,3299,,,,,,,12.083,-1.353,0.480,,,,,,,,,
1,B,19806573,3387,,,,,,,,,,,,,-5.819,-2.686,2.462,,,
1,S,19806573,3387,-5.920,12.640,5.920,-10.262,0.003,2.388,,,,,,,,,,,,
1,A,19808431,2299,,,,,,,12.179,-2.061,-0.400,,,,,,,,,
1,B,19808605,2032,,,,,,,,,,,,,,,,45.438,-84.812,39.812
1,S,19808605,2032,-2.720,14.240,4.320,-10.527,-0.347,1.633,,,,,,,,,,,,
1,A,19811731,3300,,,,,,,11.922,-1.502,-2.100,,,,,,,,,
1,B,19811992,3387,,,,,,,,,,-11.039,-0.805,0.430,,,,,,
1,S,19811992,3387,-1.120,15.840,3.040,-11.057,-1.222,0.113,,,,,,,,,,,,
1,A,19814029,2298,,,,,,,11.250,-1.382,-2.885,,,,,,,,,
1,B,19814701,2709,,,,,,,,,,,,,-5.595,5.707,3.805,,,
1,S,19814701,2709,0.480,16.160,3.040,-11.268,-1.647,-1.137,,,,,,,,,,,,
1,A,19818329,4300,,,,,,,10.480,-0.448,-3.506,,,,,,,,,
1,B,19818766,4065,,,,,,,,,,,,,,,,45.250,-84.062,39.188
1,S,19818766,4065,1.120,13.920,4.960,-10.637,-1.343,-2.647,,,,,,,,,,,,
1,A,19821641,3312,,,,,,,9.949,-0.122,-3.286,,,,,,,,,
1,B,19822152,3386,,,,,,,,,,-10.812,-1.035,-2.855,,,,,,
1,S,19822152,3386,2.400,10.400,6.560,-9.672,-0.608,-3.277,,,,,,,,,,,,
1,A,19823941,2300,,,,,,,9.762,0.385,-3.111,,,,,,,,,
1,B,19824184,2032,,,,,,,,,,,,,-2.126,9.624,3.693,,,
1,S,19824184,2032,4.320,8.160,6.560,-9.207,-0.223,-3.373,,,,,,,,,,,,
1,A,19828239,4298,,,,,,,9.374,0.355,-2.500,,,,,,,,,
1,B,19828926,4742,,,,,,,,,,,,,,,,45.312,-83.938,38.875
1,S,19828926,4742,5.600,3.040,6.560,-8.582,0.422,-3.042,,,,,,,,,,,,
1,A,19828565,326,,,,,,,9.669,0.717,-2.071,,,,,,,,,
1,B,19830959,2033,,,,,,,,,,-9.129,0.211,-3.609,,,,,,
1,S,19830959,2033,6.880,0.800,6.560,-8.438,0.608,-2.763,,,,,,,,,,,,
1,A,19830959,2394,,,,,,,9.893,0.823,-1.797,,,,,,,,,
1,B,19832991,2032,,,,,,,,,,-8.637,0.957,-2.711,,,,,,
1,S,19832991,2032,6.880,-1.120,6.240,-8.377,0.762,-2.473,,,,,,,,,,,,
1,A,19832991,2032,,,,,,,10.723,0.460,-1.352,,,,,,,,,
1,B,19836377,3386,,,,,,,,,,,,,2.014,6.379,3.581,,,
1,S,19836377,3386,7.200,-3.680,4.960,-8.527,0.948,-2.027,,,,,,,,,,,,
1,A,19836377,5538,,,,,,,11.241,-0.018,-0.755,,,,,,,,,
1,B,19839086,2709,,,,,,,,,,,,,,,,45.438,-82.750,38.750
1,S,19839086,2709,6.880,-5.600,3.680,-8.957,0.912,-1.708,,,,,,,,,,,,
1,A,19839525,996,,,,,,,11.818,-0.582,-0.457,,,,,,,,,
1,B,19842473,3387,,,,,,,,,,-9.977,0.680,-1.848,,,,,,
1,S,19842473,3387,6.880,-7.520,1.760,-9.832,0.568,-1.323,,,,,,,,,,,,
1,A,19842514,2989,,,,,,,11.864,-0.951,-0.207,,,,,,,,,
1,B,19844505,2032,,,,,,,,,,,,,4.364,0.112,2.238,,,
1,S,19844505,2032,6.240,-7.840,0.480,-10.357,0.223,-1.077,,,,,,,,,,,,
1,A,19844507,1993,,,,,,,11.589,-1.568,0.658,,,,,,,,,
1,B,19848570,4065,,,,,,,,,,,,,,,,45.312,-84.875,39.375
1,S,19848570,4065,4.960,-7.200,-1.440,-10.957,-0.593,-0.463,,,,,,,,,,,,
1,A,19848492,3985,,,,,,,11.235,-2.074,1.603,,,,,,,,,
1,B,19851957,3387,,,,,,,,,,-11.164,-0.746,-0.641,,,,,,
1,S,19851957,3387,2.720,-6.240,-1.120,-10.912,-1.192,0.263,,,,,,,,,,,,
1,A,19852478,3986,,,,,,,11.012,-1.804,1.868,,,,,,,,,
1,B,19854666,2709,,,,,,,,,,,,,3.581,-4.588,-0.112,,,
1,S,19854666,2709,1.760,-5.600,-0.160,-10.648,-1.522,0.912,,,,,,,,,,,,
1,A,19854470,1992,,,,,,,10.661,-1.517,2.097,,,,,,,,,
1,B,19858730,4064,,,,,,,,,,,,,,,,45.438,-83.812,39.312
1,S,19858730,4064,1.440,-4.320,2.080,-10.178,-1.603,1.677,,,,,,,,,,,,
1,A,19858456,3986,,,,,,,10.804,-0.845,1.960,,,,,,,,,
1,B,19860762,2032,,,,,,,,,,-10.613,-1.332,1.141,,,,,,
1,S,19860762,2032,1.440,-3.360,2.720,-9.977,-1.438,1.877,,,,,,,,,,,,
1,A,19861445,2989,,,,,,,10.749,-0.555,1.723,,,,,,,,,
1,B,19863472,2710,,,,,,,,,,-10.012,-0.633,1.465,,,,,,
1,S,19863472,2710,1.760,-1.760,3.680,-9.803,-1.073,1.938,,,,,,,,,,,,
1,A,19867220,5775,,,,,,,10.925,-0.146,1.242,,,,,,,,,
1,B,19867536,4064,,,,,,,,,,,,,1.790,-5.371,-0.560,,,
1,S,19867536,4064,1.440,0.480,4.320,-9.727,-0.427,1.688,,,,,,,,,,,,
1,A,19867536,2310,,,,,,,10.909,0.078,0.750,,,,,,,,,
1,B,19869568,2032,,,,,,,,,,,,,,,,45.125,-84.125,40.188
1,S,19869568,2032,0.800,1.440,4.320,-9.742,-0.163,1.452,,,,,,,,,,,,
1,A,19870412,882,,,,,,,11.021,0.242,0.255,,,,,,,,,
1,B,19872955,3387,,,,,,,,,,-10.047,0.324,0.633,,,,,,
1,S,19872955,3387,0.480,2.720,4.000,-9.807,0.203,0.953,,,,,,,,,,,,
1,A,19873401,2989,,,,,,,10.896,0.272,-0.124,,,,,,,,,
1,B,19875664,2709,,,,,,,,,,,,,0.671,-2.798,0.448,,,
1,S,19875664,2709,0.480,3.680,3.680,-9.867,0.417,0.492,,,,,,,,,,,,
1,A,19878384,5037,,,,,,,11.129,0.117,-0.452,,,,,,,,,
1,B,19879050,3386,,,,,,,,,,,,,,,,44.812,-84.938,39.812
1,S,19879050,3386,0.800,4.000,2.720,-9.932,0.542,-0.068,,,,,,,,,,,,
1,A,19879380,942,,,,,,,11.114,-0.066,-0.539,,,,,,,,,
1,B,19881761,2711,,,,,,,,,,-10.188,0.602,-0.652,,,,,,
1,S,19881761,2711,0.800,3.360,1.760,-9.988,0.507,-0.412,,,,,,,,,,,,
1,A,19882369,2989,,,,,,,11.199,-0.192,-0.578,,,,,,,,,
1,B,19884470,2709,,,,,,,,,,,,,0.112,-0.112,0.783,,,
1,S,19884470,2709,0.800,2.080,1.120,-10.037,0.388,-0.618,,,,,,,,,,,,
1,A,19884470,2101,,,,,,,11.156,-0.445,-0.420,,,,,,,,,
1,B,19888534,4064,,,,,,,,,,,,,,,,44.500,-82.312,39.125
1,S,19888534,4064,1.120,1.120,1.440,-10.098,0.087,-0.662,,,,,,,,,,,,
1,A,19890352,5882,,,,,,,11.010,-0.738,0.056,,,,,,,,,
1,B,19891921,3387,,,,,,,,,,-10.348,0.184,-1.055,,,,,,
1,S,19891921,3387,1.760,-0.160,1.440,-10.107,-0.188,-0.497,,,,,,,,,,,,
1,A,19892652,2300,,,,,,,10.825,-0.752,0.209,,,,,,,,,
1,B,19894611,2690,,,,,,,,,,,,,-0.112,0.560,0.112,,,
1,S,19894611,2690,1.120,-0.160,1.440,-10.078,-0.338,-0.338,,,,,,,,,,,,
1,B,19898695,4084,,,,,,,,,,,,,,,,44.750,-84.062,40.312
1,S,19898695,4084,0.800,0.800,1.760,-9.883,-0.547,0.128,,,,,,,,,,,,
1,A,19900304,7652,,,,,,,10.673,-0.682,0.826,,,,,,,,,
1,B,19900727,2032,,,,,,,,,,-10.219,-0.375,-0.441,,,,,,
1,S,19900727,2032,1.440,0.800,2.080,-9.773,-0.588,0.323,,,,,,,,,,,,
1,A,19902790,2486,,,,,,,10.612,-0.856,0.922,,,,,,,,,
1,B,19903436,2709,,,,,,,,,,-9.895,-0.469,0.238,,,,,,
1,S,19903436,2709,1.440,0.480,1.760,-9.652,-0.573,0.547,,,,,,,,,,,,
1,B,19905468,2032,,,,,,,,,,,,,-0.112,0.000,-0.448,,,
1,S,19905468,2032,1.120,0.480,1.760,-9.602,-0.547,0.667,,,,,,,,,,,,
1,A,19908338,5548,,,,,,,10.935,-0.775,0.839,,,,,,,,,
1,B,19908855,3387,,,,,,,,,,,,,,,,45.125,-85.125,40.000
1,S,19908855,3387,1.120,1.120,2.080,-9.627,-0.512,0.762,,,,,,,,,,,,
1,A,19910430,2092,,,,,,,11.036,-0.698,0.572,,,,,,,,,
1,B,19912242,3387,,,,,,,,,,-10.047,-0.410,0.402,,,,,,
1,S,19912242,3387,1.440,1.760,2.400,-9.777,-0.492,0.733,,,,,,,,,,,,
1,A,19912730,2300,,,,,,,11.081,-0.649,0.417,,,,,,,,,
1,B,19914274,2032,,,,,,,,,,,,,0.112,0.000,-0.336,,,
1,S,19914274,2032,1.120,2.080,2.400,-9.898,-0.487,0.652,,,,,,,,,,,,
1,B,19918997,4723,,,,,,,,,,,,,,,,45.188,-84.625,39.625
1,S,19918997,4723,1.120,2.400,3.040,-10.072,-0.453,0.378,,,,,,,,,,,,
1,B,19921725,2728,,,,,,,,,,-10.320,-0.316,-0.086,,,,,,
1,S,19921725,2728,1.120,2.720,2.720,-10.078,-0.398,0.083,,,,,,,,,,,,
1,B,19924434,2709,,,,,,,,,,,,,0.112,0.560,0.112,,,
1,S,19924434,2709,1.120,2.720,2.400,-10.023,-0.323,-0.133,,,,,,,,,,,,
1,B,19928499,4065,,,,,,,,,,,,,,,,45.312,-83.938,38.875
1,S,19928499,4065,1.120,2.080,2.080,-9.902,-0.228,-0.333,,,,,,,,,,,,
1,B,19930531,2032,,,,,,,,,,-10.195,-0.152,-0.641,,,,,,
1,S,19930531,2032,1.440,1.760,2.080,-9.838,-0.188,-0.367,,,,,,,,,,,,
1,B,19933240,2709,,,,,,,,,,-9.980,-0.047,-0.707,,,,,,
1,S,19933240,2709,1.760,1.440,2.400,-9.768,-0.172,-0.372,,,,,,,,,,,,
1,B,19937304,4064,,,,,,,,,,,,,0.000,0.671,0.336,,,
1,S,19937304,4064,2.080,0.480,2.720,-9.727,-0.193,-0.302,,,,,,,,,,,,
1,A,19938180,25450,,,,,,,10.904,-0.490,0.093,,,,,,,,,
1,B,19939336,2032,,,,,,,,,,,,,,,,45.562,-83.625,38.938
1,S,19939336,2032,1.440,0.160,2.720,-9.752,-0.217,-0.228,,,,,,,,,,,,
1,A,19942534,4354,,,,,,,10.951,-0.493,0.254,,,,,,,,,
1,B,19942724,3388,,,,,,,,,,-10.094,-0.152,-0.410,,,,,,
1,S,19942724,3388,1.120,0.480,2.720,-9.828,-0.263,-0.077,,,,,,,,,,,,
1,A,19944834,2300,,,,,,,11.005,-0.459,0.307,,,,,,,,,
1,B,19945433,2709,,,,,,,,,,,,,0.112,0.112,0.448,,,
1,S,19945433,2709,0.800,0.480,3.040,-9.893,-0.273,0.043,,,,,,,,,,,,
1,A,19949133,4299,,,,,,,11.024,-0.404,0.405,,,,,,,,,
1,B,19949497,4064,,,,,,,,,,,,,,,,45.375,-83.875,39.562
1,S,19949497,4064,1.120,0.160,3.360,-9.973,-0.242,0.193,,,,,,,,,,,,
1,A,19952433,3300,,,,,,,11.013,-0.392,0.428,,,,,,,,,
1,B,19952884,3387,,,,,,,,,,-10.242,-0.105,-0.105,,,,,,
1,S,19952884,3387,1.440,0.160,3.040,-9.992,-0.182,0.273,,,,,,,,,,,,
1,A,19954733,2300,,,,,,,11.010,-0.315,0.411,,,,,,,,,
1,B,19954917,2033,,,,,,,,,,,,,0.112,-0.560,0.448,,,
1,S,19954917,2033,1.120,0.160,2.720,-9.992,-0.147,0.307,,,,,,,,,,,,
1,A,19959043,4310,,,,,,,10.946,-0.337,0.350,,,,,,,,,
1,B,19959658,4741,,,,,,,,,,,,,,,,44.938,-83.812,39.688
1,S,19959658,7450,0.800,0.160,2.080,-9.932,-0.052,0.268,,,,,,,,,,,,
1,A,19962343,3300,,,,,,,10.910,-0.305,0.301,,,,,,,,,
1,B,19963044,3386,,,,,,,,,,-10.203,0.027,-0.027,,,,,,
1,S,19963044,677,1.440,0.480,2.080,-9.922,-0.052,0.258,,,,,,,,,,,,
1,A,19964643,2300,,,,,,,10.902,-0.288,0.245,,,,,,,,,
1,B,19965076,2032,,,,,,,,,,,,,-0.112,-0.671,0.224,,,
1,S,19965076,2032,1.440,0.800,2.080,-9.898,-0.043,0.217,,,,,,,,,,,,
1,A,19967070,2427,,,,,,,10.883,-0.344,0.226,,,,,,,,,
1,B,19969140,4064,,,,,,,,,,-10.133,0.098,-0.152,,,,,,
1,S,19969140,4064,1.440,1.120,2.080,-9.857,-0.058,0.163,,,,,,,,,,,,
1,A,19971241,4171,,,,,,,10.892,-0.399,0.241,,,,,,,,,
1,B,19971851,2711,,,,,,,,,,,,,,,,44.688,-86.250,40.938
1,S,19971851,2711,1.120,0.800,1.760,-9.838,-0.087,0.138,,,,,,,,,,,,
1,A,19973541,2300,,,,,,,10.762,-0.513,0.194,,,,,,,,,
1,B,19973883,2032,,,,,,,,,,-10.102,0.027,-0.219,,,,,,
1,S,19973883,2032,1.120,0.800,1.760,-9.838,-0.122,0.138,,,,,,,,,,,,
1,A,19976852,3311,,,,,,,11.079,-0.487,0.321,,,,,,,,,
1,B,19977269,3386,,,,,,,,,,,,,-0.112,-0.560,0.000,,,
1,S,19977269,3386,0.800,1.120,1.760,-9.863,-0.203,0.152,,,,,,,,,,,,
1,A,19979150,2298,,,,,,,11.016,-0.578,0.415,,,,,,,,,
1,B,19979301,2032,,,,,,,,,,,,,,,,45.125,-85.188,39.312
1,S,19979301,2032,0.480,1.120,1.760,-9.887,-0.242,0.172,,,,,,,,,,,,
1,A,19982450,3300,,,,,,,11.019,-0.541,0.378,,,,,,,,,
1,B,19982688,3387,,,,,,,,,,-10.188,-0.211,-0.125,,,,,,
1,S,19982688,3387,0.480,0.480,1.760,-9.943,-0.302,0.228,,,,,,,,,,,,
1,A,19984750,2300,,,,,,,10.925,-0.577,0.379,,,,,,,,,
1,B,19985397,2709,,,,,,,,,,,,,-0.112,-0.448,-0.112,,,
1,S,19985397,2709,0.480,0.480,2.080,-9.973,-0.333,0.268,,,,,,,,,,,,
1,A,19989049,4299,,,,,,,10.967,-0.483,0.362,,,,,,,,,
1,B,19989462,4065,,,,,,,,,,,,,,,,44.562,-83.312,39.688
1,S,19989462,4065,0.800,1.120,2.720,-9.967,-0.323,0.287,,,,,,,,,,,,
1,A,19992349,3300,,,,,,,10.851,-0.472,0.307,,,,,,,,,
1,B,19992849,3387,,,,,,,,,,-10.207,-0.230,-0.066,,,,,,
1,S,19992849,3387,1.120,1.760,2.720,-9.932,-0.297,0.278,,,,,,,,,,,,
1,A,19994660,2311,,,,,,,10.879,-0.493,0.350,,,,,,,,,
1,B,19994881,2032,,,,,,,,,,,,,-0.112,-0.112,-0.112,,,
1,S,19994881,2032,1.120,1.760,2.400,-9.902,-0.282,0.268,,,,,,,,,,,,
1,A,19998960,4300,,,,,,,10.793,-0.519,0.194,,,,,,,,,
1,B,19999622,4741,,,,,,,,,,,,,,,,45.438,-84.812,39.062
1,S,19999622,4741,1.120,1.440,1.440,-9.842,-0.258,0.212,,,,,,,,,,,,
1,A,20001259,2299,,,,,,,10.873,-0.542,0.226,,,,,,,,,
1,B,20001655,2033,,,,,,,,,,-10.086,-0.145,-0.098,,,,,,
1,S,20001655,2033,1.440,1.440,1.760,-9.818,-0.263,0.177,,,,,,,,,,,,
1,A,20003559,2300,,,,,,,10.873,-0.587,0.133,,,,,,,,,
1,B,20003687,2032,,,,,,,,,,,,,-0.112,0.112,0.000,,,
1,S,20003687,2032,1.120,1.760,2.080,-9.803,-0.278,0.138,,,,,,,,,,,,
1,A,20007859,4300,,,,,,,10.998,-0.635,0.122,,,,,,,,,
1,B,20008428,4741,,,,,,,,,,-10.035,-0.199,-0.191,,,,,,
1,S,20008428,4741,1.120,1.760,2.720,-9.828,-0.352,0.048,,,,,,,,,,,,
1,A,20010157,2298,,,,,,,10.918,-0.615,0.013,,,,,,,,,
1,B,20010460,2032,,,,,,,,,,,,,,,,44.875,-84.000,40.000
1,S,20010460,4064,0.480,1.120,2.720,-9.902,-0.412,-0.018,,,,,,,,,,,,
1,A,20012469,2312,,,,,,,10.969,-0.645,0.080,,,,,,,,,
1,B,20013169,2709,,,,,,,,,,-10.180,-0.305,-0.344,,,,,,
1,S,20013169,677,-0.160,0.800,2.720,-9.912,-0.417,-0.028,,,,,,,,,,,,
1,A,20014769,2300,,,,,,,10.929,-0.556,-0.028,,,,,,,,,
1,B,20015201,2032,,,,,,,,,,,,,-0.112,0.336,0.112,,,
1,S,20015201,2032,-0.160,0.800,3.040,-9.932,-0.417,-0.052,,,,,,,,,,,,
1,A,20019068,4299,,,,,,,10.947,-0.456,0.055,,,,,,,,,
1,B,20019266,4065,,,,,,,,,,,,,,,,44.188,-84.312,40.312
1,S,20019266,4065,-0.160,1.440,3.360,-9.932,-0.338,-0.087,,,,,,,,,,,,
1,A,20022368,3300,,,,,,,10.944,-0.393,0.086,,,,,,,,,
1,B,20022653,3387,,,,,,,,,,-10.180,-0.164,-0.449,,,,,,
1,S,20022653,5419,0.480,1.120,3.040,-9.883,-0.177,-0.087,,,,,,,,,,,,
1,A,20024003,1635,,,,,,,10.785,-0.448,0.060,,,,,,,,,
1,B,20025362,2709,,,,,,,,,,,,,0.112,0.112,0.224,,,
1,S,20025362,677,0.800,0.480,2.720,-9.877,-0.168,-0.083,,,,,,,,,,,,
1,A,20025858,1855,,,,,,,10.886,-0.436,0.196,,,,,,,,,
1,B,20029426,4064,,,,,,,,,,,,,,,,45.062,-84.750,39.875
1,S,20029426,4064,0.800,0.160,1.760,-9.873,-0.152,-0.018,,,,,,,,,,,,
1,A,20032278,6420,,,,,,,10.900,-0.447,0.230,,,,,,,,,
1,B,20032814,3388,,,,,,,,,,-10.086,-0.059,-0.344,,,,,,
1,S,20032814,3388,0.480,0.800,1.760,-9.873,-0.172,0.072,,,,,,,,,,,,
1,A,20034578,2300,,,,,,,10.900,-0.470,0.314,,,,,,,,,
1,B,20034846,2032,,,,,,,,,,,,,0.000,-0.224,0.336,,,
1,S,20034846,2032,1.120,0.800,2.080,-9.867,-0.198,0.122,,,,,,,,,,,,
1,A,20038878,4300,,,,,,,10.899,-0.474,0.314,,,,,,,,,
1,B,20039587,4741,,,,,,,,,,-10.113,-0.113,-0.184,,,,,,
1,S,20039587,4741,1.440,0.480,3.040,-9.887,-0.247,0.223,,,,,,,,,,,,
1,A,20041177,2299,,,,,,,10.937,-0.470,0.400,,,,,,,,,
1,B,20041619,2032,,,,,,,,,,,,,,,,44.562,-83.812,39.750
1,S,20041619,2032,1.120,-0.160,3.040,-9.912,-0.258,0.253,,,,,,,,,,,,
1,A,20043477,2300,,,,,,,10.983,-0.433,0.379,,,,,,,,,
1,B,20043651,2032,,,,,,,,,,,,,-0.112,-0.560,0.224,,,
1,S,20043651,2032,1.120,-0.160,2.720,-9.928,-0.253,0.263,,,,,,,,,,,,
1,A,20047777,4300,,,,,,,10.954,-0.363,0.415,,,,,,,,,
1,B,20048392,4741,,,,,,,,,,-10.156,-0.145,-0.078,,,,,,
1,S,20048392,4741,1.120,0.480,2.080,-9.932,-0.207,0.278,,,,,,,,,,,,
1,A,20050087,2310,,,,,,,10.980,-0.366,0.415,,,,,,,,,
1,B,20050425,2033,,,,,,,,,,,,,,,,45.438,-84.812,39.812
1,S,20050425,2033,1.120,0.800,1.760,-9.928,-0.182,0.287,,,,,,,,,,,,
1,A,20053387,3300,,,,,,,11.005,-0.355,0.385,,,,,,,,,
1,B,20053812,3387,,,,,,,,,,-10.184,-0.039,-0.047,,,,,,
1,S,20053812,3387,1.440,1.120,1.440,-9.922,-0.133,0.307,,,,,,,,,,,,
1,A,20056687,3300,,,,,,,10.949,-0.329,0.408,,,,,,,,,
1,B,20057198,3386,,,,,,,,,,,,,-0.112,-0.671,0.224,,,
1,S,20057198,3386,0.800,1.120,2.400,-9.932,-0.102,0.323,,,,,,,,,,,,
1,A,20058987,2300,,,,,,,10.936,-0.357,0.390,,,,,,,,,
1,B,20059230,2032,,,,,,,,,,,,,,,,45.562,-84.688,39.500
1,S,20059230,2032,0.160,0.800,2.720,-9.943,-0.098,0.323,,,,,,,,,,,,
1,A,20062286,3299,,,,,,,10.938,-0.407,0.412,,,,,,,,,
1,B,20062618,3388,,,,,,,,,,-10.195,0.020,-0.066,,,,,,
1,S,20062618,3388,0.480,0.480,2.400,-9.928,-0.107,0.312,,,,,,,,,,,,
1,A,20064586,2300,,,,,,,10.892,-0.402,0.399,,,,,,,,,
1,B,20065327,2709,,,,,,,,,,,,,-0.112,-0.448,0.112,,,
1,S,20065327,2709,0.800,0.480,2.080,-9.908,-0.138,0.297,,,,,,,,,,,,
1,A,20068900,4314,,,,,,,10.912,-0.410,0.412,,,,,,,,,
1,B,20069391,4064,,,,,,,,,,,,,,,,46.188,-83.812,38.062
1,S,20069391,4064,0.800,1.120,1.760,-9.867,-0.172,0.307,,,,,,,,,,,,
1,A,20071199,2299,,,,,,,10.846,-0.450,0.407,,,,,,,,,
1,B,20071423,2032,,,,,,,,,,-10.121,-0.047,-0.066,,,,,,
1,S,20071423,2032,0.800,1.440,1.760,-9.857,-0.182,0.328,,,,,,,,,,,,
1,A,20073499,2300,,,,,,,10.939,-0.472,0.327,,,,,,,,,
1,B,20074132,2709,,,,,,,,,,,,,-0.112,0.000,0.000,,,
1,S,20074132,2709,0.800,2.080,1.760,-9.863,-0.198,0.338,,,,,,,,,,,,
1,A,20077799,4300,,,,,,,10.961,-0.531,0.228,,,,,,,,,
1,B,20078196,4064,,,,,,,,,,-10.102,-0.078,-0.039,,,,,,
1,S,20078196,4064,0.800,2.400,2.720,-9.887,-0.233,0.273,,,,,,,,,,,,
1,A,20080097,2298,,,,,,,10.967,-0.568,0.189,,,,,,,,,
1,B,20080229,2033,,,,,,,,,,,,,,,,45.812,-84.375,38.625
1,S,20080229,2033,0.800,2.400,3.040,-9.898,-0.268,0.217,,,,,,,,,,,,
1,A,20082397,2300,,,,,,,10.946,-0.627,0.155,,,,,,,,,
1,B,20082939,2710,,,,,,,,,,-10.156,-0.191,-0.199,,,,,,
1,S,20082939,2710,0.800,2.400,3.040,-9.912,-0.307,0.147,,,,,,,,,,,,
1,A,20084709,2312,,,,,,,10.938,-0.558,0.057,,,,,,,,,
1,B,20084971,2032,,,,,,,,,,,,,-0.112,0.448,-0.112,,,
1,S,20084971,2032,0.800,2.400,2.720,-9.922,-0.338,0.087,,,,,,,,,,,,
1,A,20089006,4297,,,,,,,10.929,-0.582,0.019,,,,,,,,,
1,B,20089712,4741,,,,,,,,,,,,,,,,45.812,-84.375,38.625
1,S,20089712,4741,0.480,1.440,2.080,-9.918,-0.357,-0.028,,,,,,,,,,,,
1,A,20091306,2300,,,,,,,10.886,-0.546,-0.002,,,,,,,,,
1,B,20091744,2032,,,,,,,,,,-10.141,-0.238,-0.383,,,,,,
1,S,20091744,2032,0.800,1.440,2.080,-9.908,-0.347,-0.058,,,,,,,,,,,,
1,A,20093606,2300,,,,,,,10.900,-0.525,0.049,,,,,,,,,
1,B,20093777,2033,,,,,,,,,,,,,-0.112,0.671,0.000,,,
1,S,20093777,2033,0.800,1.760,2.080,-9.898,-0.328,-0.072,,,,,,,,,,,,
1,A,20097906,4300,,,,,,,10.880,-0.452,0.054,,,,,,,,,
1,B,20098518,4741,,,,,,,,,,,,,,,,45.500,-84.250,39.438
1,S,20098518,7450,0.800,1.760,2.080,-9.857,-0.253,-0.033,,,,,,,,,,,,
1,A,20101205,3299,,,,,,,10.864,-0.469,0.137,,,,,,,,,
1,B,20101905,3387,,,,,,,,,,-10.113,-0.164,-0.402,,,,,,
1,S,20101905,678,0.800,1.120,2.080,-9.852,-0.247,-0.028,,,,,,,,,,,,
1,A,20103517,2312,,,,,,,10.898,-0.470,0.174,,,,,,,,,
1,B,20103937,2032,,,,,,,,,,,,,-0.112,0.560,0.112,,,
1,S,20103937,2032,0.480,0.800,2.080,-9.838,-0.233,-0.003,,,,,,,,,,,,
1,A,20107818,4301,,,,,,,10.876,-0.483,0.188,,,,,,,,,
1,B,20108000,4063,,,,,,,,,,,,,,,,45.938,-84.125,39.750
1,S,20108000,4063,0.480,1.120,2.720,-9.832,-0.223,0.043,,,,,,,,,,,,
1,A,20110117,2299,,,,,,,10.848,-0.514,0.180,,,,,,,,,
1,B,20110711,2711,,,,,,,,,,-10.074,-0.133,-0.297,,,,,,
1,S,20110711,2711,0.800,0.800,2.400,-9.838,-0.233,0.068,,,,,,,,,,,,
1,A,20112416,2299,,,,,,,10.858,-0.519,0.225,,,,,,,,,
1,B,20112743,2032,,,,,,,,,,-10.062,-0.164,-0.258,,,,,,
1,S,20112743,2032,0.480,0.800,2.080,-9.838,-0.247,0.083,,,,,,,,,,,,
1,A,20114716,2300,,,,,,,10.999,-0.522,0.227,,,,,,,,,
1,B,20115452,2709,,,,,,,,,,,,,-0.112,0.224,0.224,,,
1,S,20115452,2709,0.480,0.800,1.760,-9.842,-0.273,0.107,,,,,,,,,,,,
1,A,20119015,4299,,,,,,,11.020,-0.475,0.243,,,,,,,,,
1,B,20119516,4064,,,,,,,,,,,,,,,,44.375,-84.625,40.875
1,S,20119516,4064,0.480,0.800,2.080,-9.908,-0.287,0.142,,,,,,,,,,,,
1,A,20122327,3312,,,,,,,10.928,-0.441,0.263,,,,,,,,,
1,B,20122904,3388,,,,,,,,,,-10.203,-0.164,-0.191,,,,,,
1,S,20122904,3388,0.800,0.800,2.400,-9.967,-0.263,0.158,,,,,,,,,,,,
1,A,20124626,2299,,,,,,,11.040,-0.388,0.284,,,,,,,,,
1,B,20124936,2032,,,,,,,,,,,,,0.112,-0.112,0.112,,,
1,S,20124936,2032,1.120,0.800,2.400,-9.973,-0.233,0.163,,,,,,,,,,,,
1,A,20128926,4300,,,,,,,11.025,-0.360,0.352,,,,,,,,,
1,B,20129677,4741,,,,,,,,,,,,,,,,45.562,-84.688,39.500
1,S,20129677,4741,1.440,0.800,2.080,-9.967,-0.147,0.172,,,,,,,,,,,,
1,A,20132225,3299,,,,,,,10.935,-0.337,0.308,,,,,,,,,
1,B,20132386,2709,,,,,,,,,,-10.199,-0.039,-0.145,,,,,,
1,S,20132386,2709,1.760,0.160,1.760,-9.973,-0.113,0.188,,,,,,,,,,,,
1,A,20134525,2300,,,,,,,10.850,-0.370,0.306,,,,,,,,,
1,B,20135095,2709,,,,,,,,,,,,,0.000,-0.336,0.112,,,
1,S,20135095,2709,1.440,0.160,1.440,-9.953,-0.098,0.207,,,,,,,,,,,,
1,A,20138825,4300,,,,,,,10.835,-0.477,0.340,,,,,,,,,
1,B,20139159,4064,,,,,,,,,,,,,,,,45.688,-85.000,40.062
1,S,20139159,4064,0.800,0.480,2.080,-9.857,-0.122,0.217,,,,,,,,,,,,
1,A,20141135,2310,,,,,,,10.875,-0.531,0.347,,,,,,,,,
1,B,20141870,2711,,,,,,,,,,-10.113,-0.008,-0.133,,,,,,
1,S,20141870,2711,0.480,0.800,2.400,-9.803,-0.168,0.223,,,,,,,,,,,,
1,A,20143435,2300,,,,,,,10.900,-0.518,0.339,,,,,,,,,
1,B,20143902,2032,,,,,,,,,,,,,-0.112,-0.336,-0.112,,,
1,S,20143902,2032,0.800,0.800,2.080,-9.793,-0.212,0.237,,,,,,,,,,,,
1,A,20147735,4300,,,,,,,10.901,-0.541,0.361,,,,,,,,,
1,B,20147966,4064,,,,,,,,,,-10.094,-0.172,-0.105,,,,,,
1,S,20147966,4064,0.800,1.440,1.440,-9.838,-0.292,0.263,,,,,,,,,,,,
1,A,20150033,2298,,,,,,,10.915,-0.490,0.318,,,,,,,,,
1,B,20150675,2709,,,,,,,,,,,,,,,,44.438,-83.938,39.375
1,S,20150675,2709,0.800,1.760,1.760,-9.873,-0.307,0.263,,,,,,,,,,,,
1,A,20152333,2300,,,,,,,10.967,-0.485,0.314,,,,,,,,,
1,B,20152707,2032,,,,,,,,,,-10.152,-0.184,-0.105,,,,,,
1,S,20152707,2032,1.120,2.080,2.080,-9.883,-0.297,0.247,,,,,,,,,,,,
1,A,20154633,2300,,,,,,,11.001,-0.454,0.285,,,,,,,,,
1,B,20154740,2033,,,,,,,,,,,,,0.000,-0.112,-0.112,,,
1,S,20154740,2033,1.760,2.080,2.400,-9.893,-0.278,0.228,,,,,,,,,,,,
1,A,20158945,4312,,,,,,,10.984,-0.405,0.220,,,,,,,,,
1,B,20159481,4741,,,,,,,,,,,,,,,,44.625,-84.250,39.875
1,S,20159481,4741,1.760,1.440,2.720,-9.953,-0.217,0.168,,,,,,,,,,,,
1,A,20162243,3298,,,,,,,10.972,-0.418,0.155,,,,,,,,,
1,B,20162868,3387,,,,,,,,,,-10.234,-0.078,-0.191,,,,,,
1,S,20162868,3387,0.480,1.120,2.400,-9.977,-0.177,0.128,,,,,,,,,,,,
1,A,20164543,2300,,,,,,,10.928,-0.428,0.128,,,,,,,,,
1,B,20164900,2032,,,,,,,,,,,,,0.000,0.224,0.000,,,
1,S,20164900,2032,-0.160,1.120,1.760,-9.963,-0.163,0.102,,,,,,,,,,,,
1,A,20168843,4300,,,,,,,10.917,-0.483,0.111,,,,,,,,,
1,B,20168965,4065,,,,,,,,,,,,,,,,44.625,-84.250,39.875
1,S,20168965,4065,-0.160,1.120,1.760,-9.902,-0.168,0.052,,,,,,,,,,,,
1,A,20172142,3299,,,,,,,10.930,-0.504,0.094,,,,,,,,,
1,B,20172351,3386,,,,,,,,,,-10.160,-0.047,-0.297,,,,,,
1,S,20172351,3386,0.480,1.120,2.080,-9.873,-0.212,0.037,,,,,,,,,,,,
1,A,20174441,2299,,,,,,,10.849,-0.522,0.117,,,,,,,,,
1,B,20175060,2709,,,,,,,,,,,,,0.000,0.336,0.000,,,
1,S,20175060,2709,1.120,1.440,2.080,-9.863,-0.258,0.037,,,,,,,,,,,,
1,A,20178753,4312,,,,,,,10.850,-0.556,0.142,,,,,,,,,
1,B,20179124,4064,,,,,,,,,,,,,,,,45.562,-85.625,40.000
1,S,20179124,4064,0.800,1.440,1.760,-9.828,-0.282,0.033,,,,,,,,,,,,
1,A,20181052,2299,,,,,,,10.879,-0.557,0.141,,,,,,,,,
1,B,20181156,2032,,,,,,,,,,-10.105,-0.172,-0.316,,,,,,
1,S,20181156,2032,0.800,1.440,1.760,-9.812,-0.292,0.028,,,,,,,,,,,,
1,A,20183352,2300,,,,,,,10.921,-0.588,0.189,,,,,,,,,
1,B,20183866,2710,,,,,,,,,,-10.090,-0.230,-0.316,,,,,,
1,S,20183866,2710,1.120,1.120,1.440,-9.818,-0.302,0.037,,,,,,,,,,,,
1,A,20186652,3300,,,,,,,10.938,-0.529,0.156,,,,,,,,,
1,B,20187253,3387,,,,,,,,,,,,,0.000,0.336,0.000,,,
1,S,20187253,3387,1.760,1.120,2.080,-9.867,-0.323,0.052,,,,,,,,,,,,
1,A,20188952,2300,,,,,,,10.941,-0.509,0.209,,,,,,,,,
1,B,20189285,2032,,,,,,,,,,,,,,,,44.250,-83.125,40.188
1,S,20189285,2032,1.760,0.800,2.720,-9.893,-0.323,0.068,,,,,,,,,,,,
1,A,20192251,3299,,,,,,,10.970,-0.470,0.234,,,,,,,,,
1,B,20192672,3387,,,,,,,,,,-10.172,-0.230,-0.238,,,,,,
1,S,20192672,3387,1.440,1.440,3.360,-9.928,-0.292,0.087,,,,,,,,,,,,
1,A,20194562,2311,,,,,,,10.973,-0.420,0.200,,,,,,,,,
1,B,20194704,2032,,,,,,,,,,,,,0.000,0.112,0.112,,,
1,S,20194704,2032,1.120,1.760,3.360,-9.938,-0.268,0.092,,,,,,,,,,,,
1,A,20198862,4300,,,,,,,10.896,-0.434,0.224,,,,,,,,,
1,B,20199445,4741,,,,,,,,,,,,,,,,44.500,-84.375,39.438
1,S,20199445,4741,0.800,1.120,1.760,-9.928,-0.207,0.107,,,,,,,,,,,,
1,A,20202161,3299,,,,,,,10.886,-0.409,0.229,,,,,,,,,
1,B,20202833,3388,,,,,,,,,,-10.188,-0.086,-0.211,,,,,,
1,S,20202833,3388,0.480,0.800,1.120,-9.912,-0.182,0.133,,,,,,,,,,,,
1,A,20204461,2300,,,,,,,10.862,-0.441,0.251,,,,,,,,,
1,B,20204865,2032,,,,,,,,,,,,,0.000,0.000,0.112,,,
1,S,20204865,2032,0.480,0.800,1.440,-9.893,-0.172,0.142,,,,,,,,,,,,
1,A,20208761,4300,,,,,,,10.879,-0.489,0.303,,,,,,,,,
1,B,20208929,4064,,,,,,,,,,,,,,,,45.375,-85.375,39.500
1,S,20208929,4064,0.480,1.120,2.400,-9.848,-0.172,0.163,,,,,,,,,,,,
1,A,20211060,2299,,,,,,,10.889,-0.512,0.334,,,,,,,,,
1,B,20211638,2709,,,,,,,,,,-10.113,-0.047,-0.191,,,,,,
1,S,20211638,2709,0.480,1.440,2.720,-9.838,-0.203,0.188,,,,,,,,,,,,
1,A,20213371,2311,,,,,,,10.928,-0.560,0.383,,,,,,,,,
1,B,20213670,2032,,,,,,,,,,-10.105,-0.172,-0.113,,,,,,
1,S,20213670,2032,0.800,1.440,2.720,-9.848,-0.237,0.207,,,,,,,,,,,,
1,A,20217671,4300,,,,,,,10.918,-0.565,0.398,,,,,,,,,
1,B,20218412,4742,,,,,,,,,,,,,0.000,-0.224,0.112,,,
1,S,20218412,4742,0.800,1.120,2.400,-9.893,-0.307,0.253,,,,,,,,,,,,
1,A,20219971,2300,,,,,,,10.921,-0.542,0.346,,,,,,,,,
1,B,20220444,2032,,,,,,,,,,,,,,,,44.812,-84.938,39.812
1,S,20220444,2032,1.440,1.120,2.080,-9.902,-0.307,0.263,,,,,,,,,,,,
1,A,20223269,3298,,,,,,,10.957,-0.438,0.303,,,,,,,,,
1,B,20223831,3387,,,,,,,,,,-10.152,-0.219,-0.078,,,,,,
1,S,20223831,3387,1.440,1.120,2.080,-9.902,-0.278,0.263,,,,,,,,,,,,
1,A,20226569,3300,,,,,,,11.014,-0.405,0.278,,,,,,,,,
1,B,20227217,3386,,,,,,,,,,,,,0.112,-0.336,0.000,,,
1,S,20227217,3386,1.120,1.120,2.080,-9.918,-0.233,0.233,,,,,,,,,,,,
1,A,20228869,2300,,,,,,,10.980,-0.374,0.249,,,,,,,,,
1,B,20229249,2032,,,,,,,,,,,,,,,,45.125,-84.750,40.688
1,S,20229249,2032,1.120,1.120,2.080,-9.938,-0.198,0.217,,,,,,,,,,,,
1,A,20232179,3310,,,,,,,10.894,-0.329,0.223,,,,,,,,,
1,B,20232637,3388,,,,,,,,,,-10.199,-0.066,-0.145,,,,,,
1,S,20232637,3388,1.120,1.760,2.400,-9.953,-0.142,0.182,,,,,,,,,,,,
1,A,20234479,2300,,,,,,,10.925,-0.366,0.224,,,,,,,,,
1,B,20234669,2032,,,,,,,,,,,,,-0.112,-0.112,0.000,,,
1,S,20234669,2032,1.120,1.440,2.720,-9.928,-0.113,0.158,,,,,,,,,,,,
1,A,20238779,4300,,,,,,,10.961,-0.451,0.219,,,,,,,,,
1,B,20239410,4741,,,,,,,,,,,,,,,,45.375,-83.875,39.562
1,S,20239410,4741,0.800,1.120,2.080,-9.877,-0.117,0.113,,,,,,,,,,,,
1,A,20239064,285,,,,,,,10.892,-0.508,0.195,,,,,,,,,
1,B,20242797,3387,,,,,,,,,,-10.133,0.000,-0.230,,,,,,
1,S,20242797,3387,0.160,1.120,1.440,-9.908,-0.182,0.107,,,,,,,,,,,,
1,A,20242798,3734,,,,,,,10.882,-0.527,0.236,,,,,,,,,
1,B,20244830,2033,,,,,,,,,,,,,-0.112,0.112,0.000,,,
1,S,20244830,2033,0.800,1.760,1.440,-9.918,-0.233,0.107,,,,,,,,,,,,
1,A,20244830,2032,,,,,,,10.874,-0.566,0.210,,,,,,,,,
1,B,20248894,4064,,,,,,,,,,,,,,,,46.250,-85.750,39.875
1,S,20248894,4064,0.800,2.080,1.760,-9.867,-0.292,0.107,,,,,,,,,,,,
1,A,20248894,4064,,,,,,,10.912,-0.555,0.217,,,,,,,,,
1,B,20251603,2709,,,,,,,,,,-10.117,-0.164,-0.211,,,,,,
1,S,20251603,2709,1.120,1.760,1.760,-9.832,-0.312,0.113,,,,,,,,,,,,
1,A,20252017,3123,,,,,,,10.921,-0.510,0.210,,,,,,,,,
1,B,20253635,2032,,,,,,,,,,-10.121,-0.219,-0.230,,,,,,
1,S,20253635,2032,1.120,1.760,2.080,-9.838,-0.312,0.117,,,,,,,,,,,,
1,A,20254009,1992,,,,,,,10.922,-0.486,0.207,,,,,,,,,
1,B,20257021,3386,,,,,,,,,,,,,-0.112,0.112,0.000,,,
1,S,20257021,3386,0.800,1.760,2.400,-9.867,-0.297,0.113,,,,,,,,,,,,
1,A,20257000,2991,,,,,,,10.912,-0.460,0.223,,,,,,,,,
1,B,20260408,3387,,,,,,,,,,,,,,,,45.875,-83.688,38.875
1,S,20260408,3387,1.120,1.440,2.400,-9.893,-0.263,0.113,,,,,,,,,,,,
1,A,20259989,2989,,,,,,,10.953,-0.435,0.197,,,,,,,,,
1,B,20263796,3388,,,,,,,,,,-10.141,-0.105,-0.230,,,,,,
1,S,20263796,3388,1.120,0.800,1.760,-9.902,-0.212,0.113,,,,,,,,,,,,
1,A,20263974,3985,,,,,,,10.912,-0.438,0.194,,,,,,,,,
1,B,20265828,2032,,,,,,,,,,,,,0.000,0.224,0.112,,,
1,S,20265828,2032,1.120,0.480,1.440,-9.908,-0.188,0.107,,,,,,,,,,,,
1,A,20265967,1993,,,,,,,10.901,-0.480,0.220,,,,,,,,,
1,B,20269892,4064,,,,,,,,,,,,,,,,45.688,-85.375,40.188
1,S,20269892,4064,0.800,0.800,1.760,-9.902,-0.177,0.092,,,,,,,,,,,,
1,A,20269952,3985,,,,,,,10.905,-0.487,0.223,,,,,,,,,
1,B,20273278,3386,,,,,,,,,,-10.117,-0.078,-0.258,,,,,,
1,S,20273278,3386,0.800,1.120,1.440,-9.883,-0.203,0.087,,,,,,,,,,,,
1,A,20273937,3985,,,,,,,10.884,-0.499,0.209,,,,,,,,,
1,B,20275989,2711,,,,,,,,,,,,,0.112,0.112,0.112,,,
1,S,20275989,2711,1.120,1.440,1.760,-9.873,-0.223,0.092,,,,,,,,,,,,
1,A,20275989,2052,,,,,,,10.892,-0.519,0.249,,,,,,,,,
1,B,20280052,4063,,,,,,,,,,,,,,,,45.125,-85.125,40.000
1,S,20280052,4063,1.120,1.120,2.720,-9.877,-0.253,0.107,,,,,,,,,,,,
1,A,20280052,6075,,,,,,,10.925,-0.534,0.255,,,,,,,,,
1,B,20282084,2032,,,,,,,,,,-10.117,-0.145,-0.250,,,,,,
1,S,20282084,2032,1.440,1.120,2.400,-9.877,-0.273,0.117,,,,,,,,,,,,
1,A,20282904,2300,,,,,,,10.954,-0.511,0.285,,,,,,,,,
1,B,20284794,2710,,,,,,,,,,,,,0.112,0.000,0.000,,,
1,S,20284794,2710,1.120,0.800,1.760,-9.883,-0.287,0.128,,,,,,,,,,,,
1,A,20284897,533,,,,,,,10.910,-0.484,0.292,,,,,,,,,
1,B,20288858,4064,,,,,,,,,,-10.109,-0.184,-0.191,,,,,,
1,S,20288858,4064,0.800,0.160,1.440,-9.887,-0.278,0.163,,,,,,,,,,,,
1,A,20288882,6077,,,,,,,10.932,-0.475,0.280,,,,,,,,,
1,B,20291568,2710,,,,,,,,,,,,,,,,43.688,-83.312,40.875
1,S,20291568,2710,0.800,-0.160,1.760,-9.887,-0.253,0.182,,,,,,,,,,,,
1,A,20291871,2299,,,,,,,10.935,-0.483,0.261,,,,,,,,,
1,B,20293600,2032,,,,,,,,,,-10.121,-0.145,-0.164,,,,,,
1,S,20293600,2032,0.800,-0.160,2.080,-9.893,-0.237,0.182,,,,,,,,,,,,
1,A,20295511,2238,,,,,,,10.874,-0.467,0.235,,,,,,,,,
1,B,20295632,2032,,,,,,,,,,,,,0.112,-0.112,0.000,,,
1,S,20295632,2032,0.800,0.160,2.080,-9.893,-0.228,0.182,,,,,,,,,,,,
1,A,20299843,4332,,,,,,,10.982,-0.467,0.261,,,,,,,,,
1,B,20300373,4741,,,,,,,,,,,,,,,,44.625,-84.812,40.312
1,S,20300373,4741,0.480,1.120,2.080,-9.898,-0.233,0.158,,,,,,,,,,,,
1,A,20300890,1047,,,,,,,10.887,-0.465,0.223,,,,,,,,,
1,B,20302405,2032,,,,,,,,,,-10.156,-0.113,-0.164,,,,,,
1,S,20302405,2032,0.160,1.440,2.080,-9.922,-0.228,0.158,,,,,,,,,,,,
1,A,20304413,3523,,,,,,,10.933,-0.418,0.242,,,,,,,,,
1,B,20305114,2709,,,,,,,,,,,,,-0.112,-0.224,0.000,,,
1,S,20305114,2709,0.480,1.440,2.080,-9.928,-0.217,0.152,,,,,,,,,,,,
1,B,20309179,4065,,,,,,,,,,,,,,,,45.562,-85.125,40.375
1,S,20309179,4065,0.800,1.760,2.080,-9.893,-0.212,0.142,,,,,,,,,,,,
1,A,20309806,5393,,,,,,,10.921,-0.436,0.238,,,,,,,,,
1,B,20311211,2032,,,,,,,,,,-10.156,-0.078,-0.191,,,,,,
1,S,20311211,2032,1.440,1.760,2.400,-9.883,-0.212,0.142,,,,,,,,,,,,
1,A,20312083,2277,,,,,,,10.880,-0.488,0.237,,,,,,,,,
1,B,20313921,2710,,,,,,,,,,,,,-0.112,-0.112,0.000,,,
1,S,20313921,2710,1.440,1.760,2.400,-9.887,-0.223,0.147,,,,,,,,,,,,
1,B,20319339,5418,,,,,,,,,,,,,,,,46.375,-85.625,39.562
1,S,20319339,5418,1.440,0.800,1.120,-9.867,-0.247,0.147,,,,,,,,,,,,
1,A,20320781,8698,,,,,,,10.940,-0.535,0.225,,,,,,,,,
1,B,20321371,2032,,,,,,,,,,-10.117,-0.133,-0.191,,,,,,
1,S,20321371,2032,0.800,1.120,1.120,-9.857,-0.263,0.142,,,,,,,,,,,,
1,A,20321966,1185,,,,,,,10.993,-0.518,0.242,,,,,,,,,
1,B,20323404,2033,,,,,,,,,,-10.137,-0.172,-0.191,,,,,,
1,S,20323404,2033,0.480,1.120,1.440,-9.863,-0.273,0.142,,,,,,,,,,,,
1,B,20326113,2709,,,,,,,,,,,,,0.000,-0.112,0.000,,,
1,S,20326113,2709,0.480,1.440,1.760,-9.893,-0.282,0.138,,,,,,,,,,,,
1,A,20329770,7804,,,,,,,10.965,-0.459,0.251,,,,,,,,,
1,B,20330177,4064,,,,,,,,,,,,,,,,45.500,-83.688,39.000
1,S,20330177,4064,0.800,1.760,2.400,-9.922,-0.258,0.128,,,,,,,,,,,,
1,A,20332068,2298,,,,,,,10.934,-0.428,0.238,,,,,,,,,
1,B,20332209,2032,,,,,,,,,,-10.160,-0.105,-0.211,,,,,,
1,S,20332209,2032,1.120,1.440,2.080,-9.928,-0.233,0.122,,,,,,,,,,,,
1,B,20334920,2711,,,,,,,,,,,,,0.000,0.112,0.000,,,
1,S,20334920,2711,1.120,0.800,1.760,-9.922,-0.203,0.122,,,,,,,,,,,,
1,B,20338984,4064,,,,,,,,,,,,,,,,44.812,-85.562,40.188
1,S,20338984,4064,1.440,0.800,2.400,-9.902,-0.172,0.113,,,,,,,,,,,,
1,B,20342370,3386,,,,,,,,,,-10.152,-0.059,-0.230,,,,,,
1,S,20342370,3386,1.440,1.440,3.040,-9.902,-0.177,0.113,,,,,,,,,,,,
1,B,20344402,2032,,,,,,,,,,,,,-0.112,0.112,0.000,,,
1,S,20344402,2032,1.120,1.760,3.040,-9.902,-0.188,0.117,,,,,,,,,,,,
1,B,20349821,5419,,,,,,,,,,,,,,,,44.875,-84.000,40.000
1,S,20349821,5419,1.120,1.440,1.760,-9.883,-0.233,0.133,,,,,,,,,,,,
1,B,20352531,2710,,,,,,,,,,-10.117,-0.098,-0.199,,,,,,
1,S,20352531,2710,1.760,1.440,2.080,-9.828,-0.258,0.133,,,,,,,,,,,,
1,B,20354563,2032,,,,,,,,,,,,,-0.112,0.112,0.000,,,
1,S,20354563,2032,1.440,1.440,2.400,-9.818,-0.273,0.138,,,,,,,,,,,,
1,B,20358627,4064,,,,,,,,,,-10.117,-0.199,-0.191,,,,,,
1,S,20358627,6096,1.120,1.120,2.400,-9.963,-0.268,0.158,,,,,,,,,,,,
1,B,20361336,2709,,,,,,,,,,,,,,,,46.250,-84.750,40.062
1,S,20361336,677,0.800,1.440,2.400,-9.947,-0.253,0.158,,,,,,,,,,,,
1,A,20361100,29032,,,,,,,10.937,-0.530,0.301,,,,,,,,,
1,B,20363368,2032,,,,,,,,,,-10.113,-0.086,-0.199,,,,,,
1,S,20363368,2032,0.800,1.760,2.080,-9.887,-0.203,0.152,,,,,,,,,,,,
1,A,20365220,4120,,,,,,,11.034,-0.410,0.287,,,,,,,,,
1,B,20365400,2032,,,,,,,,,,,,,-0.112,0.000,0.112,,,
1,S,20365400,2032,0.800,1.760,1.760,-9.832,-0.172,0.152,,,,,,,,,,,,
1,A,20369520,4300,,,,,,,10.931,-0.516,0.298,,,,,,,,,
1,B,20370142,4742,,,,,,,,,,,,,,,,45.750,-84.438,38.875
1,S,20370142,7452,0.800,1.120,2.080,-9.967,-0.182,0.172,,,,,,,,,,,,
1,A,20372832,3312,,,,,,,10.847,-0.330,0.216,,,,,,,,,
1,B,20373529,3387,,,,,,,,,,-10.207,-0.059,-0.172,,,,,,
1,S,20373529,677,1.120,0.800,2.080,-9.963,-0.182,0.172,,,,,,,,,,,,
1,A,20375130,2298,,,,,,,10.817,-0.552,0.290,,,,,,,,,
1,B,20375561,2032,,,,,,,,,,,,,-0.112,0.000,0.000,,,
1,S,20375561,2032,0.800,0.800,1.760,-9.922,-0.177,0.158,,,,,,,,,,,,
1,A,20379430,4300,,,,,,,10.915,-0.474,0.257,,,,,,,,,
1,B,20379625,4064,,,,,,,,,,,,,,,,45.000,-84.312,39.812
1,S,20379625,4064,0.800,1.120,1.760,-9.832,-0.212,0.158,,,,,,,,,,,,
1,A,20381730,2300,,,,,,,10.905,-0.605,0.275,,,,,,,,,
1,B,20382335,2710,,,,,,,,,,-10.090,-0.113,-0.191,,,,,,
1,S,20382335,2710,0.800,1.440,1.760,-9.838,-0.268,0.177,,,,,,,,,,,,
1,A,20384028,2298,,,,,,,10.856,-0.565,0.264,,,,,,,,,
1,B,20384367,2032,,,,,,,,,,,,,-0.224,-0.112,-0.112,,,
1,S,20384367,2032,0.800,1.440,1.760,-9.852,-0.297,0.182,,,,,,,,,,,,
1,A,20388328,4300,,,,,,,10.839,-0.525,0.239,,,,,,,,,
1,B,20388431,4064,,,,,,,,,,-10.121,-0.191,-0.164,,,,,,
1,S,20388431,4064,0.480,1.760,1.440,-9.842,-0.323,0.158,,,,,,,,,,,,
1,A,20390639,2311,,,,,,,10.981,-0.519,0.262,,,,,,,,,
1,B,20391140,2709,,,,,,,,,,,,,,,,45.125,-85.125,40.000
1,S,20391140,2709,0.800,1.440,1.440,-9.818,-0.297,0.133,,,,,,,,,,,,
1,A,20392939,2300,,,,,,,10.989,-0.480,0.225,,,,,,,,,
1,B,20393172,2032,,,,,,,,,,-10.145,-0.125,-0.230,,,,,,
1,S,20393172,2032,1.120,1.120,1.440,-9.832,-0.278,0.128,,,,,,,,,,,,
1,A,20395237,2298,,,,,,,10.958,-0.496,0.210,,,,,,,,,
1,B,20395883,2711,,,,,,,,,,,,,-0.112,-0.112,0.000,,,
1,S,20395883,2711,1.440,1.440,1.760,-9.898,-0.247,0.128,,,,,,,,,,,,
1,A,20399541,4304,,,,,,,10.952,-0.451,0.204,,,,,,,,,
1,B,20399947,4064,,,,,,,,,,,,,,,,46.062,-83.062,38.188
1,S,20399947,4064,1.120,1.440,2.080,-9.973,-0.228,0.122,,,,,,,,,,,,
1,A,20401739,2198,,,,,,,10.925,-0.465,0.150,,,,,,,,,
1,B,20401979,2032,,,,,,,,,,-10.191,-0.113,-0.199,,,,,,
1,S,20401979,2032,1.120,1.440,2.400,-9.973,-0.217,0.113,,,,,,,,,,,,
1,A,20402932,1193,,,,,,,10.948,-0.417,0.159,,,,,,,,,
1,B,20404688,2709,,,,,,,,,,,,,-0.112,0.000,0.000,,,
1,S,20404688,2709,0.800,1.440,2.400,-9.947,-0.203,0.092,,,,,,,,,,,,
1,A,20408517,5585,,,,,,,10.863,-0.447,0.151,,,,,,,,,
1,B,20408752,4064,,,,,,,,,,,,,,,,46.062,-85.438,39.312
1,S,20408752,6096,0.480,1.440,2.080,-9.877,-0.193,0.062,,,,,,,,,,,,
1,A,20410820,2303,,,,,,,10.848,-0.505,0.181,,,,,,,,,
1,B,20411461,2709,,,,,,,,,,-10.117,-0.086,-0.289,,,,,,
1,S,20411461,677,1.120,1.440,1.760,-9.867,-0.198,0.062,,,,,,,,,,,,
1,B,20413494,2033,,,,,,,,,,,,,-0.112,0.112,0.000,,,
1,S,20413494,2033,1.120,1.440,1.440,-9.842,-0.223,0.072,,,,,,,,,,,,
1,B,20419590,6096,,,,,,,,,,,,,,,,45.312,-83.938,38.875
1,S,20419590,6096,0.800,2.080,1.440,-9.883,-0.287,0.128,,,,,,,,,,,,
1,B,20422299,2709,,,,,,,,,,-10.117,-0.199,-0.238,,,,,,
1,S,20422299,2709,1.120,1.760,1.760,-9.902,-0.292,0.152,,,,,,,,,,,,
1,B,20424331,2032,,,,,,,,,,,,,-0.112,0.112,0.000,,,
1,S,20424331,2032,1.760,1.440,2.080,-9.902,-0.287,0.168,,,,,,,,,,,,
1,B,20428396,4065,,,,,,,,,,-10.172,-0.164,-0.191,,,,,,
1,S,20428396,4065,1.760,1.440,2.400,-9.887,-0.258,0.182,,,,,,,,,,,,
1,B,20431105,2709,,,,,,,,,,,,,,,,45.250,-85.500,39.812
1,S,20431105,2709,1.440,1.760,2.720,-9.873,-0.237,0.177,,,,,,,,,,,,
1,B,20433137,2032,,,,,,,,,,-10.117,-0.105,-0.172,,,,,,
1,S,20433137,2032,1.440,1.440,3.360,-9.867,-0.228,0.172,,,,,,,,,,,,
1,B,20435169,2032,,,,,,,,,,,,,-0.112,0.112,0.112,,,
1,S,20435169,2032,1.760,1.440,3.360,-9.867,-0.217,0.163,,,,,,,,,,,,
1,B,20439912,4743,,,,,,,,,,,,,,,,45.250,-85.500,39.812
1,S,20439912,4743,1.440,1.760,2.400,-9.877,-0.212,0.142,,,,,,,,,,,,
1,B,20441944,2032,,,,,,,,,,-10.133,-0.078,-0.184,,,,,,
1,S,20441944,2032,0.800,1.760,2.080,-9.893,-0.207,0.138,,,,,,,,,,,,
1,B,20444633,2689,,,,,,,,,,,,,0.000,0.112,0.112,,,
1,S,20444633,2689,0.480,1.440,1.760,-9.908,-0.212,0.138,,,,,,,,,,,,
1,B,20448717,4084,,,,,,,,,,,,,,,,44.688,-83.125,39.062
1,S,20448717,4084,0.160,0.800,1.760,-9.912,-0.228,0.147,,,,,,,,,,,,
1,B,20452103,3386,,,,,,,,,,-10.148,-0.125,-0.219,,,,,,
1,S,20452103,3386,0.480,0.800,1.760,-9.902,-0.242,0.142,,,,,,,,,,,,
1,B,20454135,2032,,,,,,,,,,,,,-0.112,0.000,0.112,,,
1,S,20454135,2032,0.800,1.120,1.760,-9.893,-0.247,0.138,,,,,,,,,,,,
1,B,20459555,5420,,,,,,,,,,,,,,,,45.500,-85.250,39.188
1,S,20459555,5420,0.800,1.440,2.400,-9.842,-0.228,0.147,,,,,,,,,,,,
1,B,20461587,2032,,,,,,,,,,-10.117,-0.105,-0.172,,,,,,
1,S,20461587,4064,0.480,1.120,2.080,-9.867,-0.217,0.163,,,,,,,,,,,,
1,B,20464296,2709,,,,,,,,,,-10.141,-0.113,-0.172,,,,,,
1,S,20464296,677,1.120,0.480,2.080,-9.877,-0.223,0.168,,,,,,,,,,,,
1,B,20467005,2709,,,,,,,,,,,,,0.112,-0.112,0.112,,,
1,S,20467005,2709,1.120,0.480,2.080,-9.918,-0.223,0.177,,,,,,,,,,,,
1,B,20469715,2710,,,,,,,,,,,,,,,,45.250,-85.000,39.688
1,S,20469715,2710,1.120,0.800,2.080,-9.938,-0.217,0.168,,,,,,,,,,,,
1,B,20473102,3387,,,,,,,,,,-10.160,-0.113,-0.211,,,,,,
1,S,20473102,3387,0.800,1.440,2.080,-9.918,-0.212,0.138,,,,,,,,,,,,
1,B,20475134,2032,,,,,,,,,,,,,0.112,-0.112,0.000,,,
1,S,20475134,2032,0.480,1.440,2.400,-9.902,-0.207,0.122,,,,,,,,,,,,
1,B,20479198,4064,,,,,,,,,,,,,,,,45.500,-84.250,39.438
1,S,20479198,4064,0.480,0.800,2.400,-9.898,-0.223,0.117,,,,,,,,,,,,
1,B,20482585,3387,,,,,,,,,,-10.156,-0.098,-0.211,,,,,,
1,S,20482585,3387,0.800,1.120,2.080,-9.893,-0.242,0.117,,,,,,,,,,,,
1,B,20485294,2709,,,,,,,,,,,,,0.112,0.000,0.000,,,
1,S,20485294,2709,1.440,1.760,1.440,-9.877,-0.253,0.117,,,,,,,,,,,,
1,B,20490036,4742,,,,,,,,,,,,,,,,45.812,-84.812,39.000
1,S,20490036,4742,1.120,2.080,1.440,-9.863,-0.263,0.128,,,,,,,,,,,,
1,B,20492746,2710,,,,,,,,,,-10.109,-0.133,-0.199,,,,,,
1,S,20492746,2710,0.800,2.400,2.080,-9.857,-0.263,0.138,,,,,,,,,,,,
1,B,20494778,2032,,,,,,,,,,,,,0.112,0.000,0.000,,,
1,S,20494778,2032,1.120,2.080,2.080,-9.863,-0.263,0.142,,,,,,,,,,,,
1,B,20498842,4064,,,,,,,,,,-10.117,-0.164,-0.199,,,,,,
1,S,20498842,4064,1.440,1.760,2.080,-9.877,-0.263,0.142,,,,,,,,,,,,
1,B,20501552,2710,,,,,,,,,,,,,,,,44.438,-84.938,39.875
1,S,20501552,2710,1.120,2.400,2.400,-9.893,-0.258,0.142,,,,,,,,,,,,
1,B,20503584,2032,,,,,,,,,,-10.156,-0.125,-0.211,,,,,,
1,S,20503584,2032,1.440,2.720,2.720,-9.908,-0.253,0.138,,,,,,,,,,,,
1,B,20506293,2709,,,,,,,,,,,,,0.112,0.112,0.112,,,
1,S,20506293,2709,1.440,2.080,2.400,-9.922,-0.242,0.138,,,,,,,,,,,,
1,B,20510357,4064,,,,,,,,,,,,,,,,44.688,-84.688,40.000
1,S,20510357,4064,1.440,1.440,1.440,-9.922,-0.228,0.142,,,,,,,,,,,,
1,B,20513744,3387,,,,,,,,,,-10.145,-0.113,-0.199,,,,,,
1,S,20513744,3387,0.800,1.120,1.440,-9.908,-0.228,0.142,,,,,,,,,,,,
1,B,20515777,2033,,,,,,,,,,,,,-0.112,0.000,0.112,,,
1,S,20515777,2033,0.800,1.120,1.760,-9.902,-0.223,0.147,,,,,,,,,,,,
1,B,20519841,4064,,,,,,,,,,,,,,,,45.750,-84.875,39.750
1,S,20519841,4064,0.480,1.120,2.400,-9.877,-0.207,0.142,,,,,,,,,,,,
1,B,20522550,2709,,,,,,,,,,-10.113,-0.086,-0.211,,,,,,
1,S,20522550,2709,0.480,1.120,2.400,-9.857,-0.212,0.138,,,,,,,,,,,,
1,B,20524582,2032,,,,,,,,,,,,,-0.112,0.000,0.112,,,
1,S,20524582,2032,1.120,1.120,2.720,-9.852,-0.217,0.142,,,,,,,,,,,,
1,B,20529304,4722,,,,,,,,,,-10.117,-0.113,-0.184,,,,,,
1,S,20529304,4722,1.440,1.760,2.400,-9.867,-0.242,0.158,,,,,,,,,,,,
1,B,20531355,2051,,,,,,,,,,,,,,,,44.500,-83.938,40.125
1,S,20531355,2051,1.440,2.080,2.400,-9.883,-0.258,0.168,,,,,,,,,,,,
1,B,20533388,2033,,,,,,,,,,-10.148,-0.164,-0.164,,,,,,
1,S,20533388,2033,1.120,2.080,2.720,-9.893,-0.263,0.168,,,,,,,,,,,,
1,B,20536097,2709,,,,,,,,,,,,,0.000,0.000,0.000,,,
1,S,20536097,2709,0.800,1.760,2.400,-9.908,-0.253,0.152,,,,,,,,,,,,
1,B,20540161,4064,,,,,,,,,,,,,,,,45.688,-86.000,39.812
1,S,20540161,4064,0.800,1.120,1.760,-9.912,-0.217,0.138,,,,,,,,,,,,
1,B,20542193,2032,,,,,,,,,,-10.160,-0.078,-0.211,,,,,,
1,S,20542193,2032,0.800,0.800,1.760,-9.912,-0.193,0.138,,,,,,,,,,,,
1,B,20544904,2711,,,,,,,,,,,,,0.000,0.000,0.000,,,
1,S,20544904,2711,0.800,0.800,1.760,-9.908,-0.168,0.142,,,,,,,,,,,,
1,B,20548968,4064,,,,,,,,,,,,,,,,45.688,-84.938,39.250
1,S,20548968,4064,0.800,1.760,1.760,-9.893,-0.172,0.133,,,,,,,,,,,,
1,B,20552354,3386,,,,,,,,,,-10.141,-0.078,-0.219,,,,,,
1,S,20552354,3386,1.120,2.080,2.080,-9.893,-0.207,0.122,,,,,,,,,,,,
1,B,20554386,2032,,,,,,,,,,,,,-0.112,-0.112,0.000,,,
1,S,20554386,2032,1.440,1.440,2.720,-9.893,-0.228,0.122,,,,,,,,,,,,
1,B,20559127,4741,,,,,,,,,,,,,,,,45.688,-83.938,39.500
1,S,20559127,4741,1.440,0.800,3.040,-9.873,-0.268,0.128,,,,,,,,,,,,
1,B,20561159,2032,,,,,,,,,,-10.117,-0.145,-0.199,,,,,,
1,S,20561159,2032,0.480,1.440,2.720,-9.873,-0.278,0.133,,,,,,,,,,,,
1,B,20563192,2033,,,,,,,,,,-10.137,-0.164,-0.184,,,,,,
1,S,20563192,2033,0.160,2.080,2.720,-9.873,-0.282,0.138,,,,,,,,,,,,
1,B,20568611,5419,,,,,,,,,,,,,0.112,-0.112,0.000,,,
1,S,20568611,5419,0.160,1.760,2.720,-9.883,-0.268,0.138,,,,,,,,,,,,
1,B,20570643,2032,,,,,,,,,,,,,,,,45.500,-84.250,39.438
1,S,20570643,2032,0.160,1.120,2.720,-9.887,-0.253,0.138,,,,,,,,,,,,
1,B,20574029,3386,,,,,,,,,,-10.152,-0.113,-0.191,,,,,,
1,S,20574029,3386,0.160,0.800,2.720,-9.908,-0.233,0.142,,,,,,,,,,,,
1,B,20577417,3388,,,,,,,,,,,,,0.112,0.000,0.000,,,
1,S,20577417,3388,0.800,1.440,2.080,-9.928,-0.223,0.138,,,,,,,,,,,,
1,B,20580126,2709,,,,,,,,,,,,,,,,45.625,-85.062,39.625
1,S,20580126,2709,0.800,1.440,1.760,-9.932,-0.223,0.142,,,,,,,,,,,,
1,B,20582836,2710,,,,,,,,,,-10.148,-0.098,-0.184,,,,,,
1,S,20582836,2710,0.800,1.120,1.440,-9.918,-0.233,0.152,,,,,,,,,,,,
1,B,20585545,2709,,,,,,,,,,,,,0.000,0.112,0.112,,,
1,S,20585545,2709,1.120,1.120,1.760,-9.893,-0.242,0.158,,,,,,,,,,,,
1,B,20589609,4064,,,,,,,,,,,,,,,,46.000,-85.562,39.625
1,S,20589609,4064,1.440,1.440,2.080,-9.877,-0.263,0.147,,,,,,,,,,,,
1,B,20591642,2033,,,,,,,,,,-10.141,-0.164,-0.211,,,,,,
1,S,20591642,2033,1.440,1.440,1.760,-9.873,-0.263,0.142,,,,,,,,,,,,
1,B,20594351,2709,,,,,,,,,,,,,-0.112,0.112,0.000,,,
1,S,20594351,2709,0.800,0.800,1.440,-9.863,-0.263,0.147,,,,,,,,,,,,
1,B,20599770,5419,,,,,,,,,,,,,,,,45.375,-83.875,39.562
1,S,20599770,5419,-0.160,1.120,2.080,-9.867,-0.273,0.158,,,,,,,,,,,,
1,B,20601802,2032,,,,,,,,,,-10.109,-0.125,-0.164,,,,,,
1,S,20601802,2032,0.480,1.440,2.400,-9.873,-0.268,0.152,,,,,,,,,,,,
1,B,20603835,2033,,,,,,,,,,-10.117,-0.133,-0.191,,,,,,
1,S,20603835,2033,1.120,1.760,2.720,-9.883,-0.258,0.147,,,,,,,,,,,,
1,B,20606544,2709,,,,,,,,,,,,,-0.112,0.112,0.000,,,
1,S,20606544,5418,1.440,1.440,2.080,-9.918,-0.217,0.142,,,,,,,,,,,,
1,B,20609931,3387,,,,,,,,,,,,,,,,45.250,-84.500,39.250
1,S,20609931,678,1.440,0.800,1.760,-9.922,-0.212,0.142,,,,,,,,,,,,
1,B,20612640,2709,,,,,,,,,,-10.160,-0.098,-0.191,,,,,,
1,S,20612640,2709,1.440,0.160,1.440,-9.932,-0.198,0.142,,,,,,,,,,,,
1,B,20615349,2709,,,,,,,,,,,,,-0.112,0.000,0.000,,,
1,S,20615349,2709,0.800,-0.160,1.440,-9.922,-0.193,0.133,,,,,,,,,,,,
1,B,20619413,4064,,,,,,,,,,,,,,,,46.125,-84.938,39.625
1,S,20619413,4064,0.480,1.120,1.760,-9.898,-0.198,0.107,,,,,,,,,,,,
1,B,20622801,3388,,,,,,,,,,-10.145,-0.098,-0.219,,,,,,
1,S,20622801,3388,0.480,1.760,2.080,-9.873,-0.198,0.092,,,,,,,,,,,,
1,B,20624833,2032,,,,,,,,,,,,,-0.112,0.000,0.000,,,
1,S,20624833,2032,0.800,1.760,2.400,-9.867,-0.203,0.092,,,,,,,,,,,,
1,B,20630251,5418,,,,,,,,,,,,,,,,46.062,-84.062,38.688
1,S,20630251,5418,0.800,1.440,1.760,-9.883,-0.233,0.113,,,,,,,,,,,,
1,B,20632962,2711,,,,,,,,,,-10.109,-0.145,-0.230,,,,,,
1,S,20632962,2711,0.480,1.440,1.440,-9.898,-0.247,0.128,,,,,,,,,,,,
1,B,20634994,2032,,,,,,,,,,,,,-0.112,-0.112,0.000,,,
1,S,20634994,2032,0.160,1.440,1.440,-9.902,-0.247,0.138,,,,,,,,,,,,
1,B,20639057,4063,,,,,,,,,,-10.141,-0.125,-0.199,,,,,,
1,S,20639057,6095,0.480,1.120,2.080,-9.908,-0.237,0.147,,,,,,,,,,,,
1,B,20641767,2710,,,,,,,,,,,,,,,,46.375,-85.625,39.562
1,S,20641767,678,1.440,1.120,1.760,-9.912,-0.237,0.147,,,,,,,,,,,,
1,B,20643799,2032,,,,,,,,,,-10.156,-0.105,-0.184,,,,,,
1,S,20643799,2032,1.120,1.120,1.760,-9.912,-0.228,0.147,,,,,,,,,,,,
1,B,20645831,2032,,,,,,,,,,,,,0.000,0.000,0.000,,,
1,S,20645831,2032,0.800,1.440,1.440,-9.912,-0.217,0.142,,,,,,,,,,,,
1,B,20650573,4742,,,,,,,,,,,,,,,,44.938,-83.375,39.562
1,S,20650573,4742,0.480,2.400,2.080,-9.908,-0.212,0.133,,,,,,,,,,,,
1,B,20653960,3387,,,,,,,,,,-10.160,-0.105,-0.199,,,,,,
1,S,20653960,3387,0.800,2.400,2.080,-9.912,-0.217,0.128,,,,,,,,,,,,
1,B,20655992,2032,,,,,,,,,,,,,0.000,0.112,0.000,,,
1,S,20655992,2032,1.440,1.760,2.400,-9.908,-0.228,0.133,,,,,,,,,,,,
1,B,20660055,4063,,,,,,,,,,,,,,,,45.312,-83.438,39.500
1,S,20660055,4063,1.440,1.120,2.080,-9.887,-0.253,0.142,,,,,,,,,,,,
1,B,20662765,2710,,,,,,,,,,-10.121,-0.125,-0.164,,,,,,
1,S,20662765,2710,1.120,0.800,2.080,-9.877,-0.273,0.152,,,,,,,,,,,,
1,B,20664798,2033,,,,,,,,,,,,,0.000,0.112,0.000,,,
1,S,20664798,2033,0.480,0.480,2.080,-9.867,-0.278,0.163,,,,,,,,,,,,
1,B,20668862,4064,,,,,,,,,,-10.109,-0.172,-0.191,,,,,,
1,S,20668862,4064,0.480,0.160,2.080,-9.852,-0.273,0.172,,,,,,,,,,,,
1,B,20671571,2709,,,,,,,,,,,,,,,,44.750,-83.562,39.188
1,S,20671571,2709,0.800,0.480,2.080,-9.863,-0.263,0.177,,,,,,,,,,,,
1,B,20673603,2032,,,,,,,,,,-10.109,-0.164,-0.164,,,,,,
1,S,20673603,2032,1.120,0.800,2.080,-9.873,-0.258,0.172,,,,,,,,,,,,
1,B,20675635,2032,,,,,,,,,,,,,-0.112,0.112,0.000,,,
1,S,20675635,2032,1.120,1.440,1.760,-9.887,-0.247,0.172,,,,,,,,,,,,
1,B,20680377,4742,,,,,,,,,,,,,,,,44.688,-84.688,40.000
1,S,20680377,4742,0.800,1.440,2.080,-9.908,-0.233,0.163,,,,,,,,,,,,
1,B,20682409,2032,,,,,,,,,,-10.148,-0.133,-0.199,,,,,,
1,S,20682409,2032,0.480,1.440,2.400,-9.912,-0.228,0.152,,,,,,,,,,,,
1,B,20684441,2032,,,,,,,,,,,,,-0.112,0.112,0.112,,,
1,S,20684441,2032,0.800,1.440,2.720,-9.912,-0.223,0.138,,,,,,,,,,,,
1,B,20689182,4741,,,,,,,,,,,,,,,,44.688,-84.688,40.000
1,S,20689182,4741,0.800,1.760,2.080,-9.902,-0.207,0.098,,,,,,,,,,,,
1,B,20691214,2032,,,,,,,,,,-10.152,-0.105,-0.230,,,,,,
1,S,20691214,2032,1.120,2.080,2.080,-9.898,-0.207,0.092,,,,,,,,,,,,
1,B,20693925,2711,,,,,,,,,,,,,0.000,0.000,0.112,,,
1,S,20693925,2711,1.440,2.080,2.400,-9.893,-0.223,0.102,,,,,,,,,,,,
1,B,20700020,6095,,,,,,,,,,,,,,,,46.000,-84.062,38.688
1,S,20700020,6095,1.440,0.480,2.400,-9.867,-0.237,0.113,,,,,,,,,,,,
1,B,20702052,2032,,,,,,,,,,-10.102,-0.125,-0.219,,,,,,
1,S,20702052,2032,0.480,0.160,2.080,-9.863,-0.233,0.107,,,,,,,,,,,,
1,B,20704762,2710,,,,,,,,,,-10.148,-0.152,-0.199,,,,,,
1,S,20704762,2710,0.480,0.160,2.080,-9.863,-0.242,0.102,,,,,,,,,,,,
1,B,20708827,4065,,,,,,,,,,,,,0.000,0.000,0.000,,,
1,S,20708827,4065,1.120,0.480,2.080,-9.883,-0.253,0.122,,,,,,,,,,,,
1,B,20710859,2032,,,,,,,,,,,,,,,,45.562,-84.688,39.500
1,S,20710859,2032,1.120,0.480,2.080,-9.898,-0.247,0.138,,,,,,,,,,,,
1,B,20714245,3386,,,,,,,,,,-10.160,-0.113,-0.211,,,,,,
1,S,20714245,3386,1.120,0.800,2.400,-9.922,-0.228,0.147,,,,,,,,,,,,
1,B,20717632,3387,,,,,,,,,,,,,0.000,-0.112,0.000,,,
1,S,20717632,3387,1.120,1.120,2.400,-9.943,-0.207,0.142,,,,,,,,,,,,
1,B,20721018,3386,,,,,,,,,,,,,,,,46.188,-85.312,39.750
1,S,20721018,3386,1.120,1.440,3.040,-9.928,-0.203,0.122,,,,,,,,,,,,
1,B,20724406,3388,,,,,,,,,,-10.152,-0.098,-0.211,,,,,,
1,S,20724406,3388,1.440,0.800,2.720,-9.908,-0.198,0.102,,,,,,,,,,,,
1,A,20725317,314497,,,,,,,10.908,-0.467,0.220,,,,,,,,,
1,B,20726438,2032,,,,,,,,,,,,,-0.112,0.000,0.112,,,
1,S,20726438,2032,1.440,0.480,2.400,-9.898,-0.198,0.102,,,,,,,,,,,,
1,A,20730319,5002,,,,,,,10.899,-0.491,0.265,,,,,,,,,
1,B,20730502,4064,,,,,,,,,,,,,,,,44.625,-84.250,39.875
1,S,20730502,4064,1.440,0.480,1.760,-9.873,-0.217,0.128,,,,,,,,,,,,
1,A,20732630,2311,,,,,,,10.883,-0.523,0.259,,,,,,,,,
1,B,20733211,2709,,,,,,,,,,-10.133,-0.098,-0.211,,,,,,
1,S,20733211,2709,0.480,0.800,1.760,-9.863,-0.237,0.142,,,,,,,,,,,,
1,A,20734930,2300,,,,,,,10.892,-0.521,0.279,,,,,,,,,
1,B,20735243,2032,,,,,,,,,,,,,0.000,0.000,0.000,,,
1,S,20735243,2032,0.480,1.120,2.080,-9.863,-0.247,0.152,,,,,,,,,,,,
1,A,20739229,4299,,,,,,,10.922,-0.506,0.305,,,,,,,,,
1,B,20739966,4723,,,,,,,,,,-10.117,-0.152,-0.184,,,,,,
1,S,20739966,4723,0.800,2.080,2.400,-9.877,-0.273,0.168,,,,,,,,,,,,
1,A,20741529,2300,,,,,,,10.931,-0.504,0.315,,,,,,,,,
1,B,20742017,2051,,,,,,,,,,,,,,,,45.312,-85.438,40.562
1,S,20742017,2051,1.760,2.080,2.400,-9.887,-0.282,0.177,,,,,,,,,,,,
1,A,20743829,2300,,,,,,,10.960,-0.492,0.279,,,,,,,,,
1,B,20744049,2032,,,,,,,,,,-10.152,-0.172,-0.152,,,,,,
1,S,20744049,2032,1.440,1.760,2.400,-9.898,-0.287,0.182,,,,,,,,,,,,
1,A,20746127,2298,,,,,,,10.935,-0.459,0.270,,,,,,,,,
1,B,20746759,2710,,,,,,,,,,,,,0.000,0.000,0.112,,,
1,S,20746759,2710,1.120,1.440,2.400,-9.902,-0.278,0.177,,,,,,,,,,,,
1,A,20749439,3312,,,,,,,10.953,-0.438,0.251,,,,,,,,,
1,B,20750145,3386,,,,,,,,,,,,,,,,45.688,-84.938,39.250
1,S,20750145,3386,0.800,1.120,2.080,-9.902,-0.237,0.168,,,,,,,,,,,,
1,A,20752739,3300,,,,,,,10.951,-0.451,0.230,,,,,,,,,
1,B,20752856,2711,,,,,,,,,,-10.148,-0.086,-0.191,,,,,,
1,S,20752856,2711,0.480,1.120,1.760,-9.902,-0.207,0.152,,,,,,,,,,,,
1,A,20755037,2298,,,,,,,10.941,-0.446,0.216,,,,,,,,,
1,B,20755565,2709,,,,,,,,,,,,,0.000,0.112,0.112,,,
1,S,20755565,2709,0.160,1.120,1.440,-9.902,-0.188,0.138,,,,,,,,,,,,
1,A,20759337,4300,,,,,,,10.931,-0.486,0.220,,,,,,,,,
1,B,20759629,4064,,,,,,,,,,,,,,,,45.000,-84.312,39.812
1,S,20759629,4064,0.160,1.440,1.760,-9.902,-0.198,0.117,,,,,,,,,,,,
1,A,20762637,3300,,,,,,,10.902,-0.496,0.222,,,,,,,,,
1,B,20763015,3386,,,,,,,,,,-10.117,-0.078,-0.219,,,,,,
1,S,20763015,3386,1.120,1.440,1.760,-9.902,-0.237,0.107,,,,,,,,,,,,
1,A,20764937,2300,,,,,,,10.883,-0.502,0.251,,,,,,,,,
1,B,20765047,2032,,,,,,,,,,,,,0.000,0.112,0.112,,,
1,S,20765047,2032,2.080,1.120,1.760,-9.893,-0.258,0.113,,,,,,,,,,,,
1,A,20769247,4310,,,,,,,10.915,-0.501,0.275,,,,,,,,,
1,B,20769790,4743,,,,,,,,,,,,,,,,45.688,-83.000,38.250
1,S,20769790,4743,1.760,0.800,2.400,-9.863,-0.273,0.138,,,,,,,,,,,,
1,A,20771547,2300,,,,,,,10.892,-0.486,0.261,,,,,,,,,
1,B,20771822,2032,,,,,,,,,,-10.141,-0.152,-0.219,,,,,,
1,S,20771822,2032,0.800,1.120,2.400,-9.857,-0.273,0.147,,,,,,,,,,,,
1,A,20773847,2300,,,,,,,10.902,-0.488,0.253,,,,,,,,,
1,B,20774531,2709,,,,,,,,,,-10.109,-0.145,-0.191,,,,,,
1,S,20774531,2709,0.800,1.760,2.400,-9.867,-0.273,0.152,,,,,,,,,,,,
1,A,20778145,4298,,,,,,,10.940,-0.485,0.230,,,,,,,,,
1,B,20778595,4064,,,,,,,,,,,,,0.000,0.000,0.000,,,
1,S,20778595,4064,1.120,1.440,2.080,-9.887,-0.258,0.147,,,,,,,,,,,,
1,A,20780445,2300,,,,,,,10.954,-0.455,0.227,,,,,,,,,
1,B,20780627,2032,,,,,,,,,,,,,,,,45.500,-84.250,39.438
1,S,20780627,2032,1.440,1.120,2.080,-9.898,-0.242,0.147,,,,,,,,,,,,
1,A,20783745,3300,,,,,,,10.935,-0.437,0.214,,,,,,,,,
1,B,20784013,3386,,,,,,,,,,-10.152,-0.105,-0.219,,,,,,
1,S,20784013,3386,1.440,0.800,2.400,-9.918,-0.223,0.138,,,,,,,,,,,,
1,A,20786055,2310,,,,,,,10.977,-0.439,0.177,,,,,,,,,
1,B,20786724,2711,,,,,,,,,,,,,-0.112,0.000,0.000,,,
1,S,20786724,2711,1.120,1.760,2.400,-9.918,-0.207,0.122,,,,,,,,,,,,
1,A,20790355,4300,,,,,,,10.939,-0.460,0.180,,,,,,,,,
1,B,20790788,4064,,,,,,,,,,,,,,,,45.312,-83.438,39.500
1,S,20790788,4064,0.800,2.400,2.080,-9.922,-0.203,0.102,,,,,,,,,,,,
1,A,20793655,3300,,,,,,,10.944,-0.473,0.200,,,,,,,,,
1,B,20794174,3386,,,,,,,,,,-10.176,-0.098,-0.250,,,,,,
1,S,20794174,3386,1.120,2.080,1.760,-9.918,-0.217,0.092,,,,,,,,,,,,
1,A,20795955,2300,,,,,,,10.928,-0.482,0.233,,,,,,,,,
1,B,20796206,2032,,,,,,,,,,,,,-0.112,0.000,0.000,,,
1,S,20796206,6097,1.760,1.440,2.080,-9.887,-0.228,0.113,,,,,,,,,,,,
1,A,20800253,4298,,,,,,,10.901,-0.485,0.256,,,,,,,,,
1,B,20800949,4743,,,,,,,,,,,,,,,,46.000,-85.562,40.375
1,S,20800949,678,1.120,1.120,2.080,-9.883,-0.233,0.113,,,,,,,,,,,,
1,A,20802553,2300,,,,,,,10.896,-0.473,0.260,,,,,,,,,
1,B,20802981,2032,,,,,,,,,,-10.152,-0.113,-0.230,,,,,,
1,S,20802981,2032,1.120,1.120,2.080,-9.873,-0.237,0.122,,,,,,,,,,,,
1,A,20804864,2311,,,,,,,10.909,-0.481,0.279,,,,,,,,,
1,B,20805012,2031,,,,,,,,,,,,,0.000,-0.112,0.000,,,
1,S,20805012,2031,0.800,1.440,1.760,-9.863,-0.237,0.133,,,,,,,,,,,,
1,A,20809162,4298,,,,,,,10.907,-0.493,0.278,,,,,,,,,
1,B,20809754,4742,,,,,,,,,,-10.117,-0.145,-0.199,,,,,,
1,S,20809754,4742,0.480,1.120,1.760,-9.863,-0.242,0.182,,,,,,,,,,,,
1,A,20811462,2300,,,,,,,10.938,-0.487,0.280,,,,,,,,,
1,B,20811787,2033,,,,,,,,,,,,,,,,45.812,-85.250,39.812
1,S,20811787,2033,0.800,0.800,1.760,-9.873,-0.247,0.198,,,,,,,,,,,,
1,A,20813762,2300,,,,,,,10.950,-0.460,0.277,,,,,,,,,
1,B,20814496,2709,,,,,,,,,,-10.160,-0.145,-0.145,,,,,,
1,S,20814496,2709,0.800,0.800,2.080,-9.893,-0.242,0.198,,,,,,,,,,,,
1,A,20816060,2298,,,,,,,10.954,-0.450,0.261,,,,,,,,,
1,B,20816528,2032,,,,,,,,,,,,,0.000,0.000,0.000,,,
1,S,20816528,2032,0.800,0.800,2.400,-9.908,-0.242,0.193,,,,,,,,,,,,
1,A,20820360,4300,,,,,,,10.957,-0.431,0.264,,,,,,,,,
1,B,20820592,4064,,,,,,,,,,,,,,,,44.500,-83.375,38.938
1,S,20820592,4064,0.800,1.120,2.400,-9.912,-0.228,0.172,,,,,,,,,,,,
1,A,20823672,3312,,,,,,,10.948,-0.448,0.271,,,,,,,,,
1,B,20823980,3388,,,,,,,,,,-10.176,-0.105,-0.164,,,,,,
1,S,20823980,3388,0.160,1.120,1.760,-9.898,-0.212,0.158,,,,,,,,,,,,
1,A,20825972,2300,,,,,,,10.927,-0.439,0.254,,,,,,,,,
1,B,20826689,2709,,,,,,,,,,,,,0.000,0.000,0.000,,,
1,S,20826689,2709,-0.480,0.800,1.120,-9.893,-0.203,0.142,,,,,,,,,,,,
1,A,20830271,4299,,,,,,,10.895,-0.473,0.249,,,,,,,,,
1,B,20830753,4064,,,,,,,,,,,,,,,,44.562,-84.812,39.625
1,S,20830753,4064,-0.480,0.480,1.440,-9.898,-0.207,0.133,,,,,,,,,,,,
1,A,20833571,3300,,,,,,,10.889,-0.490,0.231,,,,,,,,,
1,B,20834139,3386,,,,,,,,,,-10.148,-0.105,-0.211,,,,,,
1,S,20834139,3386,1.120,0.800,2.400,-9.883,-0.223,0.138,,,,,,,,,,,,
1,A,20835871,2300,,,,,,,10.870,-0.525,0.249,,,,,,,,,
1,B,20836171,2032,,,,,,,,,,,,,-0.112,0.112,0.000,,,
1,S,20836171,2032,1.760,1.120,2.720,-9.867,-0.237,0.138,,,,,,,,,,,,
1,A,20840169,4298,,,,,,,10.902,-0.532,0.263,,,,,,,,,
1,B,20840914,4743,,,,,,,,,,,,,,,,45.812,-84.312,39.312
1,S,20840914,4743,1.760,0.800,1.760,-9.848,-0.268,0.147,,,,,,,,,,,,
1,A,20842481,2312,,,,,,,10.919,-0.511,0.254,,,,,,,,,
1,B,20842946,2032,,,,,,,,,,-10.117,-0.145,-0.211,,,,,,
1,S,20842946,2032,1.440,0.480,1.440,-9.857,-0.273,0.152,,,,,,,,,,,,
1,A,20844780,2299,,,,,,,10.939,-0.500,0.253,,,,,,,,,
1,B,20844978,2032,,,,,,,,,,,,,-0.112,0.112,0.000,,,
1,S,20844978,2032,1.120,0.800,1.440,-9.873,-0.273,0.158,,,,,,,,,,,,
1,A,20849079,4299,,,,,,,10.941,-0.474,0.262,,,,,,,,,
1,B,20849719,4741,,,,,,,,,,-10.109,-0.145,-0.164,,,,,,
1,S,20849719,4741,0.800,0.800,2.080,-9.908,-0.268,0.168,,,,,,,,,,,,
1,A,20851379,2300,,,,,,,10.957,-0.453,0.254,,,,,,,,,
1,B,20851751,2032,,,,,,,,,,,,,,,,45.375,-85.312,40.250
1,S,20851751,2032,0.160,1.120,2.080,-9.918,-0.253,0.168,,,,,,,,,,,,
1,A,20853679,2300,,,,,,,10.966,-0.451,0.229,,,,,,,,,
1,B,20853784,2033,,,,,,,,,,-10.145,-0.125,-0.184,,,,,,
1,S,20853784,2033,0.480,1.440,2.080,-9.912,-0.237,0.158,,,,,,,,,,,,
1,A,20855979,2300,,,,,,,10.918,-0.435,0.237,,,,,,,,,
1,B,20856493,2709,,,,,,,,,,,,,-0.112,0.000,0.000,,,
1,S,20856493,2709,0.480,2.080,1.760,-9.902,-0.212,0.133,,,,,,,,,,,,
1,A,20860277,4298,,,,,,,10.964,-0.460,0.192,,,,,,,,,
1,B,20860557,4064,,,,,,,,,,,,,,,,45.625,-84.125,39.062
1,S,20860557,4064,1.120,1.760,1.440,-9.893,-0.193,0.102,,,,,,,,,,,,
1,A,20863589,3312,,,,,,,10.913,-0.489,0.204,,,,,,,,,
1,B,20863944,3387,,,,,,,,,,-10.141,-0.086,-0.250,,,,,,
1,S,20863944,3387,2.080,1.120,1.760,-9.898,-0.203,0.098,,,,,,,,,,,,
1,A,20865889,2300,,,,,,,10.909,-0.507,0.212,,,,,,,,,
1,B,20866634,2690,,,,,,,,,,,,,0.000,0.000,0.000,,,
1,S,20866634,2690,2.080,0.800,2.080,-9.898,-0.212,0.102,,,,,,,,,,,,
1,A,20870188,4299,,,,,,,10.915,-0.508,0.209,,,,,,,,,
1,B,20870718,4084,,,,,,,,,,,,,,,,45.375,-83.875,39.562
1,S,20870718,4084,1.760,0.480,1.760,-9.867,-0.237,0.092,,,,,,,,,,,,
1,A,20873488,3300,,,,,,,10.880,-0.509,0.258,,,,,,,,,
1,B,20874104,3386,,,,,,,,,,-10.117,-0.145,-0.250,,,,,,
1,S,20874104,3386,0.800,0.800,1.760,-9.863,-0.263,0.102,,,,,,,,,,,,
1,A,20875788,2300,,,,,,,10.901,-0.491,0.253,,,,,,,,,
1,B,20876136,2032,,,,,,,,,,,,,-0.112,-0.112,0.000,,,
1,S,20876136,2032,-0.480,0.800,2.080,-9.867,-0.273,0.113,,,,,,,,,,,,
1,A,20880087,4299,,,,,,,10.916,-0.477,0.304,,,,,,,,,
1,B,20880200,4064,,,,,,,,,,-10.133,-0.145,-0.199,,,,,,
1,S,20880200,4064,-0.160,1.440,2.080,-9.877,-0.263,0.147,,,,,,,,,,,,
1,A,20882398,2311,,,,,,,10.930,-0.454,0.297,,,,,,,,,
1,B,20882911,2711,,,,,,,,,,,,,,,,44.625,-84.250,39.875
1,S,20882911,2711,1.120,1.120,1.760,-9.887,-0.242,0.172,,,,,,,,,,,,
1,A,20884698,2300,,,,,,,10.944,-0.453,0.303,,,,,,,,,
1,B,20884943,2032,,,,,,,,,,,,,0.112,-0.112,0.000,,,
1,S,20884943,2032,1.440,0.800,1.760,-9.893,-0.233,0.182,,,,,,,,,,,,
1,A,20888998,4300,,,,,,,10.961,-0.441,0.295,,,,,,,,,
1,B,20889684,4741,,,,,,,,,,-10.133,-0.113,-0.164,,,,,,
1,S,20889684,4741,1.440,0.800,2.080,-9.902,-0.207,0.172,,,,,,,,,,,,
1,A,20891297,2299,,,,,,,10.917,-0.464,0.269,,,,,,,,,
1,B,20891716,2032,,,,,,,,,,-10.176,-0.105,-0.164,,,,,,
1,S,20891716,2032,1.120,1.120,2.400,-9.908,-0.203,0.163,,,,,,,,,,,,
1,A,20894597,3300,,,,,,,10.922,-0.468,0.236,,,,,,,,,
1,B,20895102,3386,,,,,,,,,,,,,,,,44.500,-84.938,40.625
1,S,20895102,3386,1.120,1.120,2.720,-9.912,-0.207,0.147,,,,,,,,,,,,
1,A,20896897,2300,,,,,,,10.944,-0.477,0.212,,,,,,,,,
1,B,20897134,2032,,,,,,,,,,,,,0.000,0.000,0.000,,,
1,S,20897134,2032,1.120,0.800,2.720,-9.912,-0.212,0.147,,,,,,,,,,,,
1,A,20900208,3311,,,,,,,10.893,-0.486,0.216,,,,,,,,,
1,B,20900522,3388,,,,,,,,,,,,,,,,45.938,-85.188,38.812
1,S,20900522,3388,1.120,1.120,2.400,-9.902,-0.217,0.138,,,,,,,,,,,,
1,A,20903508,3300,,,,,,,10.889,-0.477,0.255,,,,,,,,,
1,B,20903909,3387,,,,,,,,,,-10.152,-0.125,-0.211,,,,,,
1,S,20903909,3387,0.800,1.440,2.080,-9.893,-0.242,0.128,,,,,,,,,,,,
1,A,20905808,2300,,,,,,,10.890,-0.483,0.275,,,,,,,,,
1,B,20905941,2032,,,,,,,,,,,,,0.000,0.000,0.000,,,
1,S,20905941,2032,1.120,2.080,2.080,-9.883,-0.247,0.128,,,,,,,,,,,,
1,A,20910107,4299,,,,,,,10.915,-0.486,0.304,,,,,,,,,
1,B,20910682,4741,,,,,,,,,,,,,,,,45.500,-85.188,39.875
1,S,20910682,4741,1.120,1.760,2.400,-9.867,-0.253,0.142,,,,,,,,,,,,
1,A,20912407,2300,,,,,,,10.901,-0.468,0.298,,,,,,,,,
1,B,20912715,2033,,,,,,,,,,-10.098,-0.164,-0.191,,,,,,
1,S,20912715,2033,1.120,1.440,2.400,-9.863,-0.247,0.152,,,,,,,,,,,,
1,A,20914707,2300,,,,,,,10.921,-0.482,0.317,,,,,,,,,
1,B,20915424,2709,,,,,,,,,,,,,0.000,0.000,0.000,,,
1,S,20915424,2709,0.800,1.440,2.080,-9.863,-0.247,0.158,,,,,,,,,,,,
1,A,20919017,4310,,,,,,,10.951,-0.467,0.252,,,,,,,,,
1,B,20919488,4064,,,,,,,,,,-10.121,-0.133,-0.152,,,,,,
1,S,20919488,4064,0.480,1.760,2.400,-9.883,-0.242,0.172,,,,,,,,,,,,
1,A,20921317,2300,,,,,,,10.938,-0.475,0.269,,,,,,,,,
1,B,20921520,2032,,,,,,,,,,,,,,,,45.125,-83.625,39.125
1,S,20921520,2032,0.800,2.080,2.400,-9.898,-0.233,0.172,,,,,,,,,,,,
1,A,20923617,2300,,,,,,,10.964,-0.467,0.216,,,,,,,,,
1,B,20924229,2709,,,,,,,,,,-10.160,-0.105,-0.199,,,,,,
1,S,20924229,2709,0.800,1.760,2.400,-9.912,-0.223,0.163,,,,,,,,,,,,
1,A,20925917,2300,,,,,,,10.964,-0.459,0.216,,,,,,,,,
1,B,20926261,2032,,,,,,,,,,,,,0.000,0.000,0.000,,,
1,S,20926261,2032,0.800,1.440,2.400,-9.922,-0.217,0.152,,,,,,,,,,,,
1,A,20930215,4298,,,,,,,10.928,-0.454,0.208,,,,,,,,,
1,B,20930326,4065,,,,,,,,,,,,,,,,45.000,-83.250,39.250
1,S,20930326,4065,0.800,1.120,2.400,-9.928,-0.212,0.117,,,,,,,,,,,,
1,A,20933515,3300,,,,,,,10.901,-0.470,0.200,,,,,,,,,
1,B,20933713,3387,,,,,,,,,,-10.148,-0.098,-0.238,,,,,,
1,S,20933713,3387,0.800,1.120,2.080,-9.908,-0.212,0.092,,,,,,,,,,,,
1,A,20935826,2311,,,,,,,10.908,-0.473,0.221,,,,,,,,,
1,B,20936422,2709,,,,,,,,,,,,,0.112,0.112,0.000,,,
1,S,20936422,2709,0.480,1.120,2.080,-9.893,-0.217,0.083,,,,,,,,,,,,
1,A,20940125,4299,,,,,,,10.866,-0.490,0.226,,,,,,,,,
1,B,20940486,4064,,,,,,,,,,,,,,,,44.812,-85.562,40.188
1,S,20940486,4064,0.480,1.120,2.400,-9.863,-0.223,0.087,,,,,,,,,,,,
1,A,20943424,3299,,,,,,,10.928,-0.508,0.252,,,,,,,,,
1,B,20943874,3388,,,,,,,,,,-10.121,-0.105,-0.289,,,,,,
1,S,20943874,3388,0.800,1.440,2.080,-9.852,-0.237,0.098,,,,,,,,,,,,
1,A,20945724,2300,,,,,,,10.918,-0.529,0.268,,,,,,,,,
1,B,20945906,2032,,,,,,,,,,,,,0.000,0.000,0.000,,,
1,S,20945906,2032,1.120,1.440,2.080,-9.863,-0.253,0.107,,,,,,,,,,,,
1,A,20950023,4299,,,,,,,10.926,-0.496,0.263,,,,,,,,,
1,B,20950647,4741,,,,,,,,,,-10.109,-0.172,-0.219,,,,,,
1,S,20950647,4741,1.120,1.120,2.080,-9.902,-0.278,0.133,,,,,,,,,,,,
1,A,20952323,2300,,,,,,,10.954,-0.481,0.262,,,,,,,,,
1,B,20952679,2032,,,,,,,,,,,,,,,,45.000,-84.312,39.812
1,S,20952679,2032,0.800,1.440,2.400,-9.912,-0.268,0.142,,,,,,,,,,,,
1,A,20954635,2312,,,,,,,10.956,-0.465,0.254,,,,,,,,,
1,B,20955369,2690,,,,,,,,,,,,,-0.112,-0.112,0.000,,,
1,S,20955369,2690,0.800,1.760,2.400,-9.918,-0.258,0.158,,,,,,,,,,,,
1,A,20958935,4300,,,,,,,10.940,-0.427,0.252,,,,,,,,,
1,B,20959453,4084,,,,,,,,,,-10.148,-0.152,-0.199,,,,,,
1,S,20959453,4084,1.120,1.760,2.080,-9.922,-0.223,0.163,,,,,,,,,,,,
1,A,20961234,2299,,,,,,,10.951,-0.433,0.245,,,,,,,,,
1,B,20961485,2032,,,,,,,,,,,,,,,,43.750,-83.812,40.312
1,S,20961485,2032,1.760,1.760,1.760,-9.918,-0.203,0.158,,,,,,,,,,,,
1,A,20964534,3300,,,,,,,10.931,-0.448,0.249,,,,,,,,,
1,B,20964872,3387,,,,,,,,,,-10.152,-0.078,-0.191,,,,,,
1,S,20964872,3387,1.120,1.440,1.760,-9.912,-0.188,0.147,,,,,,,,,,,,
1,A,20967834,3300,,,,,,,10.906,-0.473,0.264,,,,,,,,,
1,B,20968258,3386,,,,,,,,,,,,,-0.112,-0.112,0.000,,,
1,S,20968258,3386,0.160,1.120,1.760,-9.898,-0.198,0.133,,,,,,,,,,,,
1,A,20970133,2299,,,,,,,10.924,-0.482,0.262,,,,,,,,,
1,B,20970290,2032,,,,,,,,,,,,,,,,45.500,-85.250,39.188
1,S,20970290,2032,0.480,0.800,1.760,-9.883,-0.207,0.133,,,,,,,,,,,,
1,A,20973445,3312,,,,,,,10.914,-0.509,0.285,,,,,,,,,
1,B,20973678,3388,,,,,,,,,,-10.145,-0.105,-0.199,,,,,,
1,S,20973678,3388,0.480,0.800,1.440,-9.867,-0.233,0.133,,,,,,,,,,,,
1,A,20975745,2300,,,,,,,10.896,-0.504,0.259,,,,,,,,,
1,B,20976387,2709,,,,,,,,,,,,,0.000,0.000,0.000,,,
1,S,20976387,2709,0.480,1.120,1.760,-9.873,-0.253,0.142,,,,,,,,,,,,
1,A,20980043,4298,,,,,,,10.931,-0.495,0.287,,,,,,,,,
1,B,20980451,4064,,,,,,,,,,,,,,,,45.750,-85.438,39.375
1,S,20980451,4064,0.480,1.120,2.400,-9.877,-0.273,0.158,,,,,,,,,,,,
1,A,20982343,2300,,,,,,,10.911,-0.499,0.298,,,,,,,,,
1,B,20982483,2032,,,,,,,,,,-10.121,-0.152,-0.199,,,,,,
1,S,20982483,2032,0.480,1.120,2.720,-9.877,-0.268,0.168,,,,,,,,,,,,
1,A,20984643,2300,,,,,,,10.923,-0.470,0.313,,,,,,,,,
1,B,20985192,2709,,,,,,,,,,,,,0.000,0.000,0.000,,,
1,S,20985192,2709,0.800,1.440,2.720,-9.873,-0.258,0.182,,,,,,,,,,,,
1,A,20988943,4300,,,,,,,10.935,-0.451,0.325,,,,,,,,,
1,B,20989257,4065,,,,,,,,,,-10.109,-0.145,-0.164,,,,,,
1,S,20989257,6097,0.800,1.760,2.720,-9.883,-0.217,0.193,,,,,,,,,,,,
1,A,20991253,2310,,,,,,,10.930,-0.446,0.302,,,,,,,,,
1,B,20991967,2710,,,,,,,,,,,,,,,,45.625,-83.562,38.688
1,S,20991967,678,1.440,1.440,2.720,-9.887,-0.217,0.188,,,,,,,,,,,,
1,A,20993588,2335,,,,,,,10.949,-0.444,0.283,,,,,,,,,
1,B,20993999,2032,,,,,,,,,,-10.152,-0.105,-0.145,,,,,,
1,S,20993999,2032,1.440,1.440,2.400,-9.902,-0.207,0.182,,,,,,,,,,,,
1,A,20995888,2300,,,,,,,10.950,-0.453,0.249,,,,,,,,,
1,B,20996030,2031,,,,,,,,,,,,,0.112,0.000,0.000,,,
1,S,20996030,2031,0.800,1.440,2.080,-9.918,-0.198,0.168,,,,,,,,,,,,
1,A,21000187,4299,,,,,,,10.935,-0.484,0.225,,,,,,,,,
1,B,21000773,4743,,,,,,,,,,,,,,,,45.938,-83.562,38.625
1,S,21000773,4743,0.480,1.760,2.400,-9.918,-0.207,0.142,,,,,,,,,,,,
1,A,21003522,3335,,,,,,,10.904,-0.486,0.186,,,,,,,,,
1,B,21004159,3386,,,,,,,,,,-10.152,-0.113,-0.191,,,,,,
1,S,21004159,3386,0.800,1.440,2.080,-9.898,-0.223,0.117,,,,,,,,,,,,
1,A,21005822,2300,,,,,,,10.921,-0.485,0.178,,,,,,,,,
1,B,21006191,2032,,,,,,,,,,,,,0.000,0.000,0.000,,,
1,S,21006191,2032,0.800,1.120,2.080,-9.883,-0.233,0.102,,,,,,,,,,,,
1,A,21010132,4310,,,,,,,10.910,-0.516,0.194,,,,,,,,,
1,B,21010255,4064,,,,,,,,,,,,,,,,45.000,-85.812,40.750
1,S,21010255,4064,0.480,0.480,2.400,-9.867,-0.237,0.087,,,,,,,,,,,,
1,A,21013432,3300,,,,,,,10.905,-0.486,0.220,,,,,,,,,
1,B,21013642,3387,,,,,,,,,,-10.121,-0.145,-0.238,,,,,,
1,S,21013642,3387,0.800,0.800,2.400,-9.867,-0.242,0.092,,,,,,,,,,,,
1,A,21015732,2300,,,,,,,10.912,-0.471,0.228,,,,,,,,,
1,B,21016352,2710,,,,,,,,,,,,,-0.112,0.000,0.000,,,
1,S,21016352,2710,1.120,1.440,2.400,-9.867,-0.247,0.107,,,,,,,,,,,,
1,A,21020031,4299,,,,,,,10.921,-0.477,0.250,,,,,,,,,
1,B,21020416,4064,,,,,,,,,,-10.133,-0.133,-0.219,,,,,,
1,S,21020416,4064,1.120,2.080,2.720,-9.877,-0.247,0.133,,,,,,,,,,,,
1,A,21022330,2299,,,,,,,10.928,-0.466,0.272,,,,,,,,,
1,B,21022448,2032,,,,,,,,,,,,,,,,45.500,-83.688,38.250
1,S,21022448,2032,0.800,2.080,2.720,-9.887,-0.237,0.138,,,,,,,,,,,,
1,A,21024630,2300,,,,,,,10.949,-0.467,0.270,,,,,,,,,
1,B,21025157,2709,,,,,,,,,,,,,-0.112,0.000,0.000,,,
1,S,21025157,2709,0.800,1.440,2.400,-9.902,-0.228,0.147,,,,,,,,,,,,
1,A,21028941,4311,,,,,,,10.935,-0.477,0.246,,,,,,,,,
1,B,21029221,4064,,,,,,,,,,-10.141,-0.113,-0.191,,,,,,
1,S,21029221,4064,1.120,1.120,2.080,-9.918,-0.223,0.138,,,,,,,,,,,,
1,A,21031240,2299,,,,,,,10.949,-0.474,0.228,,,,,,,,,
1,B,21031932,2711,,,,,,,,,,,,,,,,45.438,-83.812,39.312
1,S,21031932,2711,0.480,1.120,1.440,-9.918,-0.228,0.133,,,,,,,,,,,,
1,A,21034540,3300,,,,,,,10.935,-0.438,0.210,,,,,,,,,
1,B,21034641,2709,,,,,,,,,,-10.145,-0.105,-0.211,,,,,,
1,S,21034641,2709,0.160,1.120,1.120,-9.908,-0.237,0.128,,,,,,,,,,,,
1,A,21037840,3300,,,,,,,10.934,-0.462,0.203,,,,,,,,,
1,B,21038027,3386,,,,,,,,,,,,,0.000,-0.112,0.000,,,
1,S,21038027,3386,-0.160,0.480,1.120,-9.898,-0.233,0.122,,,,,,,,,,,,
1,A,21038027,187,,,,,,,10.906,-0.472,0.215,,,,,,,,,
1,B,21040737,2710,,,,,,,,,,,,,,,,45.188,-84.062,39.188
1,S,21040737,2710,0.480,0.480,1.440,-9.893,-0.228,0.117,,,,,,,,,,,,
1,A,21043437,5410,,,,,,,10.899,-0.497,0.254,,,,,,,,,
1,B,21044123,3386,,,,,,,,,,-10.141,-0.098,-0.211,,,,,,
1,S,21044123,3386,1.440,0.800,1.760,-9.883,-0.228,0.117,,,,,,,,,,,,
1,A,21044124,687,,,,,,,10.899,-0.516,0.270,,,,,,,,,
1,B,21046156,2033,,,,,,,,,,,,,0.000,0.000,0.000,,,
1,S,21046156,2033,2.080,1.120,2.080,-9.883,-0.237,0.128,,,,,,,,,,,,
1,A,21046121,1997,,,,,,,10.908,-0.487,0.277,,,,,,,,,
1,B,21050220,4064,,,,,,,,,,,,,,,,45.688,-84.938,39.250
1,S,21050220,4064,1.760,2.080,1.120,-9.883,-0.253,0.152,,,,,,,,,,,,
1,A,21050220,4099,,,,,,,10.927,-0.509,0.318,,,,,,,,,
1,B,21052930,2710,,,,,,,,,,-10.137,-0.145,-0.219,,,,,,
1,S,21052930,2710,1.120,2.080,1.120,-9.883,-0.258,0.163,,,,,,,,,,,,
1,A,21053095,2875,,,,,,,10.931,-0.497,0.318,,,,,,,,,
1,B,21054962,2032,,,,,,,,,,-10.109,-0.145,-0.145,,,,,,
1,S,21054962,2032,0.480,2.080,1.440,-9.883,-0.253,0.168,,,,,,,,,,,,
1,A,21055088,1993,,,,,,,10.937,-0.472,0.311,,,,,,,,,
1,B,21058348,3386,,,,,,,,,,,,,0.000,0.000,0.000,,,
1,S,21058348,3386,0.480,1.440,2.720,-9.893,-0.247,0.182,,,,,,,,,,,,
1,A,21058077,2989,,,,,,,10.957,-0.486,0.308,,,,,,,,,
1,B,21060381,2033,,,,,,,,,,,,,,,,45.125,-84.188,39.500
1,S,21060381,2033,0.800,0.800,3.040,-9.902,-0.247,0.188,,,,,,,,,,,,
1,A,21061066,2989,,,,,,,10.974,-0.460,0.274,,,,,,,,,
1,B,21063768,3387,,,,,,,,,,-10.176,-0.105,-0.172,,,,,,
1,S,21063768,3387,1.440,0.160,2.400,-9.912,-0.237,0.188,,,,,,,,,,,,
1,A,21064055,2989,,,,,,,10.930,-0.460,0.252,,,,,,,,,
1,B,21066477,2709,,,,,,,,,,,,,0.000,0.000,0.112,,,
1,S,21066477,2709,1.120,0.160,2.080,-9.922,-0.228,0.177,,,,,,,,,,,,
1,A,21066048,1993,,,,,,,10.941,-0.441,0.229,,,,,,,,,
1,B,21070541,4064,,,,,,,,,,,,,,,,45.125,-84.188,39.500
1,S,21070541,4064,1.120,1.120,2.400,-9.912,-0.203,0.142,,,,,,,,,,,,
1,A,21071030,4982,,,,,,,10.911,-0.443,0.221,,,,,,,,,
1,B,21072574,2033,,,,,,,,,,-10.141,-0.078,-0.191,,,,,,
1,S,21072574,2033,0.800,1.760,2.400,-9.893,-0.198,0.122,,,,,,,,,,,,
1,A,21073022,1992,,,,,,,10.891,-0.466,0.226,,,,,,,,,
1,B,21075283,2709,,,,,,,,,,,,,0.000,0.112,0.112,,,
1,S,21075283,2709,1.120,1.760,2.080,-9.873,-0.198,0.113,,,,,,,,,,,,
1,A,21075016,1994,,,,,,,10.918,-0.503,0.242,,,,,,,,,
1,B,21079347,4064,,,,,,,,,,,,,,,,45.562,-84.688,39.500
1,S,21079347,4064,1.440,1.440,1.440,-9.867,-0.228,0.113,,,,,,,,,,,,
1,A,21079998,7419,,,,,,,10.912,-0.512,0.258,,,,,,,,,
1,B,21082734,3387,,,,,,,,,,-10.117,-0.133,-0.238,,,,,,
1,S,21082734,3387,1.760,1.760,2.080,-9.877,-0.247,0.122,,,,,,,,,,,,
1,A,21084727,2292,,,,,,,10.914,-0.512,0.247,,,,,,,,,
1,B,21084766,2032,,,,,,,,,,,,,0.000,0.112,0.000,,,
1,S,21084766,2032,1.760,2.080,2.080,-9.877,-0.258,0.128,,,,,,,,,,,,
1,A,21084980,5308,,,,,,,10.926,-0.455,0.233,,,,,,,,,
1,B,21090185,5419,,,,,,,,,,,,,,,,45.000,-84.875,40.250
1,S,21090185,5419,1.440,1.760,1.760,-9.863,-0.268,0.133,,,,,,,,,,,,
1,A,21090958,2299,,,,,,,10.939,-0.464,0.244,,,,,,,,,
1,B,21092895,2710,,,,,,,,,,-10.117,-0.152,-0.230,,,,,,
1,S,21092895,2710,1.120,1.760,2.080,-9.867,-0.253,0.138,,,,,,,,,,,,
1,A,21092951,617,,,,,,,10.953,-0.425,0.238,,,,,,,,,
1,B,21094927,2032,,,,,,,,,,-10.160,-0.098,-0.191,,,,,,
1,S,21094927,2032,1.120,1.760,2.080,-9.887,-0.233,0.142,,,,,,,,,,,,
1,A,21097871,4920,,,,,,,10.925,-0.455,0.231,,,,,,,,,
1,B,21098313,3386,,,,,,,,,,,,,-0.112,0.000,0.000,,,
1,S,21098313,3386,1.120,1.440,2.080,-9.918,-0.207,0.142,,,,,,,,,,,,
1,A,21098929,1058,,,,,,,10.938,-0.450,0.239,,,,,,,,,
1,B,21100345,2032,,,,,,,,,,,,,,,,44.938,-84.438,40.125
1,S,21100345,2032,1.120,1.120,2.080,-9.922,-0.198,0.138,,,,,,,,,,,,
1,A,21100954,2025,,,,,,,10.938,-0.471,0.231,,,,,,,,,
1,B,21103733,3388,,,,,,,,,,-10.176,-0.078,-0.164,,,,,,
1,S,21103733,3388,1.120,1.120,2.720,-9.922,-0.198,0.128,,,,,,,,,,,,
1,B,21106442,2709,,,,,,,,,,,,,-0.112,0.000,0.000,,,
1,S,21106442,2709,1.440,1.120,2.720,-9.918,-0.207,0.117,,,,,,,,,,,,
1,A,21109890,8936,,,,,,,10.928,-0.501,0.218,,,,,,,,,
1,B,21110506,4064,,,,,,,,,,,,,,,,45.125,-86.188,40.562
1,S,21110506,4064,1.440,0.800,2.080,-9.898,-0.233,0.107,,,,,,,,,,,,
1,A,21112141,2251,,,,,,,10.920,-0.500,0.233,,,,,,,,,
1,B,21113893,3387,,,,,,,,,,-10.117,-0.113,-0.230,,,,,,
1,S,21113893,3387,1.440,0.800,1.120,-9.883,-0.247,0.092,,,,,,,,,,,,
1,B,21115926,2033,,,,,,,,,,,,,-0.112,0.000,0.000,,,
1,S,21115926,2033,0.800,0.480,1.120,-9.877,-0.253,0.092,,,,,,,,,,,,
1,A,21119854,7713,,,,,,,10.896,-0.470,0.246,,,,,,,,,
1,B,21120667,4741,,,,,,,,,,,,,,,,44.750,-85.062,40.062
1,S,21120667,4741,0.480,0.480,2.400,-9.873,-0.263,0.128,,,,,,,,,,,,
1,A,21121023,1169,,,,,,,10.925,-0.477,0.273,,,,,,,,,
1,B,21122699,2032,,,,,,,,,,-10.117,-0.133,-0.238,,,,,,
1,S,21122699,2032,0.480,1.120,2.720,-9.873,-0.258,0.147,,,,,,,,,,,,
1,B,21124731,2032,,,,,,,,,,-10.137,-0.125,-0.184,,,,,,
1,S,21124731,2032,1.120,1.760,3.040,-9.877,-0.247,0.163,,,,,,,,,,,,
1,A,21128826,7803,,,,,,,10.941,-0.481,0.324,,,,,,,,,
1,B,21129472,4741,,,,,,,,,,,,,0.000,0.000,-0.112,,,
1,S,21129472,4741,1.760,1.440,2.720,-9.898,-0.223,0.177,,,,,,,,,,,,
1,A,21131125,2299,,,,,,,10.935,-0.481,0.301,,,,,,,,,
1,B,21131505,2033,,,,,,,,,,,,,,,,45.188,-83.000,38.625
1,S,21131505,2033,1.760,1.440,2.400,-9.902,-0.217,0.177,,,,,,,,,,,,
1,B,21134892,3387,,,,,,,,,,-10.160,-0.125,-0.164,,,,,,
1,S,21134892,3387,1.760,2.400,2.400,-9.908,-0.228,0.177,,,,,,,,,,,,
1,B,21136924,2032,,,,,,,,,,,,,0.000,0.000,0.000,,,
1,S,21136924,2032,1.120,2.400,2.400,-9.908,-0.233,0.177,,,,,,,,,,,,
1,B,21141665,4741,,,,,,,,,,,,,,,,45.062,-83.750,39.375
1,S,21141665,4741,0.800,1.760,2.400,-9.902,-0.228,0.163,,,,,,,,,,,,
1,B,21145032,3367,,,,,,,,,,-10.176,-0.145,-0.199,,,,,,
1,S,21145032,3367,0.160,1.760,2.720,-9.893,-0.228,0.147,,,,,,,,,,,,
1,B,21147084,2052,,,,,,,,,,,,,0.000,0.000,0.000,,,
1,S,21147084,2052,1.120,1.760,2.400,-9.883,-0.237,0.138,,,,,,,,,,,,
1,B,21152503,5419,,,,,,,,,,,,,,,,44.125,-83.875,40.188
1,S,21152503,5419,1.440,1.760,2.080,-9.877,-0.253,0.138,,,,,,,,,,,,
1,B,21154535,2032,,,,,,,,,,-10.152,-0.113,-0.191,,,,,,
1,S,21154535,2032,1.120,1.760,2.080,-9.877,-0.247,0.133,,,,,,,,,,,,
1,B,21156567,2032,,,,,,,,,,,,,0.000,0.112,0.112,,,
1,S,21156567,2032,1.440,1.760,2.080,-9.873,-0.247,0.128,,,,,,,,,,,,
1,B,21161309,4742,,,,,,,,,,-10.109,-0.133,-0.211,,,,,,
1,S,21161309,4742,1.120,1.760,2.400,-9.877,-0.242,0.147,,,,,,,,,,,,
1,B,21163341,2032,,,,,,,,,,,,,,,,45.312,-84.500,40.062
1,S,21163341,2032,1.120,1.120,2.400,-9.887,-0.242,0.152,,,,,,,,,,,,
1,B,21165373,2032,,,,,,,,,,,,,0.000,0.112,0.112,,,
1,S,21165373,2032,1.120,0.480,2.400,-9.898,-0.237,0.147,,,,,,,,,,,,
1,B,21170114,4741,,,,,,,,,,-10.152,-0.133,-0.191,,,,,,
1,S,21170114,4741,0.800,0.480,2.400,-9.918,-0.223,0.138,,,,,,,,,,,,
1,B,21172146,2032,,,,,,,,,,-10.152,-0.105,-0.219,,,,,,
1,S,21172146,2032,0.480,0.800,2.080,-9.912,-0.212,0.133,,,,,,,,,,,,
1,B,21175534,3388,,,,,,,,,,,,,,,,45.062,-84.750,39.875
1,S,21175534,3388,0.800,1.120,1.760,-9.902,-0.198,0.122,,,,,,,,,,,,
1,B,21177566,2032,,,,,,,,,,,,,-0.112,0.000,0.112,,,
1,S,21177566,2032,1.120,1.120,1.760,-9.898,-0.198,0.117,,,,,,,,,,,,
1,B,21180953,3387,,,,,,,,,,,,,,,,45.375,-84.375,39.000
1,S,21180953,3387,1.120,0.800,1.760,-9.887,-0.212,0.113,,,,,,,,,,,,
1,B,21184339,3386,,,,,,,,,,-10.117,-0.105,-0.238,,,,,,
1,S,21184339,3386,1.120,0.800,1.120,-9.887,-0.233,0.102,,,,,,,,,,,,
1,B,21186371,2032,,,,,,,,,,,,,0.000,0.000,0.000,,,
1,S,21186371,2032,1.120,1.120,0.800,-9.887,-0.242,0.102,,,,,,,,,,,,
1,B,21191113,4742,,,,,,,,,,,,,,,,44.438,-83.938,39.375
1,S,21191113,4742,1.120,0.800,1.440,-9.877,-0.247,0.122,,,,,,,,,,,,
1,B,21193145,2032,,,,,,,,,,-10.113,-0.152,-0.230,,,,,,
1,S,21193145,2032,1.120,0.800,1.760,-9.883,-0.247,0.133,,,,,,,,,,,,
1,B,21195855,2710,,,,,,,,,,,,,-0.112,0.000,0.000,,,
1,S,21195855,2710,1.120,0.800,2.080,-9.887,-0.247,0.147,,,,,,,,,,,,
1,B,21199920,4065,,,,,,,,,,-10.152,-0.125,-0.199,,,,,,
1,S,21199920,4065,1.120,1.120,2.400,-9.893,-0.247,0.168,,,,,,,,,,,,
1,B,21201952,2032,,,,,,,,,,,,,,,,45.250,-83.500,38.750
1,S,21201952,4064,1.120,1.440,1.760,-9.893,-0.237,0.177,,,,,,,,,,,,
1,B,21204661,2709,,,,,,,,,,-10.152,-0.113,-0.172,,,,,,
1,S,21204661,677,0.160,1.440,1.760,-9.893,-0.233,0.177,,,,,,,,,,,,
1,B,21206693,2032,,,,,,,,,,,,,-0.112,-0.112,0.000,,,
1,S,21206693,2032,0.160,1.440,1.440,-9.887,-0.228,0.177,,,,,,,,,,,,
1,B,21210757,4064,,,,,,,,,,,,,,,,45.500,-84.250,39.438
1,S,21210757,4064,0.480,0.800,1.760,-9.883,-0.228,0.172,,,,,,,,,,,,
1,B,21214143,3386,,,,,,,,,,-10.160,-0.125,-0.191,,,,,,
1,S,21214143,3386,1.440,0.800,1.760,-9.887,-0.233,0.158,,,,,,,,,,,,
1,B,21216834,2691,,,,,,,,,,,,,0.000,0.000,0.000,,,
1,S,21216834,2691,1.440,0.800,1.760,-9.898,-0.237,0.152,,,,,,,,,,,,
1,B,21220918,4084,,,,,,,,,,,,,,,,45.125,-83.625,39.125
1,S,21220918,4084,0.800,0.480,1.760,-9.887,-0.263,0.142,,,,,,,,,,,,
1,B,21224304,3386,,,,,,,,,,-10.152,-0.152,-0.191,,,,,,
1,S,21224304,3386,-0.160,0.480,1.440,-9.873,-0.273,0.138,,,,,,,,,,,,
1,B,21226336,2032,,,,,,,,,,,,,0.112,0.000,0.000,,,
1,S,21226336,2032,0.160,0.800,1.120,-9.867,-0.263,0.138,,,,,,,,,,,,
1,B,21230401,4065,,,,,,,,,,-10.109,-0.125,-0.219,,,,,,
1,S,21230401,4065,0.800,1.440,1.440,-9.883,-0.237,0.147,,,,,,,,,,,,
1,B,21233110,2709,,,,,,,,,,,,,,,,45.875,-84.188,39.062
1,S,21233110,2709,2.080,1.440,2.080,-9.902,-0.233,0.163,,,,,,,,,,,,
1,B,21235142,2032,,,,,,,,,,-10.148,-0.125,-0.172,,,,,,
1,S,21235142,2032,2.080,1.120,2.720,-9.908,-0.228,0.168,,,,,,,,,,,,
1,B,21238529,3387,,,,,,,,,,,,,0.112,0.000,0.000,,,
1,S,21238529,3387,1.440,1.120,2.400,-9.898,-0.228,0.158,,,,,,,,,,,,
1,B,21240561,2032,,,,,,,,,,,,,,,,45.875,-85.250,39.812
1,S,21240561,2032,0.480,1.120,2.080,-9.893,-0.233,0.147,,,,,,,,,,,,
1,B,21243949,3388,,,,,,,,,,-10.148,-0.098,-0.219,,,,,,
1,S,21243949,3388,0.160,1.440,1.440,-9.893,-0.228,0.128,,,,,,,,,,,,
1,B,21246658,2709,,,,,,,,,,,,,-0.112,0.112,0.000,,,
1,S,21246658,2709,-0.160,1.440,1.440,-9.898,-0.217,0.117,,,,,,,,,,,,
1,B,21250722,4064,,,,,,,,,,,,,,,,45.625,-85.062,39.625
1,S,21250722,4064,0.160,1.120,2.720,-9.912,-0.212,0.113,,,,,,,,,,,,
1,B,21254108,3386,,,,,,,,,,-10.176,-0.105,-0.238,,,,,,
1,S,21254108,3386,1.120,0.160,3.040,-9.902,-0.217,0.102,,,,,,,,,,,,
1,B,21256140,2032,,,,,,,,,,,,,-0.112,0.000,0.000,,,
1,S,21256140,2032,1.440,0.160,3.040,-9.887,-0.223,0.098,,,,,,,,,,,,
1,B,21260205,4065,,,,,,,,,,,,,,,,45.250,-83.500,38.750
1,S,21260205,4065,1.120,0.480,3.040,-9.873,-0.233,0.107,,,,,,,,,,,,
1,B,21262915,2710,,,,,,,,,,-10.113,-0.113,-0.238,,,,,,
1,S,21262915,2710,1.120,0.480,2.720,-9.863,-0.237,0.117,,,,,,,,,,,,
1,B,21264947,2032,,,,,,,,,,-10.141,-0.133,-0.230,,,,,,
1,S,21264947,2032,1.120,0.800,2.400,-9.863,-0.237,0.122,,,,,,,,,,,,
1,B,21269669,4722,,,,,,,,,,,,,-0.112,0.000,0.000,,,
1,S,21269669,4722,0.800,0.800,2.400,-9.873,-0.247,0.138,,,,,,,,,,,,
1,B,21271721,2052,,,,,,,,,,,,,,,,45.875,-84.750,39.438
1,S,21271721,2052,0.480,1.120,2.720,-9.887,-0.242,0.147,,,,,,,,,,,,
1,B,21275107,3386,,,,,,,,,,-10.160,-0.125,-0.191,,,,,,
1,S,21275107,3386,0.480,1.440,2.720,-9.902,-0.233,0.147,,,,,,,,,,,,
1,B,21277139,2032,,,,,,,,,,,,,0.000,0.000,0.112,,,
1,S,21277139,2032,1.120,1.440,2.400,-9.908,-0.228,0.142,,,,,,,,,,,,
1,B,21281203,4064,,,,,,,,,,,,,,,,45.750,-85.438,39.438
1,S,21281203,4064,1.440,0.480,2.400,-9.902,-0.217,0.142,,,,,,,,,,,,
1,B,21284590,3387,,,,,,,,,,-10.145,-0.098,-0.191,,,,,,
1,S,21284590,3387,1.440,0.800,2.400,-9.902,-0.223,0.147,,,,,,,,,,,,
1,B,21287299,2709,,,,,,,,,,,,,0.112,0.000,0.112,,,
1,S,21287299,2709,1.440,1.120,2.400,-9.902,-0.228,0.147,,,,,,,,,,,,
1,B,21291364,4065,,,,,,,,,,,,,,,,45.438,-84.312,38.688
1,S,21291364,4065,1.760,1.120,2.080,-9.883,-0.223,0.142,,,,,,,,,,,,
1,B,21293396,2032,,,,,,,,,,-10.133,-0.133,-0.184,,,,,,
1,S,21293396,2032,1.120,0.800,2.080,-9.873,-0.228,0.147,,,,,,,,,,,,
1,B,21296105,2709,,,,,,,,,,,,,0.112,0.000,0.000,,,
1,S,21296105,2709,0.480,0.800,1.760,-9.863,-0.237,0.152,,,,,,,,,,,,
1,B,21300169,4064,,,,,,,,,,-10.117,-0.152,-0.191,,,,,,
1,S,21300169,4064,0.160,1.120,2.080,-9.883,-0.247,0.158,,,,,,,,,,,,
1,B,21302201,2032,,,,,,,,,,,,,,,,45.625,-82.938,39.000
1,S,21302201,2032,0.480,1.120,2.080,-9.887,-0.253,0.163,,,,,,,,,,,,
1,B,21304912,2711,,,,,,,,,,-10.148,-0.164,-0.184,,,,,,
1,S,21304912,2711,0.800,1.120,2.080,-9.887,-0.247,0.168,,,,,,,,,,,,
1,B,21306944,2032,,,,,,,,,,,,,0.112,0.000,0.000,,,
1,S,21306944,2032,0.480,0.800,1.760,-9.887,-0.247,0.168,,,,,,,,,,,,
1,B,21311007,4063,,,,,,,,,,,,,,,,45.500,-84.688,38.812
1,S,21311007,4063,0.160,1.120,2.080,-9.898,-0.233,0.158,,,,,,,,,,,,
1,B,21314394,3387,,,,,,,,,,-10.184,-0.105,-0.211,,,,,,
1,S,21314394,3387,0.800,2.080,2.080,-9.912,-0.217,0.152,,,,,,,,,,,,
1,B,21317104,2710,,,,,,,,,,,,,0.000,0.000,0.000,,,
1,S,21317104,2710,1.120,2.080,2.080,-9.912,-0.212,0.147,,,,,,,,,,,,
1,B,21321168,4064,,,,,,,,,,,,,,,,44.875,-84.500,39.438
1,S,21321168,4064,0.800,1.440,1.760,-9.893,-0.217,0.128,,,,,,,,,,,,
1,B,21324555,3387,,,,,,,,,,-10.145,-0.113,-0.250,,,,,,
1,S,21324555,3387,0.800,1.440,2.080,-9.883,-0.228,0.102,,,,,,,,,,,,
1,B,21326587,2032,,,,,,,,,,,,,-0.112,0.000,0.000,,,
1,S,21326587,2032,0.800,1.120,2.400,-9.883,-0.233,0.098,,,,,,,,,,,,
1,B,21331329,4742,,,,,,,,,,,,,,,,46.125,-82.875,37.875
1,S,21331329,4742,1.120,0.480,2.400,-9.873,-0.233,0.102,,,,,,,,,,,,
1,B,21333361,2032,,,,,,,,,,-10.117,-0.133,-0.219,,,,,,
1,S,21333361,2032,0.800,0.800,2.400,-9.873,-0.237,0.107,,,,,,,,,,,,
1,B,21335393,2032,,,,,,,,,,,,,-0.112,0.000,0.000,,,
1,S,21335393,2032,0.800,1.120,2.400,-9.873,-0.242,0.113,,,,,,,,,,,,
1,B,21340134,4741,,,,,,,,,,-10.137,-0.125,-0.191,,,,,,
1,S,21340134,4741,1.120,1.120,2.080,-9.877,-0.233,0.133,,,,,,,,,,,,
1,B,21342166,2032,,,,,,,,,,,,,,,,44.750,-83.562,39.188
1,S,21342166,2032,0.800,0.800,1.760,-9.877,-0.223,0.138,,,,,,,,,,,,
1,B,21345554,3388,,,,,,,,,,,,,-0.112,0.000,0.000,,,
1,S,21345554,3388,0.800,0.800,1.760,-9.877,-0.207,0.142,,,,,,,,,,,,
1,B,21349618,4064,,,,,,,,,,-10.148,-0.113,-0.199,,,,,,
1,S,21349618,4064,0.800,1.120,1.760,-9.898,-0.217,0.147,,,,,,,,,,,,
1,B,21352327,2709,,,,,,,,,,-10.145,-0.105,-0.211,,,,,,
1,S,21352327,2709,1.440,1.120,2.080,-9.908,-0.223,0.138,,,,,,,,,,,,
1,B,21355036,2709,,,,,,,,,,,,,,,,45.938,-84.625,39.188
1,S,21355036,2709,1.760,1.120,2.720,-9.908,-0.217,0.128,,,,,,,,,,,,
1,B,21357747,2711,,,,,,,,,,,,,-0.112,0.000,0.000,,,
1,S,21357747,2711,1.760,1.440,2.720,-9.902,-0.223,0.128,,,,,,,,,,,,
1,B,21361811,4064,,,,,,,,,,,,,,,,45.688,-85.000,39.312
1,S,21361811,4064,1.440,1.760,1.760,-9.883,-0.228,0.142,,,,,,,,,,,,
1,B,21363843,2032,,,,,,,,,,-10.148,-0.125,-0.172,,,,,,
1,S,21363843,2032,1.120,1.760,1.440,-9.873,-0.228,0.142,,,,,,,,,,,,
1,B,21366552,2709,,,,,,,,,,,,,0.000,0.000,0.000,,,
1,S,21366552,2709,0.800,1.760,1.440,-9.867,-0.233,0.147,,,,,,,,,,,,
1,B,21370616,4064,,,,,,,,,,-10.117,-0.152,-0.184,,,,,,
1,S,21370616,4064,0.800,1.440,2.080,-9.877,-0.242,0.152,,,,,,,,,,,,
1,B,21373326,2710,,,,,,,,,,,,,,,,44.438,-84.500,40.500
1,S,21373326,2710,1.120,1.440,2.720,-9.873,-0.247,0.168,,,,,,,,,,,,
1,B,21375358,2032,,,,,,,,,,-10.133,-0.152,-0.184,,,,,,
1,S,21375358,2032,1.440,1.440,3.040,-9.867,-0.247,0.172,,,,,,,,,,,,
1,B,21378745,3387,,,,,,,,,,,,,0.000,0.000,0.000,,,
1,S,21378745,3387,1.760,1.440,2.720,-9.873,-0.242,0.172,,,,,,,,,,,,
1,B,21380777,2032,,,,,,,,,,,,,,,,44.875,-84.500,39.438
1,S,21380777,2032,1.120,1.440,2.400,-9.887,-0.237,0.168,,,,,,,,,,,,
1,B,21384163,3386,,,,,,,,,,-10.160,-0.125,-0.164,,,,,,
1,S,21384163,3386,1.120,1.760,1.760,-9.908,-0.233,0.163,,,,,,,,,,,,
1,B,21386195,2032,,,,,,,,,,,,,0.000,0.000,0.000,,,
1,S,21386195,2032,0.800,1.760,2.080,-9.918,-0.228,0.163,,,,,,,,,,,,
1,B,21390938,4743,,,,,,,,,,,,,,,,44.688,-82.625,39.000
1,S,21390938,4743,0.800,1.440,2.720,-9.908,-0.228,0.147,,,,,,,,,,,,
1,B,21394305,3367,,,,,,,,,,-10.148,-0.105,-0.199,,,,,,
1,S,21394305,3367,0.160,0.800,2.720,-9.893,-0.233,0.128,,,,,,,,,,,,
1,B,21396356,2051,,,,,,,,,,,,,0.000,0.000,0.000,,,
1,S,21396356,2051,0.480,0.480,2.080,-9.883,-0.233,0.122,,,,,,,,,,,,
1,B,21401776,5420,,,,,,,,,,,,,,,,45.312,-84.500,40.062
1,S,21401776,5420,0.800,1.120,1.440,-9.873,-0.242,0.122,,,,,,,,,,,,
1,B,21403808,2032,,,,,,,,,,-10.109,-0.133,-0.211,,,,,,
1,S,21403808,2032,1.120,1.120,1.440,-9.877,-0.253,0.128,,,,,,,,,,,,
1,B,21405840,2032,,,,,,,,,,,,,0.000,0.112,0.000,,,
1,S,21405840,2032,1.120,1.120,1.760,-9.883,-0.258,0.133,,,,,,,,,,,,
1,B,21410581,4741,,,,,,,,,,-10.121,-0.145,-0.219,,,,,,
1,S,21410581,4741,0.800,1.120,2.080,-9.887,-0.247,0.138,,,,,,,,,,,,
1,B,21412613,2032,,,,,,,,,,,,,,,,45.562,-84.688,39.500
1,S,21412613,2032,0.800,1.440,2.400,-9.893,-0.233,0.138,,,,,,,,,,,,
1,B,21416000,3387,,,,,,,,,,,,,0.000,0.000,0.000,,,
1,S,21416000,3387,1.120,1.760,2.400,-9.912,-0.212,0.133,,,,,,,,,,,,
1,B,21420064,4064,,,,,,,,,,-10.176,-0.113,-0.219,,,,,,
1,S,21420064,4064,1.120,1.120,1.760,-9.918,-0.198,0.117,,,,,,,,,,,,
1,B,21422774,2710,,,,,,,,,,-10.145,-0.086,-0.230,,,,,,
1,S,21422774,2710,1.120,1.120,1.440,-9.912,-0.198,0.113,,,,,,,,,,,,
1,B,21426160,3386,,,,,,,,,,,,,,,,45.250,-84.562,39.312
1,S,21426160,3386,1.120,0.800,1.120,-9.898,-0.203,0.113,,,,,,,,,,,,
1,B,21428192,2032,,,,,,,,,,,,,0.000,0.000,0.000,,,
1,S,21428192,2032,1.120,0.800,1.120,-9.887,-0.207,0.113,,,,,,,,,,,,
1,B,21431580,3388,,,,,,,,,,-10.133,-0.113,-0.219,,,,,,
1,S,21431580,3388,1.440,0.800,2.080,-9.887,-0.233,0.117,,,,,,,,,,,,
1,B,21434967,3387,,,,,,,,,,,,,,,,45.938,-84.750,39.438
1,S,21434967,3387,1.120,1.440,2.720,-9.898,-0.258,0.128,,,,,,,,,,,,
1,B,21436999,2032,,,,,,,,,,,,,0.000,0.000,0.000,,,
1,S,21436999,2032,1.440,1.760,2.400,-9.898,-0.263,0.138,,,,,,,,,,,,
1,B,21441062,4063,,,,,,,,,,-10.145,-0.164,-0.184,,,,,,
1,S,21441062,4063,1.440,1.760,2.080,-9.893,-0.258,0.152,,,,,,,,,,,,
1,B,21443773,2711,,,,,,,,,,,,,,,,45.875,-84.750,38.688
1,S,21443773,2711,1.760,1.760,1.760,-9.893,-0.247,0.152,,,,,,,,,,,,
1,B,21445805,2032,,,,,,,,,,,,,-0.112,0.000,0.000,,,
1,S,21445805,2032,1.120,1.440,1.760,-9.893,-0.237,0.158,,,,,,,,,,,,
1,B,21449869,4064,,,,,,,,,,-10.117,-0.113,-0.184,,,,,,
1,S,21449869,4064,1.120,1.440,1.760,-9.893,-0.228,0.168,,,,,,,,,,,,
1,B,21452578,2709,,,,,,,,,,-10.156,-0.105,-0.191,,,,,,
1,S,21452578,2709,0.800,1.440,2.080,-9.902,-0.223,0.168,,,,,,,,,,,,
1,B,21455966,3388,,,,,,,,,,,,,,,,45.750,-84.438,38.875
1,S,21455966,3388,1.120,1.760,2.400,-9.912,-0.217,0.163,,,,,,,,,,,,
1,B,21457998,2032,,,,,,,,,,,,,-0.112,0.000,0.000,,,
1,S,21457998,2032,1.120,1.760,2.080,-9.912,-0.217,0.158,,,,,,,,,,,,
1,B,21461384,3386,,,,,,,,,,,,,,,,45.688,-84.000,38.812
1,S,21461384,3386,1.120,2.080,2.080,-9.902,-0.223,0.142,,,,,,,,,,,,
1,B,21464771,3387,,,,,,,,,,-10.176,-0.125,-0.211,,,,,,
1,S,21464771,3387,1.440,2.080,2.400,-9.893,-0.228,0.133,,,,,,,,,,,,
1,B,21466803,2032,,,,,,,,,,,,,-0.112,0.000,0.000,,,
1,S,21466803,2032,1.120,1.760,2.400,-9.883,-0.233,0.128,,,,,,,,,,,,
1,B,21470868,4065,,,,,,,,,,,,,,,,45.312,-84.938,39.438
1,S,21470868,4065,0.800,0.800,2.400,-9.887,-0.253,0.138,,,,,,,,,,,,
1,B,21473577,2709,,,,,,,,,,-10.117,-0.152,-0.184,,,,,,
1,S,21473577,2709,0.480,0.480,2.400,-9.887,-0.263,0.138,,,,,,,,,,,,
1,B,21475609,2032,,,,,,,,,,,,,-0.112,0.000,0.112,,,
1,S,21475609,2032,0.480,0.800,2.400,-9.887,-0.263,0.142,,,,,,,,,,,,
1,B,21479673,4064,,,,,,,,,,-10.137,-0.125,-0.172,,,,,,
1,S,21479673,4064,0.480,1.440,2.400,-9.883,-0.247,0.147,,,,,,,,,,,,
1,B,21482382,2709,,,,,,,,,,,,,,,,46.250,-83.750,38.875
1,S,21482382,2709,0.800,1.760,2.080,-9.887,-0.237,0.142,,,,,,,,,,,,
1,B,21484414,2032,,,,,,,,,,-10.148,-0.133,-0.199,,,,,,
1,S,21484414,2032,1.440,1.760,2.080,-9.893,-0.233,0.138,,,,,,,,,,,,
1,B,21487104,2690,,,,,,,,,,,,,-0.112,0.000,0.112,,,
1,S,21487104,2690,1.760,2.080,2.400,-9.902,-0.233,0.128,,,,,,,,,,,,
1,B,21491188,4084,,,,,,,,,,,,,,,,46.250,-83.750,38.875
1,S,21491188,4084,2.080,1.120,2.720,-9.908,-0.223,0.113,,,,,,,,,,,,
1,B,21493220,2032,,,,,,,,,,-10.145,-0.125,-0.219,,,,,,
1,S,21493220,4064,1.760,0.800,1.760,-9.898,-0.212,0.092,,,,,,,,,,,,
1,B,21495930,2710,,,,,,,,,,,,,-0.112,0.112,0.112,,,
1,S,21495930,678,0.800,0.800,1.760,-9.898,-0.212,0.092,,,,,,,,,,,,
1,B,21499995,4065,,,,,,,,,,,,,,,,45.250,-84.500,39.250
1,S,21499995,4065,0.800,1.440,1.760,-9.887,-0.223,0.102,,,,,,,,,,,,
1,B,21503381,3386,,,,,,,,,,-10.133,-0.133,-0.230,,,,,,
1,S,21503381,3386,1.120,1.440,1.760,-9.877,-0.228,0.128,,,,,,,,,,,,
1,B,21505413,2032,,,,,,,,,,,,,-0.112,0.000,0.000,,,
1,S,21505413,2032,1.440,1.440,2.080,-9.873,-0.228,0.142,,,,,,,,,,,,
1,B,21510832,5419,,,,,,,,,,,,,,,,45.250,-84.562,39.312
1,S,21510832,5419,1.440,1.760,2.080,-9.883,-0.237,0.158,,,,,,,,,,,,
1,B,21512865,2033,,,,,,,,,,-10.109,-0.133,-0.211,,,,,,
1,S,21512865,2033,0.800,1.440,2.400,-9.898,-0.247,0.152,,,,,,,,,,,,
1,B,21515574,2709,,,,,,,,,,-10.121,-0.145,-0.184,,,,,,
1,S,21515574,2709,0.480,1.120,2.400,-9.912,-0.247,0.152,,,,,,,,,,,,
1,B,21518961,3387,,,,,,,,,,,,,-0.112,0.000,0.000,,,
1,S,21518961,3387,1.120,1.120,2.400,-9.922,-0.237,0.152,,,,,,,,,,,,
1,B,21521670,2709,,,,,,,,,,,,,,,,45.688,-83.375,39.125
1,S,21521670,2709,1.760,1.120,2.400,-9.918,-0.228,0.152,,,,,,,,,,,,
1,B,21525056,3386,,,,,,,,,,-10.176,-0.078,-0.191,,,,,,
1,S,21525056,5418,1.440,1.440,1.760,-9.912,-0.228,0.152,,,,,,,,,,,,
1,B,21527767,2711,,,,,,,,,,,,,-0.112,0.112,0.000,,,
1,S,21527767,679,0.800,1.440,1.760,-9.912,-0.228,0.147,,,,,,,,,,,,
1,B,21531831,4064,,,,,,,,,,,,,,,,46.000,-85.000,39.188
1,S,21531831,4064,0.800,1.760,2.080,-9.898,-0.237,0.142,,,,,,,,,,,,
1,B,21535217,3386,,,,,,,,,,-10.145,-0.105,-0.211,,,,,,
1,S,21535217,3386,1.120,2.080,2.400,-9.887,-0.242,0.138,,,,,,,,,,,,
1,B,21537249,2032,,,,,,,,,,,,,0.000,0.000,0.000,,,
1,S,21537249,2032,1.440,1.760,2.720,-9.873,-0.247,0.142,,,,,,,,,,,,
1,B,21541313,4064,,,,,,,,,,,,,,,,44.812,-84.000,39.312
1,S,21541313,4064,1.440,1.120,2.720,-9.873,-0.258,0.147,,,,,,,,,,,,
1,B,21544023,2710,,,,,,,,,,-10.133,-0.133,-0.184,,,,,,
1,S,21544023,2710,1.760,1.120,2.720,-9.877,-0.258,0.152,,,,,,,,,,,,
1,B,21546055,2032,,,,,,,,,,,,,0.000,0.000,0.112,,,
1,S,21546055,2032,1.440,0.800,2.720,-9.877,-0.258,0.152,,,,,,,,,,,,
1,B,21550797,4742,,,,,,,,,,-10.137,-0.145,-0.172,,,,,,
1,S,21550797,4742,1.440,1.120,2.080,-9.887,-0.237,0.147,,,,,,,,,,,,
1,B,21552829,2032,,,,,,,,,,,,,,,,45.938,-84.188,39.062
1,S,21552829,2032,0.800,1.440,1.760,-9.893,-0.233,0.142,,,,,,,,,,,,
1,B,21556215,3386,,,,,,,,,,,,,0.000,0.000,0.112,,,
1,S,21556215,3386,0.800,1.760,2.080,-9.902,-0.223,0.138,,,,,,,,,,,,
1,B,21560280,4065,,,,,,,,,,-10.160,-0.152,-0.199,,,,,,
1,S,21560280,4065,0.800,1.120,1.440,-9.893,-0.223,0.117,,,,,,,,,,,,
1,B,21562312,2032,,,,,,,,,,-10.156,-0.125,-0.199,,,,,,
1,S,21562312,2032,0.800,0.800,1.440,-9.887,-0.217,0.107,,,,,,,,,,,,
1,B,21565699,3387,,,,,,,,,,,,,,,,45.812,-84.438,39.625
1,S,21565699,3387,0.800,0.800,2.080,-9.887,-0.223,0.107,,,,,,,,,,,,
1,B,21569085,3386,,,,,,,,,,,,,-0.112,0.000,0.000,,,
1,S,21569085,3386,1.120,1.120,2.400,-9.887,-0.237,0.113,,,,,,,,,,,,
1,B,21572473,3388,,,,,,,,,,-10.137,-0.105,-0.250,,,,,,
1,S,21572473,3388,0.800,1.120,1.760,-9.893,-0.242,0.102,,,,,,,,,,,,
1,B,21575860,3387,,,,,,,,,,,,,,,,44.938,-83.812,39.688
1,S,21575860,3387,0.800,1.120,1.440,-9.883,-0.237,0.098,,,,,,,,,,,,
1,B,21577892,2032,,,,,,,,,,,,,-0.112,0.000,0.000,,,
1,S,21577892,2032,0.800,1.440,1.440,-9.877,-0.233,0.107,,,,,,,,,,,,
1,B,21582633,4741,,,,,,,,,,,,,,,,45.500,-83.188,38.875
1,S,21582633,4741,0.800,1.760,2.080,-9.877,-0.223,0.147,,,,,,,,,,,,
1,B,21584666,2033,,,,,,,,,,-10.141,-0.113,-0.184,,,,,,
1,S,21584666,2033,0.480,1.760,2.080,-9.887,-0.223,0.152,,,,,,,,,,,,
1,B,21586698,2032,,,,,,,,,,,,,0.000,0.000,0.000,,,
1,S,21586698,2032,0.800,1.440,2.400,-9.893,-0.228,0.152,,,,,,,,,,,,
1,B,21591439,4741,,,,,,,,,,,,,,,,45.188,-84.062,39.188
1,S,21591439,4741,1.120,1.440,2.720,-9.902,-0.228,0.142,,,,,,,,,,,,
1,B,21594148,2709,,,,,,,,,,-10.145,-0.105,-0.199,,,,,,
1,S,21594148,2709,1.120,1.440,2.400,-9.898,-0.223,0.133,,,,,,,,,,,,
1,B,21596859,2711,,,,,,,,,,,,,0.000,0.000,0.000,,,
1,S,21596859,2711,1.440,1.440,2.080,-9.898,-0.217,0.138,,,,,,,,,,,,
1,B,21600923,4064,,,,,,,,,,,,,,,,45.812,-83.750,38.938
1,S,21600923,4064,1.440,1.760,1.760,-9.898,-0.223,0.138,,,,,,,,,,,,
1,B,21604309,3386,,,,,,,,,,-10.145,-0.113,-0.211,,,,,,
1,S,21604309,3386,0.480,1.440,1.760,-9.893,-0.237,0.138,,,,,,,,,,,,
1,B,21606341,2032,,,,,,,,,,,,,-0.112,0.000,0.000,,,
1,S,21606341,2032,0.480,1.120,2.080,-9.887,-0.242,0.142,,,,,,,,,,,,
1,B,21611082,4741,,,,,,,,,,,,,,,,45.000,-84.312,39.812
1,S,21611082,4741,0.800,1.120,1.760,-9.867,-0.233,0.158,,,,,,,,,,,,
1,B,21613115,2033,,,,,,,,,,-10.133,-0.113,-0.184,,,,,,
1,S,21613115,2033,1.120,1.120,1.760,-9.863,-0.233,0.158,,,,,,,,,,,,
1,B,21615147,2032,,,,,,,,,,-10.121,-0.145,-0.172,,,,,,
1,S,21615147,2032,1.120,1.120,1.440,-9.873,-0.242,0.158,,,,,,,,,,,,
1,B,21619889,4742,,,,,,,,,,,,,-0.112,0.000,0.000,,,
1,S,21619889,4742,0.800,1.440,2.400,-9.898,-0.253,0.177,,,,,,,,,,,,
1,B,21621921,2032,,,,,,,,,,,,,,,,45.125,-84.188,39.500
1,S,21621921,2032,0.800,1.440,2.720,-9.908,-0.253,0.182,,,,,,,,,,,,
1,B,21625307,3386,,,,,,,,,,-10.172,-0.125,-0.191,,,,,,
1,S,21625307,3386,0.480,1.120,2.720,-9.912,-0.242,0.168,,,,,,,,,,,,
1,B,21627340,2033,,,,,,,,,,,,,-0.112,0.000,0.000,,,
1,S,21627340,2033,0.480,0.480,2.400,-9.912,-0.228,0.152,,,,,,,,,,,,
1,B,21632081,4741,,,,,,,,,,,,,,,,45.000,-84.375,39.062
1,S,21632081,4741,0.800,0.480,2.400,-9.912,-0.198,0.117,,,,,,,,,,,,
1,B,21635468,3387,,,,,,,,,,-10.121,-0.086,-0.219,,,,,,
1,S,21635468,3387,0.800,0.480,1.760,-9.902,-0.203,0.098,,,,,,,,,,,,
1,B,21637500,2032,,,,,,,,,,,,,-0.112,0.000,0.000,,,
1,S,21637500,2032,0.480,0.800,1.760,-9.898,-0.212,0.092,,,,,,,,,,,,
1,B,21641565,4065,,,,,,,,,,,,,,,,46.062,-85.062,40.000
1,S,21641565,6097,0.160,1.120,2.720,-9.873,-0.237,0.107,,,,,,,,,,,,
1,B,21644274,2709,,,,,,,,,,-10.117,-0.113,-0.230,,,,,,
1,S,21644274,677,1.440,0.800,2.720,-9.873,-0.242,0.113,,,,,,,,,,,,
1,B,21646306,2032,,,,,,,,,,,,,-0.112,0.000,0.000,,,
1,S,21646306,2032,1.440,1.120,2.400,-9.867,-0.253,0.128,,,,,,,,,,,,
1,B,21651725,5419,,,,,,,,,,-10.113,-0.145,-0.199,,,,,,
1,S,21651725,5419,1.440,1.760,1.440,-9.893,-0.268,0.147,,,,,,,,,,,,
1,B,21653758,2033,,,,,,,,,,,,,,,,45.438,-84.812,39.062
1,S,21653758,2033,1.120,2.080,1.760,-9.902,-0.263,0.142,,,,,,,,,,,,
1,B,21656447,2689,,,,,,,,,,,,,0.000,0.000,0.000,,,
1,S,21656447,2689,1.440,1.760,2.400,-9.902,-0.247,0.138,,,,,,,,,,,,
1,B,21660531,4084,,,,,,,,,,-10.160,-0.145,-0.172,,,,,,
1,S,21660531,4084,1.120,1.440,2.400,-9.893,-0.203,0.133,,,,,,,,,,,,
1,B,21662563,2032,,,,,,,,,,-10.172,-0.105,-0.250,,,,,,
1,S,21662563,2032,0.800,1.440,1.760,-9.898,-0.203,0.133,,,,,,,,,,,,
1,B,21665951,3388,,,,,,,,,,,,,,,,44.812,-84.562,39.688
1,S,21665951,3388,0.800,1.760,1.120,-9.902,-0.217,0.128,,,,,,,,,,,,
1,B,21667983,2032,,,,,,,,,,,,,0.112,0.000,0.000,,,
1,S,21667983,2032,0.800,2.080,1.120,-9.898,-0.223,0.122,,,,,,,,,,,,
1,B,21671369,3386,,,,,,,,,,,,,,,,44.938,-83.812,39.688
1,S,21671369,3386,1.120,1.760,1.440,-9.893,-0.233,0.122,,,,,,,,,,,,
1,B,21674756,3387,,,,,,,,,,-10.148,-0.125,-0.238,,,,,,
1,S,21674756,3387,1.120,1.440,1.760,-9.887,-0.233,0.117,,,,,,,,,,,,
1,B,21677446,2690,,,,,,,,,,,,,0.112,0.000,0.000,,,
1,S,21677446,2690,0.480,1.120,1.760,-9.883,-0.242,0.122,,,,,,,,,,,,
1,B,21681530,4084,,,,,,,,,,,,,,,,44.938,-84.438,40.125
1,S,21681530,4084,0.480,1.440,2.080,-9.883,-0.263,0.158,,,,,,,,,,,,
1,B,21683562,2032,,,,,,,,,,-10.109,-0.145,-0.219,,,,,,
1,S,21683562,2032,1.120,2.080,2.400,-9.883,-0.268,0.172,,,,,,,,,,,,
1,B,21686271,2709,,,,,,,,,,,,,0.000,-0.112,0.000,,,
1,S,21686271,2709,1.760,2.400,2.720,-9.877,-0.258,0.182,,,,,,,,,,,,
1,B,21690335,4064,,,,,,,,,,-10.121,-0.125,-0.191,,,,,,
1,S,21690335,4064,2.080,1.760,2.400,-9.883,-0.233,0.177,,,,,,,,,,,,
1,B,21692367,2032,,,,,,,,,,,,,,,,46.250,-84.812,39.375
1,S,21692367,2032,1.120,1.120,1.760,-9.887,-0.223,0.172,,,,,,,,,,,,
1,B,21695076,2709,,,,,,,,,,-10.152,-0.113,-0.191,,,,,,
1,S,21695076,2709,0.800,0.480,1.440,-9.898,-0.212,0.163,,,,,,,,,,,,
1,B,21697108,2032,,,,,,,,,,,,,0.000,0.000,0.112,,,
1,S,21697108,2032,0.800,0.800,1.760,-9.902,-0.207,0.158,,,,,,,,,,,,
1,B,21701173,4065,,,,,,,,,,,,,,,,46.250,-84.812,39.375
1,S,21701173,4065,1.120,1.120,2.400,-9.902,-0.212,0.138,,,,,,,,,,,,
1,B,21703883,2710,,,,,,,,,,-10.148,-0.113,-0.211,,,,,,
1,S,21703883,2710,1.440,1.120,2.400,-9.898,-0.223,0.117,,,,,,,,,,,,
1,B,21705915,2032,,,,,,,,,,,,,-0.112,0.000,0.112,,,
1,S,21705915,2032,1.120,1.120,2.080,-9.898,-0.223,0.107,,,,,,,,,,,,
1,B,21709980,4065,,,,,,,,,,,,,,,,45.000,-85.312,39.625
1,S,21709980,4065,0.800,1.440,1.120,-9.883,-0.242,0.117,,,,,,,,,,,,
1,B,21713366,3386,,,,,,,,,,-10.148,-0.113,-0.250,,,,,,
1,S,21713366,3386,0.160,2.080,1.440,-9.873,-0.253,0.122,,,,,,,,,,,,
1,B,21716075,2709,,,,,,,,,,,,,0.000,0.000,0.112,,,
1,S,21716075,2709,0.480,2.080,1.760,-9.867,-0.253,0.133,,,,,,,,,,,,
1,B,21720817,4742,,,,,,,,,,,,,,,,45.125,-84.188,39.500
1,S,21720817,4742,0.480,1.120,2.080,-9.883,-0.242,0.147,,,,,,,,,,,,
1,B,21723527,2710,,,,,,,,,,-10.137,-0.145,-0.191,,,,,,
1,S,21723527,2710,0.160,0.800,2.080,-9.893,-0.237,0.158,,,,,,,,,,,,
1,B,21725559,2032,,,,,,,,,,-10.141,-0.133,-0.191,,,,,,
1,S,21725559,2032,0.800,0.800,2.080,-9.893,-0.228,0.158,,,,,,,,,,,,
1,B,21728946,3387,,,,,,,,,,,,,0.112,0.000,0.112,,,
1,S,21728946,3387,1.120,0.800,2.080,-9.902,-0.223,0.147,,,,,,,,,,,,
1,B,21730978,2032,,,,,,,,,,,,,,,,44.188,-84.312,40.312
1,S,21730978,2032,1.760,0.800,2.080,-9.908,-0.223,0.138,,,,,,,,,,,,
1,B,21734364,3386,,,,,,,,,,-10.160,-0.133,-0.199,,,,,,
1,S,21734364,5418,1.440,0.480,2.400,-9.908,-0.223,0.113,,,,,,,,,,,,
1,B,21737073,2709,,,,,,,,,,,,,0.112,0.000,0.112,,,
1,S,21737073,677,0.480,0.800,2.400,-9.902,-0.223,0.113,,,,,,,,,,,,
1,B,21741138,4065,,,,,,,,,,,,,,,,45.562,-85.625,40.000
1,S,21741138,4065,0.480,1.760,2.400,-9.883,-0.228,0.107,,,,,,,,,,,,
1,B,21744525,3387,,,,,,,,,,-10.152,-0.113,-0.238,,,,,,
1,S,21744525,3387,0.800,2.400,2.400,-9.877,-0.233,0.113,,,,,,,,,,,,
1,B,21746557,2032,,,,,,,,,,,,,0.000,0.000,0.000,,,
1,S,21746557,2032,1.440,1.760,2.400,-9.877,-0.242,0.117,,,,,,,,,,,,
1,B,21750622,4065,,,,,,,,,,,,,,,,44.938,-84.875,39.500
1,S,21750622,4065,1.440,1.440,1.760,-9.877,-0.263,0.142,,,,,,,,,,,,
1,B,21753331,2709,,,,,,,,,,-10.137,-0.145,-0.184,,,,,,
1,S,21753331,2709,1.120,1.440,1.440,-9.883,-0.263,0.158,,,,,,,,,,,,
1,B,21755363,2032,,,,,,,,,,-10.141,-0.125,-0.152,,,,,,
1,S,21755363,2032,0.480,1.440,1.760,-9.883,-0.253,0.163,,,,,,,,,,,,
1,B,21760104,4741,,,,,,,,,,,,,-0.112,0.000,0.000,,,
1,S,21760104,4741,0.480,1.120,2.400,-9.898,-0.237,0.168,,,,,,,,,,,,
1,B,21762136,2032,,,,,,,,,,,,,,,,43.938,-84.562,40.188
1,S,21762136,2032,0.480,1.120,2.720,-9.898,-0.237,0.172,,,,,,,,,,,,
1,B,21765524,3388,,,,,,,,,,-10.148,-0.098,-0.184,,,,,,
1,S,21765524,3388,0.480,1.120,2.400,-9.893,-0.223,0.172,,,,,,,,,,,,
1,B,21767556,2032,,,,,,,,,,,,,-0.112,0.000,0.000,,,
1,S,21767556,2032,0.800,1.120,1.760,-9.898,-0.217,0.168,,,,,,,,,,,,
1,B,21771620,4064,,,,,,,,,,,,,,,,45.375,-83.312,39.188
1,S,21771620,4064,0.800,1.440,1.760,-9.908,-0.223,0.138,,,,,,,,,,,,
1,B,21775006,3386,,,,,,,,,,-10.148,-0.113,-0.211,,,,,,
1,S,21775006,3386,0.480,1.760,2.720,-9.902,-0.242,0.113,,,,,,,,,,,,
1,B,21777717,2711,,,,,,,,,,,,,-0.112,0.000,0.000,,,
1,S,21777717,2711,0.480,1.440,3.040,-9.887,-0.242,0.102,,,,,,,,,,,,
1,B,21781781,4064,,,,,,,,,,,,,,,,45.500,-85.188,39.875
1,S,21781781,4064,0.800,0.480,2.400,-9.873,-0.247,0.117,,,,,,,,,,,,
1,B,21783813,2032,,,,,,,,,,-10.133,-0.145,-0.250,,,,,,
1,S,21783813,2032,1.440,0.160,2.080,-9.873,-0.253,0.128,,,,,,,,,,,,
1,B,21786522,2709,,,,,,,,,,,,,-0.112,0.112,0.000,,,
1,S,21786522,2709,1.440,1.120,2.080,-9.877,-0.258,0.142,,,,,,,,,,,,
1,B,21790586,4064,,,,,,,,,,-10.145,-0.152,-0.199,,,,,,
1,S,21790586,4064,1.440,1.760,2.400,-9.877,-0.242,0.168,,,,,,,,,,,,
1,B,21792619,2033,,,,,,,,,,,,,,,,45.375,-85.312,40.250
1,S,21792619,2033,1.120,1.760,2.400,-9.877,-0.233,0.168,,,,,,,,,,,,
1,B,21795328,2709,,,,,,,,,,-10.141,-0.105,-0.184,,,,,,
1,S,21795328,2709,1.120,2.080,2.400,-9.877,-0.223,0.158,,,,,,,,,,,,
1,B,21797360,2032,,,,,,,,,,,,,-0.112,0.112,0.000,,,
1,S,21797360,2032,1.120,1.760,2.400,-9.883,-0.217,0.147,,,,,,,,,,,,
1,B,21802101,4741,,,,,,,,,,,,,,,,44.375,-83.500,39.312
1,S,21802101,4741,1.120,1.120,2.080,-9.902,-0.212,0.142,,,,,,,,,,,,
1,B,21804811,2710,,,,,,,,,,-10.133,-0.098,-0.211,,,,,,
1,S,21804811,2710,0.480,1.440,2.080,-9.908,-0.212,0.133,,,,,,,,,,,,
1,B,21807521,2710,,,,,,,,,,,,,-0.112,0.112,0.000,,,
1,S,21807521,2710,-0.160,1.760,1.760,-9.902,-0.212,0.122,,,,,,,,,,,,
1,B,21811585,4064,,,,,,,,,,,,,,,,47.000,-85.938,38.938
1,S,21811585,4064,0.160,1.760,1.760,-9.893,-0.237,0.102,,,,,,,,,,,,
1,B,21814972,3387,,,,,,,,,,-10.137,-0.125,-0.238,,,,,,
1,S,21814972,3387,1.120,1.440,2.080,-9.883,-0.253,0.102,,,,,,,,,,,,
1,B,21817003,2031,,,,,,,,,,,,,-0.112,0.000,0.000,,,
1,S,21817003,6096,1.440,1.440,1.440,-9.883,-0.242,0.122,,,,,,,,,,,,
1,B,21821746,4743,,,,,,,,,,,,,,,,45.062,-83.688,40.125
1,S,21821746,678,0.480,1.120,1.440,-9.883,-0.237,0.128,,,,,,,,,,,,
1,B,21823778,2032,,,,,,,,,,-10.156,-0.113,-0.191,,,,,,
1,S,21823778,2032,0.480,1.120,1.440,-9.877,-0.237,0.138,,,,,,,,,,,,
1,B,21825810,2032,,,,,,,,,,-10.137,-0.125,-0.184,,,,,,
1,S,21825810,2032,0.160,1.120,1.440,-9.877,-0.233,0.152,,,,,,,,,,,,
1,A,21827302,696177,,,,,,,10.936,-0.460,0.288,,,,,,,,,
1,B,21829196,3386,,,,,,,,,,,,,-0.112,0.000,0.000,,,
1,S,21829196,5418,0.160,0.800,1.760,-9.898,-0.233,0.172,,,,,,,,,,,,
1,A,21831206,3904,,,,,,,10.934,-0.471,0.274,,,,,,,,,
1,B,21831906,2710,,,,,,,,,,,,,,,,45.812,-84.875,39.750
1,S,21831906,678,0.480,0.800,1.760,-9.898,-0.233,0.177,,,,,,,,,,,,
1,A,21834507,3301,,,,,,,10.951,-0.470,0.246,,,,,,,,,
1,B,21834616,2710,,,,,,,,,,-10.156,-0.152,-0.164,,,,,,
1,S,21834616,2710,0.480,1.760,1.760,-9.902,-0.228,0.172,,,,,,,,,,,,
1,A,21836517,2010,,,,,,,10.931,-0.455,0.232,,,,,,,,,
1,B,21837325,2709,,,,,,,,,,,,,0.000,0.000,0.000,,,
1,S,21837325,2709,0.800,1.760,1.760,-9.908,-0.233,0.158,,,,,,,,,,,,
1,A,21841104,4587,,,,,,,10.902,-0.483,0.231,,,,,,,,,
1,B,21841389,4064,,,,,,,,,,,,,,,,45.812,-84.875,39.750
1,S,21841389,6096,0.800,1.440,2.080,-9.893,-0.237,0.133,,,,,,,,,,,,
1,A,21843404,2300,,,,,,,10.922,-0.474,0.219,,,,,,,,,
1,B,21844098,2709,,,,,,,,,,-10.152,-0.113,-0.191,,,,,,
1,S,21844098,677,0.800,1.120,2.080,-9.887,-0.237,0.133,,,,,,,,,,,,
1,A,21845719,2315,,,,,,,10.908,-0.476,0.221,,,,,,,,,
1,B,21846130,2032,,,,,,,,,,,,,-0.112,0.000,0.000,,,
1,S,21846130,2032,0.800,0.800,2.080,-9.883,-0.237,0.128,,,,,,,,,,,,
1,A,21850018,4299,,,,,,,10.905,-0.499,0.248,,,,,,,,,
1,B,21850195,4065,,,,,,,,,,,,,,,,45.125,-85.125,40.000
1,S,21850195,4065,0.800,1.120,2.080,-9.877,-0.233,0.122,,,,,,,,,,,,
1,A,21853318,3300,,,,,,,10.901,-0.496,0.264,,,,,,,,,
1,B,21853582,3387,,,,,,,,,,-10.121,-0.125,-0.219,,,,,,
1,S,21853582,3387,0.800,1.760,2.720,-9.887,-0.242,0.117,,,,,,,,,,,,
1,A,21855618,2300,,,,,,,10.897,-0.490,0.278,,,,,,,,,
1,B,21856291,2709,,,,,,,,,,,,,-0.112,0.000,0.000,,,
1,S,21856291,2709,1.440,1.760,3.040,-9.893,-0.247,0.122,,,,,,,,,,,,
1,A,21860918,5300,,,,,,,10.944,-0.477,0.270,,,,,,,,,
1,B,21861032,4741,,,,,,,,,,,,,,,,45.500,-83.688,39.000
1,S,21861032,4741,2.080,1.120,2.400,-9.877,-0.242,0.138,,,,,,,,,,,,
1,A,21863216,2298,,,,,,,10.930,-0.455,0.261,,,,,,,,,
1,B,21863743,2711,,,,,,,,,,-10.133,-0.145,-0.199,,,,,,
1,S,21863743,2711,1.440,1.440,2.080,-9.883,-0.233,0.152,,,,,,,,,,,,
1,A,21865527,2311,,,,,,,10.931,-0.491,0.247,,,,,,,,,
1,B,21865775,2032,,,,,,,,,,-10.156,-0.113,-0.184,,,,,,
1,S,21865775,2032,0.800,1.440,1.760,-9.893,-0.228,0.163,,,,,,,,,,,,
1,A,21868827,3300,,,,,,,10.930,-0.459,0.240,,,,,,,,,
1,B,21869161,3386,,,,,,,,,,,,,-0.112,0.000,0.000,,,
1,S,21869161,3386,0.480,1.760,2.080,-9.902,-0.228,0.168,,,,,,,,,,,,
1,A,21871126,2299,,,,,,,10.941,-0.467,0.230,,,,,,,,,
1,B,21871871,2710,,,,,,,,,,,,,,,,45.312,-85.438,40.562
1,S,21871871,2710,0.800,1.440,2.720,-9.908,-0.228,0.152,,,,,,,,,,,,
1,A,21874425,3299,,,,,,,10.913,-0.447,0.208,,,,,,,,,
1,B,21874580,2709,,,,,,,,,,-10.141,-0.098,-0.199,,,,,,
1,S,21874580,2709,1.120,1.440,2.720,-9.902,-0.217,0.133,,,,,,,,,,,,
1,A,21876725,2300,,,,,,,10.946,-0.460,0.220,,,,,,,,,
1,B,21877290,2710,,,,,,,,,,,,,0.000,0.000,0.000,,,
1,S,21877290,2710,1.120,1.120,2.400,-9.893,-0.212,0.117,,,,,,,,,,,,
1,A,21881024,4299,,,,,,,10.908,-0.484,0.231,,,,,,,,,
1,B,21881354,4064,,,,,,,,,,,,,,,,45.188,-84.062,39.188
1,S,21881354,4064,1.120,0.480,2.080,-9.893,-0.228,0.113,,,,,,,,,,,,
1,A,21884334,3310,,,,,,,10.905,-0.488,0.233,,,,,,,,,
1,B,21884741,3387,,,,,,,,,,-10.160,-0.098,-0.238,,,,,,
1,S,21884741,3387,1.120,0.160,1.760,-9.898,-0.237,0.113,,,,,,,,,,,,
1,A,21886634,2300,,,,,,,10.928,-0.499,0.225,,,,,,,,,
1,B,21886773,2032,,,,,,,,,,,,,0.000,0.000,0.000,,,
1,S,21886773,2032,0.800,0.800,1.760,-9.893,-0.237,0.113,,,,,,,,,,,,
1,A,21886774,140,,,,,,,10.894,-0.505,0.255,,,,,,,,,
1,B,21891515,4742,,,,,,,,,,,,,,,,44.812,-85.000,39.062
1,S,21891515,4742,0.480,1.760,2.080,-9.883,-0.233,0.128,,,,,,,,,,,,
1,A,21891048,4274,,,,,,,10.912,-0.485,0.246,,,,,,,,,
1,B,21893547,2032,,,,,,,,,,-10.137,-0.125,-0.230,,,,,,
1,S,21893547,2032,1.120,1.760,2.080,-9.887,-0.233,0.142,,,,,,,,,,,,
1,A,21893547,2499,,,,,,,10.938,-0.483,0.264,,,,,,,,,
1,B,21896256,2709,,,,,,,,,,-10.133,-0.105,-0.172,,,,,,
1,S,21896256,2709,1.120,1.440,2.080,-9.898,-0.237,0.152,,,,,,,,,,,,
1,A,21896030,2483,,,,,,,10.933,-0.470,0.263,,,,,,,,,
1,B,21900320,4064,,,,,,,,,,,,,0.000,0.000,0.000,,,
1,S,21900320,4064,0.480,1.760,1.760,-9.918,-0.242,0.152,,,,,,,,,,,,
1,A,21900016,3986,,,,,,,10.933,-0.440,0.237,,,,,,,,,
1,B,21902352,2032,,,,,,,,,,,,,,,,45.250,-85.000,39.688
1,S,21902352,2032,0.160,2.080,2.080,-9.918,-0.242,0.152,,,,,,,,,,,,
1,A,21903005,2989,,,,,,,10.937,-0.449,0.239,,,,,,,,,
1,B,21905740,3388,,,,,,,,,,-10.137,-0.098,-0.184,,,,,,
1,S,21905740,5420,0.160,2.400,2.400,-9.893,-0.223,0.152,,,,,,,,,,,,
1,A,21905995,2990,,,,,,,10.923,-0.465,0.257,,,,,,,,,
1,B,21908449,2709,,,,,,,,,,,,,0.000,0.000,0.000,,,
1,S,21908449,677,1.120,2.080,2.080,-9.893,-0.223,0.147,,,,,,,,,,,,
1,A,21907988,1993,,,,,,,10.947,-0.479,0.253,,,,,,,,,
1,B,21912513,4064,,,,,,,,,,,,,,,,44.875,-85.438,39.938
1,S,21912513,4064,1.120,1.120,2.080,-9.887,-0.217,0.138,,,,,,,,,,,,
1,A,21912970,4982,,,,,,,10.919,-0.491,0.231,,,,,,,,,
1,B,21915901,3388,,,,,,,,,,-10.145,-0.113,-0.199,,,,,,
1,S,21915901,3388,1.440,1.120,2.720,-9.883,-0.228,0.117,,,,,,,,,,,,
1,A,21915959,2989,,,,,,,10.907,-0.490,0.233,,,,,,,,,
1,B,21917933,2032,,,,,,,,,,,,,0.000,0.000,0.000,,,
1,S,21917933,2032,1.440,1.120,2.720,-9.887,-0.237,0.113,,,,,,,,,,,,
1,A,21917952,6064,,,,,,,10.914,-0.461,0.223,,,,,,,,,
1,B,21922674,4741,,,,,,,,,,,,,,,,46.312,-85.188,39.438
1,S,21922674,4741,1.760,0.480,2.720,-9.893,-0.258,0.122,,,,,,,,,,,,
1,A,21922934,2301,,,,,,,10.914,-0.488,0.236,,,,,,,,,
1,B,21924706,2032,,,,,,,,,,-10.133,-0.133,-0.230,,,,,,
1,S,21924706,2032,1.440,0.800,2.720,-9.893,-0.258,0.122,,,,,,,,,,,,
1,A,21926570,2246,,,,,,,10.913,-0.480,0.252,,,,,,,,,
1,B,21926738,2032,,,,,,,,,,,,,-0.112,0.000,0.000,,,
1,S,21926738,2032,1.120,1.440,3.040,-9.887,-0.253,0.128,,,,,,,,,,,,
1,A,21930905,4335,,,,,,,10.944,-0.480,0.290,,,,,,,,,
1,B,21931480,4742,,,,,,,,,,-10.141,-0.125,-0.211,,,,,,
1,S,21931480,4742,1.120,2.080,1.760,-9.867,-0.233,0.147,,,,,,,,,,,,
1,A,21931901,2318,,,,,,,10.931,-0.465,0.263,,,,,,,,,
1,B,21933512,2032,,,,,,,,,,,,,,,,45.812,-84.812,39.000
1,S,21933512,2032,1.120,1.440,1.120,-9.867,-0.233,0.152,,,,,,,,,,,,
1,A,21935460,2237,,,,,,,10.928,-0.460,0.288,,,,,,,,,
1,B,21935544,2032,,,,,,,,,,-10.152,-0.113,-0.184,,,,,,
1,S,21935544,2032,0.800,0.800,1.120,-9.877,-0.233,0.152,,,,,,,,,,,,
1,A,21937762,2302,,,,,,,10.915,-0.464,0.268,,,,,,,,,
1,B,21938253,2709,,,,,,,,,,,,,0.000,0.000,0.000,,,
1,S,21938253,2709,0.480,0.480,1.440,-9.893,-0.228,0.158,,,,,,,,,,,,
1,A,21938253,491,,,,,,,10.911,-0.471,0.246,,,,,,,,,
1,B,21941640,3387,,,,,,,,,,,,,,,,45.625,-85.062,39.625
1,S,21941640,3387,1.120,0.800,1.760,-9.898,-0.223,0.158,,,,,,,,,,,,
1,A,21943149,4896,,,,,,,10.960,-0.464,0.223,,,,,,,,,
1,B,21945026,3386,,,,,,,,,,-10.148,-0.113,-0.199,,,,,,
1,S,21945026,3386,1.760,1.120,1.440,-9.902,-0.223,0.147,,,,,,,,,,,,
1,B,21947059,2033,,,,,,,,,,,,,0.000,0.000,0.112,,,
1,S,21947059,2033,1.440,1.120,1.440,-9.908,-0.228,0.138,,,,,,,,,,,,
1,A,21950832,7683,,,,,,,10.915,-0.463,0.210,,,,,,,,,
1,B,21951123,4064,,,,,,,,,,,,,,,,45.438,-84.812,39.875
1,S,21951123,4064,0.800,1.120,1.760,-9.902,-0.233,0.117,,,,,,,,,,,,
1,A,21952853,2021,,,,,,,10.904,-0.493,0.222,,,,,,,,,
1,B,21954510,3387,,,,,,,,,,-10.133,-0.125,-0.250,,,,,,
1,S,21954510,3387,0.800,0.800,2.080,-9.887,-0.223,0.107,,,,,,,,,,,,
1,A,21956534,3681,,,,,,,10.892,-0.469,0.233,,,,,,,,,
1,B,21957219,2709,,,,,,,,,,,,,-0.112,0.000,0.112,,,
1,S,21957219,2709,0.800,0.480,2.400,-9.873,-0.217,0.107,,,,,,,,,,,,
1,A,21960846,4312,,,,,,,10.928,-0.473,0.226,,,,,,,,,
1,B,21961284,4065,,,,,,,,,,,,,,,,45.750,-85.438,39.438
1,S,21961284,4065,0.800,0.160,2.720,-9.867,-0.228,0.122,,,,,,,,,,,,
1,A,21963144,2298,,,,,,,10.928,-0.480,0.272,,,,,,,,,
1,B,21963316,2032,,,,,,,,,,-10.137,-0.125,-0.219,,,,,,
1,S,21963316,2032,1.120,0.480,2.720,-9.873,-0.237,0.128,,,,,,,,,,,,
1,A,21965444,2300,,,,,,,10.921,-0.483,0.264,,,,,,,,,
1,B,21966025,2709,,,,,,,,,,,,,-0.112,0.000,0.000,,,
1,S,21966025,7452,1.120,1.120,2.080,-9.902,-0.237,0.158,,,,,,,,,,,,
1,A,21970744,5300,,,,,,,10.933,-0.457,0.278,,,,,,,,,
1,B,21971444,5419,,,,,,,,,,-10.137,-0.145,-0.172,,,,,,
1,S,21971444,676,0.480,1.760,2.080,-9.898,-0.237,0.158,,,,,,,,,,,,
1,A,21973042,2298,,,,,,,10.931,-0.457,0.262,,,,,,,,,
1,B,21973477,2033,,,,,,,,,,,,,,,,44.812,-84.938,39.812
1,S,21973477,2033,0.480,2.080,2.400,-9.893,-0.228,0.152,,,,,,,,,,,,
1,A,21976342,3300,,,,,,,10.915,-0.471,0.254,,,,,,,,,
1,B,21976864,3387,,,,,,,,,,-10.141,-0.113,-0.219,,,,,,
1,S,21976864,3387,0.480,2.080,2.720,-9.883,-0.228,0.142,,,,,,,,,,,,
1,A,21979653,3311,,,,,,,10.926,-0.492,0.253,,,,,,,,,
1,B,21980250,3386,,,,,,,,,,,,,0.000,0.000,0.000,,,
1,S,21980250,3386,0.800,1.440,2.720,-9.893,-0.223,0.138,,,,,,,,,,,,
1,A,21981953,2300,,,,,,,10.928,-0.485,0.230,,,,,,,,,
1,B,21982282,2032,,,,,,,,,,,,,,,,45.625,-84.562,39.250
1,S,21982282,2032,0.800,1.120,2.400,-9.902,-0.217,0.138,,,,,,,,,,,,
1,A,21985251,3298,,,,,,,10.941,-0.481,0.223,,,,,,,,,
1,B,21985670,3388,,,,,,,,,,-10.160,-0.125,-0.191,,,,,,
1,S,21985670,3388,1.120,0.800,2.400,-9.887,-0.217,0.133,,,,,,,,,,,,
1,A,21987551,2300,,,,,,,10.941,-0.493,0.236,,,,,,,,,
1,B,21987702,2032,,,,,,,,,,,,,0.000,0.000,0.000,,,
1,S,21987702,2032,1.120,0.800,2.400,-9.877,-0.223,0.128,,,,,,,,,,,,
1,A,21991851,4300,,,,,,,10.919,-0.481,0.252,,,,,,,,,
1,B,21992443,4741,,,,,,,,,,,,,,,,44.812,-84.938,39.812
1,S,21992443,4741,1.120,1.440,1.760,-9.873,-0.247,0.117,,,,,,,,,,,,
1,A,21994150,2299,,,,,,,10.902,-0.483,0.271,,,,,,,,,
1,B,21994475,2032,,,,,,,,,,-10.113,-0.125,-0.211,,,,,,
1,S,21994475,2032,0.800,1.760,1.760,-9.877,-0.253,0.128,,,,,,,,,,,,
1,A,21996461,2311,,,,,,,10.906,-0.481,0.294,,,,,,,,,
1,B,21997184,2709,,,,,,,,,,,,,0.000,0.000,0.000,,,
1,S,21997184,2709,0.480,1.440,1.440,-9.883,-0.247,0.142,,,,,,,,,,,,
1,A,22000761,4300,,,,,,,10.919,-0.462,0.253,,,,,,,,,
1,B,22001249,4065,,,,,,,,,,-10.141,-0.152,-0.191,,,,,,
1,S,22001249,4065,0.480,1.440,1.440,-9.898,-0.247,0.152,,,,,,,,,,,,
1,A,22003059,2298,,,,,,,10.922,-0.472,0.265,,,,,,,,,
1,B,22003281,2032,,,,,,,,,,,,,,,,44.438,-82.438,39.438
1,S,22003281,2032,0.480,1.440,1.760,-9.902,-0.242,0.158,,,,,,,,,,,,
1,A,22005359,2300,,,,,,,10.951,-0.473,0.262,,,,,,,,,
1,B,22005991,2710,,,,,,,,,,-10.152,-0.105,-0.184,,,,,,
1,S,22005991,2710,0.480,1.120,2.080,-9.898,-0.228,0.158,,,,,,,,,,,,
1,A,22007659,2300,,,,,,,10.931,-0.447,0.262,,,,,,,,,
1,B,22008022,2031,,,,,,,,,,,,,0.000,0.000,0.000,,,
1,S,22008022,2031,1.120,1.120,2.080,-9.893,-0.223,0.163,,,,,,,,,,,,
1,A,22011959,4300,,,,,,,10.929,-0.451,0.247,,,,,,,,,
1,B,22012086,4064,,,,,,,,,,,,,,,,46.125,-83.875,39.125
1,S,22012086,4064,1.760,1.120,1.760,-9.887,-0.217,0.163,,,,,,,,,,,,
1,A,22015270,3311,,,,,,,10.938,-0.488,0.245,,,,,,,,,
1,B,22015474,3388,,,,,,,,,,-10.152,-0.113,-0.172,,,,,,
1,S,22015474,3388,1.440,1.440,2.080,-9.893,-0.223,0.152,,,,,,,,,,,,
1,A,22017569,2299,,,,,,,10.933,-0.481,0.249,,,,,,,,,
1,B,22018183,2709,,,,,,,,,,,,,0.000,0.000,0.000,,,
1,S,22018183,2709,0.800,1.120,2.400,-9.902,-0.233,0.147,,,,,,,,,,,,
1,A,22021869,4300,,,,,,,10.924,-0.496,0.252,,,,,,,,,
1,B,22022247,4064,,,,,,,,,,,,,,,,44.812,-84.562,39.688
1,S,22022247,4064,0.480,0.480,2.720,-9.912,-0.242,0.142,,,,,,,,,,,,
1,A,22025168,3299,,,,,,,10.926,-0.483,0.254,,,,,,,,,
1,B,22025634,3387,,,,,,,,,,-10.152,-0.113,-0.219,,,,,,
1,S,22025634,3387,0.800,0.160,2.400,-9.902,-0.242,0.128,,,,,,,,,,,,
1,A,22027468,2300,,,,,,,10.925,-0.470,0.229,,,,,,,,,
1,B,22027667,2033,,,,,,,,,,,,,0.000,0.000,0.000,,,
1,S,22027667,2033,1.120,0.480,2.400,-9.893,-0.247,0.122,,,,,,,,,,,,
1,A,22031768,4300,,,,,,,10.918,-0.484,0.252,,,,,,,,,
1,B,22032408,4741,,,,,,,,,,,,,,,,45.562,-84.625,40.250
1,S,22032408,4741,1.120,1.120,2.080,-9.883,-0.253,0.122,,,,,,,,,,,,
1,A,22034078,2310,,,,,,,10.918,-0.490,0.249,,,,,,,,,
1,B,22034440,2032,,,,,,,,,,-10.117,-0.125,-0.211,,,,,,
1,S,22034440,2032,1.120,1.120,1.760,-9.887,-0.242,0.128,,,,,,,,,,,,
1,A,22036378,2300,,,,,,,10.921,-0.478,0.238,,,,,,,,,
1,B,22037130,2690,,,,,,,,,,,,,0.000,0.000,0.000,,,
1,S,22037130,2690,0.480,1.120,1.760,-9.893,-0.233,0.133,,,,,,,,,,,,
1,A,22040678,4300,,,,,,,10.931,-0.464,0.231,,,,,,,,,
1,B,22041213,4083,,,,,,,,,,-10.145,-0.105,-0.199,,,,,,
1,S,22041213,4083,0.480,1.120,1.760,-9.893,-0.223,0.138,,,,,,,,,,,,
1,A,22042978,2300,,,,,,,10.921,-0.477,0.242,,,,,,,,,
1,B,22043246,2033,,,,,,,,,,,,,,,,45.625,-83.500,39.438
1,S,22043246,2033,0.160,1.120,1.760,-9.893,-0.223,0.138,,,,,,,,,,,,
1,A,22046276,3298,,,,,,,10.918,-0.477,0.268,,,,,,,,,
1,B,22046633,3387,,,,,,,,,,,,,0.000,0.000,0.000,,,
1,S,22046633,3387,-0.480,1.120,2.080,-9.898,-0.223,0.142,,,,,,,,,,,,
1,A,22050576,4300,,,,,,,10.944,-0.482,0.259,,,,,,,,,
1,B,22050697,4064,,,,,,,,,,-10.141,-0.113,-0.191,,,,,,
1,S,22050697,4064,-0.800,1.760,2.400,-9.908,-0.223,0.147,,,,,,,,,,,,
1,A,22052888,2312,,,,,,,10.938,-0.483,0.268,,,,,,,,,
1,B,22053406,2709,,,,,,,,,,-10.160,-0.113,-0.211,,,,,,
1,S,22053406,2709,0.160,1.760,2.080,-9.912,-0.223,0.142,,,,,,,,,,,,
1,A,22056186,3298,,,,,,,10.922,-0.469,0.239,,,,,,,,,
1,B,22056794,3388,,,,,,,,,,,,,,,,44.688,-83.688,39.500
1,S,22056794,6097,0.800,1.120,1.440,-9.908,-0.223,0.128,,,,,,,,,,,,
1,A,22059486,3300,,,,,,,10.914,-0.472,0.265,,,,,,,,,
1,B,22060180,3386,,,,,,,,,,,,,0.000,0.000,0.000,,,
1,S,22060180,677,0.480,1.440,1.440,-9.902,-0.223,0.122,,,,,,,,,,,,
1,A,22061787,2301,,,,,,,10.937,-0.486,0.262,,,,,,,,,
1,B,22062212,2032,,,,,,,,,,-10.117,-0.125,-0.211,,,,,,
1,S,22062212,2032,0.480,1.760,1.760,-9.893,-0.212,0.117,,,,,,,,,,,,
1,A,22065085,3298,,,,,,,10.899,-0.480,0.234,,,,,,,,,
1,B,22065599,3387,,,,,,,,,,,,,,,,45.250,-83.438,39.500
1,S,22065599,3387,0.480,1.760,2.400,-9.877,-0.223,0.117,,,,,,,,,,,,
1,A,22067385,2300,,,,,,,10.905,-0.486,0.246,,,,,,,,,
1,B,22067632,2033,,,,,,,,,,,,,0.000,0.000,0.000,,,
1,S,22067632,2033,0.480,1.440,2.400,-9.873,-0.233,0.122,,,,,,,,,,,,
1,A,22071697,4312,,,,,,,10.922,-0.470,0.249,,,,,,,,,
1,B,22072373,4741,,,,,,,,,,,,,,,,45.688,-84.375,39.625
1,S,22072373,4741,0.480,1.120,2.400,-9.893,-0.253,0.138,,,,,,,,,,,,
1,A,22073997,2300,,,,,,,10.916,-0.490,0.274,,,,,,,,,
1,B,22074405,2032,,,,,,,,,,-10.133,-0.125,-0.199,,,,,,
1,S,22074405,2032,1.120,1.120,2.080,-9.902,-0.253,0.142,,,,,,,,,,,,
1,A,22076296,2299,,,,,,,10.936,-0.470,0.272,,,,,,,,,
1,B,22076437,2032,,,,,,,,,,,,,0.000,0.000,0.000,,,
1,S,22076437,2032,1.120,1.120,1.440,-9.902,-0.247,0.147,,,,,,,,,,,,
1,A,22080596,4300,,,,,,,10.944,-0.469,0.278,,,,,,,,,
1,B,22081178,4741,,,,,,,,,,-10.145,-0.125,-0.191,,,,,,
1,S,22081178,4741,1.120,1.440,1.440,-9.893,-0.237,0.152,,,,,,,,,,,,
1,A,22082896,2300,,,,,,,10.941,-0.468,0.268,,,,,,,,,
1,B,22083211,2033,,,,,,,,,,-10.133,-0.133,-0.164,,,,,,
1,S,22083211,2033,1.440,1.440,1.760,-9.893,-0.233,0.152,,,,,,,,,,,,
1,A,22086195,3299,,,,,,,10.928,-0.470,0.252,,,,,,,,,
1,B,22086598,3387,,,,,,,,,,,,,,,,45.125,-84.188,39.500
1,S,22086598,3387,1.440,1.120,2.080,-9.908,-0.233,0.147,,,,,,,,,,,,
1,A,22088507,2312,,,,,,,10.931,-0.463,0.228,,,,,,,,,
1,B,22088630,2032,,,,,,,,,,,,,0.000,0.000,0.000,,,
1,S,22088630,2032,0.800,1.120,2.080,-9.908,-0.228,0.138,,,,,,,,,,,,
1,A,22091806,3299,,,,,,,10.912,-0.486,0.228,,,,,,,,,
1,B,22092016,3386,,,,,,,,,,,,,,,,45.562,-85.250,40.688
1,S,22092016,3386,0.800,1.440,2.400,-9.898,-0.228,0.128,,,,,,,,,,,,
1,A,22095104,3298,,,,,,,10.927,-0.481,0.226,,,,,,,,,
1,B,22095403,3387,,,,,,,,,,-10.145,-0.113,-0.211,,,,,,
1,S,22095403,3387,0.800,1.440,2.400,-9.883,-0.223,0.122,,,,,,,,,,,,
1,A,22097404,2300,,,,,,,10.921,-0.499,0.255,,,,,,,,,
1,B,22098113,2710,,,,,,,,,,,,,0.000,0.000,0.000,,,
1,S,22098113,2710,0.800,1.440,2.080,-9.877,-0.223,0.122,,,,,,,,,,,,
1,A,22102704,5300,,,,,,,10.889,-0.483,0.244,,,,,,,,,
1,B,22102855,4742,,,,,,,,,,,,,,,,45.562,-84.125,39.125
1,S,22102855,4742,1.120,1.760,2.080,-9.883,-0.237,0.122,,,,,,,,,,,,
1,A,22105003,2299,,,,,,,10.914,-0.493,0.263,,,,,,,,,
1,B,22105564,2709,,,,,,,,,,-10.172,-0.133,-0.211,,,,,,
1,S,22105564,2709,1.120,1.760,2.080,-9.883,-0.247,0.133,,,,,,,,,,,,
1,A,22107314,2311,,,,,,,10.924,-0.480,0.269,,,,,,,,,
1,B,22107596,2032,,,,,,,,,,,,,0.000,0.000,0.000,,,
1,S,22107596,2032,1.120,1.760,2.080,-9.877,-0.253,0.142,,,,,,,,,,,,
1,A,22111614,4300,,,,,,,10.931,-0.477,0.285,,,,,,,,,
1,B,22112338,4742,,,,,,,,,,-10.145,-0.145,-0.219,,,,,,
1,S,22112338,4742,1.440,1.440,1.440,-9.887,-0.242,0.152,,,,,,,,,,,,
1,A,22113914,2300,,,,,,,10.927,-0.465,0.248,,,,,,,,,
1,B,22114370,2032,,,,,,,,,,-10.141,-0.113,-0.184,,,,,,
1,S,22114370,2032,1.120,1.120,1.760,-9.887,-0.233,0.142,,,,,,,,,,,,
1,A,22117212,3298,,,,,,,10.946,-0.464,0.261,,,,,,,,,
1,B,22117757,3387,,,,,,,,,,,,,,,,45.438,-82.750,38.812
1,S,22117757,3387,0.800,0.800,2.400,-9.893,-0.228,0.138,,,,,,,,,,,,
1,A,22119512,2300,,,,,,,10.932,-0.462,0.243,,,,,,,,,
1,B,22119789,2032,,,,,,,,,,,,,0.000,0.000,0.000,,,
1,S,22119789,2032,1.120,0.800,2.400,-9.898,-0.228,0.138,,,,,,,,,,,,
1,A,22122812,3300,,,,,,,10.914,-0.460,0.226,,,,,,,,,
1,B,22123175,3386,,,,,,,,,,,,,,,,45.438,-83.812,39.312
1,S,22123175,3386,0.800,1.120,2.400,-9.902,-0.228,0.133,,,,,,,,,,,,
1,A,22126122,3310,,,,,,,10.941,-0.485,0.247,,,,,,,,,
1,B,22126563,3388,,,,,,,,,,-10.148,-0.105,-0.211,,,,,,
1,S,22126563,3388,0.480,2.080,2.080,-9.898,-0.233,0.122,,,,,,,,,,,,
1,A,22129422,3300,,,,,,,10.919,-0.471,0.231,,,,,,,,,
1,B,22129950,3387,,,,,,,,,,,,,0.000,0.000,0.000,,,
1,S,22129950,3387,0.480,2.080,2.080,-9.887,-0.237,0.128,,,,,,,,,,,,
1,A,22132722,3300,,,,,,,10.920,-0.457,0.220,,,,,,,,,
1,B,22133336,3386,,,,,,,,,,-10.121,-0.133,-0.211,,,,,,
1,S,22133336,6095,0.800,1.120,2.080,-9.883,-0.242,0.142,,,,,,,,,,,,
1,A,22136020,3298,,,,,,,10.932,-0.486,0.293,,,,,,,,,
1,B,22136724,3388,,,,,,,,,,,,,,,,45.438,-84.812,39.812
1,S,22136724,679,1.440,0.800,2.080,-9.883,-0.242,0.142,,,,,,,,,,,,
1,A,22138322,2302,,,,,,,10.913,-0.465,0.261,,,,,,,,,
1,B,22138756,2032,,,,,,,,,,,,,0.000,0.000,0.000,,,
1,S,22138756,2032,1.440,1.120,2.080,-9.887,-0.247,0.142,,,,,,,,,,,,
1,A,22142622,4300,,,,,,,10.912,-0.465,0.280,,,,,,,,,
1,B,22142820,4064,,,,,,,,,,-10.141,-0.152,-0.184,,,,,,
1,S,22142820,4064,1.440,1.120,2.400,-9.877,-0.242,0.142,,,,,,,,,,,,
1,A,22144934,2312,,,,,,,10.935,-0.487,0.272,,,,,,,,,
1,B,22145529,2709,,,,,,,,,,-10.145,-0.145,-0.184,,,,,,
1,S,22145529,2709,0.800,1.120,2.720,-9.873,-0.237,0.138,,,,,,,,,,,,
1,A,22148232,3298,,,,,,,10.915,-0.473,0.263,,,,,,,,,
1,B,22148917,3388,,,,,,,,,,,,,,,,45.938,-84.750,39.438
1,S,22148917,3388,0.800,0.800,2.400,-9.883,-0.242,0.138,,,,,,,,,,,,
1,A,22151532,3300,,,,,,,10.906,-0.484,0.258,,,,,,,,,
1,B,22152283,3366,,,,,,,,,,,,,0.000,0.000,0.000,,,
1,S,22152283,3366,1.120,0.480,2.400,-9.898,-0.237,0.142,,,,,,,,,,,,
1,A,22156832,5300,,,,,,,10.910,-0.473,0.259,,,,,,,,,
1,B,22157044,4761,,,,,,,,,,,,,0.000,0.000,0.000,,,
1,S,22157044,4761,1.440,1.120,2.080,-9.898,-0.228,0.142,,,,,,,,,,,,
1,A,22161131,4299,,,,,,,10.951,-0.471,0.257,,,,,,,,,
1,B,22161786,4742,,,,,,,,,,-10.133,-0.145,-0.211,,,,,,
1,S,22161786,4742,1.760,1.440,1.440,-9.887,-0.223,0.142,,,,,,,,,,,,
1,A,22164431,3300,,,,,,,10.915,-0.478,0.253,,,,,,,,,
1,B,22165173,3387,,,,,,,,,,,,,,,,45.500,-84.250,39.438
1,S,22165173,3387,1.120,1.120,1.760,-9.887,-0.233,0.133,,,,,,,,,,,,
1,A,22166743,2312,,,,,,,10.917,-0.490,0.272,,,,,,,,,
1,B,22167205,2032,,,,,,,,,,,,,0.000,0.000,0.000,,,
1,S,22167205,2032,1.440,0.800,2.400,-9.893,-0.237,0.128,,,,,,,,,,,,
1,A,22171041,4298,,,,,,,10.935,-0.480,0.259,,,,,,,,,
1,B,22171269,4064,,,,,,,,,,-10.137,-0.105,-0.199,,,,,,
1,S,22171269,4064,1.120,0.800,2.720,-9.898,-0.237,0.128,,,,,,,,,,,,
1,A,22173341,2300,,,,,,,10.916,-0.505,0.257,,,,,,,,,
1,B,22173979,2710,,,,,,,,,,,,,,,,45.125,-84.188,39.500
1,S,22173979,2710,0.800,1.120,2.400,-9.887,-0.242,0.133,,,,,,,,,,,,
1,A,22175641,2300,,,,,,,10.900,-0.501,0.249,,,,,,,,,
1,B,22176010,2031,,,,,,,,,,-10.137,-0.125,-0.191,,,,,,
1,S,22176010,2031,0.800,1.440,1.760,-9.883,-0.247,0.138,,,,,,,,,,,,
1,A,22177941,2300,,,,,,,10.932,-0.471,0.253,,,,,,,,,
1,B,22178042,2032,,,,,,,,,,,,,0.000,0.000,0.000,,,
1,S,22178042,2032,0.800,1.760,1.440,-9.873,-0.247,0.147,,,,,,,,,,,,
1,A,22182239,4298,,,,,,,10.933,-0.471,0.246,,,,,,,,,
1,B,22182785,4743,,,,,,,,,,-10.113,-0.105,-0.184,,,,,,
1,S,22182785,4743,0.800,1.120,1.120,-9.873,-0.233,0.152,,,,,,,,,,,,
1,A,22184550,2311,,,,,,,10.930,-0.467,0.233,,,,,,,,,
1,B,22184817,2032,,,,,,,,,,-10.137,-0.145,-0.172,,,,,,
1,S,22184817,2032,0.480,1.120,1.440,-9.887,-0.228,0.152,,,,,,,,,,,,
1,A,22187851,3301,,,,,,,10.941,-0.470,0.246,,,,,,,,,
1,B,22188203,3386,,,,,,,,,,,,,,,,45.500,-83.688,39.000
1,S,22188203,3386,0.480,0.800,2.080,-9.912,-0.223,0.142,,,,,,,,,,,,
1,A,22190150,2299,,,,,,,10.963,-0.466,0.240,,,,,,,,,
1,B,22190894,2691,,,,,,,,,,,,,0.000,0.000,0.000,,,
1,S,22190894,2691,0.800,0.800,2.080,-9.912,-0.228,0.138,,,,,,,,,,,,
1,A,22193449,3299,,,,,,,10.900,-0.460,0.236,,,,,,,,,
1,B,22193623,2729,,,,,,,,,,,,,,,,45.750,-84.438,39.688
1,S,22193623,2729,0.800,1.440,2.080,-9.908,-0.228,0.122,,,,,,,,,,,,
1,A,22196749,3300,,,,,,,10.918,-0.468,0.236,,,,,,,,,
1,B,22197009,3386,,,,,,,,,,-10.145,-0.105,-0.250,,,,,,
1,S,22197009,3386,1.120,1.760,1.440,-9.898,-0.223,0.122,,,,,,,,,,,,
1,A,22200047,3298,,,,,,,10.925,-0.464,0.222,,,,,,,,,
1,B,22200396,3387,,,,,,,,,,,,,0.000,0.000,0.000,,,
1,S,22200396,3387,1.120,1.440,1.440,-9.887,-0.228,0.128,,,,,,,,,,,,
1,A,22203359,3312,,,,,,,10.899,-0.485,0.241,,,,,,,,,
1,B,22203784,3388,,,,,,,,,,-10.145,-0.125,-0.191,,,,,,
1,S,22203784,3388,0.800,0.800,2.080,-9.877,-0.242,0.133,,,,,,,,,,,,
1,A,22206658,3299,,,,,,,10.908,-0.483,0.253,,,,,,,,,
1,B,22207170,3386,,,,,,,,,,,,,,,,45.000,-84.875,40.250
1,S,22207170,3386,0.800,1.440,2.400,-9.867,-0.253,0.128,,,,,,,,,,,,
1,A,22208958,2300,,,,,,,10.918,-0.497,0.230,,,,,,,,,
1,B,22209202,2032,,,,,,,,,,,,,0.000,0.000,0.000,,,
1,S,22209202,2032,0.480,1.760,2.400,-9.863,-0.247,0.128,,,,,,,,,,,,
1,A,22212256,3298,,,,,,,10.919,-0.463,0.260,,,,,,,,,
1,B,22212589,3387,,,,,,,,,,-10.133,-0.133,-0.184,,,,,,
1,S,22212589,3387,0.480,1.760,2.080,-9.873,-0.242,0.138,,,,,,,,,,,,
1,A,22215556,3300,,,,,,,10.925,-0.463,0.259,,,,,,,,,
1,B,22215977,3388,,,,,,,,,,,,,,,,45.688,-85.562,39.750
1,S,22215977,3388,0.800,1.120,2.080,-9.893,-0.242,0.152,,,,,,,,,,,,
1,A,22217855,2299,,,,,,,10.938,-0.456,0.241,,,,,,,,,
1,B,22218007,2030,,,,,,,,,,,,,0.000,0.000,0.000,,,
1,S,22218007,2030,1.120,0.800,2.080,-9.908,-0.237,0.152,,,,,,,,,,,,
1,A,22222165,4310,,,,,,,10.931,-0.447,0.284,,,,,,,,,
1,B,22222750,4743,,,,,,,,,,-10.121,-0.113,-0.211,,,,,,
1,S,22222750,4743,1.120,1.440,2.080,-9.902,-0.228,0.138,,,,,,,,,,,,
1,A,22224465,2300,,,,,,,10.925,-0.461,0.263,,,,,,,,,
1,B,22224782,2032,,,,,,,,,,-10.156,-0.125,-0.199,,,,,,
1,S,22224782,2032,0.480,1.760,2.080,-9.898,-0.217,0.128,,,,,,,,,,,,
1,A,22227765,3300,,,,,,,10.943,-0.464,0.263,,,,,,,,,
1,B,22228168,3386,,,,,,,,,,,,,,,,45.188,-84.625,39.625
1,S,22228168,3386,0.480,2.080,2.080,-9.893,-0.212,0.117,,,,,,,,,,,,
1,A,22230064,2299,,,,,,,10.920,-0.474,0.224,,,,,,,,,
1,B,22230200,2032,,,,,,,,,,,,,0.000,0.000,0.000,,,
1,S,22230200,2032,1.120,2.080,2.080,-9.893,-0.217,0.122,,,,,,,,,,,,
1,A,22233364,3300,,,,,,,10.918,-0.477,0.233,,,,,,,,,
1,B,22233588,3388,,,,,,,,,,-10.141,-0.086,-0.199,,,,,,
1,S,22233588,3388,1.120,1.760,2.400,-9.893,-0.228,0.133,,,,,,,,,,,,
1,A,22236664,3300,,,,,,,10.928,-0.502,0.250,,,,,,,,,
1,B,22236975,3387,,,,,,,,,,,,,,,,45.000,-84.312,39.812
1,S,22236975,3387,1.120,1.120,2.400,-9.883,-0.242,0.138,,,,,,,,,,,,
1,A,22238976,2312,,,,,,,10.919,-0.496,0.236,,,,,,,,,
1,B,22239684,2709,,,,,,,,,,,,,0.000,0.000,0.000,,,
1,S,22239684,2709,1.120,0.800,2.400,-9.877,-0.253,0.138,,,,,,,,,,,,
1,A,22242274,3298,,,,,,,10.892,-0.477,0.285,,,,,,,,,
1,B,22242393,2709,,,,,,,,,,-10.137,-0.152,-0.199,,,,,,
1,S,22242393,2709,1.120,0.800,2.400,-9.873,-0.253,0.147,,,,,,,,,,,,
1,A,22245574,3300,,,,,,,10.922,-0.477,0.280,,,,,,,,,
1,B,22245781,3388,,,,,,,,,,,,,,,,45.438,-83.812,39.312
1,S,22245781,3388,1.760,1.120,2.720,-9.873,-0.247,0.158,,,,,,,,,,,,
1,A,22247874,2300,,,,,,,10.915,-0.483,0.280,,,,,,,,,
1,B,22248490,2709,,,,,,,,,,,,,0.000,0.000,0.000,,,
1,S,22248490,2709,2.080,1.120,2.720,-9.873,-0.242,0.152,,,,,,,,,,,,
1,A,22252173,4299,,,,,,,10.935,-0.457,0.282,,,,,,,,,
1,B,22252554,4064,,,,,,,,,,-10.148,-0.125,-0.191,,,,,,
1,S,22252554,4064,1.760,1.440,2.400,-9.887,-0.228,0.142,,,,,,,,,,,,
1,A,22254473,2300,,,,,,,10.944,-0.464,0.276,,,,,,,,,
1,B,22254586,2032,,,,,,,,,,-10.133,-0.113,-0.191,,,,,,
1,S,22254586,2032,0.800,1.120,2.400,-9.898,-0.228,0.147,,,,,,,,,,,,
1,A,22257784,3311,,,,,,,10.924,-0.458,0.210,,,,,,,,,
1,B,22257974,3388,,,,,,,,,,,,,,,,44.750,-85.062,40.062
1,S,22257974,3388,0.800,0.800,2.400,-9.908,-0.237,0.152,,,,,,,,,,,,
1,A,22260083,2299,,,,,,,10.928,-0.453,0.219,,,,,,,,,
1,B,22260683,2709,,,,,,,,,,,,,0.000,0.000,0.000,,,
1,S,22260683,2709,0.160,0.800,2.080,-9.912,-0.233,0.142,,,,,,,,,,,,
1,A,22263383,3300,,,,,,,10.920,-0.470,0.239,,,,,,,,,
1,B,22264069,3386,,,,,,,,,,,,,,,,45.188,-83.562,39.812
1,S,22264069,3386,0.160,1.120,2.080,-9.908,-0.217,0.128,,,,,,,,,,,,
1,A,22266683,3300,,,,,,,10.923,-0.473,0.217,,,,,,,,,
1,B,22266779,2710,,,,,,,,,,-10.148,-0.113,-0.211,,,,,,
1,S,22266779,2710,0.160,1.120,1.760,-9.902,-0.223,0.128,,,,,,,,,,,,
1,A,22269983,3300,,,,,,,10.929,-0.470,0.213,,,,,,,,,
1,B,22270165,3386,,,,,,,,,,,,,0.000,0.000,0.000,,,
1,S,22270165,3386,-0.160,1.120,2.080,-9.898,-0.233,0.138,,,,,,,,,,,,
1,A,22273281,3376,,,,,,,10.912,-0.481,0.247,,,,,,,,,
1,B,22273553,3388,,,,,,,,,,-10.133,-0.105,-0.219,,,,,,
1,S,22273553,3388,-0.160,1.440,2.720,-9.887,-0.237,0.138,,,,,,,,,,,,
1,A,22273359,0,,,,,,,10.920,-0.466,0.283,,,,,,,,,
1,B,22276940,3387,,,,,,,,,,,,,,,,44.438,-84.500,40.500
1,S,22276940,3387,0.800,1.760,3.040,-9.887,-0.237,0.133,,,,,,,,,,,,
1,A,22278893,5534,,,,,,,10.921,-0.477,0.289,,,,,,,,,
1,B,22279630,2690,,,,,,,,,,,,,0.000,0.000,0.000,,,
1,S,22279630,2690,1.440,2.080,3.040,-9.883,-0.233,0.138,,,,,,,,,,,,
1,A,22279630,737,,,,,,,10.921,-0.492,0.281,,,,,,,,,
1,B,22282358,2728,,,,,,,,,,-10.145,-0.133,-0.211,,,,,,
1,S,22282358,2728,1.440,1.760,3.040,-9.877,-0.233,0.142,,,,,,,,,,,,
1,A,22282359,2729,,,,,,,10.927,-0.486,0.259,,,,,,,,,
1,B,22285746,3388,,,,,,,,,,,,,,,,45.625,-83.562,38.688
1,S,22285746,3388,1.120,0.800,2.720,-9.883,-0.237,0.147,,,,,,,,,,,,
1,A,22285612,3253,,,,,,,10.923,-0.460,0.228,,,,,,,,,
1,B,22288455,2709,,,,,,,,,,,,,0.000,0.000,0.000,,,
1,S,22288455,2709,1.120,0.480,2.400,-9.893,-0.233,0.147,,,,,,,,,,,,
1,A,22288601,2989,,,,,,,10.926,-0.475,0.230,,,,,,,,,
1,B,22292519,4064,,,,,,,,,,-10.133,-0.105,-0.191,,,,,,
1,S,22292519,4064,1.120,0.800,2.400,-9.893,-0.217,0.142,,,,,,,,,,,,
1,A,22292587,3986,,,,,,,10.935,-0.470,0.207,,,,,,,,,
1,B,22294551,2032,,,,,,,,,,-10.152,-0.125,-0.199,,,,,,
1,S,22294551,2032,1.120,0.800,2.400,-9.887,-0.212,0.142,,,,,,,,,,,,
1,A,22294580,1993,,,,,,,10.931,-0.464,0.216,,,,,,,,,
1,B,22297939,3388,,,,,,,,,,,,,,,,45.312,-83.938,38.875
1,S,22297939,3388,1.120,0.800,2.400,-9.893,-0.207,0.133,,,,,,,,,,,,
1,A,22298565,3985,,,,,,,10.955,-0.467,0.252,,,,,,,,,
1,B,22300648,2709,,,,,,,,,,,,,0.000,0.000,0.000,,,
1,S,22300648,2709,0.800,0.800,2.080,-9.893,-0.217,0.128,,,,,,,,,,,,
1,A,22300558,1993,,,,,,,10.882,-0.477,0.252,,,,,,,,,
1,B,22304034,3386,,,,,,,,,,-10.152,-0.113,-0.219,,,,,,
1,S,22304034,3386,0.800,1.120,2.080,-9.902,-0.233,0.122,,,,,,,,,,,,
1,A,22303547,2989,,,,,,,10.910,-0.480,0.256,,,,,,,,,
1,B,22306744,2710,,,,,,,,,,,,,,,,45.625,-83.562,37.938
1,S,22306744,2710,0.480,1.440,2.400,-9.902,-0.237,0.128,,,,,,,,,,,,
1,A,22307532,3985,,,,,,,10.906,-0.500,0.298,,,,,,,,,
1,B,22309453,2709,,,,,,,,,,,,,0.000,0.000,0.000,,,
1,S,22309453,2709,0.480,1.760,2.720,-9.893,-0.237,0.138,,,,,,,,,,,,
1,A,22309525,1993,,,,,,,10.896,-0.514,0.277,,,,,,,,,
1,B,22312841,3388,,,,,,,,,,-10.105,-0.125,-0.199,,,,,,
1,S,22312841,3388,0.480,1.760,2.400,-9.877,-0.253,0.147,,,,,,,,,,,,
1,A,22312522,2997,,,,,,,10.911,-0.467,0.248,,,,,,,,,
1,B,22316227,3386,,,,,,,,,,,,,,,,45.312,-82.875,39.062
1,S,22316227,3386,1.120,1.440,2.080,-9.877,-0.253,0.152,,,,,,,,,,,,
1,A,22316499,5359,,,,,,,10.919,-0.465,0.254,,,,,,,,,
1,B,22318259,2032,,,,,,,,,,,,,0.000,0.000,0.000,,,
1,S,22318259,2032,1.440,1.120,2.080,-9.883,-0.253,0.147,,,,,,,,,,,,
1,A,22322172,4291,,,,,,,10.910,-0.461,0.249,,,,,,,,,
1,B,22322323,4064,,,,,,,,,,-10.152,-0.125,-0.199,,,,,,
1,S,22322323,4064,1.440,0.800,1.760,-9.883,-0.242,0.138,,,,,,,,,,,,
1,A,22324470,2298,,,,,,,10.924,-0.460,0.233,,,,,,,,,
1,B,22325032,2709,,,,,,,,,,-10.141,-0.105,-0.191,,,,,,
1,S,22325032,2709,0.800,0.800,1.760,-9.877,-0.247,0.138,,,,,,,,,,,,
1,A,22325466,3311,,,,,,,10.935,-0.457,0.237,,,,,,,,,
1,B,22328420,3388,,,,,,,,,,,,,,,,45.500,-84.250,39.438
1,S,22328420,3388,0.480,0.800,1.760,-9.883,-0.247,0.133,,,,,,,,,,,,
1,A,22328455,674,,,,,,,10.928,-0.485,0.257,,,,,,,,,
1,B,22331129,2709,,,,,,,,,,,,,0.000,0.000,0.000,,,
1,S,22331129,2709,0.800,1.440,2.080,-9.898,-0.237,0.128,,,,,,,,,,,,
1,A,22333329,4874,,,,,,,10.925,-0.464,0.242,,,,,,,,,
1,B,22333839,2710,,,,,,,,,,,,,,,,45.312,-84.938,39.438
1,S,22333839,2710,1.120,2.400,2.080,-9.912,-0.233,0.128,,,,,,,,,,,,
1,A,22333840,511,,,,,,,10.928,-0.473,0.260,,,,,,,,,
1,B,22337225,3386,,,,,,,,,,-10.145,-0.105,-0.211,,,,,,
1,S,22337225,6097,1.440,2.080,2.080,-9.893,-0.242,0.128,,,,,,,,,,,,
1,A,22337646,3806,,,,,,,10.898,-0.483,0.275,,,,,,,,,
1,B,22340612,3387,,,,,,,,,,,,,0.000,0.000,0.000,,,
1,S,22340612,676,1.120,0.800,2.080,-9.887,-0.242,0.128,,,,,,,,,,,,
1,B,22343322,2710,,,,,,,,,,-10.152,-0.133,-0.219,,,,,,
1,S,22343322,2710,1.120,0.480,1.440,-9.883,-0.237,0.133,,,,,,,,,,,,
1,A,22346391,8745,,,,,,,10.922,-0.483,0.249,,,,,,,,,
1,B,22346709,3387,,,,,,,,,,,,,,,,45.812,-84.812,39.000
1,S,22346709,3387,1.120,1.440,1.120,-9.877,-0.228,0.142,,,,,,,,,,,,
1,A,22347588,1197,,,,,,,10.899,-0.477,0.237,,,,,,,,,
1,B,22349418,2709,,,,,,,,,,,,,0.000,0.000,0.000,,,
1,S,22349418,5418,1.120,1.760,2.080,-9.898,-0.228,0.158,,,,,,,,,,,,
1,B,22352806,3388,,,,,,,,,,-10.137,-0.125,-0.191,,,,,,
1,S,22352806,679,1.120,1.760,2.080,-9.898,-0.228,0.158,,,,,,,,,,,,
1,A,22355358,7770,,,,,,,10.931,-0.481,0.265,,,,,,,,,
1,B,22355515,2709,,,,,,,,,,,,,,,,44.625,-84.250,39.938
1,S,22355515,2709,1.120,1.760,2.400,-9.898,-0.228,0.163,,,,,,,,,,,,
1,A,22356483,1125,,,,,,,10.922,-0.475,0.265,,,,,,,,,
1,B,22358224,2709,,,,,,,,,,,,,0.000,0.000,0.000,,,
1,S,22358224,2709,1.440,1.760,2.080,-9.887,-0.228,0.152,,,,,,,,,,,,
1,A,22360783,4300,,,,,,,10.928,-0.469,0.254,,,,,,,,,
1,B,22362288,4064,,,,,,,,,,-10.133,-0.113,-0.191,,,,,,
1,S,22362288,6096,1.440,1.440,1.760,-9.902,-0.237,0.128,,,,,,,,,,,,
1,B,22364999,2711,,,,,,,,,,-10.145,-0.113,-0.199,,,,,,
1,S,22364999,679,0.800,1.440,2.080,-9.902,-0.237,0.122,,,,,,,,,,,,
1,A,22367573,6790,,,,,,,10.931,-0.477,0.255,,,,,,,,,
1,B,22367708,2709,,,,,,,,,,,,,,,,45.688,-85.000,39.312
1,S,22367708,2709,0.800,1.440,2.400,-9.912,-0.242,0.122,,,,,,,,,,,,
1,B,22370417,2709,,,,,,,,,,,,,0.000,0.000,0.000,,,
1,S,22370417,2709,0.800,1.440,2.400,-9.908,-0.237,0.122,,,,,,,,,,,,
1,B,22373804,3387,,,,,,,,,,-10.137,-0.125,-0.230,,,,,,
1,S,22373804,3387,0.800,1.440,2.400,-9.893,-0.228,0.122,,,,,,,,,,,,
1,B,22377190,3386,,,,,,,,,,,,,,,,46.375,-84.125,38.625
1,S,22377190,3386,0.800,1.120,2.080,-9.887,-0.233,0.122,,,,,,,,,,,,
1,B,22379222,2032,,,,,,,,,,,,,0.000,0.000,0.000,,,
1,S,22379222,2032,1.120,1.120,1.760,-9.887,-0.233,0.128,,,,,,,,,,,,
1,B,22382610,3388,,,,,,,,,,-10.137,-0.113,-0.211,,,,,,
1,S,22382610,6097,1.120,1.440,2.080,-9.883,-0.228,0.152,,,,,,,,,,,,
1,B,22385997,3387,,,,,,,,,,,,,,,,45.688,-84.562,39.938
1,S,22385997,678,1.760,1.760,2.080,-9.883,-0.228,0.152,,,,,,,,,,,,
1,B,22388028,2031,,,,,,,,,,,,,0.000,0.000,0.000,,,
1,S,22388028,2031,1.760,1.440,2.720,-9.883,-0.233,0.152,,,,,,,,,,,,
1,B,22392092,4064,,,,,,,,,,-10.152,-0.113,-0.172,,,,,,
1,S,22392092,4064,1.440,0.480,2.720,-9.883,-0.233,0.152,,,,,,,,,,,,
1,B,22394803,2711,,,,,,,,,,-10.176,-0.105,-0.191,,,,,,
1,S,22394803,2711,0.800,0.480,2.400,-9.887,-0.228,0.158,,,,,,,,,,,,
1,B,22398189,3386,,,,,,,,,,,,,,,,45.500,-84.688,38.812
1,S,22398189,3386,0.800,1.120,2.080,-9.902,-0.228,0.158,,,,,,,,,,,,
1,B,22400221,2032,,,,,,,,,,,,,0.000,0.000,0.000,,,
1,S,22400221,2032,1.120,1.760,1.760,-9.908,-0.228,0.147,,,,,,,,,,,,
1,B,22404285,4064,,,,,,,,,,-10.152,-0.125,-0.199,,,,,,
1,S,22404285,4064,1.440,2.080,1.760,-9.912,-0.233,0.128,,,,,,,,,,,,
1,B,22407673,3388,,,,,,,,,,,,,,,,45.500,-84.250,39.438
1,S,22407673,3388,1.120,2.080,1.760,-9.902,-0.242,0.128,,,,,,,,,,,,
1,B,22409705,2032,,,,,,,,,,,,,0.000,0.000,0.000,,,
1,S,22409705,2032,0.480,1.760,2.080,-9.898,-0.247,0.122,,,,,,,,,,,,
1,B,22413091,3386,,,,,,,,,,-10.145,-0.125,-0.219,,,,,,
1,S,22413091,3386,-0.160,1.440,2.080,-9.887,-0.253,0.122,,,,,,,,,,,,
1,B,22416478,3387,,,,,,,,,,,,,,,,45.125,-83.625,39.125
1,S,22416478,3387,-0.480,0.800,2.080,-9.877,-0.258,0.128,,,,,,,,,,,,
1,B,22419168,2690,,,,,,,,,,,,,0.000,0.000,0.000,,,
1,S,22419168,2690,0.160,0.480,2.080,-9.867,-0.258,0.142,,,,,,,,,,,,
1,B,22423252,4084,,,,,,,,,,-10.137,-0.145,-0.191,,,,,,
1,S,22423252,4084,0.480,0.800,2.400,-9.867,-0.258,0.158,,,,,,,,,,,,
1,B,22425284,2032,,,,,,,,,,,,,,,,45.562,-83.062,38.562
1,S,22425284,2032,1.120,1.120,2.400,-9.877,-0.258,0.158,,,,,,,,,,,,
1,B,22428671,3387,,,,,,,,,,,,,0.000,0.000,0.000,,,
1,S,22428671,3387,1.440,1.440,2.080,-9.893,-0.247,0.158,,,,,,,,,,,,
1,B,22432735,4064,,,,,,,,,,-10.121,-0.133,-0.199,,,,,,
1,S,22432735,4064,0.800,0.800,1.760,-9.908,-0.242,0.147,,,,,,,,,,,,
1,B,22435445,2710,,,,,,,,,,-10.145,-0.113,-0.211,,,,,,
1,S,22435445,2710,0.800,-0.160,1.760,-9.912,-0.237,0.128,,,,,,,,,,,,
1,B,22438832,3387,,,,,,,,,,,,,,,,44.375,-84.000,40.375
1,S,22438832,3387,0.800,-0.160,2.080,-9.902,-0.228,0.113,,,,,,,,,,,,
1,B,22440864,2032,,,,,,,,,,,,,0.000,0.000,0.000,,,
1,S,22440864,2032,0.800,0.160,2.080,-9.893,-0.223,0.113,,,,,,,,,,,,
1,B,22444250,3386,,,,,,,,,,-10.160,-0.098,-0.230,,,,,,
1,S,22444250,3386,0.480,0.800,2.400,-9.877,-0.217,0.117,,,,,,,,,,,,
1,B,22447638,3388,,,,,,,,,,,,,,,,44.688,-83.688,39.500
1,S,22447638,3388,0.160,1.440,2.080,-9.857,-0.223,0.138,,,,,,,,,,,,
1,B,22449670,2032,,,,,,,,,,,,,0.000,0.000,0.000,,,
1,S,22449670,2032,0.160,1.760,2.080,-9.857,-0.228,0.147,,,,,,,,,,,,
1,B,22453056,3386,,,,,,,,,,-10.133,-0.113,-0.230,,,,,,
1,S,22453056,3386,0.480,1.760,2.400,-9.867,-0.237,0.152,,,,,,,,,,,,
1,B,22456443,3387,,,,,,,,,,,,,,,,44.250,-85.125,40.500
1,S,22456443,3387,1.120,1.760,2.720,-9.893,-0.242,0.152,,,,,,,,,,,,
1,B,22458475,2032,,,,,,,,,,,,,0.000,0.000,0.000,,,
1,S,22458475,2032,1.120,1.760,2.720,-9.898,-0.237,0.158,,,,,,,,,,,,
1,B,22462540,4065,,,,,,,,,,-10.141,-0.113,-0.184,,,,,,
1,S,22462540,4065,1.120,1.440,2.720,-9.898,-0.233,0.158,,,,,,,,,,,,
1,B,22465249,2709,,,,,,,,,,-10.113,-0.105,-0.191,,,,,,
1,S,22465249,2709,1.120,1.120,2.400,-9.902,-0.223,0.163,,,,,,,,,,,,
1,B,22468636,3387,,,,,,,,,,,,,,,,44.312,-83.562,40.312
1,S,22468636,3387,1.120,0.800,2.080,-9.908,-0.212,0.152,,,,,,,,,,,,
1,B,22470668,2032,,,,,,,,,,,,,0.000,0.000,0.000,,,
1,S,22470668,2032,1.120,0.800,2.080,-9.912,-0.212,0.138,,,,,,,,,,,,
1,B,22474054,3386,,,,,,,,,,,,,,,,45.188,-85.625,40.188
1,S,22474054,3386,1.120,1.120,2.080,-9.912,-0.217,0.128,,,,,,,,,,,,
1,B,22477442,3388,,,,,,,,,,-10.133,-0.105,-0.191,,,,,,
1,S,22477442,3388,0.800,0.800,1.760,-9.898,-0.233,0.122,,,,,,,,,,,,
1,B,22480829,3387,,,,,,,,,,,,,0.000,0.000,0.000,,,
1,S,22480829,3387,0.800,0.800,2.080,-9.883,-0.247,0.117,,,,,,,,,,,,
1,B,22483538,2709,,,,,,,,,,-10.121,-0.125,-0.219,,,,,,
1,S,22483538,2709,0.160,0.800,2.400,-9.877,-0.247,0.122,,,,,,,,,,,,
1,B,22486926,3388,,,,,,,,,,,,,,,,45.312,-83.938,38.875
1,S,22486926,3388,0.160,1.440,3.040,-9.883,-0.247,0.142,,,,,,,,,,,,
1,B,22489635,2709,,,,,,,,,,,,,0.000,0.000,0.000,,,
1,S,22489635,2709,1.440,1.440,2.720,-9.883,-0.253,0.158,,,,,,,,,,,,
1,B,22492344,2709,,,,,,,,,,-10.137,-0.145,-0.184,,,,,,
1,S,22492344,2709,1.760,1.440,2.080,-9.887,-0.247,0.163,,,,,,,,,,,,
1,B,22495731,3387,,,,,,,,,,,,,,,,45.625,-84.562,39.250
1,S,22495731,3387,1.440,1.760,1.440,-9.893,-0.237,0.163,,,,,,,,,,,,
1,B,22498440,2709,,,,,,,,,,,,,0.000,0.000,0.000,,,
1,S,22498440,2709,0.480,1.760,1.760,-9.898,-0.233,0.163,,,,,,,,,,,,
1,B,22502505,4065,,,,,,,,,,-10.141,-0.133,-0.172,,,,,,
1,S,22502505,4065,0.160,1.120,2.400,-9.912,-0.223,0.158,,,,,,,,,,,,
1,B,22504537,2032,,,,,,,,,,-10.160,-0.113,-0.199,,,,,,
1,S,22504537,2032,0.800,0.800,2.400,-9.918,-0.228,0.142,,,,,,,,,,,,
1,B,22507924,3387,,,,,,,,,,,,,,,,43.875,-84.125,40.125
1,S,22507924,3387,1.440,1.120,2.400,-9.918,-0.237,0.128,,,,,,,,,,,,
1,B,22510633,2709,,,,,,,,,,,,,0.000,0.000,0.000,,,
1,S,22510633,2709,1.440,1.120,2.400,-9.898,-0.247,0.122,,,,,,,,,,,,
1,B,22513342,2709,,,,,,,,,,-10.141,-0.113,-0.230,,,,,,
1,S,22513342,2709,1.120,1.120,2.400,-9.877,-0.247,0.122,,,,,,,,,,,,
1,B,22516730,3388,,,,,,,,,,,,,,,,45.625,-84.062,39.812
1,S,22516730,3388,1.120,1.440,2.400,-9.873,-0.242,0.128,,,,,,,,,,,,
1,B,22519439,2709,,,,,,,,,,,,,0.000,0.000,0.000,,,
1,S,22519439,2709,1.120,1.440,2.400,-9.867,-0.237,0.133,,,,,,,,,,,,
1,B,22523503,4064,,,,,,,,,,-10.133,-0.145,-0.199,,,,,,
1,S,22523503,4064,1.120,1.440,2.400,-9.873,-0.242,0.147,,,,,,,,,,,,
1,B,22525535,2032,,,,,,,,,,,,,,,,45.375,-83.875,39.562
1,S,22525535,2032,1.120,1.440,2.400,-9.877,-0.242,0.152,,,,,,,,,,,,
1,B,22528244,2709,,,,,,,,,,,,,0.000,0.000,0.000,,,
1,S,22528244,2709,1.120,1.440,2.080,-9.877,-0.242,0.158,,,,,,,,,,,,
1,B,22532309,4065,,,,,,,,,,-10.133,-0.152,-0.172,,,,,,
1,S,22532309,4065,1.120,1.760,1.760,-9.883,-0.228,0.158,,,,,,,,,,,,
1,B,22534341,2032,,,,,,,,,,-10.145,-0.125,-0.191,,,,,,
1,S,22534341,2032,0.800,1.760,1.760,-9.893,-0.212,0.158,,,,,,,,,,,,
1,B,22537728,3387,,,,,,,,,,,,,,,,45.125,-85.125,40.062
1,S,22537728,3387,1.120,1.760,1.760,-9.908,-0.193,0.142,,,,,,,,,,,,
1,B,22540437,2709,,,,,,,,,,,,,0.000,0.000,0.000,,,
1,S,22540437,2709,1.760,1.440,1.760,-9.908,-0.193,0.122,,,,,,,,,,,,
1,B,22543805,3368,,,,,,,,,,,,,,,,46.125,-84.500,38.812
1,S,22543805,3368,1.440,1.120,1.760,-9.908,-0.198,0.113,,,,,,,,,,,,
1,B,22546534,2729,,,,,,,,,,-10.133,-0.113,-0.219,,,,,,
1,S,22546534,2729,1.120,1.120,2.080,-9.898,-0.203,0.107,,,,,,,,,,,,
1,B,22549243,2709,,,,,,,,,,,,,0.000,0.000,0.000,,,
1,S,22549243,2709,1.120,1.440,2.400,-9.893,-0.203,0.107,,,,,,,,,,,,
1,B,22553307,4064,,,,,,,,,,,,,,,,45.438,-82.750,38.812
1,S,22553307,4064,1.440,1.760,2.080,-9.887,-0.212,0.117,,,,,,,,,,,,
1,B,22555340,2033,,,,,,,,,,-10.121,-0.133,-0.211,,,,,,
1,S,22555340,2033,1.120,1.760,2.080,-9.887,-0.228,0.128,,,,,,,,,,,,
1,B,22558049,2709,,,,,,,,,,,,,0.000,0.000,0.000,,,
1,S,22558049,2709,1.120,1.440,2.080,-9.893,-0.242,0.138,,,,,,,,,,,,
1,B,22562113,4064,,,,,,,,,,-10.137,-0.125,-0.184,,,,,,
1,S,22562113,4064,1.440,1.120,2.400,-9.887,-0.237,0.158,,,,,,,,,,,,
1,B,22564804,2691,,,,,,,,,,,,,,,,45.812,-84.875,39.750
1,S,22564804,2691,1.440,1.120,2.080,-9.887,-0.233,0.158,,,,,,,,,,,,
1,B,22566856,2052,,,,,,,,,,-10.121,-0.086,-0.172,,,,,,
1,S,22566856,2052,1.120,0.800,1.760,-9.893,-0.228,0.163,,,,,,,,,,,,
1,B,22570242,3386,,,,,,,,,,,,,0.000,0.000,0.000,,,
1,S,22570242,3386,1.120,0.480,2.400,-9.912,-0.223,0.158,,,,,,,,,,,,
1,B,22573629,3387,,,,,,,,,,,,,,,,46.000,-85.125,39.500
1,S,22573629,3387,1.440,0.480,2.080,-9.908,-0.228,0.138,,,,,,,,,,,,
1,B,22576338,2709,,,,,,,,,,-10.137,-0.133,-0.199,,,,,,
1,S,22576338,2709,2.080,0.800,2.080,-9.893,-0.228,0.122,,,,,,,,,,,,
1,B,22579047,2709,,,,,,,,,,,,,0.000,0.000,0.000,,,
1,S,22579047,2709,1.760,1.120,2.080,-9.893,-0.223,0.117,,,,,,,,,,,,
1,B,22583112,4065,,,,,,,,,,,,,,,,44.750,-85.125,39.375
1,S,22583112,4065,1.120,2.080,1.760,-9.893,-0.223,0.117,,,,,,,,,,,,
1,B,22586499,3387,,,,,,,,,,-10.133,-0.113,-0.219,,,,,,
1,S,22586499,3387,0.800,1.440,1.760,-9.887,-0.242,0.122,,,,,,,,,,,,
1,B,22588531,2032,,,,,,,,,,,,,0.000,0.000,0.000,,,
1,S,22588531,2032,0.480,1.120,1.760,-9.883,-0.253,0.128,,,,,,,,,,,,
1,B,22593272,4741,,,,,,,,,,,,,,,,44.875,-84.500,39.438
1,S,22593272,4741,0.480,1.120,1.760,-9.867,-0.258,0.133,,,,,,,,,,,,
1,B,22595305,2033,,,,,,,,,,-10.141,-0.145,-0.199,,,,,,
1,S,22595305,2033,1.120,1.120,1.760,-9.867,-0.247,0.133,,,,,,,,,,,,
1,B,22597337,2032,,,,,,,,,,,,,0.000,0.000,0.000,,,
1,S,22597337,2032,0.800,1.120,1.760,-9.873,-0.237,0.133,,,,,,,,,,,,
1,B,22602078,4741,,,,,,,,,,-10.133,-0.113,-0.172,,,,,,
1,S,22602078,4741,0.800,1.120,2.080,-9.887,-0.228,0.147,,,,,,,,,,,,
1,B,22604110,2032,,,,,,,,,,,,,,,,45.688,-85.562,39.750
1,S,22604110,2032,0.800,1.440,2.080,-9.893,-0.223,0.147,,,,,,,,,,,,
1,B,22607497,3387,,,,,,,,,,,,,0.000,0.000,0.000,,,
1,S,22607497,3387,1.120,1.760,1.760,-9.902,-0.228,0.142,,,,,,,,,,,,
1,B,22611562,4065,,,,,,,,,,-10.109,-0.125,-0.191,,,,,,
1,S,22611562,4065,1.120,1.440,1.440,-9.902,-0.228,0.133,,,,,,,,,,,,
1,B,22614271,2709,,,,,,,,,,-10.133,-0.113,-0.219,,,,,,
1,S,22614271,2709,0.800,1.120,1.440,-9.898,-0.228,0.128,,,,,,,,,,,,
1,B,22616981,2710,,,,,,,,,,,,,,,,45.188,-84.625,39.625
1,S,22616981,2710,1.120,1.440,1.760,-9.893,-0.228,0.122,,,,,,,,,,,,
1,B,22619690,2709,,,,,,,,,,,,,0.000,0.000,0.000,,,
1,S,22619690,2709,1.440,1.440,2.080,-9.883,-0.233,0.117,,,,,,,,,,,,
1,B,22623077,3387,,,,,,,,,,-10.137,-0.133,-0.199,,,,,,
1,S,22623077,3387,1.120,1.760,2.400,-9.883,-0.237,0.122,,,,,,,,,,,,
1,B,22626464,3387,,,,,,,,,,,,,,,,45.062,-83.750,39.375
1,S,22626464,3387,0.480,2.080,2.720,-9.883,-0.242,0.133,,,,,,,,,,,,
1,B,22628496,2032,,,,,,,,,,,,,0.000,0.000,0.000,,,
1,S,22628496,2032,0.480,2.080,2.400,-9.877,-0.242,0.142,,,,,,,,,,,,
1,B,22632560,4064,,,,,,,,,,-10.117,-0.125,-0.199,,,,,,
1,S,22632560,4064,0.800,1.440,1.760,-9.883,-0.228,0.163,,,,,,,,,,,,
1,B,22635269,2709,,,,,,,,,,,,,,,,46.188,-84.875,38.875
1,S,22635269,2709,0.800,1.120,2.080,-9.893,-0.223,0.168,,,,,,,,,,,,
1,B,22637302,2033,,,,,,,,,,,,,0.000,0.000,0.000,,,
1,S,22637302,2033,0.800,0.800,2.080,-9.902,-0.223,0.163,,,,,,,,,,,,
1,B,22641366,4064,,,,,,,,,,-10.145,-0.133,-0.199,,,,,,
1,S,22641366,4064,0.800,1.120,2.080,-9.908,-0.223,0.152,,,,,,,,,,,,
1,B,22644075,2709,,,,,,,,,,-10.098,-0.113,-0.211,,,,,,
1,S,22644075,2709,1.440,1.120,2.080,-9.887,-0.223,0.147,,,,,,,,,,,,
1,B,22647463,3388,,,,,,,,,,,,,,,,45.938,-85.188,40.250
1,S,22647463,3388,1.440,1.120,1.760,-9.787,-0.212,0.117,,,,,,,,,,,,
1,B,22649495,2032,,,,,,,,,,,,,0.000,0.000,0.000,,,
3,S,22649495,2032,1.440,1.440,1.760,-9.738,-0.207,0.092,,,,,,,,,,,,
3,B,22653559,4064,,,,,,,,,,,,,,,,45.438,-83.812,39.312
3,S,22653559,4064,1.760,1.760,2.400,-9.748,-0.258,0.102,,,,,,,,,,,,
3,B,22656946,3387,,,,,,,,,,-9.973,-0.145,-0.250,,,,,,
3,S,22656946,3387,1.440,0.800,2.080,-9.992,-0.333,0.198,,,,,,,,,,,,
3,B,22658978,2032,,,,,,,,,,,,,0.000,0.000,0.000,,,
3,S,22658978,2032,1.440,0.480,1.760,-10.197,-0.347,0.253,,,,,,,,,,,,
3,B,22663720,4742,,,,,,,,,,-10.516,-0.230,-0.098,,,,,,
3,S,22663720,4742,1.120,1.440,2.080,-10.158,-0.177,0.193,,,,,,,,,,,,
3,A,22663257,295684,,,,,,,10.791,-0.312,0.084,,,,,,,,,
3,B,22667106,3386,,,,,,,,,,,,,,,,44.875,-84.000,40.000
3,S,22667106,3386,0.480,2.400,2.400,-9.807,-0.058,0.072,,,,,,,,,,,,
3,A,22668733,5476,,,,,,,10.900,-0.460,0.123,,,,,,,,,
3,B,22669138,2032,,,,,,,,,,-9.988,0.059,-0.289,,,,,,
3,S,22669138,2032,0.160,2.080,2.400,-9.682,-0.058,0.028,,,,,,,,,,,,
3,A,22672031,3298,,,,,,,10.905,-0.581,0.188,,,,,,,,,
3,B,22672525,3387,,,,,,,,,,,,,0.112,0.112,0.112,,,
3,S,22672525,3387,0.480,1.760,1.760,-9.727,-0.163,0.013,,,,,,,,,,,,
3,A,22674331,2300,,,,,,,10.830,-0.516,0.213,,,,,,,,,
3,B,22674558,2033,,,,,,,,,,,,,,,,45.250,-84.562,39.312
3,S,22674558,2033,1.120,1.120,1.440,-9.822,-0.253,0.037,,,,,,,,,,,,
3,A,22677631,3300,,,,,,,10.926,-0.647,0.275,,,,,,,,,
3,B,22677945,3387,,,,,,,,,,-10.102,-0.172,-0.277,,,,,,
3,S,22677945,3387,1.440,0.800,1.760,-9.893,-0.333,0.102,,,,,,,,,,,,
3,A,22680931,3300,,,,,,,10.958,-0.557,0.262,,,,,,,,,
3,B,22681331,3386,,,,,,,,,,,,,0.112,0.000,0.000,,,
3,S,22681331,3386,0.800,0.480,1.760,-9.877,-0.357,0.158,,,,,,,,,,,,
3,A,22683229,2298,,,,,,,11.062,-0.626,0.379,,,,,,,,,
3,B,22683363,2032,,,,,,,,,,,,,,,,44.812,-84.562,39.688
3,S,22683363,2032,0.160,0.800,1.760,-9.887,-0.362,0.177,,,,,,,,,,,,
3,A,22686541,3312,,,,,,,10.996,-0.490,0.336,,,,,,,,,
3,B,22686751,3388,,,,,,,,,,-10.156,-0.250,-0.172,,,,,,
3,S,22686751,3388,-0.160,1.440,1.760,-9.957,-0.352,0.207,,,,,,,,,,,,
3,A,22688841,2300,,,,,,,10.931,-0.412,0.284,,,,,,,,,
3,B,22689460,2709,,,,,,,,,,,,,0.112,0.000,0.000,,,
3,S,22689460,2709,0.160,1.440,1.760,-9.998,-0.328,0.223,,,,,,,,,,,,
3,A,22693139,4298,,,,,,,10.978,-0.327,0.200,,,,,,,,,
3,B,22693524,4064,,,,,,,,,,,,,,,,45.500,-84.250,39.438
3,S,22693524,4064,0.480,0.800,2.080,-9.943,-0.207,0.203,,,,,,,,,,,,
3,A,22695439,2300,,,,,,,10.925,-0.356,0.219,,,,,,,,,
3,B,22695556,2032,,,,,,,,,,-10.227,-0.164,-0.133,,,,,,
3,S,22695556,2032,0.800,0.800,2.080,-9.908,-0.138,0.177,,,,,,,,,,,,
3,A,22697739,2300,,,,,,,10.885,-0.421,0.205,,,,,,,,,
3,B,22698265,2709,,,,,,,,,,-10.105,0.020,-0.238,,,,,,
3,S,22698265,2709,1.120,1.120,2.080,-9.883,-0.083,0.142,,,,,,,,,,,,
3,A,22701037,3298,,,,,,,10.823,-0.539,0.190,,,,,,,,,
3,B,22701653,3388,,,,,,,,,,,,,0.112,0.000,0.000,,,
3,S,22701653,3388,1.440,1.440,2.080,-9.857,-0.107,0.113,,,,,,,,,,,,
3,A,22703349,2312,,,,,,,10.824,-0.578,0.172,,,,,,,,,
3,B,22703685,2032,,,,,,,,,,,,,,,,45.562,-84.125,39.125
3,S,22703685,2032,1.120,1.440,2.080,-9.838,-0.168,0.102,,,,,,,,,,,,
3,A,22706649,3300,,,,,,,10.824,-0.584,0.212,,,,,,,,,
3,B,22707071,3386,,,,,,,,,,-10.051,-0.184,-0.238,,,,,,
3,S,22707071,3386,0.800,1.120,2.400,-9.803,-0.287,0.092,,,,,,,,,,,,
3,A,22709949,3300,,,,,,,10.931,-0.622,0.271,,,,,,,,,
3,B,22710458,3387,,,,,,,,,,,,,0.000,0.112,0.000,,,
3,S,22710458,3387,0.800,1.120,2.080,-9.797,-0.362,0.102,,,,,,,,,,,,
3,A,22712247,2298,,,,,,,10.996,-0.557,0.304,,,,,,,,,
3,B,22712490,2032,,,,,,,,,,,,,,,,45.500,-84.250,39.438
3,S,22712490,2032,1.440,1.120,2.080,-9.828,-0.372,0.122,,,,,,,,,,,,
3,A,22715547,3300,,,,,,,11.014,-0.480,0.310,,,,,,,,,
3,B,22715878,3388,,,,,,,,,,-10.160,-0.277,-0.172,,,,,,
3,S,22715878,3388,1.440,1.440,2.400,-9.912,-0.357,0.182,,,,,,,,,,,,
3,A,22717847,2300,,,,,,,10.998,-0.402,0.268,,,,,,,,,
3,B,22718587,2709,,,,,,,,,,,,,0.112,0.000,0.112,,,
3,S,22718587,2709,1.440,1.760,2.720,-9.977,-0.302,0.212,,,,,,,,,,,,
3,A,22722146,4299,,,,,,,10.919,-0.283,0.216,,,,,,,,,
3,B,22722651,4064,,,,,,,,,,,,,,,,45.562,-84.125,39.125
3,S,22722651,4064,0.800,1.440,2.720,-9.967,-0.158,0.193,,,,,,,,,,,,
3,A,22725458,3312,,,,,,,10.947,-0.318,0.178,,,,,,,,,
3,B,22726037,3386,,,,,,,,,,-10.199,-0.020,-0.164,,,,,,
3,S,22726037,3386,0.160,1.120,2.720,-9.902,-0.052,0.138,,,,,,,,,,,,
3,A,22727757,2299,,,,,,,10.962,-0.346,0.187,,,,,,,,,
3,B,22728069,2032,,,,,,,,,,,,,0.112,0.000,0.112,,,
3,S,22728069,2032,0.480,0.800,2.720,-9.877,-0.033,0.107,,,,,,,,,,,,
3,A,22732056,4299,,,,,,,10.871,-0.469,0.201,,,,,,,,,
3,B,22732793,4724,,,,,,,,,,,,,,,,45.000,-85.312,39.625
3,S,22732793,4724,0.480,0.800,1.760,-9.893,-0.087,0.083,,,,,,,,,,,,
3,A,22734355,2299,,,,,,,10.862,-0.495,0.217,,,,,,,,,
3,B,22734844,2051,,,,,,,,,,-10.141,0.047,-0.238,,,,,,
3,S,22734844,2051,0.480,1.120,1.440,-9.893,-0.158,0.092,,,,,,,,,,,,
3,A,22736655,2300,,,,,,,10.919,-0.574,0.249,,,,,,,,,
3,B,22736876,2032,,,,,,,,,,-10.121,-0.152,-0.211,,,,,,
3,S,22736876,2032,0.160,1.120,1.440,-9.877,-0.217,0.102,,,,,,,,,,,,
3,A,22739955,3300,,,,,,,10.920,-0.578,0.272,,,,,,,,,
3,B,22740262,3386,,,,,,,,,,,,,0.000,0.000,0.000,,,
3,S,22740262,3386,0.480,1.120,2.080,-9.857,-0.297,0.117,,,,,,,,,,,,
3,A,22742265,2310,,,,,,,10.938,-0.553,0.288,,,,,,,,,
3,B,22742973,2711,,,,,,,,,,,,,,,,44.812,-84.938,39.812
3,S,22742973,2711,1.120,0.800,2.720,-9.873,-0.333,0.138,,,,,,,,,,,,
3,A,22745565,3300,,,,,,,10.895,-0.486,0.272,,,,,,,,,
3,B,22745682,2709,,,,,,,,,,-10.156,-0.238,-0.211,,,,,,
3,S,22745682,2709,1.120,0.800,3.360,-9.893,-0.333,0.168,,,,,,,,,,,,
3,A,22747865,2300,,,,,,,10.903,-0.425,0.244,,,,,,,,,
3,B,22748391,2709,,,,,,,,,,,,,-0.112,-0.112,0.000,,,
3,S,22748391,2709,1.120,1.120,3.040,-9.887,-0.292,0.172,,,,,,,,,,,,
3,A,22752163,4298,,,,,,,10.990,-0.412,0.235,,,,,,,,,
3,B,22752455,4064,,,,,,,,,,,,,,,,44.625,-84.250,39.938
3,S,22752455,4064,1.440,1.440,2.400,-9.863,-0.203,0.158,,,,,,,,,,,,
3,A,22755463,3300,,,,,,,10.983,-0.429,0.220,,,,,,,,,
3,B,22755843,3388,,,,,,,,,,-10.137,-0.047,-0.199,,,,,,
3,S,22755843,3388,1.760,2.400,2.720,-9.898,-0.163,0.147,,,,,,,,,,,,
3,A,22757763,2300,,,,,,,10.962,-0.430,0.210,,,,,,,,,
3,B,22757875,2032,,,,,,,,,,,,,0.000,0.000,0.000,,,
3,S,22757875,2032,1.440,2.080,2.720,-9.922,-0.163,0.147,,,,,,,,,,,,
3,A,22762073,4310,,,,,,,10.904,-0.504,0.213,,,,,,,,,
3,B,22762616,4741,,,,,,,,,,,,,,,,45.375,-83.312,39.188
3,S,22762616,4741,1.120,1.120,1.760,-9.902,-0.203,0.133,,,,,,,,,,,,
3,A,22765373,3300,,,,,,,10.905,-0.560,0.245,,,,,,,,,
3,B,22766002,3386,,,,,,,,,,-10.180,-0.086,-0.199,,,,,,
3,S,22766002,3386,0.800,1.120,1.440,-9.857,-0.237,0.117,,,,,,,,,,,,
3,A,22767673,2300,,,,,,,10.918,-0.572,0.252,,,,,,,,,
3,B,22768034,2032,,,,,,,,,,,,,0.000,0.000,0.000,,,
3,S,22768034,2032,0.800,0.800,1.760,-9.848,-0.268,0.122,,,,,,,,,,,,
3,A,22771973,4300,,,,,,,10.853,-0.560,0.255,,,,,,,,,
3,B,22772099,4065,,,,,,,,,,-10.102,-0.184,-0.230,,,,,,
3,S,22772099,4065,1.120,0.800,2.080,-9.857,-0.338,0.133,,,,,,,,,,,,
3,A,22774272,2299,,,,,,,10.897,-0.556,0.276,,,,,,,,,
3,B,22774809,2710,,,,,,,,,,,,,,,,44.688,-83.688,39.500
3,S,22774809,2710,0.800,0.800,2.400,-9.852,-0.357,0.138,,,,,,,,,,,,
3,A,22776572,2300,,,,,,,10.916,-0.543,0.251,,,,,,,,,
3,B,22776841,2032,,,,,,,,,,-10.105,-0.219,-0.199,,,,,,
3,S,22776841,2032,0.800,1.120,2.400,-9.852,-0.347,0.142,,,,,,,,,,,,
3,A,22778884,2312,,,,,,,10.949,-0.495,0.256,,,,,,,,,
3,B,22779550,2709,,,,,,,,,,,,,-0.112,0.112,0.000,,,
3,S,22779550,2709,0.800,1.120,2.720,-9.863,-0.318,0.142,,,,,,,,,,,,
3,A,22782183,3299,,,,,,,10.961,-0.467,0.253,,,,,,,,,
3,B,22782918,3368,,,,,,,,,,,,,,,,45.250,-84.562,39.312
3,S,22782918,3368,0.800,1.440,2.720,-9.893,-0.287,0.147,,,,,,,,,,,,
3,A,22785483,3300,,,,,,,10.950,-0.439,0.248,,,,,,,,,
3,B,22785647,2729,,,,,,,,,,-10.180,-0.145,-0.199,,,,,,
3,S,22785647,2729,0.800,1.440,2.720,-9.918,-0.253,0.147,,,,,,,,,,,,
3,A,22787783,2300,,,,,,,10.964,-0.430,0.229,,,,,,,,,
3,B,22788356,2709,,,,,,,,,,,,,-0.112,0.000,0.000,,,
3,S,22788356,2709,1.120,1.440,2.720,-9.918,-0.223,0.152,,,,,,,,,,,,
3,A,22792082,4299,,,,,,,10.928,-0.435,0.255,,,,,,,,,
3,B,22792420,4064,,,,,,,,,,,,,,,,43.875,-84.125,40.125
3,S,22792420,4064,1.440,1.440,2.080,-9.902,-0.182,0.147,,,,,,,,,,,,
3,A,22795382,3300,,,,,,,10.912,-0.463,0.242,,,,,,,,,
3,B,22795808,3388,,,,,,,,,,-10.145,-0.078,-0.211,,,,,,
3,S,22795808,3388,1.440,1.440,1.760,-9.887,-0.182,0.133,,,,,,,,,,,,
3,A,22797694,2312,,,,,,,10.881,-0.484,0.242,,,,,,,,,
3,B,22797840,2032,,,,,,,,,,,,,0.112,0.000,0.000,,,
3,S,22797840,2032,1.440,1.440,1.440,-9.883,-0.198,0.128,,,,,,,,,,,,
3,A,22801993,4299,,,,,,,10.930,-0.521,0.257,,,,,,,,,
3,B,22802581,4741,,,,,,,,,,,,,,,,44.938,-82.812,39.188
3,S,22802581,4741,1.440,1.760,1.760,-9.867,-0.237,0.128,,,,,,,,,,,,
3,A,22804291,2298,,,,,,,10.931,-0.511,0.244,,,,,,,,,
3,B,22804613,2032,,,,,,,,,,-10.105,-0.125,-0.199,,,,,,
3,S,22804613,2032,1.440,1.760,1.760,-9.873,-0.253,0.128,,,,,,,,,,,,
3,A,22806592,2301,,,,,,,10.906,-0.484,0.248,,,,,,,,,
3,B,22807323,2710,,,,,,,,,,-10.113,-0.152,-0.184,,,,,,
3,S,22807323,2710,0.800,1.760,2.400,-9.883,-0.268,0.128,,,,,,,,,,,,
3,A,22809892,3300,,,,,,,10.922,-0.438,0.225,,,,,,,,,
3,B,22810032,2709,,,,,,,,,,,,,0.112,-0.112,0.000,,,
3,S,22810032,2709,0.480,1.440,2.400,-9.887,-0.253,0.128,,,,,,,,,,,,
3,A,22813191,3299,,,,,,,10.960,-0.422,0.234,,,,,,,,,
3,B,22813419,3387,,,,,,,,,,,,,,,,43.938,-84.562,40.938
3,S,22813419,3387,0.480,1.120,2.080,-9.883,-0.207,0.133,,,,,,,,,,,,
3,A,22816505,3314,,,,,,,10.957,-0.393,0.243,,,,,,,,,
3,B,22816806,3387,,,,,,,,,,-10.137,-0.066,-0.211,,,,,,
3,S,22816806,5420,0.480,1.120,1.760,-9.908,-0.163,0.152,,,,,,,,,,,,
3,A,22818805,2300,,,,,,,10.946,-0.387,0.236,,,,,,,,,
3,B,22819515,2709,,,,,,,,,,,,,0.112,-0.112,0.112,,,
3,S,22819515,676,0.480,1.120,1.760,-9.912,-0.158,0.152,,,,,,,,,,,,
3,A,22821681,2876,,,,,,,10.928,-0.418,0.227,,,,,,,,,
3,B,22823580,4065,,,,,,,,,,,,,,,,44.562,-83.812,39.812
3,S,22823580,4065,0.480,1.120,2.400,-9.918,-0.142,0.138,,,,,,,,,,,,
3,A,22826403,4722,,,,,,,10.939,-0.455,0.242,,,,,,,,,
3,B,22826967,3387,,,,,,,,,,-10.148,-0.027,-0.191,,,,,,
3,S,22826967,3387,1.440,1.440,2.400,-9.908,-0.152,0.128,,,,,,,,,,,,
3,A,22828703,2300,,,,,,,10.918,-0.458,0.246,,,,,,,,,
3,B,22828999,2032,,,,,,,,,,,,,0.000,0.000,0.000,,,
3,S,22828999,2032,1.440,1.120,2.720,-9.902,-0.168,0.128,,,,,,,,,,,,
3,A,22833002,4299,,,,,,,10.875,-0.487,0.233,,,,,,,,,
3,B,22833741,4742,,,,,,,,,,,,,,,,44.938,-83.875,39.750
3,S,22833741,4742,1.120,0.800,2.400,-9.887,-0.212,0.122,,,,,,,,,,,,
3,A,22835314,2312,,,,,,,10.886,-0.503,0.212,,,,,,,,,
3,B,22835773,2032,,,,,,,,,,-10.113,-0.086,-0.250,,,,,,
3,S,22835773,2032,0.480,0.800,2.080,-9.873,-0.228,0.117,,,,,,,,,,,,
3,A,22837613,2299,,,,,,,10.916,-0.536,0.227,,,,,,,,,
3,B,22837805,2032,,,,,,,,,,,,,0.000,0.000,0.000,,,
3,S,22837805,2032,0.160,0.800,2.080,-9.863,-0.242,0.117,,,,,,,,,,,,
3,A,22841913,4300,,,,,,,10.924,-0.485,0.227,,,,,,,,,
3,B,22842546,4741,,,,,,,,,,-10.109,-0.164,-0.219,,,,,,
3,S,22842546,4741,0.480,1.440,1.760,-9.873,-0.278,0.128,,,,,,,,,,,,
3,A,22844212,2299,,,,,,,10.913,-0.500,0.256,,,,,,,,,
3,B,22844578,2032,,,,,,,,,,,,,,,,45.125,-83.625,38.312
3,S,22844578,2032,0.800,1.440,1.440,-9.883,-0.287,0.138,,,,,,,,,,,,
3,A,22846512,2300,,,,,,,10.916,-0.463,0.243,,,,,,,,,
3,B,22846611,2033,,,,,,,,,,-10.148,-0.152,-0.211,,,,,,
3,S,22846611,2033,0.800,1.120,1.440,-9.887,-0.278,0.147,,,,,,,,,,,,
3,A,22848812,2300,,,,,,,10.935,-0.437,0.265,,,,,,,,,
3,B,22849320,2709,,,,,,,,,,,,,-0.112,0.000,0.000,,,
3,S,22849320,2709,0.800,0.480,1.760,-9.883,-0.253,0.152,,,,,,,,,,,,
3,A,22853122,4310,,,,,,,10.945,-0.449,0.239,,,,,,,,,
3,B,22853384,4064,,,,,,,,,,,,,,,,45.375,-83.812,38.562
3,S,22853384,4064,0.800,0.800,2.400,-9.877,-0.203,0.158,,,,,,,,,,,,
3,A,22856422,3300,,,,,,,10.941,-0.505,0.268,,,,,,,,,
3,B,22856771,3387,,,,,,,,,,-10.172,-0.098,-0.191,,,,,,
3,S,22856771,3387,1.120,0.800,2.080,-9.898,-0.198,0.152,,,,,,,,,,,,
3,A,22858722,2300,,,,,,,10.927,-0.499,0.259,,,,,,,,,
3,B,22859461,2690,,,,,,,,,,,,,-0.112,-0.112,0.000,,,
3,S,22859461,2690,1.120,0.800,2.400,-9.908,-0.212,0.147,,,,,,,,,,,,
3,A,22863019,4297,,,,,,,10.931,-0.525,0.236,,,,,,,,,
3,B,22863545,4084,,,,,,,,,,,,,,,,45.125,-84.188,39.500
3,S,22863545,4084,1.120,1.120,2.400,-9.887,-0.263,0.138,,,,,,,,,,,,
3,A,22866319,3300,,,,,,,10.927,-0.541,0.230,,,,,,,,,
3,B,22866932,3387,,,,,,,,,,-10.141,-0.152,-0.184,,,,,,
3,S,22866932,3387,1.120,1.440,1.760,-9.877,-0.292,0.142,,,,,,,,,,,,
3,A,22868619,2300,,,,,,,10.904,-0.521,0.221,,,,,,,,,
3,B,22868964,2032,,,,,,,,,,,,,0.000,0.000,0.000,,,
3,S,22868964,2032,1.440,1.440,1.440,-9.883,-0.302,0.142,,,,,,,,,,,,
3,A,22872931,4312,,,,,,,10.893,-0.474,0.227,,,,,,,,,
3,B,22873027,4063,,,,,,,,,,,,,,,,44.812,-84.562,39.688
3,S,22873027,4063,1.440,1.760,2.080,-9.877,-0.287,0.133,,,,,,,,,,,,
3,A,22875229,2298,,,,,,,10.882,-0.492,0.210,,,,,,,,,
3,B,22875738,2711,,,,,,,,,,-10.145,-0.199,-0.199,,,,,,
3,S,22875738,2711,1.120,1.760,2.400,-9.867,-0.263,0.128,,,,,,,,,,,,
3,A,22877529,2300,,,,,,,10.938,-0.455,0.239,,,,,,,,,
3,B,22877770,2032,,,,,,,,,,,,,0.000,0.000,0.000,,,
3,S,22877770,2032,1.120,1.440,2.400,-9.863,-0.247,0.122,,,,,,,,,,,,
3,A,22881829,4300,,,,,,,10.925,-0.448,0.229,,,,,,,,,
3,B,22882511,4741,,,,,,,,,,-10.121,-0.145,-0.230,,,,,,
3,S,22882511,4741,1.760,1.440,1.760,-9.873,-0.223,0.133,,,,,,,,,,,,
3,A,22884127,2298,,,,,,,10.933,-0.440,0.262,,,,,,,,,
3,B,22884543,2032,,,,,,,,,,,,,,,,45.375,-85.375,39.500
3,S,22884543,2032,2.080,1.440,1.760,-9.883,-0.212,0.133,,,,,,,,,,,,
3,A,22887427,3300,,,,,,,10.955,-0.460,0.240,,,,,,,,,
3,B,22887931,3388,,,,,,,,,,,,,0.000,0.000,0.000,,,
3,S,22887931,3388,1.760,1.120,2.080,-9.902,-0.203,0.138,,,,,,,,,,,,
3,A,22891739,4312,,,,,,,10.928,-0.453,0.230,,,,,,,,,
3,B,22891995,4064,,,,,,,,,,-10.141,-0.086,-0.211,,,,,,
3,S,22891995,4064,1.120,1.120,2.080,-9.918,-0.203,0.142,,,,,,,,,,,,
3,A,22894038,2299,,,,,,,10.924,-0.444,0.246,,,,,,,,,
3,B,22894704,2709,,,,,,,,,,-10.156,-0.098,-0.199,,,,,,
3,S,22894704,2709,0.160,1.120,1.760,-9.918,-0.207,0.142,,,,,,,,,,,,
3,A,22897338,3300,,,,,,,10.915,-0.444,0.216,,,,,,,,,
3,B,22898090,3386,,,,,,,,,,,,,,,,44.938,-83.875,38.938
3,S,22898090,3386,0.480,1.120,2.080,-9.898,-0.203,0.128,,,,,,,,,,,,
3,A,22899638,2300,,,,,,,10.914,-0.432,0.200,,,,,,,,,
3,B,22900123,2033,,,,,,,,,,,,,-0.112,0.000,0.000,,,
3,S,22900123,2033,1.120,1.120,2.400,-9.893,-0.203,0.122,,,,,,,,,,,,
3,A,22902938,3300,,,,,,,10.916,-0.451,0.225,,,,,,,,,
3,B,22903510,3387,,,,,,,,,,-10.137,-0.098,-0.230,,,,,,
3,S,22903510,3387,1.120,1.120,2.400,-9.887,-0.203,0.128,,,,,,,,,,,,
3,A,22906237,3299,,,,,,,10.909,-0.447,0.236,,,,,,,,,
3,B,22906897,3387,,,,,,,,,,,,,,,,44.625,-84.812,40.312
3,S,22906897,3387,1.120,0.800,2.400,-9.887,-0.212,0.138,,,,,,,,,,,,
3,A,22908549,2312,,,,,,,10.914,-0.451,0.251,,,,,,,,,
3,B,22908929,2032,,,,,,,,,,,,,0.000,0.000,0.000,,,
3,S,22908929,2032,1.120,0.800,2.400,-9.883,-0.212,0.142,,,,,,,,,,,,
3,A,22912848,4299,,,,,,,10.907,-0.447,0.255,,,,,,,,,
3,B,22912994,4065,,,,,,,,,,-10.145,-0.098,-0.191,,,,,,
3,S,22912994,4065,1.120,0.800,1.760,-9.877,-0.207,0.138,,,,,,,,,,,,
3,A,22915146,2298,,,,,,,10.951,-0.460,0.278,,,,,,,,,
3,B,22915703,2709,,,,,,,,,,,,,,,,45.625,-84.562,39.250
3,S,22915703,2709,0.800,1.120,1.760,-9.883,-0.203,0.138,,,,,,,,,,,,
3,A,22918446,3300,,,,,,,10.923,-0.461,0.264,,,,,,,,,
3,B,22919089,3386,,,,,,,,,,,,,0.000,0.000,0.000,,,
3,S,22919089,3386,1.120,1.760,2.080,-9.908,-0.207,0.142,,,,,,,,,,,,
3,A,22922746,4300,,,,,,,10.953,-0.458,0.255,,,,,,,,,
3,B,22923153,4064,,,,,,,,,,-10.141,-0.113,-0.164,,,,,,
3,S,22923153,4064,1.760,1.760,2.080,-9.902,-0.217,0.147,,,,,,,,,,,,
3,A,22925044,2298,,,,,,,10.949,-0.458,0.252,,,,,,,,,
3,B,22925185,2032,,,,,,,,,,-10.148,-0.125,-0.191,,,,,,
3,S,22925185,2032,1.760,1.760,2.080,-9.893,-0.223,0.147,,,,,,,,,,,,
3,A,22928355,3311,,,,,,,10.918,-0.477,0.226,,,,,,,,,
3,B,22928573,3388,,,,,,,,,,,,,,,,45.062,-83.750,39.375
3,S,22928573,3388,1.120,1.440,2.080,-9.893,-0.223,0.147,,,,,,,,,,,,
3,A,22930655,2300,,,,,,,10.935,-0.472,0.231,,,,,,,,,
3,B,22931282,2709,,,,,,,,,,,,,0.000,0.000,0.000,,,
3,S,22931282,5419,-0.160,1.120,2.080,-9.898,-0.223,0.138,,,,,,,,,,,,
3,A,22933955,3300,,,,,,,10.900,-0.492,0.233,,,,,,,,,
3,B,22934669,3387,,,,,,,,,,-10.148,-0.113,-0.211,,,,,,
3,S,22934669,677,1.120,1.120,2.080,-9.893,-0.223,0.138,,,,,,,,,,,,
3,A,22937254,3299,,,,,,,10.898,-0.505,0.235,,,,,,,,,
3,B,22937378,2709,,,,,,,,,,,,,,,,45.312,-84.938,39.438
3,S,22937378,2709,1.120,1.120,2.080,-9.883,-0.233,0.128,,,,,,,,,,,,
3,A,22939554,2300,,,,,,,10.891,-0.523,0.261,,,,,,,,,
3,B,22940088,2710,,,,,,,,,,,,,-0.112,0.000,0.000,,,
3,S,22940088,2710,1.760,1.120,2.080,-9.873,-0.247,0.122,,,,,,,,,,,,
3,A,22942854,3300,,,,,,,10.901,-0.526,0.248,,,,,,,,,
3,B,22943475,3387,,,,,,,,,,-10.137,-0.133,-0.199,,,,,,
3,S,22943475,6096,1.760,1.120,2.080,-9.873,-0.282,0.152,,,,,,,,,,,,
3,A,22946164,3310,,,,,,,10.899,-0.507,0.258,,,,,,,,,
3,B,22946862,3387,,,,,,,,,,,,,,,,45.750,-85.000,40.062
3,S,22946862,678,1.440,1.120,2.400,-9.873,-0.282,0.152,,,,,,,,,,,,
3,A,22948465,2301,,,,,,,10.918,-0.515,0.259,,,,,,,,,
3,B,22948894,2032,,,,,,,,,,,,,-0.112,0.000,0.000,,,
3,S,22948894,2032,1.440,1.120,2.400,-9.877,-0.278,0.152,,,,,,,,,,,,
3,A,22952765,4300,,,,,,,10.948,-0.486,0.255,,,,,,,,,
3,B,22952959,4065,,,,,,,,,,-10.145,-0.164,-0.191,,,,,,
3,S,22952959,4065,1.120,1.760,2.080,-9.893,-0.268,0.152,,,,,,,,,,,,
3,A,22955063,2298,,,,,,,10.912,-0.491,0.230,,,,,,,,,
3,B,22955668,2709,,,,,,,,,,-10.145,-0.145,-0.184,,,,,,
3,S,22955668,5418,0.800,2.080,1.760,-9.902,-0.263,0.152,,,,,,,,,,,,
3,A,22958363,3300,,,,,,,10.925,-0.468,0.222,,,,,,,,,
3,B,22959054,3386,,,,,,,,,,,,,,,,45.625,-84.562,39.250
3,S,22959054,677,1.440,2.080,2.080,-9.902,-0.263,0.147,,,,,,,,,,,,
3,A,22961663,3300,,,,,,,10.932,-0.500,0.229,,,,,,,,,
3,B,22961764,2710,,,,,,,,,,,,,-0.112,0.000,0.000,,,
3,S,22961764,2710,1.760,2.080,2.400,-9.887,-0.247,0.142,,,,,,,,,,,,
3,A,22963975,2312,,,,,,,10.936,-0.477,0.214,,,,,,,,,
3,B,22964473,2709,,,,,,,,,,,,,,,,45.500,-83.688,39.000
3,S,22964473,2709,1.760,1.760,2.400,-9.887,-0.233,0.142,,,,,,,,,,,,
3,A,22967273,3298,,,,,,,10.948,-0.473,0.230,,,,,,,,,
3,B,22967861,3388,,,,,,,,,,-10.117,-0.145,-0.199,,,,,,
3,S,22967861,3388,1.440,0.800,2.080,-9.898,-0.233,0.138,,,,,,,,,,,,
3,A,22970573,3300,,,,,,,10.923,-0.493,0.241,,,,,,,,,
3,B,22971247,3386,,,,,,,,,,,,,0.000,0.000,0.000,,,
3,S,22971247,3386,0.800,0.480,1.760,-9.908,-0.242,0.128,,,,,,,,,,,,
3,A,22973873,3300,,,,,,,10.895,-0.461,0.247,,,,,,,,,
3,B,22974615,3368,,,,,,,,,,-10.152,-0.133,-0.191,,,,,,
3,S,22974615,3368,0.480,1.440,1.760,-9.902,-0.247,0.128,,,,,,,,,,,,
3,A,22977172,3299,,,,,,,10.918,-0.475,0.242,,,,,,,,,
3,B,22977343,2728,,,,,,,,,,,,,,,,45.062,-85.312,41.062
3,S,22977343,2728,1.120,2.400,2.400,-9.883,-0.237,0.122,,,,,,,,,,,,
3,A,22979472,2300,,,,,,,10.925,-0.461,0.242,,,,,,,,,
3,B,22980053,2710,,,,,,,,,,,,,0.000,0.000,0.000,,,
3,S,22980053,2710,1.120,2.080,2.720,-9.873,-0.228,0.122,,,,,,,,,,,,
3,A,22982784,3312,,,,,,,10.903,-0.456,0.233,,,,,,,,,
3,B,22983440,3387,,,,,,,,,,-10.145,-0.105,-0.199,,,,,,
3,S,22983440,3387,0.480,1.440,3.040,-9.877,-0.223,0.133,,,,,,,,,,,,
3,A,22986082,3298,,,,,,,10.926,-0.454,0.226,,,,,,,,,
3,B,22986827,3387,,,,,,,,,,,,,,,,46.438,-84.562,39.500
3,S,22986827,3387,0.160,1.440,2.720,-9.883,-0.212,0.142,,,,,,,,,,,,
3,A,22988382,2300,,,,,,,10.928,-0.446,0.223,,,,,,,,,
3,B,22988859,2032,,,,,,,,,,-10.137,-0.098,-0.219,,,,,,
3,S,22988859,2032,0.480,1.440,2.400,-9.883,-0.212,0.142,,,,,,,,,,,,
3,A,22991682,3300,,,,,,,10.911,-0.468,0.216,,,,,,,,,
3,B,22992246,3387,,,,,,,,,,,,,0.000,0.000,0.000,,,
3,S,22992246,3387,0.800,1.760,2.400,-9.893,-0.212,0.142,,,,,,,,,,,,
3,A,22993982,2300,,,,,,,10.941,-0.456,0.220,,,,,,,,,
3,B,22994278,2032,,,,,,,,,,,,,,,,46.062,-85.625,39.625
3,S,22994278,2032,1.440,1.760,2.400,-9.898,-0.212,0.142,,,,,,,,,,,,
3,A,22997280,3298,,,,,,,10.930,-0.453,0.240,,,,,,,,,
3,B,22997665,3387,,,,,,,,,,-10.176,-0.098,-0.211,,,,,,
3,S,22997665,3387,1.440,1.440,2.080,-9.908,-0.207,0.147,,,,,,,,,,,,
3,A,23000591,3311,,,,,,,10.919,-0.444,0.239,,,,,,,,,
3,B,23001051,3386,,,,,,,,,,,,,0.000,0.000,0.000,,,
3,S,23001051,3386,1.440,1.440,1.760,-9.898,-0.207,0.142,,,,,,,,,,,,
3,A,23002891,2300,,,,,,,10.917,-0.453,0.245,,,,,,,,,
3,B,23003083,2032,,,,,,,,,,,,,,,,45.938,-84.188,39.062
3,S,23003083,2032,1.120,1.120,1.760,-9.887,-0.212,0.133,,,,,,,,,,,,
3,A,23006190,3299,,,,,,,10.915,-0.462,0.259,,,,,,,,,
3,B,23006471,3388,,,,,,,,,,-10.137,-0.113,-0.211,,,,,,
3,S,23006471,3388,1.120,1.440,2.400,-9.877,-0.217,0.133,,,,,,,,,,,,
3,A,23008490,2300,,,,,,,10.901,-0.475,0.272,,,,,,,,,
3,B,23009180,2709,,,,,,,,,,,,,0.112,0.112,0.112,,,
3,S,23009180,2709,1.440,1.440,2.400,-9.873,-0.212,0.138,,,,,,,,,,,,
3,A,23012790,4300,,,,,,,10.917,-0.487,0.261,,,,,,,,,
3,B,23013244,4064,,,,,,,,,,-10.117,-0.105,-0.191,,,,,,
3,S,23013244,4064,1.440,0.800,2.080,-9.873,-0.217,0.158,,,,,,,,,,,,
3,A,23015089,2299,,,,,,,10.925,-0.472,0.244,,,,,,,,,
3,B,23015276,2032,,,,,,,,,,,,,,,,45.750,-85.000,40.062
3,S,23015276,2032,1.440,0.800,1.760,-9.873,-0.233,0.163,,,,,,,,,,,,
3,A,23017401,2312,,,,,,,10.938,-0.477,0.246,,,,,,,,,
3,B,23017987,2711,,,,,,,,,,,,,0.112,0.000,0.000,,,
3,S,23017987,2711,1.120,0.800,1.760,-9.883,-0.247,0.163,,,,,,,,,,,,
3,A,23021700,4299,,,,,,,10.931,-0.496,0.252,,,,,,,,,
3,B,23022050,4063,,,,,,,,,,-10.137,-0.145,-0.184,,,,,,
3,S,23022050,4063,0.800,1.120,2.080,-9.887,-0.253,0.158,,,,,,,,,,,,
3,A,23024000,2300,,,,,,,10.925,-0.490,0.245,,,,,,,,,
3,B,23024741,2691,,,,,,,,,,,,,,,,45.188,-84.062,39.188
3,S,23024741,2691,0.800,1.120,2.400,-9.883,-0.253,0.147,,,,,,,,,,,,
3,A,23027299,3299,,,,,,,10.933,-0.472,0.250,,,,,,,,,
3,B,23027469,2728,,,,,,,,,,-10.145,-0.133,-0.199,,,,,,
3,S,23027469,2728,0.800,0.800,2.080,-9.883,-0.253,0.133,,,,,,,,,,,,
3,A,23030599,3300,,,,,,,10.922,-0.496,0.262,,,,,,,,,
3,B,23030857,3388,,,,,,,,,,,,,0.000,0.000,0.000,,,
3,S,23030857,3388,0.480,1.120,1.440,-9.898,-0.242,0.122,,,,,,,,,,,,
3,A,23032899,2300,,,,,,,10.928,-0.478,0.263,,,,,,,,,
3,B,23033566,2709,,,,,,,,,,,,,,,,45.562,-85.688,40.062
3,S,23033566,2709,0.800,1.120,1.440,-9.902,-0.237,0.122,,,,,,,,,,,,
3,A,23036210,3311,,,,,,,10.926,-0.488,0.250,,,,,,,,,
3,B,23036953,3387,,,,,,,,,,-10.156,-0.145,-0.199,,,,,,
3,S,23036953,3387,0.800,0.800,1.440,-9.902,-0.237,0.122,,,,,,,,,,,,
3,A,23038510,2300,,,,,,,10.911,-0.505,0.223,,,,,,,,,
3,B,23038985,2032,,,,,,,,,,,,,0.000,0.000,0.000,,,
3,S,23038985,2032,1.120,0.480,1.760,-9.898,-0.242,0.128,,,,,,,,,,,,
3,A,23042810,4300,,,,,,,10.917,-0.490,0.229,,,,,,,,,
3,B,23043048,4063,,,,,,,,,,,,,,,,45.625,-84.562,39.250
3,S,23043048,4063,0.800,0.480,2.400,-9.883,-0.268,0.133,,,,,,,,,,,,
3,A,23045109,2299,,,,,,,10.902,-0.480,0.223,,,,,,,,,
3,B,23045759,2711,,,,,,,,,,-10.145,-0.164,-0.219,,,,,,
3,S,23045759,2711,0.160,1.120,2.080,-9.867,-0.268,0.133,,,,,,,,,,,,
3,A,23047409,2300,,,,,,,10.897,-0.499,0.226,,,,,,,,,
3,B,23047791,2032,,,,,,,,,,,,,0.000,0.000,0.000,,,
3,S,23047791,2032,-0.160,1.440,1.760,-9.867,-0.258,0.133,,,,,,,,,,,,
3,A,23051709,4300,,,,,,,10.925,-0.522,0.233,,,,,,,,,
3,B,23051855,4064,,,,,,,,,,-10.117,-0.152,-0.184,,,,,,
3,S,23051855,4064,-0.160,1.120,1.760,-9.867,-0.258,0.138,,,,,,,,,,,,
3,A,23054019,2310,,,,,,,10.911,-0.482,0.237,,,,,,,,,
3,B,23054564,2709,,,,,,,,,,,,,,,,44.812,-84.562,39.688
3,S,23054564,2709,1.120,0.800,2.400,-9.877,-0.258,0.138,,,,,,,,,,,,
3,A,23056319,2300,,,,,,,10.902,-0.473,0.238,,,,,,,,,
3,B,23056597,2033,,,,,,,,,,-10.141,-0.152,-0.184,,,,,,
3,S,23056597,2033,2.080,0.800,2.720,-9.887,-0.258,0.142,,,,,,,,,,,,
3,A,23058619,2300,,,,,,,10.919,-0.467,0.251,,,,,,,,,
3,B,23059306,2709,,,,,,,,,,,,,0.000,0.000,0.000,,,
3,S,23059306,2709,2.400,1.440,2.720,-9.893,-0.253,0.142,,,,,,,,,,,,
3,A,23062919,4300,,,,,,,10.918,-0.477,0.240,,,,,,,,,
3,B,23063370,4064,,,,,,,,,,,,,,,,45.250,-83.438,39.500
3,S,23063370,4064,2.080,2.080,2.080,-9.883,-0.233,0.142,,,,,,,,,,,,
3,A,23066218,3299,,,,,,,10.918,-0.466,0.246,,,,,,,,,
3,B,23066757,3387,,,,,,,,,,-10.141,-0.125,-0.211,,,,,,
3,S,23066757,3387,1.440,2.400,2.720,-9.877,-0.217,0.142,,,,,,,,,,,,
3,A,23068518,2300,,,,,,,10.915,-0.456,0.235,,,,,,,,,
3,B,23068790,2033,,,,,,,,,,,,,0.000,0.000,0.112,,,
3,S,23068790,6097,1.120,2.400,2.400,-9.887,-0.228,0.138,,,,,,,,,,,,
3,A,23072830,4312,,,,,,,10.915,-0.467,0.235,,,,,,,,,
3,B,23073531,4741,,,,,,,,,,,,,,,,45.438,-84.812,39.875
3,S,23073531,677,1.120,1.440,2.400,-9.887,-0.228,0.138,,,,,,,,,,,,
3,A,23076129,3299,,,,,,,10.891,-0.464,0.226,,,,,,,,,
3,B,23076240,2709,,,,,,,,,,-10.156,-0.098,-0.211,,,,,,
3,S,23076240,2709,1.120,1.440,2.080,-9.887,-0.233,0.138,,,,,,,,,,,,
3,A,23078429,2300,,,,,,,10.902,-0.464,0.232,,,,,,,,,
3,B,23078950,2710,,,,,,,,,,,,,0.000,0.000,0.000,,,
3,S,23078950,2710,1.440,1.440,2.080,-9.898,-0.233,0.142,,,,,,,,,,,,
3,A,23082729,4300,,,,,,,10.912,-0.470,0.233,,,,,,,,,
3,B,23083013,4063,,,,,,,,,,,,,,,,44.062,-84.438,40.625
3,S,23083013,6096,1.760,0.800,1.760,-9.877,-0.217,0.147,,,,,,,,,,,,
3,A,23085027,2298,,,,,,,10.918,-0.460,0.275,,,,,,,,,
3,B,23085724,2711,,,,,,,,,,-10.133,-0.105,-0.191,,,,,,
3,S,23085724,678,1.440,0.800,2.080,-9.877,-0.217,0.147,,,,,,,,,,,,
3,A,23087327,2300,,,,,,,10.911,-0.451,0.268,,,,,,,,,
3,B,23087756,2032,,,,,,,,,,,,,0.000,0.000,0.000,,,
3,S,23087756,2032,1.440,0.800,2.080,-9.873,-0.217,0.147,,,,,,,,,,,,
3,A,23091639,4312,,,,,,,10.915,-0.441,0.265,,,,,,,,,
3,B,23091820,4064,,,,,,,,,,-10.141,-0.113,-0.172,,,,,,
3,S,23091820,4064,1.120,1.440,2.080,-9.883,-0.212,0.142,,,,,,,,,,,,
3,A,23093938,2299,,,,,,,10.914,-0.470,0.252,,,,,,,,,
3,B,23094530,2710,,,,,,,,,,,,,,,,45.250,-85.500,39.812
3,S,23094530,2710,0.800,1.760,2.080,-9.887,-0.212,0.142,,,,,,,,,,,,
3,A,23096236,2298,,,,,,,10.925,-0.468,0.239,,,,,,,,,
3,B,23096562,2032,,,,,,,,,,-10.145,-0.105,-0.199,,,,,,
3,S,23096562,2032,0.480,1.760,2.080,-9.893,-0.212,0.147,,,,,,,,,,,,
3,A,23098536,2300,,,,,,,10.926,-0.467,0.218,,,,,,,,,
3,B,23099271,2709,,,,,,,,,,,,,0.000,0.112,0.000,,,
3,S,23099271,2709,0.160,1.760,2.080,-9.898,-0.212,0.147,,,,,,,,,,,,
3,A,23102836,4300,,,,,,,10.935,-0.467,0.221,,,,,,,,,
3,B,23103335,4064,,,,,,,,,,,,,,,,46.062,-84.062,38.688
3,S,23103335,4064,0.480,1.440,1.760,-9.887,-0.228,0.133,,,,,,,,,,,,
3,A,23106135,3299,,,,,,,10.920,-0.487,0.226,,,,,,,,,
3,B,23106723,3388,,,,,,,,,,-10.148,-0.125,-0.230,,,,,,
3,S,23106723,3388,1.120,0.800,2.080,-9.887,-0.237,0.117,,,,,,,,,,,,
3,A,23108446,2311,,,,,,,10.901,-0.473,0.238,,,,,,,,,
3,B,23108755,2032,,,,,,,,,,,,,0.000,0.000,0.000,,,
3,S,23108755,2032,1.120,0.800,2.400,-9.887,-0.237,0.122,,,,,,,,,,,,
3,A,23112746,4300,,,,,,,10.913,-0.483,0.232,,,,,,,,,
3,B,23113496,4741,,,,,,,,,,,,,,,,45.312,-83.938,39.625
3,S,23113496,4741,1.120,1.440,2.720,-9.877,-0.242,0.138,,,,,,,,,,,,
3,A,23115045,2299,,,,,,,10.918,-0.498,0.272,,,,,,,,,
3,B,23115528,2032,,,,,,,,,,-10.133,-0.125,-0.211,,,,,,
3,S,23115528,2032,1.440,1.440,3.040,-9.883,-0.242,0.133,,,,,,,,,,,,
3,A,23117344,2299,,,,,,,10.928,-0.492,0.261,,,,,,,,,
3,B,23117560,2032,,,,,,,,,,,,,0.000,0.000,0.000,,,
3,S,23117560,2032,1.440,1.120,2.720,-9.893,-0.242,0.133,,,,,,,,,,,,
3,A,23121644,4300,,,,,,,10.923,-0.490,0.265,,,,,,,,,
3,B,23122302,4742,,,,,,,,,,-10.121,-0.133,-0.199,,,,,,
3,S,23122302,4742,1.440,1.120,2.080,-9.898,-0.242,0.152,,,,,,,,,,,,
3,A,23123944,2300,,,,,,,10.926,-0.493,0.265,,,,,,,,,
3,B,23124334,2032,,,,,,,,,,,,,,,,45.250,-83.500,38.750
3,S,23124334,2032,0.800,1.440,1.760,-9.893,-0.247,0.163,,,,,,,,,,,,
3,A,23126256,2312,,,,,,,10.936,-0.488,0.237,,,,,,,,,
3,B,23126366,2032,,,,,,,,,,-10.145,-0.145,-0.191,,,,,,
3,S,23126366,2032,0.480,1.440,1.760,-9.883,-0.253,0.168,,,,,,,,,,,,
3,A,23128556,2300,,,,,,,10.909,-0.473,0.220,,,,,,,,,
3,B,23129075,2709,,,,,,,,,,,,,-0.112,0.000,0.000,,,
3,S,23129075,2709,0.480,1.120,1.760,-9.877,-0.258,0.163,,,,,,,,,,,,
3,A,23132856,4300,,,,,,,10.941,-0.470,0.217,,,,,,,,,
3,B,23133139,4064,,,,,,,,,,,,,,,,45.312,-84.500,40.062
3,S,23133139,4064,0.800,0.800,2.080,-9.877,-0.258,0.142,,,,,,,,,,,,
3,A,23136155,3299,,,,,,,10.915,-0.494,0.213,,,,,,,,,
3,B,23136527,3388,,,,,,,,,,-10.156,-0.133,-0.230,,,,,,
3,S,23136527,3388,1.440,0.800,2.080,-9.883,-0.253,0.133,,,,,,,,,,,,
3,A,23138455,2300,,,,,,,10.919,-0.478,0.222,,,,,,,,,
3,B,23138559,2032,,,,,,,,,,,,,-0.112,0.000,0.000,,,
3,S,23138559,2032,1.440,0.800,2.400,-9.887,-0.247,0.128,,,,,,,,,,,,
3,A,23142754,4299,,,,,,,10.925,-0.504,0.242,,,,,,,,,
3,B,23143300,4741,,,,,,,,,,,,,,,,45.938,-84.750,39.438
3,S,23143300,4741,1.440,1.760,3.040,-9.887,-0.237,0.138,,,,,,,,,,,,
3,A,23146064,3310,,,,,,,10.925,-0.471,0.247,,,,,,,,,
3,B,23146688,3388,,,,,,,,,,-10.137,-0.125,-0.191,,,,,,
3,S,23146688,3388,1.120,1.760,2.400,-9.877,-0.237,0.147,,,,,,,,,,,,
3,A,23148364,2300,,,,,,,10.921,-0.470,0.272,,,,,,,,,
3,B,23148720,2032,,,,,,,,,,,,,-0.112,0.000,0.000,,,
3,S,23148720,2032,1.120,0.800,1.760,-9.873,-0.242,0.152,,,,,,,,,,,,
3,A,23152664,4300,,,,,,,10.928,-0.481,0.249,,,,,,,,,
3,B,23152784,4064,,,,,,,,,,,,,,,,44.938,-83.875,39.750
3,S,23152784,4064,0.800,0.160,1.120,-9.873,-0.237,0.158,,,,,,,,,,,,
3,A,23154964,2300,,,,,,,10.932,-0.486,0.278,,,,,,,,,
3,B,23155493,2709,,,,,,,,,,-10.137,-0.125,-0.191,,,,,,
3,S,23155493,2709,0.160,0.480,1.440,-9.877,-0.237,0.152,,,,,,,,,,,,
3,A,23157263,2299,,,,,,,10.912,-0.480,0.247,,,,,,,,,
3,B,23157525,2032,,,,,,,,,,-10.145,-0.133,-0.211,,,,,,
3,S,23157525,2032,0.160,0.800,1.760,-9.887,-0.233,0.147,,,,,,,,,,,,
3,A,23160563,3300,,,,,,,10.919,-0.461,0.239,,,,,,,,,
3,B,23160913,3388,,,,,,,,,,,,,0.000,0.000,0.000,,,
3,S,23160913,3388,0.480,1.760,1.760,-9.887,-0.212,0.142,,,,,,,,,,,,
3,A,23163875,3312,,,,,,,10.912,-0.448,0.227,,,,,,,,,
3,B,23164299,3386,,,,,,,,,,,,,,,,45.500,-85.250,39.188
3,S,23164299,3386,1.120,2.080,1.760,-9.887,-0.203,0.142,,,,,,,,,,,,
3,A,23167173,3298,,,,,,,10.925,-0.464,0.211,,,,,,,,,
3,B,23167686,3387,,,,,,,,,,-10.117,-0.113,-0.191,,,,,,
3,S,23167686,3387,1.440,2.080,2.400,-9.883,-0.207,0.133,,,,,,,,,,,,
3,A,23169473,2300,,,,,,,10.931,-0.453,0.217,,,,,,,,,
3,B,23169718,2032,,,,,,,,,,,,,0.112,0.000,0.000,,,
3,S,23169718,2032,1.120,1.440,2.400,-9.877,-0.212,0.128,,,,,,,,,,,,
3,A,23173773,4300,,,,,,,10.906,-0.472,0.235,,,,,,,,,
3,B,23174460,4742,,,,,,,,,,,,,,,,45.812,-84.250,40.062
3,S,23174460,4742,0.800,0.160,1.440,-9.883,-0.207,0.133,,,,,,,,,,,,
3,A,23177072,3299,,,,,,,10.917,-0.469,0.241,,,,,,,,,
3,B,23177169,2709,,,,,,,,,,-10.137,-0.113,-0.211,,,,,,
3,S,23177169,2709,0.160,0.160,1.120,-9.893,-0.207,0.128,,,,,,,,,,,,
3,A,23177169,97,,,,,,,10.925,-0.465,0.252,,,,,,,,,
3,B,23179879,2710,,,,,,,,,,,,,0.112,0.000,0.000,,,
3,S,23179879,2710,0.160,0.800,1.440,-9.898,-0.217,0.122,,,,,,,,,,,,
3,A,23179880,2711,,,,,,,10.914,-0.460,0.239,,,,,,,,,
3,B,23183944,4065,,,,,,,,,,,,,,,,45.562,-84.688,39.500
3,S,23183944,4065,0.480,2.080,2.080,-9.902,-0.228,0.133,,,,,,,,,,,,
3,A,23183944,4064,,,,,,,10.935,-0.468,0.249,,,,,,,,,
3,B,23186653,2709,,,,,,,,,,-10.137,-0.113,-0.199,,,,,,
3,S,23186653,2709,1.120,2.080,2.400,-9.902,-0.228,0.142,,,,,,,,,,,,
3,A,23186321,2377,,,,,,,10.914,-0.466,0.253,,,,,,,,,
3,B,23188685,2032,,,,,,,,,,,,,0.000,0.000,0.000,,,
3,S,23188685,2032,1.120,1.440,2.400,-9.898,-0.223,0.147,,,,,,,,,,,,
3,A,23188685,2364,,,,,,,10.888,-0.480,0.236,,,,,,,,,
3,B,23192749,4064,,,,,,,,,,-10.145,-0.133,-0.199,,,,,,
3,S,23192749,4064,0.800,0.800,2.400,-9.902,-0.223,0.147,,,,,,,,,,,,
3,A,23193296,4611,,,,,,,10.920,-0.477,0.223,,,,,,,,,
3,B,23195458,2709,,,,,,,,,,,,,,,,45.062,-84.750,39.938
3,S,23195458,2709,0.480,1.120,2.720,-9.902,-0.223,0.152,,,,,,,,,,,,
3,A,23195289,1993,,,,,,,10.920,-0.476,0.223,,,,,,,,,
3,B,23197490,2032,,,,,,,,,,-10.141,-0.113,-0.191,,,,,,
3,S,23197490,2032,1.120,1.440,2.720,-9.893,-0.228,0.152,,,,,,,,,,,,
3,A,23197281,1992,,,,,,,10.931,-0.481,0.262,,,,,,,,,
3,B,23200878,3388,,,,,,,,,,,,,-0.112,0.000,0.000,,,
3,S,23200878,3388,1.440,1.440,2.720,-9.883,-0.233,0.142,,,,,,,,,,,,
3,A,23201267,3986,,,,,,,10.930,-0.491,0.255,,,,,,,,,
3,B,23204264,3386,,,,,,,,,,,,,,,,44.688,-84.688,40.062
3,S,23204264,3386,1.440,0.800,2.080,-9.883,-0.242,0.133,,,,,,,,,,,,
3,A,23204256,2989,,,,,,,10.946,-0.484,0.233,,,,,,,,,
3,B,23207651,3387,,,,,,,,,,-10.156,-0.133,-0.191,,,,,,
3,S,23207651,3387,1.120,0.480,1.760,-9.893,-0.242,0.122,,,,,,,,,,,,
3,A,23207245,2989,,,,,,,10.921,-0.496,0.238,,,,,,,,,
3,B,23209683,2032,,,,,,,,,,,,,-0.112,0.000,0.112,,,
3,S,23209683,2032,0.800,0.800,1.760,-9.898,-0.247,0.117,,,,,,,,,,,,
3,A,23210234,2989,,,,,,,10.919,-0.486,0.249,,,,,,,,,
3,B,23214425,4742,,,,,,,,,,,,,,,,44.688,-83.125,39.062
3,S,23214425,4742,0.480,1.440,2.400,-9.887,-0.242,0.117,,,,,,,,,,,,
3,A,23214219,3985,,,,,,,10.918,-0.497,0.233,,,,,,,,,
3,B,23217134,2709,,,,,,,,,,-10.156,-0.125,-0.211,,,,,,
3,S,23217134,2709,0.800,1.120,2.720,-9.877,-0.242,0.128,,,,,,,,,,,,
3,A,23217208,5149,,,,,,,10.917,-0.493,0.224,,,,,,,,,
3,B,23219844,2710,,,,,,,,,,,,,-0.112,0.000,0.112,,,
3,S,23219844,2710,1.120,0.800,2.400,-9.877,-0.247,0.138,,,,,,,,,,,,
3,A,23220197,4300,,,,,,,10.938,-0.473,0.248,,,,,,,,,
3,B,23223909,4065,,,,,,,,,,-10.141,-0.145,-0.211,,,,,,
3,S,23223909,4065,1.440,-0.160,2.080,-9.887,-0.242,0.158,,,,,,,,,,,,
3,A,23225961,2293,,,,,,,10.895,-0.483,0.229,,,,,,,,,
3,B,23226618,2709,,,,,,,,,,,,,,,,45.250,-83.438,39.500
3,S,23226618,2709,1.440,0.160,1.440,-9.887,-0.233,0.152,,,,,,,,,,,,
3,A,23226618,657,,,,,,,10.922,-0.490,0.242,,,,,,,,,
3,B,23228650,2032,,,,,,,,,,,,,0.000,0.000,0.000,,,
3,S,23228650,2032,0.800,0.800,1.120,-9.883,-0.233,0.147,,,,,,,,,,,,
3,A,23229164,5950,,,,,,,10.915,-0.475,0.246,,,,,,,,,
3,B,23232714,4064,,,,,,,,,,-10.148,-0.125,-0.191,,,,,,
3,S,23232714,4064,0.480,1.440,1.760,-9.893,-0.237,0.147,,,,,,,,,,,,
3,A,23234806,2238,,,,,,,10.915,-0.483,0.244,,,,,,,,,
3,B,23235423,2709,,,,,,,,,,,,,,,,45.688,-85.562,39.750
3,S,23235423,2709,1.120,1.440,2.400,-9.898,-0.242,0.152,,,,,,,,,,,,
3,A,23238132,3326,,,,,,,10.913,-0.472,0.255,,,,,,,,,
3,B,23238811,3388,,,,,,,,,,,,,0.000,0.000,0.000,,,
3,S,23238811,3388,2.080,1.120,2.720,-9.893,-0.237,0.147,,,,,,,,,,,,
3,A,23239144,1012,,,,,,,10.916,-0.468,0.246,,,,,,,,,
3,B,23242875,4064,,,,,,,,,,-10.133,-0.164,-0.199,,,,,,
3,S,23242875,4064,1.440,1.120,2.720,-9.893,-0.237,0.128,,,,,,,,,,,,
3,A,23243495,4351,,,,,,,10.909,-0.491,0.242,,,,,,,,,
3,B,23244907,2032,,,,,,,,,,-10.121,-0.125,-0.230,,,,,,
3,S,23244907,2032,-0.160,1.120,2.720,-9.893,-0.233,0.117,,,,,,,,,,,,
3,B,23248293,3386,,,,,,,,,,,,,,,,45.375,-84.375,39.000
3,S,23248293,3386,-0.480,1.120,2.400,-9.898,-0.223,0.122,,,,,,,,,,,,
3,A,23249091,5596,,,,,,,10.932,-0.442,0.226,,,,,,,,,
3,B,23251002,2709,,,,,,,,,,,,,0.112,0.000,0.000,,,
3,S,23251002,2709,0.160,1.120,1.760,-9.898,-0.223,0.133,,,,,,,,,,,,
3,A,23252376,3285,,,,,,,10.921,-0.460,0.215,,,,,,,,,
3,B,23253713,2711,,,,,,,,,,-10.117,-0.098,-0.199,,,,,,
3,S,23253713,2711,0.800,1.440,1.760,-9.898,-0.228,0.147,,,,,,,,,,,,
3,B,23257099,3386,,,,,,,,,,,,,,,,45.250,-83.500,38.750
3,S,23257099,3386,0.800,1.760,2.720,-9.893,-0.228,0.147,,,,,,,,,,,,
3,A,23259055,6679,,,,,,,10.909,-0.455,0.255,,,,,,,,,
3,B,23259809,2710,,,,,,,,,,,,,0.112,0.000,0.000,,,
3,S,23259809,2710,1.120,2.080,2.720,-9.893,-0.217,0.147,,,,,,,,,,,,
3,A,23262270,3215,,,,,,,10.920,-0.458,0.252,,,,,,,,,
3,B,23263874,4065,,,,,,,,,,-10.137,-0.098,-0.184,,,,,,
3,S,23263874,4065,1.440,1.760,2.400,-9.887,-0.217,0.152,,,,,,,,,,,,
3,B,23265906,2032,,,,,,,,,,,,,,,,43.812,-84.688,40.500
3,S,23265906,2032,1.440,1.440,2.080,-9.887,-0.212,0.158,,,,,,,,,,,,
3,A,23269059,6789,,,,,,,10.927,-0.456,0.237,,,,,,,,,
3,B,23269292,3386,,,,,,,,,,,,,0.112,0.112,0.000,,,
3,S,23269292,3386,1.120,1.120,1.760,-9.893,-0.207,0.147,,,,,,,,,,,,
3,A,23273425,4366,,,,,,,10.938,-0.467,0.229,,,,,,,,,
3,B,23274033,4741,,,,,,,,,,-10.141,-0.098,-0.199,,,,,,
3,S,23274033,4741,0.800,1.440,2.080,-9.893,-0.228,0.138,,,,,,,,,,,,
3,B,23276065,2032,,,,,,,,,,-10.160,-0.105,-0.199,,,,,,
3,S,23276065,2032,0.480,1.440,2.080,-9.893,-0.228,0.133,,,,,,,,,,,,
3,B,23279453,3388,,,,,,,,,,,,,,,,45.562,-84.688,39.500
3,S,23279453,3388,0.160,1.440,2.080,-9.898,-0.228,0.128,,,,,,,,,,,,
3,B,23281485,2032,,,,,,,,,,,,,0.000,0.112,0.000,,,
3,S,23281485,2032,0.160,1.440,2.080,-9.898,-0.228,0.128,,,,,,,,,,,,
3,B,23284872,3387,,,,,,,,,,-10.152,-0.125,-0.199,,,,,,
3,S,23284872,3387,0.480,1.440,2.080,-9.902,-0.223,0.133,,,,,,,,,,,,
3,B,23288258,3386,,,,,,,,,,,,,,,,45.688,-84.562,39.938
3,S,23288258,3386,0.800,1.760,2.400,-9.893,-0.228,0.133,,,,,,,,,,,,
3,B,23290291,2033,,,,,,,,,,,,,0.000,0.000,0.000,,,
3,S,23290291,2033,0.800,1.440,2.400,-9.883,-0.228,0.133,,,,,,,,,,,,
3,B,23293678,3387,,,,,,,,,,-10.156,-0.145,-0.211,,,,,,
3,S,23293678,3387,0.800,0.800,2.400,-9.877,-0.237,0.138,,,,,,,,,,,,
3,B,23297064,3386,,,,,,,,,,,,,,,,43.625,-84.938,40.438
3,S,23297064,3386,0.800,1.120,2.400,-9.877,-0.247,0.147,,,,,,,,,,,,
3,B,23299096,2032,,,,,,,,,,,,,0.000,0.000,0.000,,,
3,S,23299096,2032,0.480,1.440,2.080,-9.877,-0.242,0.152,,,,,,,,,,,,
3,B,23303839,4743,,,,,,,,,,-10.133,-0.152,-0.184,,,,,,
3,S,23303839,4743,0.480,0.480,2.400,-9.893,-0.237,0.142,,,,,,,,,,,,
3,B,23305871,2032,,,,,,,,,,-10.145,-0.145,-0.191,,,,,,
3,S,23305871,2032,1.120,0.160,2.080,-9.898,-0.247,0.142,,,,,,,,,,,,
3,B,23309257,3386,,,,,,,,,,,,,,,,44.875,-83.375,39.625
3,S,23309257,3386,1.120,0.800,1.120,-9.898,-0.258,0.142,,,,,,,,,,,,
3,B,23311289,2032,,,,,,,,,,,,,0.000,0.000,0.000,,,
3,S,23311289,2032,1.120,1.440,1.440,-9.893,-0.258,0.142,,,,,,,,,,,,
3,B,23314677,3388,,,,,,,,,,,,,,,,44.500,-85.000,39.938
3,S,23314677,3388,1.120,2.400,2.720,-9.887,-0.242,0.133,,,,,,,,,,,,
3,B,23318063,3386,,,,,,,,,,-10.137,-0.145,-0.219,,,,,,
3,S,23318063,3386,0.800,2.080,3.040,-9.887,-0.237,0.128,,,,,,,,,,,,
3,B,23321450,3387,,,,,,,,,,,,,0.000,0.000,0.000,,,
3,S,23321450,3387,0.480,1.760,2.720,-9.883,-0.242,0.133,,,,,,,,,,,,
3,B,23324837,3387,,,,,,,,,,-10.133,-0.125,-0.211,,,,,,
3,S,23324837,3387,0.800,1.440,2.720,-9.877,-0.233,0.138,,,,,,,,,,,,
3,B,23328223,3386,,,,,,,,,,,,,,,,44.438,-83.438,40.000
3,S,23328223,3386,0.800,1.440,2.400,-9.883,-0.223,0.138,,,,,,,,,,,,
3,B,23330256,2033,,,,,,,,,,,,,0.000,0.000,0.000,,,
3,S,23330256,2033,1.440,1.120,2.080,-9.887,-0.223,0.138,,,,,,,,,,,,
3,B,23334320,4064,,,,,,,,,,-10.121,-0.113,-0.199,,,,,,
3,S,23334320,4064,1.120,1.440,1.760,-9.887,-0.233,0.142,,,,,,,,,,,,
3,B,23337029,2709,,,,,,,,,,-10.145,-0.125,-0.191,,,,,,
3,S,23337029,2709,0.480,1.760,1.760,-9.887,-0.237,0.138,,,,,,,,,,,,
3,B,23339740,2711,,,,,,,,,,,,,,,,44.812,-84.000,39.312
3,S,23339740,2711,0.800,1.760,2.080,-9.893,-0.233,0.142,,,,,,,,,,,,
3,B,23342449,2709,,,,,,,,,,,,,0.000,0.000,0.000,,,
3,S,23342449,2709,1.120,1.760,1.760,-9.898,-0.223,0.138,,,,,,,,,,,,
3,B,23345836,3387,,,,,,,,,,,,,,,,44.812,-85.562,41.000
3,S,23345836,3387,0.800,1.440,2.080,-9.898,-0.217,0.138,,,,,,,,,,,,
3,B,23349222,3386,,,,,,,,,,-10.145,-0.125,-0.172,,,,,,
3,S,23349222,3386,0.480,1.440,2.400,-9.898,-0.217,0.128,,,,,,,,,,,,
3,B,23351933,2711,,,,,,,,,,,,,0.000,0.112,0.000,,,
3,S,23351933,2711,0.800,1.120,2.080,-9.893,-0.212,0.117,,,,,,,,,,,,
3,B,23355319,3386,,,,,,,,,,-10.152,-0.105,-0.219,,,,,,
3,S,23355319,3386,0.800,1.120,2.080,-9.883,-0.203,0.122,,,,,,,,,,,,
3,B,23358706,3387,,,,,,,,,,,,,,,,45.375,-84.375,39.750
3,S,23358706,3387,0.800,1.120,1.760,-9.887,-0.212,0.142,,,,,,,,,,,,
3,B,23360738,2032,,,,,,,,,,,,,0.112,0.112,0.000,,,
3,S,23360738,2032,0.800,1.440,1.760,-9.893,-0.223,0.147,,,,,,,,,,,,
3,B,23364124,3386,,,,,,,,,,-10.152,-0.125,-0.199,,,,,,
3,S,23364124,3386,0.800,2.080,2.080,-9.893,-0.237,0.142,,,,,,,,,,,,
3,B,23367512,3388,,,,,,,,,,,,,,,,45.438,-84.812,39.875
3,S,23367512,3388,0.480,1.440,2.080,-9.898,-0.253,0.142,,,,,,,,,,,,
3,B,23370221,2709,,,,,,,,,,-10.145,-0.152,-0.199,,,,,,
3,S,23370221,2709,0.480,0.800,2.400,-9.898,-0.253,0.147,,,,,,,,,,,,
3,B,23372931,2710,,,,,,,,,,,,,0.000,0.112,0.000,,,
3,S,23372931,2710,0.800,1.120,2.400,-9.898,-0.242,0.152,,,,,,,,,,,,
3,B,23375640,2709,,,,,,,,,,,,,,,,44.875,-83.438,38.875
3,S,23375640,2709,1.120,2.080,2.400,-9.902,-0.237,0.152,,,,,,,,,,,,
3,B,23379026,3386,,,,,,,,,,-10.156,-0.152,-0.184,,,,,,
3,S,23379026,3386,1.120,2.080,2.400,-9.898,-0.228,0.142,,,,,,,,,,,,
3,B,23381737,2711,,,,,,,,,,,,,0.112,0.000,0.000,,,
3,S,23381737,2711,1.120,1.120,2.720,-9.898,-0.228,0.128,,,,,,,,,,,,
3,B,23384446,2709,,,,,,,,,,,,,,,,44.625,-84.812,40.312
3,S,23384446,2709,1.440,0.480,2.720,-9.893,-0.233,0.122,,,,,,,,,,,,
3,B,23387833,3387,,,,,,,,,,-10.145,-0.125,-0.219,,,,,,
3,S,23387833,3387,1.760,0.800,2.720,-9.893,-0.237,0.122,,,,,,,,,,,,
3,B,23389865,2032,,,,,,,,,,,,,0.000,0.000,0.000,,,
3,S,23389865,2032,1.120,1.440,2.400,-9.887,-0.237,0.128,,,,,,,,,,,,
3,B,23393930,4065,,,,,,,,,,,,,,,,46.000,-84.000,39.500
3,S,23393930,4065,0.800,1.760,1.440,-9.887,-0.237,0.133,,,,,,,,,,,,
3,B,23396639,2709,,,,,,,,,,-10.145,-0.125,-0.191,,,,,,
3,S,23396639,2709,0.800,1.760,1.760,-9.893,-0.233,0.142,,,,,,,,,,,,
3,B,23398671,2032,,,,,,,,,,,,,0.000,0.000,0.000,,,
3,S,23398671,2032,1.120,1.760,2.400,-9.898,-0.233,0.142,,,,,,,,,,,,
3,B,23402735,4064,,,,,,,,,,-10.117,-0.164,-0.211,,,,,,
3,S,23402735,4064,1.120,1.760,2.400,-9.893,-0.237,0.142,,,,,,,,,,,,
3,B,23405445,2710,,,,,,,,,,,,,,,,45.188,-84.625,39.625
3,S,23405445,2710,1.120,1.440,2.080,-9.887,-0.242,0.138,,,,,,,,,,,,
3,B,23407477,2032,,,,,,,,,,-10.141,-0.105,-0.172,,,,,,
3,S,23407477,2032,0.800,1.120,2.080,-9.883,-0.247,0.138,,,,,,,,,,,,
3,B,23410186,2709,,,,,,,,,,,,,0.000,0.000,0.000,,,
3,S,23410186,2709,1.120,0.480,2.080,-9.883,-0.242,0.142,,,,,,,,,,,,
3,B,23414250,4064,,,,,,,,,,,,,,,,45.188,-84.625,39.625
3,S,23414250,4064,1.120,0.800,2.400,-9.898,-0.228,0.142,,,,,,,,,,,,
3,B,23416282,2032,,,,,,,,,,-10.137,-0.133,-0.211,,,,,,
3,S,23416282,4065,1.120,1.120,1.760,-9.893,-0.233,0.142,,,,,,,,,,,,
3,B,23418993,2711,,,,,,,,,,,,,0.112,0.000,0.000,,,
3,S,23418993,678,0.800,1.120,1.760,-9.893,-0.233,0.138,,,,,,,,,,,,
3,B,23423056,4063,,,,,,,,,,,,,,,,45.062,-85.312,40.375
3,S,23423056,4063,0.800,0.800,1.760,-9.883,-0.237,0.138,,,,,,,,,,,,
3,B,23426443,3387,,,,,,,,,,-10.160,-0.105,-0.199,,,,,,
3,S,23426443,3387,0.480,0.800,1.760,-9.887,-0.233,0.128,,,,,,,,,,,,
3,B,23428475,2032,,,,,,,,,,,,,0.112,0.000,0.000,,,
3,S,23428475,2032,0.480,0.800,1.440,-9.887,-0.228,0.122,,,,,,,,,,,,
3,B,23432540,4065,,,,,,,,,,,,,,,,44.875,-85.062,39.812
3,S,23432540,4065,0.800,0.800,2.080,-9.887,-0.223,0.122,,,,,,,,,,,,
3,B,23435249,2709,,,,,,,,,,-10.137,-0.086,-0.230,,,,,,
3,S,23435249,2709,1.120,0.160,2.400,-9.883,-0.223,0.133,,,,,,,,,,,,
3,B,23437281,2032,,,,,,,,,,-10.141,-0.105,-0.219,,,,,,
3,S,23437281,2032,0.800,-0.160,2.080,-9.883,-0.223,0.138,,,,,,,,,,,,
3,B,23442022,4741,,,,,,,,,,,,,0.000,0.000,0.000,,,
3,S,23442022,4741,0.800,0.800,1.760,-9.893,-0.228,0.142,,,,,,,,,,,,
3,B,23444054,2032,,,,,,,,,,,,,,,,45.062,-84.750,39.938
3,S,23444054,2032,1.120,1.120,1.440,-9.893,-0.223,0.142,,,,,,,,,,,,
3,B,23447442,3388,,,,,,,,,,-10.117,-0.113,-0.184,,,,,,
3,S,23447442,3388,1.120,1.440,1.760,-9.893,-0.228,0.142,,,,,,,,,,,,
3,B,23449474,2032,,,,,,,,,,,,,0.000,0.000,0.000,,,
3,S,23449474,2032,0.800,1.440,1.760,-9.893,-0.237,0.142,,,,,,,,,,,,
3,B,23453538,4064,,,,,,,,,,,,,,,,45.375,-84.938,40.125
3,S,23453538,4064,0.800,1.120,2.080,-9.902,-0.253,0.133,,,,,,,,,,,,
3,B,23456926,3388,,,,,,,,,,-10.133,-0.133,-0.184,,,,,,
3,S,23456926,3388,1.440,1.120,2.720,-9.902,-0.247,0.133,,,,,,,,,,,,
3,B,23459635,2709,,,,,,,,,,,,,0.000,0.112,0.000,,,
3,S,23459635,2709,0.800,0.800,2.720,-9.898,-0.242,0.133,,,,,,,,,,,,
3,B,23463699,4064,,,,,,,,,,,,,,,,44.812,-84.000,39.312
3,S,23463699,4064,0.800,0.800,2.400,-9.883,-0.237,0.128,,,,,,,,,,,,
3,B,23465731,2032,,,,,,,,,,-10.148,-0.125,-0.219,,,,,,
3,S,23465731,2032,1.120,1.120,2.400,-9.883,-0.237,0.133,,,,,,,,,,,,
3,B,23468440,2709,,,,,,,,,,,,,0.000,0.112,0.000,,,
3,S,23468440,2709,1.120,1.120,2.400,-9.893,-0.233,0.142,,,,,,,,,,,,
3,B,23472505,4065,,,,,,,,,,-10.141,-0.133,-0.191,,,,,,
3,S,23472505,4065,1.440,1.440,2.720,-9.898,-0.237,0.152,,,,,,,,,,,,
3,B,23474537,2032,,,,,,,,,,,,,,,,45.000,-84.375,39.062
3,S,23474537,2032,2.080,1.760,2.720,-9.893,-0.233,0.158,,,,,,,,,,,,
3,B,23477246,2709,,,,,,,,,,-10.148,-0.125,-0.184,,,,,,
3,S,23477246,2709,2.080,1.760,2.400,-9.893,-0.237,0.158,,,,,,,,,,,,
3,B,23479278,2032,,,,,,,,,,,,,0.000,0.112,0.000,,,
3,S,23479278,2032,1.760,1.760,1.760,-9.887,-0.242,0.152,,,,,,,,,,,,
3,B,23484000,4722,,,,,,,,,,,,,,,,46.375,-84.062,39.375
3,S,23484000,4722,1.440,1.120,1.440,-9.887,-0.247,0.142,,,,,,,,,,,,
3,B,23486730,2730,,,,,,,,,,-10.148,-0.133,-0.199,,,,,,
3,S,23486730,2730,1.440,0.800,1.760,-9.898,-0.253,0.133,,,,,,,,,,,,
3,B,23489439,2709,,,,,,,,,,,,,0.000,0.000,0.000,,,
3,S,23489439,2709,1.760,0.800,2.080,-9.893,-0.253,0.122,,,,,,,,,,,,
3,B,23493503,4064,,,,,,,,,,,,,,,,46.125,-83.875,39.125
3,S,23493503,4064,1.440,1.120,2.400,-9.883,-0.242,0.107,,,,,,,,,,,,
3,B,23496891,3388,,,,,,,,,,-10.148,-0.113,-0.211,,,,,,
3,S,23496891,3388,0.160,1.120,2.080,-9.887,-0.233,0.113,,,,,,,,,,,,
3,B,23498923,2032,,,,,,,,,,,,,0.000,0.000,0.000,,,
3,S,23498923,6096,0.160,1.440,2.080,-9.887,-0.242,0.138,,,,,,,,,,,,
3,B,23503664,4741,,,,,,,,,,,,,,,,46.000,-83.000,38.938
3,S,23503664,677,1.120,1.440,2.080,-9.887,-0.242,0.138,,,,,,,,,,,,
3,B,23505696,2032,,,,,,,,,,-10.145,-0.133,-0.199,,,,,,
3,S,23505696,2032,1.440,1.120,2.080,-9.887,-0.242,0.142,,,,,,,,,,,,
3,B,23507729,2033,,,,,,,,,,-10.133,-0.133,-0.184,,,,,,
3,S,23507729,2033,1.440,1.120,2.080,-9.887,-0.242,0.147,,,,,,,,,,,,
3,B,23511115,3386,,,,,,,,,,,,,0.000,0.000,0.000,,,
3,S,23511115,3386,1.760,1.440,2.080,-9.883,-0.233,0.152,,,,,,,,,,,,
3,B,23514502,3387,,,,,,,,,,,,,,,,44.562,-84.375,40.250
3,S,23514502,3387,1.440,1.760,1.760,-9.893,-0.223,0.147,,,,,,,,,,,,
3,B,23517890,3388,,,,,,,,,,-10.117,-0.098,-0.199,,,,,,
3,S,23517890,3388,0.800,1.440,1.760,-9.898,-0.228,0.138,,,,,,,,,,,,
3,B,23519922,2032,,,,,,,,,,,,,0.000,0.000,0.000,,,
3,S,23519922,2032,0.800,1.440,1.440,-9.902,-0.228,0.133,,,,,,,,,,,,
3,B,23524663,4741,,,,,,,,,,,,,,,,45.938,-83.125,38.500
3,S,23524663,4741,1.120,1.440,2.080,-9.912,-0.228,0.122,,,,,,,,,,,,
3,B,23527372,2709,,,,,,,,,,-10.152,-0.113,-0.191,,,,,,
3,S,23527372,2709,1.440,1.440,2.400,-9.908,-0.228,0.128,,,,,,,,,,,,
3,B,23530081,2709,,,,,,,,,,,,,-0.112,0.000,0.000,,,
3,S,23530081,2709,1.120,1.440,2.720,-9.887,-0.233,0.133,,,,,,,,,,,,
3,B,23534146,4065,,,,,,,,,,,,,,,,44.562,-83.812,39.812
3,S,23534146,4065,1.120,1.120,2.080,-9.877,-0.233,0.133,,,,,,,,,,,,
3,B,23536837,2691,,,,,,,,,,-10.145,-0.105,-0.199,,,,,,
3,S,23536837,2691,0.800,1.120,1.760,-9.877,-0.223,0.138,,,,,,,,,,,,
3,B,23538888,2051,,,,,,,,,,,,,-0.112,0.112,0.000,,,
3,S,23538888,2051,0.800,1.120,2.080,-9.883,-0.223,0.138,,,,,,,,,,,,
3,B,23542953,4065,,,,,,,,,,-10.133,-0.133,-0.219,,,,,,
3,S,23542953,4065,0.800,1.440,2.400,-9.877,-0.242,0.138,,,,,,,,,,,,
3,B,23545662,2709,,,,,,,,,,,,,,,,45.438,-84.812,39.875
3,S,23545662,2709,0.800,0.800,2.080,-9.877,-0.253,0.142,,,,,,,,,,,,
3,B,23547694,2032,,,,,,,,,,-10.137,-0.125,-0.184,,,,,,
3,S,23547694,2032,0.800,0.800,2.080,-9.877,-0.247,0.147,,,,,,,,,,,,
3,B,23549726,2032,,,,,,,,,,,,,0.000,0.000,0.000,,,
3,S,23549726,2032,0.800,0.800,2.080,-9.887,-0.242,0.152,,,,,,,,,,,,
3,B,23554467,4741,,,,,,,,,,,,,,,,45.562,-84.125,39.125
3,S,23554467,4741,0.800,1.440,1.760,-9.893,-0.233,0.158,,,,,,,,,,,,
3,B,23557176,2709,,,,,,,,,,-10.156,-0.105,-0.191,,,,,,
3,S,23557176,2709,0.800,1.120,1.440,-9.893,-0.228,0.152,,,,,,,,,,,,
3,B,23559887,2711,,,,,,,,,,,,,-0.112,0.000,0.000,,,
3,S,23559887,2711,0.480,1.120,1.440,-9.898,-0.228,0.152,,,,,,,,,,,,
3,B,23563951,4064,,,,,,,,,,,,,,,,46.000,-83.000,38.938
3,S,23563951,4064,0.480,0.800,2.720,-9.898,-0.223,0.147,,,,,,,,,,,,
3,B,23567337,3386,,,,,,,,,,-10.148,-0.105,-0.199,,,,,,
3,S,23567337,3386,0.480,0.800,2.720,-9.893,-0.233,0.133,,,,,,,,,,,,
3,B,23569369,2032,,,,,,,,,,,,,0.112,0.000,0.000,,,
3,S,23569369,2032,0.800,0.800,2.080,-9.893,-0.233,0.128,,,,,,,,,,,,
3,B,23574111,4742,,,,,,,,,,,,,,,,45.062,-83.750,39.375
3,S,23574111,4742,1.440,1.120,1.440,-9.893,-0.247,0.133,,,,,,,,,,,,
3,B,23576143,2032,,,,,,,,,,-10.160,-0.145,-0.219,,,,,,
3,S,23576143,2032,1.760,1.120,1.760,-9.887,-0.247,0.138,,,,,,,,,,,,
3,B,23578175,2032,,,,,,,,,,,,,0.112,0.000,0.000,,,
3,S,23578175,2032,1.440,1.440,2.080,-9.883,-0.247,0.147,,,,,,,,,,,,
3,B,23582918,4743,,,,,,,,,,-10.141,-0.145,-0.199,,,,,,
3,S,23582918,4743,1.120,1.760,2.080,-9.887,-0.247,0.163,,,,,,,,,,,,
3,B,23584950,2032,,,,,,,,,,,,,,,,46.062,-84.500,39.562
3,S,23584950,2032,0.800,1.760,1.760,-9.893,-0.247,0.163,,,,,,,,,,,,
3,B,23588336,3386,,,,,,,,,,-10.176,-0.113,-0.184,,,,,,
3,S,23588336,3386,0.800,1.120,2.080,-9.887,-0.233,0.152,,,,,,,,,,,,
3,B,23591723,3387,,,,,,,,,,,,,0.000,0.000,0.000,,,
3,S,23591723,3387,0.800,1.120,2.400,-9.887,-0.223,0.147,,,,,,,,,,,,
3,B,23593755,2032,,,,,,,,,,,,,,,,45.125,-85.250,40.062
3,S,23593755,2032,0.800,1.120,2.400,-9.898,-0.217,0.142,,,,,,,,,,,,
3,B,23597142,3387,,,,,,,,,,-10.145,-0.133,-0.199,,,,,,
3,S,23597142,3387,0.800,1.120,1.760,-9.908,-0.217,0.138,,,,,,,,,,,,
3,B,23599174,2032,,,,,,,,,,,,,0.000,0.000,0.000,,,
3,S,23599174,2032,0.800,1.440,1.760,-9.902,-0.212,0.133,,,,,,,,,,,,
3,B,23603916,4742,,,,,,,,,,,,,,,,45.312,-83.938,39.625
3,S,23603916,4742,0.800,1.440,1.760,-9.883,-0.217,0.128,,,,,,,,,,,,
3,B,23605948,2032,,,,,,,,,,-10.148,-0.133,-0.211,,,,,,
3,S,23605948,2032,0.480,1.440,2.080,-9.883,-0.228,0.133,,,,,,,,,,,,
3,B,23608658,2710,,,,,,,,,,,,,0.000,0.000,0.000,,,
3,S,23608658,2710,0.800,1.440,2.720,-9.893,-0.247,0.142,,,,,,,,,,,,
3,B,23613399,4741,,,,,,,,,,-10.145,-0.113,-0.211,,,,,,
3,S,23613399,4741,0.800,0.480,2.720,-9.898,-0.247,0.147,,,,,,,,,,,,
3,B,23616108,2709,,,,,,,,,,,,,,,,44.250,-84.188,40.000
3,S,23616108,2709,0.480,0.160,2.080,-9.898,-0.228,0.152,,,,,,,,,,,,
3,B,23618140,2032,,,,,,,,,,,,,0.000,0.000,0.000,,,
3,S,23618140,2032,0.480,0.160,1.760,-9.898,-0.217,0.158,,,,,,,,,,,,
3,B,23622205,4065,,,,,,,,,,-10.133,-0.113,-0.191,,,,,,
3,S,23622205,4065,0.800,0.480,1.760,-9.898,-0.223,0.152,,,,,,,,,,,,
3,B,23624915,2710,,,,,,,,,,-10.148,-0.105,-0.211,,,,,,
3,S,23624915,5419,1.440,0.480,2.080,-9.883,-0.237,0.138,,,,,,,,,,,,
3,B,23628301,3386,,,,,,,,,,,,,,,,46.062,-83.062,38.188
3,S,23628301,677,1.440,0.800,2.080,-9.877,-0.237,0.133,,,,,,,,,,,,
3,B,23630333,2032,,,,,,,,,,,,,0.000,0.112,0.000,,,
3,S,23630333,2032,1.120,1.440,2.080,-9.867,-0.237,0.128,,,,,,,,,,,,
3,B,23634397,4064,,,,,,,,,,,,,,,,46.062,-84.062,38.688
3,S,23634397,4064,1.120,2.080,2.080,-9.873,-0.233,0.133,,,,,,,,,,,,
3,B,23637785,3388,,,,,,,,,,-10.133,-0.133,-0.219,,,,,,
3,S,23637785,3388,0.800,2.400,2.400,-9.883,-0.233,0.142,,,,,,,,,,,,
3,B,23640494,2709,,,,,,,,,,,,,-0.112,0.112,0.000,,,
3,S,23640494,2709,1.120,2.080,2.080,-9.893,-0.237,0.142,,,,,,,,,,,,
3,B,23644558,4064,,,,,,,,,,-10.121,-0.133,-0.211,,,,,,
3,S,23644558,4064,0.800,1.120,2.080,-9.902,-0.247,0.133,,,,,,,,,,,,
3,B,23646591,2033,,,,,,,,,,,,,,,,46.438,-85.125,39.875
3,S,23646591,4065,0.800,0.480,2.400,-9.893,-0.237,0.133,,,,,,,,,,,,
3,B,23649300,2709,,,,,,,,,,,,,0.000,0.112,0.000,,,
3,S,23649300,677,0.480,0.480,2.720,-9.887,-0.237,0.138,,,,,,,,,,,,
3,B,23653364,4064,,,,,,,,,,-10.141,-0.133,-0.191,,,,,,
3,S,23653364,4064,0.480,1.120,3.040,-9.883,-0.242,0.152,,,,,,,,,,,,
3,B,23655396,2032,,,,,,,,,,,,,,,,44.938,-85.500,40.688
3,S,23655396,2032,1.120,1.440,2.720,-9.883,-0.242,0.152,,,,,,,,,,,,
3,B,23658784,3388,,,,,,,,,,,,,0.000,0.112,0.000,,,
3,S,23658784,3388,1.120,1.440,2.400,-9.883,-0.247,0.147,,,,,,,,,,,,
3,B,23662848,4064,,,,,,,,,,-10.148,-0.125,-0.184,,,,,,
3,S,23662848,4064,1.120,1.120,2.080,-9.883,-0.237,0.138,,,,,,,,,,,,
3,B,23665557,2709,,,,,,,,,,-10.145,-0.125,-0.219,,,,,,
3,S,23665557,2709,0.800,1.120,2.080,-9.883,-0.233,0.133,,,,,,,,,,,,
3,B,23668944,3387,,,,,,,,,,,,,,,,43.812,-84.688,40.500
3,S,23668944,3387,0.480,1.440,2.080,-9.883,-0.237,0.138,,,,,,,,,,,,
3,B,23670977,2033,,,,,,,,,,,,,0.000,0.000,0.000,,,
3,S,23670977,2033,0.480,1.760,2.400,-9.887,-0.242,0.142,,,,,,,,,,,,
3,B,23674363,3386,,,,,,,,,,-10.141,-0.125,-0.211,,,,,,
3,S,23674363,3386,1.120,1.440,2.400,-9.898,-0.237,0.147,,,,,,,,,,,,
3,B,23677750,3387,,,,,,,,,,,,,,,,45.625,-85.188,39.625
3,S,23677750,3387,1.440,1.120,2.400,-9.908,-0.237,0.152,,,,,,,,,,,,
3,A,23677746,404321,,,,,,,10.925,-0.463,0.229,,,,,,,,,
3,B,23679782,2032,,,,,,,,,,,,,0.112,0.000,0.000,,,
3,S,23679782,2032,1.120,0.800,2.400,-9.902,-0.233,0.152,,,,,,,,,,,,
3,A,23683737,5991,,,,,,,10.944,-0.467,0.231,,,,,,,,,
3,B,23683847,4065,,,,,,,,,,-10.133,-0.133,-0.191,,,,,,
3,S,23683847,4065,0.800,0.160,2.080,-9.893,-0.228,0.147,,,,,,,,,,,,
3,A,23686047,2310,,,,,,,10.943,-0.481,0.229,,,,,,,,,
3,B,23686556,2709,,,,,,,,,,,,,,,,45.000,-84.875,40.250
3,S,23686556,2709,0.480,0.480,2.080,-9.887,-0.217,0.147,,,,,,,,,,,,
3,A,23689347,3300,,,,,,,10.938,-0.468,0.249,,,,,,,,,
3,B,23689943,3387,,,,,,,,,,,,,0.000,0.000,0.000,,,
3,S,23689943,3387,0.480,1.120,2.720,-9.887,-0.217,0.147,,,,,,,,,,,,
3,A,23693647,4300,,,,,,,10.934,-0.454,0.229,,,,,,,,,
3,B,23694006,4063,,,,,,,,,,-10.152,-0.113,-0.191,,,,,,
3,S,23694006,4063,0.800,1.440,3.040,-9.887,-0.228,0.147,,,,,,,,,,,,
3,A,23695947,2300,,,,,,,10.933,-0.473,0.270,,,,,,,,,
3,B,23696697,2691,,,,,,,,,,-10.145,-0.113,-0.211,,,,,,
3,S,23696697,2691,1.120,1.440,2.720,-9.887,-0.233,0.142,,,,,,,,,,,,
3,A,23699246,3299,,,,,,,10.922,-0.463,0.261,,,,,,,,,
3,B,23699426,2729,,,,,,,,,,,,,,,,44.250,-84.188,40.000
3,S,23699426,2729,1.440,1.120,2.720,-9.883,-0.228,0.133,,,,,,,,,,,,
3,A,23701546,2300,,,,,,,10.939,-0.464,0.267,,,,,,,,,
3,B,23702135,2709,,,,,,,,,,,,,-0.112,0.000,0.000,,,
3,S,23702135,2709,1.760,1.120,2.400,-9.877,-0.233,0.128,,,,,,,,,,,,
3,A,23704857,3311,,,,,,,10.914,-0.483,0.252,,,,,,,,,
3,B,23705522,3387,,,,,,,,,,-10.137,-0.105,-0.211,,,,,,
3,S,23705522,3387,1.440,1.120,2.080,-9.873,-0.223,0.133,,,,,,,,,,,,
3,A,23708156,3299,,,,,,,10.912,-0.473,0.237,,,,,,,,,
3,B,23708910,3388,,,,,,,,,,,,,,,,45.062,-83.188,39.000
3,S,23708910,3388,0.800,0.800,1.760,-9.877,-0.217,0.133,,,,,,,,,,,,
3,A,23710456,2300,,,,,,,10.915,-0.470,0.220,,,,,,,,,
3,B,23710942,2032,,,,,,,,,,,,,0.000,0.000,0.112,,,
3,S,23710942,2032,0.480,1.120,1.760,-9.877,-0.223,0.138,,,,,,,,,,,,
3,A,23713756,3300,,,,,,,10.905,-0.490,0.228,,,,,,,,,
3,B,23714328,3386,,,,,,,,,,-10.156,-0.145,-0.211,,,,,,
3,S,23714328,3386,0.480,1.440,1.760,-9.887,-0.228,0.138,,,,,,,,,,,,
3,A,23717054,3298,,,,,,,10.914,-0.471,0.205,,,,,,,,,
3,B,23717715,3387,,,,,,,,,,,,,,,,45.312,-83.938,38.875
3,S,23717715,3387,0.480,1.120,2.080,-9.902,-0.237,0.142,,,,,,,,,,,,
3,A,23719354,2300,,,,,,,10.938,-0.483,0.258,,,,,,,,,
3,B,23719747,2032,,,,,,,,,,,,,0.112,0.000,0.112,,,
3,S,23719747,2032,0.800,0.800,2.400,-9.902,-0.237,0.142,,,,,,,,,,,,
3,A,23723666,4312,,,,,,,10.938,-0.474,0.233,,,,,,,,,
3,B,23723812,4065,,,,,,,,,,-10.148,-0.145,-0.230,,,,,,
3,S,23723812,4065,0.800,1.120,2.400,-9.902,-0.237,0.142,,,,,,,,,,,,
3,A,23725966,2300,,,,,,,10.914,-0.481,0.271,,,,,,,,,
3,B,23726521,2709,,,,,,,,,,-10.141,-0.113,-0.219,,,,,,
3,S,23726521,2709,1.120,1.440,2.080,-9.902,-0.242,0.138,,,,,,,,,,,,
3,A,23729264,3298,,,,,,,10.907,-0.473,0.260,,,,,,,,,
3,B,23729908,3387,,,,,,,,,,,,,,,,45.312,-85.000,39.438
3,S,23729908,3387,1.120,1.440,1.760,-9.898,-0.233,0.133,,,,,,,,,,,,
3,A,23731564,2300,,,,,,,10.936,-0.492,0.258,,,,,,,,,
3,B,23731940,2032,,,,,,,,,,,,,0.112,0.112,0.000,,,
3,S,23731940,2032,0.800,1.440,1.760,-9.893,-0.223,0.138,,,,,,,,,,,,
3,A,23734864,3300,,,,,,,10.918,-0.481,0.234,,,,,,,,,
3,B,23735326,3386,,,,,,,,,,,,,,,,44.625,-83.188,39.375
3,S,23735326,3386,0.800,0.800,2.400,-9.893,-0.223,0.138,,,,,,,,,,,,
3,A,23738163,3299,,,,,,,10.937,-0.470,0.216,,,,,,,,,
3,B,23738714,3388,,,,,,,,,,-10.137,-0.125,-0.238,,,,,,
3,S,23738714,3388,0.480,0.800,2.080,-9.898,-0.233,0.138,,,,,,,,,,,,
3,A,23741473,3310,,,,,,,10.930,-0.473,0.239,,,,,,,,,
3,B,23742100,3386,,,,,,,,,,,,,0.000,0.112,0.000,,,
3,S,23742100,6096,1.120,1.120,1.440,-9.898,-0.242,0.147,,,,,,,,,,,,
3,A,23744773,3300,,,,,,,10.931,-0.470,0.236,,,,,,,,,
3,B,23745487,3387,,,,,,,,,,-10.148,-0.113,-0.211,,,,,,
3,S,23745487,677,1.440,1.440,1.440,-9.893,-0.242,0.152,,,,,,,,,,,,
3,A,23748071,3298,,,,,,,10.933,-0.467,0.225,,,,,,,,,
3,B,23748196,2709,,,,,,,,,,,,,,,,45.688,-84.000,39.562
3,S,23748196,2709,1.440,1.120,2.080,-9.887,-0.237,0.152,,,,,,,,,,,,
3,A,23750371,2300,,,,,,,10.935,-0.472,0.265,,,,,,,,,
3,B,23750907,2711,,,,,,,,,,,,,0.000,0.000,0.000,,,
3,S,23750907,2711,1.120,0.800,2.400,-9.887,-0.228,0.152,,,,,,,,,,,,
3,A,23754671,4300,,,,,,,10.909,-0.462,0.280,,,,,,,,,
3,B,23754971,4064,,,,,,,,,,-10.145,-0.125,-0.184,,,,,,
3,S,23754971,4064,1.440,0.800,2.400,-9.898,-0.217,0.158,,,,,,,,,,,,
3,A,23756971,2300,,,,,,,10.918,-0.475,0.251,,,,,,,,,
3,B,23757680,2709,,,,,,,,,,-10.148,-0.105,-0.211,,,,,,
3,S,23757680,2709,1.120,0.480,1.760,-9.898,-0.228,0.152,,,,,,,,,,,,
3,A,23760280,3309,,,,,,,10.919,-0.469,0.239,,,,,,,,,
3,B,23760389,2709,,,,,,,,,,,,,,,,44.938,-83.875,39.750
3,S,23760389,2709,0.800,0.480,1.760,-9.893,-0.233,0.147,,,,,,,,,,,,
3,A,23762580,2300,,,,,,,10.934,-0.493,0.264,,,,,,,,,
3,B,23763099,2710,,,,,,,,,,,,,0.000,0.000,0.000,,,
3,S,23763099,2710,0.800,1.120,1.760,-9.893,-0.228,0.138,,,,,,,,,,,,
3,A,23765880,3300,,,,,,,10.932,-0.469,0.236,,,,,,,,,
3,B,23766486,3387,,,,,,,,,,,,,,,,44.688,-84.750,39.312
3,S,23766486,6096,1.120,1.760,1.760,-9.887,-0.228,0.128,,,,,,,,,,,,
3,A,23769179,3299,,,,,,,10.931,-0.451,0.229,,,,,,,,,
3,B,23769873,3387,,,,,,,,,,-10.145,-0.125,-0.219,,,,,,
3,S,23769873,678,1.440,2.080,2.080,-9.893,-0.228,0.128,,,,,,,,,,,,
3,A,23772479,3300,,,,,,,10.943,-0.469,0.253,,,,,,,,,
3,B,23772582,2709,,,,,,,,,,,,,-0.112,0.000,0.000,,,
3,S,23772582,2709,1.440,1.760,2.720,-9.893,-0.233,0.138,,,,,,,,,,,,
3,A,23775779,3300,,,,,,,10.928,-0.463,0.229,,,,,,,,,
3,B,23775970,3388,,,,,,,,,,-10.148,-0.145,-0.219,,,,,,
3,S,23775970,3388,1.440,1.120,3.040,-9.883,-0.233,0.152,,,,,,,,,,,,
3,A,23779089,3310,,,,,,,10.924,-0.481,0.260,,,,,,,,,
3,B,23779356,3386,,,,,,,,,,,,,,,,45.500,-85.312,40.000
3,S,23779356,3386,2.080,1.440,3.040,-9.877,-0.228,0.158,,,,,,,,,,,,
3,A,23781389,2300,,,,,,,10.951,-0.447,0.272,,,,,,,,,
3,B,23782065,2709,,,,,,,,,,,,,-0.112,0.000,0.000,,,
3,S,23782065,2709,1.760,1.760,2.400,-9.887,-0.223,0.152,,,,,,,,,,,,
3,A,23784689,3300,,,,,,,10.918,-0.462,0.257,,,,,,,,,
3,B,23785433,3368,,,,,,,,,,-10.133,-0.113,-0.191,,,,,,
3,S,23785433,3368,1.120,1.120,1.760,-9.887,-0.223,0.147,,,,,,,,,,,,
3,A,23787989,3300,,,,,,,10.920,-0.483,0.243,,,,,,,,,
3,B,23788162,2729,,,,,,,,,,,,,,,,45.812,-84.938,39.000
3,S,23788162,2729,1.120,0.480,1.440,-9.893,-0.228,0.147,,,,,,,,,,,,
3,A,23790287,2298,,,,,,,10.923,-0.454,0.261,,,,,,,,,
3,B,23790872,2710,,,,,,,,,,,,,0.000,0.000,0.000,,,
3,S,23790872,2710,0.800,0.480,1.440,-9.893,-0.233,0.147,,,,,,,,,,,,
3,A,23794587,4300,,,,,,,10.918,-0.493,0.242,,,,,,,,,
3,B,23794936,4064,,,,,,,,,,-10.145,-0.133,-0.211,,,,,,
3,S,23794936,4064,0.800,1.120,1.760,-9.887,-0.223,0.142,,,,,,,,,,,,
3,A,23796887,2300,,,,,,,10.931,-0.468,0.207,,,,,,,,,
3,B,23797626,2690,,,,,,,,,,-10.121,-0.125,-0.219,,,,,,
3,S,23797626,2690,1.120,1.440,2.400,-9.883,-0.223,0.138,,,,,,,,,,,,
3,A,23800198,3311,,,,,,,10.939,-0.465,0.213,,,,,,,,,
3,B,23800355,2729,,,,,,,,,,,,,,,,45.250,-84.562,39.312
3,S,23800355,2729,1.120,1.760,2.720,-9.877,-0.228,0.138,,,,,,,,,,,,
3,A,23802497,2299,,,,,,,10.935,-0.491,0.225,,,,,,,,,
3,B,23803064,2709,,,,,,,,,,,,,0.000,0.000,0.000,,,
3,S,23803064,2709,1.120,1.440,2.400,-9.877,-0.237,0.138,,,,,,,,,,,,
3,A,23805797,3300,,,,,,,10.910,-0.457,0.242,,,,,,,,,
3,B,23806451,3387,,,,,,,,,,-10.141,-0.133,-0.219,,,,,,
3,S,23806451,3387,0.480,1.120,2.400,-9.887,-0.242,0.133,,,,,,,,,,,,
3,A,23809095,3298,,,,,,,10.922,-0.477,0.267,,,,,,,,,
3,B,23809839,3388,,,,,,,,,,,,,,,,44.812,-83.500,39.938
3,S,23809839,3388,0.480,1.120,2.720,-9.887,-0.237,0.133,,,,,,,,,,,,
3,A,23811395,2300,,,,,,,10.929,-0.483,0.267,,,,,,,,,
3,B,23811871,2032,,,,,,,,,,,,,0.000,0.000,0.000,,,
3,S,23811871,2032,1.440,1.440,2.720,-9.883,-0.233,0.138,,,,,,,,,,,,
3,A,23814695,3300,,,,,,,10.917,-0.484,0.268,,,,,,,,,
3,B,23815257,3386,,,,,,,,,,-10.141,-0.125,-0.199,,,,,,
3,S,23815257,3386,1.440,1.440,2.720,-9.887,-0.233,0.142,,,,,,,,,,,,
3,A,23818005,3310,,,,,,,10.919,-0.474,0.256,,,,,,,,,
3,B,23818644,3387,,,,,,,,,,,,,,,,44.625,-84.812,40.312
3,S,23818644,3387,1.440,1.440,2.400,-9.898,-0.237,0.142,,,,,,,,,,,,
3,A,23820305,2300,,,,,,,10.931,-0.488,0.249,,,,,,,,,
3,B,23820676,2032,,,,,,,,,,,,,0.000,0.000,0.112,,,
3,S,23820676,2032,1.120,1.120,2.400,-9.898,-0.237,0.142,,,,,,,,,,,,
3,A,23824605,4300,,,,,,,10.904,-0.470,0.255,,,,,,,,,
3,B,23824741,4065,,,,,,,,,,-10.145,-0.113,-0.199,,,,,,
3,S,23824741,4065,1.120,1.120,1.760,-9.893,-0.237,0.142,,,,,,,,,,,,
3,A,23826905,2300,,,,,,,10.918,-0.462,0.223,,,,,,,,,
3,B,23827450,2709,,,,,,,,,,-10.148,-0.145,-0.191,,,,,,
3,S,23827450,2709,0.480,1.120,1.440,-9.898,-0.233,0.138,,,,,,,,,,,,
3,A,23830204,3299,,,,,,,10.931,-0.480,0.223,,,,,,,,,
3,B,23830837,3387,,,,,,,,,,,,,,,,45.125,-84.188,39.500
3,S,23830837,3387,0.480,1.440,1.120,-9.898,-0.228,0.133,,,,,,,,,,,,
3,A,23832504,2300,,,,,,,10.940,-0.473,0.229,,,,,,,,,
3,B,23832869,2032,,,,,,,,,,,,,0.000,0.000,0.000,,,
3,S,23832869,2032,0.480,1.440,1.440,-9.893,-0.223,0.133,,,,,,,,,,,,
3,A,23835816,3312,,,,,,,10.920,-0.478,0.251,,,,,,,,,
3,B,23836255,3386,,,,,,,,,,,,,,,,46.000,-85.188,39.562
3,S,23836255,3386,0.800,1.440,1.760,-9.893,-0.228,0.128,,,,,,,,,,,,
3,A,23839113,3297,,,,,,,10.935,-0.486,0.257,,,,,,,,,
3,B,23839643,3388,,,,,,,,,,-10.141,-0.098,-0.211,,,,,,
3,S,23839643,3388,0.800,1.760,2.080,-9.898,-0.233,0.122,,,,,,,,,,,,
3,A,23842413,3300,,,,,,,10.928,-0.465,0.243,,,,,,,,,
3,B,23843029,3386,,,,,,,,,,,,,0.000,-0.112,0.000,,,
3,S,23843029,6096,0.800,1.120,2.080,-9.883,-0.233,0.138,,,,,,,,,,,,
3,A,23845713,3300,,,,,,,10.928,-0.477,0.253,,,,,,,,,
3,B,23846416,3387,,,,,,,,,,-10.145,-0.125,-0.191,,,,,,
3,S,23846416,677,0.800,0.800,2.080,-9.883,-0.233,0.138,,,,,,,,,,,,
3,A,23849013,3300,,,,,,,10.936,-0.492,0.261,,,,,,,,,
3,B,23849125,2709,,,,,,,,,,,,,,,,45.562,-84.188,38.375
3,S,23849125,2709,0.800,1.440,2.400,-9.873,-0.237,0.138,,,,,,,,,,,,
3,A,23851312,2299,,,,,,,10.936,-0.470,0.261,,,,,,,,,
3,B,23851836,2711,,,,,,,,,,,,,-0.112,0.000,0.000,,,
3,S,23851836,2711,0.800,1.760,2.400,-9.877,-0.237,0.138,,,,,,,,,,,,
3,A,23854624,3312,,,,,,,10.918,-0.482,0.236,,,,,,,,,
3,B,23855222,3386,,,,,,,,,,-10.145,-0.125,-0.191,,,,,,
3,S,23855222,3386,0.480,1.120,2.080,-9.893,-0.237,0.147,,,,,,,,,,,,
3,A,23857924,3300,,,,,,,10.940,-0.460,0.239,,,,,,,,,
3,B,23858609,3387,,,,,,,,,,,,,,,,45.000,-85.312,39.625
3,S,23858609,3387,0.160,0.800,2.080,-9.902,-0.242,0.152,,,,,,,,,,,,
3,A,23860223,2299,,,,,,,10.920,-0.467,0.217,,,,,,,,,
3,B,23860642,2033,,,,,,,,,,,,,-0.112,0.000,0.000,,,
3,S,23860642,2033,0.160,1.120,2.400,-9.898,-0.242,0.147,,,,,,,,,,,,
3,A,23864523,4300,,,,,,,10.925,-0.458,0.243,,,,,,,,,
3,B,23864706,4064,,,,,,,,,,-10.141,-0.105,-0.191,,,,,,
3,S,23864706,4064,0.480,1.760,2.080,-9.883,-0.233,0.133,,,,,,,,,,,,
3,A,23866823,2300,,,,,,,10.941,-0.496,0.267,,,,,,,,,
3,B,23867415,2709,,,,,,,,,,-10.137,-0.113,-0.199,,,,,,
3,S,23867415,2709,1.120,2.080,2.400,-9.873,-0.233,0.128,,,,,,,,,,,,
3,A,23870121,3298,,,,,,,10.915,-0.505,0.259,,,,,,,,,
3,B,23870802,3387,,,,,,,,,,,,,,,,45.688,-86.000,39.812
3,S,23870802,3387,1.440,1.760,2.720,-9.877,-0.247,0.128,,,,,,,,,,,,
3,A,23872433,2312,,,,,,,10.945,-0.491,0.257,,,,,,,,,
3,B,23872835,2033,,,,,,,,,,,,,-0.112,0.000,0.112,,,
3,S,23872835,2033,1.440,1.120,2.720,-9.887,-0.253,0.133,,,,,,,,,,,,
3,A,23875732,3299,,,,,,,10.928,-0.467,0.254,,,,,,,,,
3,B,23876221,3386,,,,,,,,,,-10.141,-0.152,-0.219,,,,,,
3,S,23876221,3386,1.120,0.800,2.400,-9.902,-0.247,0.142,,,,,,,,,,,,
3,A,23879031,3299,,,,,,,10.935,-0.479,0.266,,,,,,,,,
3,B,23879608,3387,,,,,,,,,,,,,,,,45.688,-84.000,39.562
3,S,23879608,3387,0.480,1.120,2.080,-9.908,-0.237,0.152,,,,,,,,,,,,
3,A,23881331,2300,,,,,,,10.922,-0.472,0.220,,,,,,,,,
3,B,23881640,2032,,,,,,,,,,,,,0.000,0.000,0.000,,,
3,S,23881640,2032,0.160,1.120,2.080,-9.908,-0.233,0.158,,,,,,,,,,,,
3,A,23884631,3300,,,,,,,10.936,-0.488,0.258,,,,,,,,,
3,B,23885026,3386,,,,,,,,,,-10.148,-0.098,-0.191,,,,,,
3,S,23885026,3386,0.160,1.120,2.080,-9.898,-0.233,0.152,,,,,,,,,,,,
3,A,23887931,3300,,,,,,,10.923,-0.459,0.247,,,,,,,,,
3,B,23888414,3388,,,,,,,,,,,,,,,,45.375,-83.375,38.500
3,S,23888414,3388,0.480,1.120,2.080,-9.887,-0.233,0.138,,,,,,,,,,,,
3,A,23890241,2310,,,,,,,10.919,-0.483,0.282,,,,,,,,,
3,B,23890446,2032,,,,,,,,,,,,,0.000,0.000,0.000,,,
3,S,23890446,2032,0.480,0.800,1.760,-9.883,-0.233,0.138,,,,,,,,,,,,
3,A,23894541,4300,,,,,,,10.912,-0.477,0.243,,,,,,,,,
3,B,23895187,4741,,,,,,,,,,-10.137,-0.125,-0.191,,,,,,
3,S,23895187,4741,0.800,0.800,1.440,-9.873,-0.233,0.138,,,,,,,,,,,,
3,A,23896841,2300,,,,,,,10.915,-0.506,0.257,,,,,,,,,
3,B,23897219,2032,,,,,,,,,,-10.133,-0.152,-0.191,,,,,,
3,S,23897219,2032,0.800,1.120,1.760,-9.877,-0.233,0.142,,,,,,,,,,,,
3,A,23900139,3298,,,,,,,10.922,-0.495,0.272,,,,,,,,,
3,B,23900607,3388,,,,,,,,,,,,,,,,45.750,-84.438,38.875
3,S,23900607,3388,0.800,1.440,2.720,-9.883,-0.228,0.138,,,,,,,,,,,,
3,A,23903439,3300,,,,,,,10.928,-0.477,0.248,,,,,,,,,
3,B,23903994,3387,,,,,,,,,,,,,0.000,0.000,0.000,,,
3,S,23903994,3387,1.120,1.760,2.720,-9.877,-0.233,0.128,,,,,,,,,,,,
3,A,23905739,2300,,,,,,,10.921,-0.498,0.246,,,,,,,,,
3,B,23906025,2031,,,,,,,,,,,,,,,,45.250,-84.562,39.312
3,S,23906025,2031,1.120,1.760,2.080,-9.883,-0.237,0.128,,,,,,,,,,,,
3,A,23909049,3310,,,,,,,10.918,-0.459,0.247,,,,,,,,,
3,B,23909412,3387,,,,,,,,,,-10.133,-0.125,-0.211,,,,,,
3,S,23909412,3387,1.120,1.760,1.440,-9.893,-0.242,0.122,,,,,,,,,,,,
3,A,23912349,3300,,,,,,,10.954,-0.481,0.254,,,,,,,,,
3,B,23912800,3388,,,,,,,,,,,,,0.000,0.000,0.000,,,
3,S,23912800,3388,0.800,1.440,1.760,-9.912,-0.247,0.128,,,,,,,,,,,,
3,A,23916649,4300,,,,,,,10.935,-0.452,0.247,,,,,,,,,
3,B,23916864,4064,,,,,,,,,,-10.145,-0.133,-0.211,,,,,,
3,S,23916864,4064,0.480,0.800,2.400,-9.918,-0.247,0.142,,,,,,,,,,,,
3,A,23919949,3300,,,,,,,10.953,-0.459,0.236,,,,,,,,,
3,B,23920250,3386,,,,,,,,,,,,,,,,45.062,-83.750,39.375
3,S,23920250,3386,0.800,1.120,2.080,-9.918,-0.237,0.142,,,,,,,,,,,,
3,A,23923247,3298,,,,,,,10.923,-0.508,0.285,,,,,,,,,
3,B,23923638,3388,,,,,,,,,,,,,0.000,0.000,0.000,,,
3,S,23923638,3388,0.800,1.440,1.440,-9.908,-0.228,0.138,,,,,,,,,,,,
3,A,23925547,2300,,,,,,,10.908,-0.459,0.234,,,,,,,,,
3,B,23925670,2032,,,,,,,,,,-10.137,-0.113,-0.211,,,,,,
3,S,23925670,2032,0.800,1.440,1.760,-9.898,-0.228,0.138,,,,,,,,,,,,
3,A,23928858,3311,,,,,,,10.919,-0.478,0.249,,,,,,,,,
3,B,23929056,3386,,,,,,,,,,,,,,,,45.812,-84.875,39.750
3,S,23929056,3386,1.120,1.120,2.080,-9.883,-0.228,0.138,,,,,,,,,,,,
3,A,23931157,2299,,,,,,,10.936,-0.486,0.233,,,,,,,,,
3,B,23931766,2710,,,,,,,,,,,,,0.000,0.000,0.000,,,
3,S,23931766,5419,1.120,0.480,2.080,-9.867,-0.228,0.138,,,,,,,,,,,,
3,A,23934457,3300,,,,,,,10.912,-0.493,0.254,,,,,,,,,
3,B,23935152,3386,,,,,,,,,,-10.121,-0.125,-0.191,,,,,,
3,S,23935152,677,0.480,0.480,2.080,-9.867,-0.228,0.138,,,,,,,,,,,,
3,A,23937757,3300,,,,,,,10.938,-0.465,0.222,,,,,,,,,
3,B,23937863,2711,,,,,,,,,,,,,,,,45.625,-84.562,39.250
3,S,23937863,2711,0.480,0.800,2.080,-9.877,-0.233,0.138,,,,,,,,,,,,
3,A,23940055,2298,,,,,,,10.928,-0.477,0.239,,,,,,,,,
3,B,23940572,2709,,,,,,,,,,,,,0.000,0.000,0.000,,,
3,S,23940572,2709,0.800,1.120,2.400,-9.887,-0.242,0.133,,,,,,,,,,,,
3,A,23944355,4300,,,,,,,10.905,-0.454,0.231,,,,,,,,,
3,B,23944636,4064,,,,,,,,,,-10.109,-0.145,-0.219,,,,,,
3,S,23944636,4064,1.120,1.120,2.080,-9.908,-0.242,0.128,,,,,,,,,,,,
3,A,23947666,3311,,,,,,,10.925,-0.477,0.236,,,,,,,,,
3,B,23948022,3386,,,,,,,,,,,,,,,,45.062,-84.750,39.938
3,S,23948022,3386,1.440,1.120,2.400,-9.902,-0.233,0.128,,,,,,,,,,,,
3,A,23949966,2300,,,,,,,10.944,-0.470,0.242,,,,,,,,,
3,B,23950713,2691,,,,,,,,,,,,,0.000,0.000,0.000,,,
3,S,23950713,2691,1.440,1.120,2.720,-9.898,-0.228,0.133,,,,,,,,,,,,
3,A,23954264,4298,,,,,,,10.896,-0.493,0.276,,,,,,,,,
3,B,23954797,4084,,,,,,,,,,-10.160,-0.105,-0.199,,,,,,
3,S,23954797,4084,1.120,0.800,3.040,-9.902,-0.233,0.147,,,,,,,,,,,,
3,A,23956564,2300,,,,,,,10.930,-0.473,0.283,,,,,,,,,
3,B,23956829,2032,,,,,,,,,,,,,,,,45.500,-83.188,38.875
3,S,23956829,2032,0.800,0.800,2.720,-9.902,-0.237,0.152,,,,,,,,,,,,
3,A,23958864,2300,,,,,,,10.918,-0.482,0.244,,,,,,,,,
3,B,23959538,2709,,,,,,,,,,,,,0.000,0.000,0.000,,,
3,S,23959538,2709,0.800,1.440,2.080,-9.898,-0.237,0.158,,,,,,,,,,,,
3,A,23963163,4299,,,,,,,10.911,-0.467,0.236,,,,,,,,,
3,B,23963603,4065,,,,,,,,,,-10.141,-0.125,-0.199,,,,,,
3,S,23963603,4065,0.480,1.760,2.080,-9.893,-0.237,0.138,,,,,,,,,,,,
3,A,23965473,2310,,,,,,,10.915,-0.479,0.232,,,,,,,,,
3,B,23965635,2032,,,,,,,,,,,,,,,,45.000,-84.312,39.812
3,S,23965635,2032,0.160,1.760,2.400,-9.893,-0.237,0.128,,,,,,,,,,,,
3,A,23967773,2300,,,,,,,10.922,-0.480,0.230,,,,,,,,,
3,B,23968344,2709,,,,,,,,,,-10.133,-0.145,-0.211,,,,,,
3,S,23968344,2709,0.160,1.120,2.400,-9.893,-0.237,0.128,,,,,,,,,,,,
3,A,23970071,2298,,,,,,,10.916,-0.479,0.232,,,,,,,,,
3,B,23970376,2032,,,,,,,,,,,,,0.000,0.000,0.000,,,
3,S,23970376,2032,0.160,0.800,2.400,-9.887,-0.233,0.128,,,,,,,,,,,,
3,A,23970377,306,,,,,,,10.935,-0.468,0.227,,,,,,,,,
3,B,23975117,4741,,,,,,,,,,,,,,,,45.000,-84.312,39.812
3,S,23975117,4741,0.480,1.120,2.080,-9.887,-0.242,0.138,,,,,,,,,,,,
3,A,23975118,4741,,,,,,,10.929,-0.476,0.244,,,,,,,,,
3,B,23977150,2033,,,,,,,,,,-10.160,-0.113,-0.199,,,,,,
3,S,23977150,2033,1.440,1.440,1.760,-9.887,-0.242,0.138,,,,,,,,,,,,
3,A,23977150,2032,,,,,,,10.940,-0.477,0.235,,,,,,,,,
3,B,23979182,2032,,,,,,,,,,,,,0.000,0.000,0.000,,,
3,S,23979182,2032,1.440,1.440,1.440,-9.887,-0.237,0.142,,,,,,,,,,,,
3,A,23979182,2032,,,,,,,10.921,-0.470,0.256,,,,,,,,,
3,B,23983924,4742,,,,,,,,,,,,,,,,44.438,-83.438,40.000
3,S,23983924,4742,1.440,1.120,2.080,-9.893,-0.212,0.147,,,,,,,,,,,,
3,A,23983400,7476,,,,,,,10.934,-0.486,0.262,,,,,,,,,
3,B,23987311,3387,,,,,,,,,,-10.141,-0.125,-0.211,,,,,,
3,S,23987311,3387,1.760,1.120,2.400,-9.887,-0.212,0.142,,,,,,,,,,,,
3,A,23987385,727,,,,,,,10.941,-0.476,0.257,,,,,,,,,
3,B,23989343,2032,,,,,,,,,,,,,0.000,0.000,0.000,,,
3,S,23989343,2032,1.440,1.440,2.400,-9.887,-0.217,0.142,,,,,,,,,,,,
3,A,23989378,1993,,,,,,,10.929,-0.493,0.264,,,,,,,,,
3,B,23993407,4064,,,,,,,,,,,,,,,,45.062,-82.688,38.875
3,S,23993407,4064,1.120,1.760,2.080,-9.898,-0.233,0.142,,,,,,,,,,,,
3,A,23993363,3985,,,,,,,10.891,-0.480,0.249,,,,,,,,,
3,B,23996116,2709,,,,,,,,,,-10.141,-0.145,-0.199,,,,,,
3,S,23996116,2709,0.480,1.760,2.080,-9.893,-0.237,0.142,,,,,,,,,,,,
3,A,23996352,2989,,,,,,,10.923,-0.487,0.257,,,,,,,,,
3,B,23998148,2032,,,,,,,,,,-10.141,-0.125,-0.199,,,,,,
3,S,23998148,2032,0.160,1.440,2.080,-9.887,-0.237,0.138,,,,,,,,,,,,
3,A,23998345,1993,,,,,,,10.916,-0.470,0.226,,,,,,,,,
3,B,24000180,2032,,,,,,,,,,,,,0.000,0.000,0.000,,,
3,S,24000180,2032,0.800,1.440,2.080,-9.883,-0.237,0.138,,,,,,,,,,,,
3,A,24000338,1993,,,,,,,10.928,-0.480,0.223,,,,,,,,,
3,B,24004923,4743,,,,,,,,,,,,,,,,44.250,-84.750,40.438
3,S,24004923,4743,1.120,0.800,2.080,-9.877,-0.237,0.138,,,,,,,,,,,,
3,A,24005320,4982,,,,,,,10.922,-0.476,0.242,,,,,,,,,
3,B,24008310,3387,,,,,,,,,,-10.156,-0.133,-0.238,,,,,,
3,S,24008310,3387,1.120,0.800,1.760,-9.898,-0.237,0.133,,,,,,,,,,,,
3,A,24010005,4685,,,,,,,10.931,-0.469,0.246,,,,,,,,,
3,B,24010341,2031,,,,,,,,,,,,,0.000,0.000,0.000,,,
3,S,24010341,2031,0.800,0.800,2.080,-9.908,-0.233,0.133,,,,,,,,,,,,
3,A,24010342,4355,,,,,,,10.935,-0.444,0.203,,,,,,,,,
3,B,24014406,4065,,,,,,,,,,,,,,,,44.062,-84.438,40.625
3,S,24014406,4065,1.120,1.120,2.400,-9.893,-0.223,0.133,,,,,,,,,,,,
3,A,24015283,3300,,,,,,,10.932,-0.460,0.240,,,,,,,,,
3,B,24017793,3387,,,,,,,,,,-10.141,-0.145,-0.211,,,,,,
3,S,24017793,3387,1.440,0.800,2.080,-9.877,-0.223,0.128,,,,,,,,,,,,
3,A,24019964,2304,,,,,,,10.909,-0.480,0.235,,,,,,,,,
3,B,24020502,2709,,,,,,,,,,,,,0.000,0.000,0.000,,,
3,S,24020502,2709,1.120,0.480,2.080,-9.873,-0.212,0.128,,,,,,,,,,,,
3,A,24024251,4309,,,,,,,10.906,-0.473,0.236,,,,,,,,,
3,B,24024567,4065,,,,,,,,,,,,,,,,45.312,-83.938,39.625
3,S,24024567,4065,0.800,1.440,2.080,-9.883,-0.212,0.138,,,,,,,,,,,,
3,A,24025247,974,,,,,,,10.910,-0.480,0.241,,,,,,,,,
3,B,24026599,2032,,,,,,,,,,-10.152,-0.105,-0.219,,,,,,
3,S,24026599,2032,0.800,1.760,2.080,-9.893,-0.223,0.147,,,,,,,,,,,,
3,A,24028809,3562,,,,,,,10.922,-0.503,0.250,,,,,,,,,
3,B,24029308,2709,,,,,,,,,,,,,0.000,0.000,0.000,,,
3,S,24029308,2709,0.800,1.120,2.080,-9.898,-0.237,0.147,,,,,,,,,,,,
3,A,24029308,499,,,,,,,10.940,-0.506,0.236,,,,,,,,,
3,B,24033372,4064,,,,,,,,,,-10.141,-0.133,-0.191,,,,,,
3,S,24033372,4064,0.800,0.800,2.080,-9.883,-0.253,0.142,,,,,,,,,,,,
3,A,24033373,4065,,,,,,,10.909,-0.493,0.242,,,,,,,,,
3,B,24036081,2709,,,,,,,,,,,,,,,,44.625,-84.250,39.938
3,S,24036081,2709,0.800,1.120,1.760,-9.877,-0.258,0.138,,,,,,,,,,,,
3,A,24037708,4335,,,,,,,10.935,-0.470,0.248,,,,,,,,,
3,B,24038113,2032,,,,,,,,,,-10.137,-0.125,-0.219,,,,,,
3,S,24038113,2032,0.800,1.120,1.760,-9.883,-0.258,0.138,,,,,,,,,,,,
3,B,24040146,2033,,,,,,,,,,,,,0.000,0.000,0.000,,,
3,S,24040146,2033,0.800,1.440,1.760,-9.887,-0.253,0.142,,,,,,,,,,,,
3,A,24044179,6471,,,,,,,10.935,-0.460,0.245,,,,,,,,,
3,B,24044888,4742,,,,,,,,,,,,,,,,45.688,-84.000,38.812
3,S,24044888,4742,0.800,1.440,2.080,-9.898,-0.237,0.133,,,,,,,,,,,,
3,A,24046380,2201,,,,,,,10.899,-0.464,0.240,,,,,,,,,
3,B,24048274,3386,,,,,,,,,,-10.133,-0.105,-0.230,,,,,,
3,S,24048274,3386,0.800,0.800,2.080,-9.893,-0.228,0.133,,,,,,,,,,,,
3,B,24050307,2033,,,,,,,,,,,,,0.000,0.000,0.000,,,
3,S,24050307,2033,0.800,0.800,2.080,-9.887,-0.223,0.133,,,,,,,,,,,,
3,A,24054168,7788,,,,,,,10.936,-0.482,0.232,,,,,,,,,
3,B,24054371,4064,,,,,,,,,,,,,,,,45.875,-83.750,38.938
3,S,24054371,4064,0.480,1.120,2.080,-9.883,-0.228,0.138,,,,,,,,,,,,
3,A,24056263,2095,,,,,,,10.914,-0.486,0.227,,,,,,,,,
3,B,24057758,3387,,,,,,,,,,-10.148,-0.098,-0.238,,,,,,
3,S,24057758,3387,1.120,1.120,2.080,-9.883,-0.237,0.138,,,,,,,,,,,,
3,A,24058574,2311,,,,,,,10.935,-0.502,0.239,,,,,,,,,
3,B,24060467,2709,,,,,,,,,,,,,0.000,0.000,0.000,,,
3,S,24060467,2709,1.440,0.800,2.080,-9.883,-0.247,0.138,,,,,,,,,,,,
3,B,24064532,4065,,,,,,,,,,,,,,,,45.688,-85.062,39.375
3,S,24064532,4065,1.120,0.480,3.040,-9.887,-0.253,0.142,,,,,,,,,,,,
3,A,24066430,7856,,,,,,,10.922,-0.483,0.262,,,,,,,,,
3,B,24066564,2032,,,,,,,,,,-10.137,-0.125,-0.191,,,,,,
3,S,24066564,2032,0.480,0.800,3.360,-9.887,-0.247,0.152,,,,,,,,,,,,
3,B,24069273,2709,,,,,,,,,,,,,0.000,0.000,0.000,,,
3,S,24069273,2709,0.480,1.120,3.040,-9.877,-0.242,0.163,,,,,,,,,,,,
3,B,24073337,4064,,,,,,,,,,-10.141,-0.152,-0.191,,,,,,
3,S,24073337,4064,0.800,1.120,2.720,-9.883,-0.233,0.152,,,,,,,,,,,,
3,B,24075370,2033,,,,,,,,,,,,,,,,44.812,-84.562,39.688
3,S,24075370,2033,1.120,1.120,2.400,-9.883,-0.237,0.147,,,,,,,,,,,,
3,B,24078757,3387,,,,,,,,,,-10.141,-0.105,-0.219,,,,,,
3,S,24078757,3387,0.800,0.480,1.760,-9.887,-0.242,0.142,,,,,,,,,,,,
3,B,24081466,2709,,,,,,,,,,,,,0.000,0.000,0.000,,,
3,S,24081466,2709,0.160,0.480,1.440,-9.893,-0.242,0.138,,,,,,,,,,,,
3,B,24084834,3368,,,,,,,,,,,,,,,,44.500,-85.000,39.938
3,S,24084834,3368,0.160,1.120,1.760,-9.898,-0.228,0.133,,,,,,,,,,,,
3,B,24087563,2729,,,,,,,,,,-10.148,-0.113,-0.250,,,,,,
3,S,24087563,2729,0.480,1.440,1.760,-9.893,-0.217,0.138,,,,,,,,,,,,
3,B,24090272,2709,,,,,,,,,,,,,0.000,0.000,0.000,,,
3,S,24090272,2709,0.480,1.440,1.760,-9.893,-0.223,0.138,,,,,,,,,,,,
3,B,24095672,5400,,,,,,,,,,,,,,,,45.562,-84.688,39.500
3,S,24095672,5400,0.480,1.120,1.760,-9.898,-0.242,0.133,,,,,,,,,,,,
3,B,24097724,2052,,,,,,,,,,-10.152,-0.125,-0.211,,,,,,
3,S,24097724,2052,0.480,0.800,1.760,-9.893,-0.242,0.128,,,,,,,,,,,,
3,B,24099756,2032,,,,,,,,,,,,,0.000,0.000,0.000,,,
3,S,24099756,6096,0.480,0.800,1.440,-9.873,-0.223,0.133,,,,,,,,,,,,
3,B,24104497,4741,,,,,,,,,,-10.137,-0.113,-0.199,,,,,,
3,S,24104497,677,1.120,0.800,2.080,-9.873,-0.223,0.138,,,,,,,,,,,,
3,B,24106529,2032,,,,,,,,,,,,,,,,44.312,-84.688,40.125
3,S,24106529,2032,1.120,0.800,2.400,-9.877,-0.223,0.147,,,,,,,,,,,,
3,B,24108561,2032,,,,,,,,,,-10.141,-0.133,-0.172,,,,,,
3,S,24108561,2032,1.120,0.480,2.400,-9.887,-0.217,0.152,,,,,,,,,,,,
3,B,24111270,2709,,,,,,,,,,,,,0.000,0.000,0.000,,,
3,S,24111270,2709,1.120,0.160,2.080,-9.898,-0.223,0.152,,,,,,,,,,,,
3,B,24114658,3388,,,,,,,,,,,,,,,,45.500,-83.188,38.875
3,S,24114658,3388,1.120,0.480,2.080,-9.898,-0.233,0.138,,,,,,,,,,,,
3,B,24117367,2709,,,,,,,,,,-10.152,-0.105,-0.219,,,,,,
3,S,24117367,2709,0.800,0.480,1.760,-9.887,-0.233,0.133,,,,,,,,,,,,
3,B,24120076,2709,,,,,,,,,,,,,0.000,0.000,0.000,,,
3,S,24120076,2709,0.800,0.800,1.440,-9.877,-0.233,0.133,,,,,,,,,,,,
3,B,24124140,4064,,,,,,,,,,,,,,,,45.125,-83.625,39.125
3,S,24124140,4064,1.120,1.120,1.440,-9.887,-0.233,0.138,,,,,,,,,,,,
3,B,24127528,3388,,,,,,,,,,-10.148,-0.113,-0.199,,,,,,
3,S,24127528,3388,0.800,1.440,1.120,-9.893,-0.228,0.142,,,,,,,,,,,,
3,B,24129560,2032,,,,,,,,,,,,,0.000,0.000,0.000,,,
3,S,24129560,2032,-0.160,1.120,1.120,-9.893,-0.228,0.142,,,,,,,,,,,,
3,B,24134301,4741,,,,,,,,,,,,,,,,45.438,-84.875,39.125
3,S,24134301,4741,0.160,1.440,2.080,-9.887,-0.233,0.138,,,,,,,,,,,,
3,B,24136334,2033,,,,,,,,,,-10.141,-0.133,-0.219,,,,,,
3,S,24136334,2033,1.760,1.440,2.400,-9.867,-0.237,0.133,,,,,,,,,,,,
3,B,24138366,2032,,,,,,,,,,-9.980,-0.098,-0.230,,,,,,
